t_wall,t_rel,Fx,Fy,Fz,Mx,My,Mz
1770940545.980518,0.003276,-0.413286,0.027894,0.113853,-0.000627,-0.002619,-0.003101
1770940545.985510,0.008268,-0.371829,-0.026392,0.100933,-0.000180,-0.002479,-0.002527
1770940545.990487,0.013245,0.732061,-0.030131,0.263351,0.001673,0.001616,0.009759
1770940545.995470,0.018228,-0.433369,-0.119828,0.065554,0.000132,-0.002990,-0.002926
1770940546.000438,0.023196,0.682187,0.005358,0.306901,0.001122,0.001276,0.009150
1770940546.005439,0.028196,-0.397618,-0.082563,0.089498,0.000280,-0.002206,-0.002704
1770940546.010393,0.033151,-0.405794,-0.137892,0.047842,0.000720,-0.002454,-0.002915
1770940546.015375,0.038133,-0.391928,-0.072554,0.068608,0.000124,-0.002220,-0.002769
1770940546.020355,0.043112,0.716206,-0.011619,0.264155,0.001533,0.001548,0.009899
1770940546.025323,0.048080,-0.332636,-0.027860,0.124918,-0.000113,-0.001871,-0.002250
1770940546.030296,0.053054,-0.378495,0.065901,0.159648,-0.001306,-0.002251,-0.002773
1770940546.035262,0.058020,0.714089,0.102369,0.323322,0.000580,0.002117,0.009814
1770940546.040268,0.063025,0.684958,-0.081501,0.297102,0.001930,0.000904,0.009590
1770940546.045219,0.067976,-0.402650,-0.054807,0.111232,-0.000280,-0.002781,-0.003029
1770940546.050212,0.072969,-0.354150,-0.077013,0.071671,0.000097,-0.002196,-0.002435
1770940546.055531,0.078288,-0.440926,-0.178446,0.014069,0.000855,-0.002917,-0.002970
1770940546.060173,0.082930,-0.403564,-0.234486,0.000680,0.001557,-0.003314,-0.002675
1770940546.065137,0.087895,-0.442204,-0.118986,0.081220,0.000396,-0.002927,-0.002987
1770940546.070111,0.092868,-0.418007,-0.115992,0.085253,0.000600,-0.002944,-0.003155
1770940546.075090,0.097847,0.692598,-0.109843,0.248284,0.002080,0.001249,0.009877
1770940546.080070,0.102827,-0.377723,-0.039001,0.103393,-0.000141,-0.001979,-0.002633
1770940546.085042,0.107800,0.710692,-0.098252,0.302622,0.001991,0.000770,0.009745
1770940546.090020,0.112778,0.752580,-0.046444,0.201475,0.002104,0.001251,0.009658
1770940546.094994,0.117751,0.693210,-0.083778,0.279590,0.001464,0.000805,0.009466
1770940546.099985,0.122742,-0.399200,0.034936,0.109177,-0.000764,-0.001751,-0.002970
1770940546.104953,0.127711,-0.378266,-0.043400,0.109438,-0.000123,-0.002347,-0.002597
1770940546.109932,0.132690,-0.428345,0.027926,0.130037,-0.000656,-0.002457,-0.003416
1770940546.114906,0.137663,-0.439283,-0.028405,0.088394,-0.000262,-0.002321,-0.003038
1770940546.119886,0.142644,0.696199,-0.126900,0.245764,0.002335,0.001422,0.009438
1770940546.124861,0.147618,0.700709,-0.094434,0.298520,0.001779,0.000682,0.009261
1770940546.129842,0.152600,-0.381112,-0.065066,0.100170,-0.000014,-0.002462,-0.002548
1770940546.134856,0.157613,-0.421624,-0.036217,0.083615,-0.000203,-0.002480,-0.003278
1770940546.139793,0.162550,0.705258,-0.090248,0.247265,0.001858,0.001046,0.009482
1770940546.144773,0.167531,0.703150,-0.011383,0.245554,0.001704,0.001535,0.009424
1770940546.149749,0.172507,0.704899,-0.159889,0.223096,0.002524,0.000562,0.009197
1770940546.154724,0.177481,-0.402341,-0.015850,0.127357,-0.000481,-0.002831,-0.002481
1770940546.159702,0.182460,0.695083,-0.147171,0.217463,0.002162,0.001288,0.009531
1770940546.164676,0.187433,-0.399986,-0.001616,0.097905,-0.000539,-0.001773,-0.002438
1770940546.169654,0.192412,0.713479,-0.103866,0.233714,0.002274,0.001268,0.009482
1770940546.175250,0.198007,0.743428,-0.044738,0.217499,0.001532,0.001342,0.009311
1770940546.179609,0.202367,-0.399881,-0.018827,0.096894,-0.000200,-0.002597,-0.003068
1770940546.185188,0.207946,-0.390155,0.079806,0.229691,-0.000797,-0.002317,-0.002746
1770940546.189549,0.212307,-0.467469,-0.189309,-0.009593,0.002136,-0.001827,-0.003252
1770940546.194547,0.217304,1.154462,0.519984,-3.790102,0.003414,0.012975,0.008110
1770940546.199845,0.222603,1.227057,0.927594,-3.199271,-0.008797,0.004564,0.008367
1770940546.204477,0.227234,1.170968,1.002184,-3.213945,-0.008933,0.004633,0.007715
1770940546.209484,0.232241,0.988897,-0.792963,-0.452693,0.011121,-0.001087,0.013301
1770940546.214785,0.237542,-0.437982,-0.046616,0.100919,-0.000204,-0.002738,-0.002850
1770940546.219433,0.242191,0.746673,0.027019,0.276367,0.001220,0.001709,0.010087
1770940546.224739,0.247496,0.709849,-0.119354,0.202724,0.002026,0.000668,0.009135
1770940546.229379,0.252137,-0.428982,-0.088555,0.085003,-0.000026,-0.003273,-0.003035
1770940546.234358,0.257116,0.696370,-0.090076,0.262523,0.002288,0.000996,0.009283
1770940546.239330,0.262088,0.699383,-0.047297,0.251345,0.001473,0.000927,0.008944
1770940546.244653,0.267411,0.701555,-0.101057,0.232483,0.001861,0.001300,0.009588
1770940546.249273,0.272031,0.709146,-0.001642,0.240810,0.001370,0.001351,0.009777
1770940546.254248,0.277006,-0.416638,-0.069830,0.076987,-0.000041,-0.002314,-0.002579
1770940546.259229,0.281986,-0.374853,-0.070643,0.095773,0.000133,-0.001635,-0.002188
1770940546.264209,0.286966,-0.408749,-0.016787,0.122286,-0.000563,-0.002129,-0.002712
1770940546.269189,0.291947,-0.383028,-0.024096,0.118370,-0.000251,-0.002179,-0.002458
1770940546.274171,0.296929,0.738596,-0.086846,0.256710,0.002148,0.001591,0.009830
1770940546.279148,0.301905,0.696053,-0.114224,0.245418,0.001985,0.000981,0.009720
1770940546.284132,0.306890,-0.400922,-0.100948,0.087926,0.000341,-0.002635,-0.002577
1770940546.289099,0.311857,0.716502,-0.042724,0.268547,0.001537,0.001453,0.009048
1770940546.294074,0.316831,-0.362144,0.119753,0.194593,-0.001378,-0.001923,-0.002658
1770940546.299054,0.321811,-0.333975,-0.053141,0.132429,-0.000177,-0.002413,-0.002460
1770940546.304030,0.326788,-0.393569,-0.115335,0.074378,0.000365,-0.002421,-0.002848
1770940546.309009,0.331767,-0.350084,-0.064922,0.123044,-0.000075,-0.002337,-0.002476
1770940546.313980,0.336737,-0.373155,-0.114047,0.090907,0.000209,-0.002497,-0.002551
1770940546.318959,0.341717,-0.383868,-0.000415,0.141236,-0.000280,-0.002349,-0.002833
1770940546.323933,0.346691,-0.392605,-0.045592,0.104577,-0.000060,-0.002342,-0.002820
1770940546.328915,0.351672,-0.359992,-0.016113,0.128361,-0.000236,-0.002476,-0.003017
1770940546.333893,0.356651,-0.390126,0.103591,0.190720,-0.001586,-0.002404,-0.003180
1770940546.338865,0.361623,-0.372226,-0.005919,0.124468,-0.000354,-0.002641,-0.002843
1770940546.343840,0.366598,-0.355202,-0.045178,0.124613,0.000099,-0.001937,-0.002284
1770940546.348822,0.371579,-0.374599,-0.037422,0.129605,0.000069,-0.001947,-0.002452
1770940546.353812,0.376569,-0.411220,-0.008707,0.121039,-0.000392,-0.002354,-0.003045
1770940546.358799,0.381557,-0.342154,-0.106975,0.070693,0.000431,-0.002474,-0.002424
1770940546.363754,0.386512,0.705135,-0.079036,0.282269,0.001713,0.000940,0.009061
1770940546.368722,0.391480,0.720906,-0.162699,0.259188,0.002834,0.001088,0.009362
1770940546.373701,0.396459,-0.379678,-0.067046,0.092470,0.000233,-0.002038,-0.002600
1770940546.378680,0.401438,-0.384392,0.072447,0.175554,-0.001471,-0.002555,-0.002828
1770940546.383689,0.406447,0.691558,-0.014593,0.255814,0.001127,0.001010,0.009040
1770940546.389264,0.412021,-0.430290,-0.096515,0.047636,0.000234,-0.002569,-0.003412
1770940546.393617,0.416375,-0.414215,-0.049499,0.098804,-0.000166,-0.002700,-0.003110
1770940546.399197,0.421955,0.713105,-0.095569,0.259973,0.002073,0.001248,0.009545
1770940546.403577,0.426335,-0.411152,0.029109,0.128210,-0.000623,-0.002368,-0.003059
1770940546.408573,0.431331,0.680687,-0.064291,0.237635,0.001531,0.001002,0.009238
1770940546.414122,0.436879,-0.353219,0.073060,0.137264,-0.001280,-0.001935,-0.002486
1770940546.418536,0.441294,0.738321,-0.034574,0.252577,0.001492,0.001311,0.009724
1770940546.424069,0.446827,0.725040,-0.147516,0.240167,0.002705,0.001268,0.009669
1770940546.428438,0.451195,-0.349956,0.020445,0.129763,-0.000147,-0.001709,-0.002621
1770940546.433436,0.456193,0.692645,0.128787,0.295893,0.000014,0.001702,0.009556
1770940546.438407,0.461164,0.701447,0.035544,0.307319,0.000975,0.001269,0.009221
1770940546.443393,0.466151,0.686195,-0.144172,0.261647,0.002588,0.000902,0.009650
1770940546.448360,0.471117,-0.418291,0.047059,0.152454,-0.000956,-0.002235,-0.003180
1770940546.453343,0.476101,0.713363,0.024148,0.277244,0.001041,0.001905,0.009752
1770940546.458313,0.481071,0.715765,-0.026042,0.264883,0.001540,0.001267,0.009255
1770940546.463324,0.486081,0.698914,-0.042730,0.248755,0.001526,0.001043,0.009089
1770940546.468607,0.491365,-0.423672,-0.021848,0.088066,-0.000420,-0.002664,-0.003167
1770940546.473244,0.496001,0.749135,-0.027515,0.182677,0.001644,0.001749,0.009900
1770940546.478218,0.500976,0.675192,-0.049352,0.280557,0.001335,0.000834,0.009238
1770940546.483195,0.505953,0.708799,0.028424,0.295460,0.000870,0.001226,0.009088
1770940546.488181,0.510938,0.698320,-0.050828,0.274607,0.001608,0.001236,0.009644
1770940546.493141,0.515898,-0.399715,-0.042027,0.139040,0.000011,-0.002317,-0.002900
1770940546.498123,0.520880,-0.343721,0.458324,-0.233005,-0.014321,-0.004848,-0.005448
1770940546.503104,0.525861,-0.391851,-0.102484,0.066319,0.000074,-0.002815,-0.002922
1770940546.508078,0.530835,0.719413,-0.049945,0.227892,0.001929,0.001493,0.010134
1770940546.513052,0.535809,-0.373558,-0.015665,0.111634,-0.000299,-0.002386,-0.002788
1770940546.518031,0.540789,-0.455106,0.016754,0.104564,-0.000720,-0.002183,-0.003460
1770940546.523006,0.545764,-0.397163,0.004286,0.102293,-0.000703,-0.002020,-0.002703
1770940546.527984,0.550741,-0.427112,-0.086129,0.059253,0.000442,-0.002419,-0.002939
1770940546.532969,0.555726,-0.370689,-0.014188,0.117973,-0.000500,-0.002439,-0.002421
1770940546.537932,0.560690,-0.388683,-0.041705,0.088397,-0.000007,-0.002222,-0.002853
1770940546.542911,0.565668,0.734153,-0.022487,0.214234,0.001873,0.001613,0.009992
1770940546.547891,0.570649,0.704774,0.027948,0.281806,0.000712,0.001118,0.009198
1770940546.552864,0.575621,0.712683,-0.111890,0.221400,0.002209,0.001461,0.009359
1770940546.557845,0.580603,-0.376558,0.014437,0.091748,-0.000626,-0.001874,-0.002789
1770940546.562845,0.585602,0.696716,-0.034188,0.296747,0.001407,0.001024,0.009438
1770940546.567808,0.590565,0.709068,-0.065051,0.256114,0.001739,0.001286,0.009456
1770940546.572900,0.595657,-0.410149,-0.014150,0.105798,-0.000261,-0.002154,-0.003020
1770940546.577781,0.600538,0.699967,-0.110076,0.214182,0.001968,0.001194,0.009233
1770940546.582755,0.605513,0.746647,0.147606,0.254278,0.000119,0.002376,0.010210
1770940546.587726,0.610484,-0.396963,-0.014848,0.085439,-0.000512,-0.002227,-0.003062
1770940546.592693,0.615451,0.750497,0.076751,0.236066,0.000530,0.001945,0.009600
1770940546.597669,0.620426,-0.401953,-0.069878,0.074978,0.000162,-0.001677,-0.002713
1770940546.602627,0.625384,0.739239,0.167543,0.273625,-0.000202,0.002533,0.010239
1770940546.607659,0.630416,0.699561,-0.042509,0.248190,0.001535,0.001315,0.009246
1770940546.612598,0.635356,-0.390701,-0.122193,0.043054,0.000421,-0.002781,-0.002956
1770940546.617573,0.640331,0.712444,0.019510,0.302550,0.001203,0.001650,0.009509
1770940546.622550,0.645308,-0.370243,-0.003036,0.114004,-0.000607,-0.002464,-0.002663
1770940546.627519,0.650276,-0.385416,0.056314,0.154092,-0.000944,-0.002767,-0.002861
1770940546.632484,0.655242,-0.421786,-0.104713,0.060814,0.000471,-0.002581,-0.003086
1770940546.637480,0.660238,-0.422345,0.051525,0.120616,-0.001379,-0.002583,-0.003522
1770940546.642446,0.665203,0.733140,-0.045948,0.240133,0.001767,0.001398,0.010063
1770940546.647426,0.670183,0.707413,-0.069081,0.251991,0.001548,0.000962,0.009268
1770940546.652426,0.675183,-0.404714,-0.006725,0.104234,-0.000271,-0.001896,-0.002826
1770940546.657377,0.680135,0.726838,-0.174967,0.224576,0.002802,0.001049,0.009800
1770940546.662352,0.685110,0.698853,-0.130849,0.235352,0.002205,0.000304,0.009069
1770940546.667327,0.690084,0.692330,-0.101315,0.232721,0.002100,0.000637,0.009093
1770940546.672304,0.695062,-0.425400,-0.051369,0.059889,-0.000005,-0.001929,-0.002843
1770940546.677279,0.700037,-0.435087,-0.042785,0.072557,-0.000143,-0.002442,-0.003157
1770940546.682257,0.705015,0.711408,-0.044639,0.259363,0.001648,0.001370,0.009544
1770940546.687237,0.709994,0.694807,-0.201182,0.198483,0.002571,0.000203,0.009286
1770940546.692218,0.714976,0.699365,-0.059976,0.226844,0.001546,0.001030,0.008835
1770940546.697186,0.719943,0.697235,-0.012851,0.269148,0.000757,0.001363,0.009501
1770940546.702177,0.724934,-0.414504,-0.028381,0.121392,-0.000158,-0.002273,-0.003001
1770940546.707155,0.729913,-0.407096,-0.074046,0.060763,0.000094,-0.002391,-0.002881
1770940546.712123,0.734881,-0.407762,0.057923,0.129076,-0.000794,-0.001765,-0.003012
1770940546.717099,0.739857,-0.373250,0.000460,0.112874,-0.000495,-0.002375,-0.002698
1770940546.722070,0.744828,0.736385,0.010269,0.265313,0.001353,0.001731,0.009439
1770940546.727056,0.749813,0.728739,0.004992,0.240591,0.001416,0.001440,0.010076
1770940546.732029,0.754786,-0.396292,-0.002963,0.110451,-0.000618,-0.002100,-0.003056
1770940546.737014,0.759772,0.700952,-0.149381,0.268312,0.002526,0.001318,0.009964
1770940546.741990,0.764748,0.712957,0.046954,0.279511,0.000711,0.001839,0.009583
1770940546.746964,0.769722,0.717631,-0.009101,0.307817,0.001366,0.001579,0.009187
1770940546.751938,0.774696,0.686477,0.023589,0.309890,0.000804,0.001468,0.009149
1770940546.756912,0.779669,-0.425937,-0.041325,0.090472,-0.000190,-0.002437,-0.003274
1770940546.761891,0.784649,0.720671,0.032604,0.302605,0.001118,0.001879,0.010039
1770940546.766870,0.789628,-0.354920,0.059914,0.149072,-0.001051,-0.002503,-0.002807
1770940546.771847,0.794605,0.717869,-0.086033,0.237267,0.001833,0.000959,0.009878
1770940546.776824,0.799582,0.711575,-0.067659,0.253613,0.001200,0.000606,0.008903
1770940546.781809,0.804566,-0.396481,-0.027606,0.096248,-0.000183,-0.002213,-0.002907
1770940546.786784,0.809541,-0.380721,-0.091690,0.072630,0.000323,-0.002321,-0.002359
1770940546.791761,0.814519,-0.363728,0.005448,0.133644,-0.000664,-0.002611,-0.002685
1770940546.796737,0.819495,0.684016,-0.107861,0.268477,0.002219,0.001073,0.009618
1770940546.801714,0.824471,-0.412692,-0.176207,0.105858,0.001040,-0.002897,-0.002795
1770940546.806682,0.829440,1.212525,0.413970,-1.122824,-0.015255,0.004819,0.006718
1770940546.811650,0.834408,0.686947,-0.100752,0.249383,0.001978,0.001045,0.009880
1770940546.816645,0.839402,-0.398304,-0.025971,0.070972,-0.000267,-0.002080,-0.002943
1770940546.821609,0.844367,-0.412816,-0.041870,0.082771,-0.000073,-0.002187,-0.002469
1770940546.826592,0.849349,-0.422476,-0.044129,0.074441,-0.000237,-0.002397,-0.003329
1770940546.831576,0.854333,-0.378123,0.055105,0.130633,-0.001108,-0.002379,-0.002976
1770940546.836545,0.859303,0.715337,-0.015601,0.250928,0.001922,0.001517,0.009729
1770940546.841532,0.864290,0.707631,-0.046663,0.231038,0.001778,0.001429,0.009542
1770940546.846494,0.869251,0.730253,0.088830,0.294758,0.000215,0.001718,0.009356
1770940546.851470,0.874228,0.697109,0.001129,0.295183,0.001322,0.001136,0.009353
1770940546.856446,0.879204,-0.392526,-0.087118,0.069353,0.000133,-0.002540,-0.002727
1770940546.861434,0.884192,-0.404299,-0.085104,0.059756,0.000105,-0.002160,-0.002554
1770940546.866418,0.889176,0.694088,-0.059773,0.263579,0.001510,0.001022,0.008945
1770940546.871383,0.894141,0.681516,-0.074248,0.249676,0.001601,0.000870,0.009004
1770940546.876359,0.899117,-0.455578,-0.036299,0.086768,-0.000106,-0.002533,-0.003378
1770940546.881338,0.904095,-0.385663,-0.092907,0.044227,0.000506,-0.002118,-0.002439
1770940546.886323,0.909081,0.707495,-0.023203,0.255692,0.001299,0.001190,0.009076
1770940546.891471,0.914228,0.686646,-0.016897,0.230620,0.001262,0.001232,0.009723
1770940546.896310,0.919068,0.733554,-0.007963,0.196752,0.001677,0.001744,0.010023
1770940546.901263,0.924021,0.706631,-0.165841,0.217978,0.002572,0.001077,0.009423
1770940546.906222,0.928979,0.707745,-0.005141,0.244348,0.001526,0.001406,0.009580
1770940546.911204,0.933962,0.725264,0.030676,0.268942,0.001127,0.002040,0.009600
1770940546.916233,0.938991,0.774137,0.057650,0.221890,0.001126,0.001999,0.010427
1770940546.921199,0.943957,0.712778,-0.004636,0.255483,0.001163,0.001311,0.009146
1770940546.926322,0.949079,0.756450,0.014531,0.240827,0.001009,0.001332,0.009629
1770940546.931105,0.953863,0.700328,-0.008859,0.249251,0.001101,0.001253,0.009199
1770940546.936077,0.958834,0.708472,-0.009134,0.206039,0.001405,0.000955,0.009184
1770940546.941052,0.963810,0.712002,0.023369,0.200014,0.000995,0.001603,0.009209
1770940546.946045,0.968803,0.736978,0.006692,0.245134,0.001153,0.001567,0.009472
1770940546.951061,0.973818,0.713808,-0.098585,0.199108,0.001779,0.001087,0.009354
1770940546.956899,0.979657,0.710054,0.028165,0.247290,0.001110,0.001668,0.009685
1770940546.960985,0.983743,-0.383668,-0.072344,0.062065,-0.000027,-0.001999,-0.002455
1770940546.965944,0.988701,0.732145,-0.036591,0.196046,0.001594,0.001485,0.010006
1770940546.970926,0.993683,0.707007,-0.054926,0.184095,0.001397,0.001253,0.009199
1770940546.975890,0.998647,0.710566,-0.042680,0.198108,0.001547,0.001142,0.009866
1770940546.980865,1.003622,0.703509,0.078762,0.278168,0.000535,0.002214,0.009909
1770940546.985851,1.008609,-0.357440,0.025902,0.114513,-0.000554,-0.001748,-0.002324
1770940546.990968,1.013725,0.715794,-0.180701,0.208170,0.002646,0.000857,0.009336
1770940546.995795,1.018553,-0.407661,-0.146439,0.032461,0.000502,-0.002674,-0.002821
1770940547.000782,1.023540,-0.381867,0.052816,0.128988,-0.001011,-0.001842,-0.002915
1770940547.005755,1.028513,0.721080,-0.088035,0.219543,0.002550,0.001808,0.010062
1770940547.010734,1.033492,-0.378652,0.065393,0.144607,-0.000961,-0.001779,-0.002788
1770940547.015827,1.038584,-0.358453,-0.103106,0.081430,0.000584,-0.002305,-0.002300
1770940547.020713,1.043471,0.725064,-0.169763,0.212152,0.002764,0.001005,0.009429
1770940547.025751,1.048509,-0.416757,-0.013317,0.076891,-0.000316,-0.002404,-0.003475
1770940547.031123,1.053881,0.695616,-0.072464,0.214786,0.001596,0.001254,0.009480
1770940547.035664,1.058422,0.714499,-0.143786,0.168816,0.002452,0.001274,0.009129
1770940547.040602,1.063359,-0.363185,0.038894,0.126855,-0.000825,-0.002422,-0.002663
1770940547.045568,1.068326,0.712483,-0.046474,0.244418,0.001517,0.001506,0.009694
1770940547.050577,1.073335,-0.436726,-0.006842,0.083950,-0.000525,-0.002722,-0.003261
1770940547.055605,1.078363,0.709263,-0.059168,0.214993,0.001272,0.001070,0.009348
1770940547.060830,1.083587,-0.401892,-0.006724,0.113651,-0.000476,-0.002539,-0.003029
1770940547.065541,1.088298,-0.405219,0.069995,0.127878,-0.001246,-0.001900,-0.003054
1770940547.070467,1.093225,0.705093,-0.099300,0.228804,0.002113,0.001547,0.010034
1770940547.075438,1.098195,-0.354924,0.047549,0.152530,-0.000632,-0.001841,-0.002506
1770940547.080436,1.103193,-0.357633,-0.013826,0.118258,-0.000283,-0.002239,-0.002356
1770940547.085458,1.108216,-0.417940,-0.071234,0.069316,-0.000192,-0.002703,-0.003375
1770940547.090376,1.113133,-0.350111,0.038879,0.135492,-0.000604,-0.001924,-0.002403
1770940547.095365,1.118123,0.752211,0.015251,0.256880,0.001382,0.001936,0.010332
1770940547.100319,1.123077,0.731798,0.024132,0.254890,0.000783,0.001161,0.008886
1770940547.105299,1.128057,-0.386772,-0.229101,-0.000341,0.001615,-0.002128,-0.002761
1770940547.110286,1.133044,-0.384161,-0.151066,0.125775,0.000789,-0.003172,-0.002728
1770940547.115247,1.138005,0.708616,-0.150465,-0.559310,-0.002647,0.000464,0.006978
1770940547.120670,1.143427,0.733019,-0.163795,0.175046,0.002732,0.001067,0.010023
1770940547.125232,1.147990,0.731406,-0.110928,0.199625,0.002325,0.001122,0.009643
1770940547.130332,1.153090,0.717034,-0.072086,0.231532,0.002012,0.001280,0.009827
1770940547.135276,1.158033,0.733473,0.040780,0.258680,0.001087,0.001743,0.009756
1770940547.140122,1.162880,-0.359064,-0.048067,0.086491,-0.000290,-0.002319,-0.002264
1770940547.145106,1.167864,0.717129,-0.020900,0.265033,0.001547,0.001231,0.009135
1770940547.150127,1.172885,0.711262,-0.136534,0.225345,0.002435,0.001113,0.009549
1770940547.155103,1.177860,0.709219,-0.026578,0.240225,0.001744,0.001406,0.009825
1770940547.160061,1.182819,0.680539,-0.116555,0.240067,0.001901,0.001016,0.009527
1770940547.165028,1.187785,0.717249,-0.017201,0.252707,0.000977,0.001243,0.009621
1770940547.170031,1.192789,0.721676,-0.007078,0.245541,0.001223,0.001258,0.009606
1770940547.174993,1.197751,0.696709,-0.086208,0.222310,0.002153,0.000909,0.009827
1770940547.179997,1.202755,-0.386239,0.031412,0.115039,-0.000891,-0.002278,-0.002857
1770940547.185124,1.207882,0.714074,-0.075651,0.234354,0.001941,0.000900,0.009009
1770940547.189906,1.212663,0.738465,-0.004125,0.201715,0.001174,0.001885,0.010217
1770940547.194999,1.217757,0.699613,-0.100606,0.221076,0.001843,0.000835,0.009528
1770940547.200187,1.222944,0.695364,-0.040619,0.237434,0.001435,0.000752,0.008741
1770940547.204839,1.227596,0.731664,0.030677,0.241077,0.001100,0.001960,0.010545
1770940547.209809,1.232567,-0.392891,-0.064725,0.062220,0.000090,-0.002402,-0.002742
1770940547.214887,1.237645,0.748192,0.122501,0.272632,0.000646,0.002338,0.009844
1770940547.220108,1.242866,-0.449081,0.055180,0.116551,-0.001104,-0.002316,-0.003364
1770940547.224770,1.247527,0.709774,-0.025203,0.258924,0.001614,0.001255,0.009477
1770940547.229715,1.252472,0.725066,0.033708,0.286462,0.001049,0.001345,0.009606
1770940547.234710,1.257467,-0.416941,-0.019716,0.089366,-0.000185,-0.002130,-0.002932
1770940547.239708,1.262466,0.755606,-0.047821,0.195743,0.001892,0.001788,0.010160
1770940547.244636,1.267394,0.713419,0.012042,0.254845,0.001369,0.001775,0.009540
1770940547.249668,1.272426,-0.404582,0.020859,0.124523,-0.000834,-0.002388,-0.003499
1770940547.254767,1.277524,0.681669,-0.129276,0.215261,0.001855,0.000221,0.008646
1770940547.259588,1.282346,0.713440,-0.027447,0.208278,0.001513,0.001800,0.010136
1770940547.265641,1.288399,-0.343777,0.041633,0.125381,-0.000644,-0.002112,-0.002670
1770940547.269601,1.292359,0.735098,0.050816,0.216012,0.000749,0.001665,0.009308
1770940547.274515,1.297273,-0.412836,-0.018403,0.081013,-0.000423,-0.001764,-0.002789
1770940547.279476,1.302233,-0.414350,-0.071886,0.059071,-0.000154,-0.002159,-0.002743
1770940547.284464,1.307222,0.720828,0.032289,0.222028,0.001071,0.001456,0.009732
1770940547.289526,1.312283,0.694174,-0.014594,0.257230,0.001238,0.001544,0.009705
1770940547.294420,1.317178,0.720919,0.002884,0.253268,0.001189,0.001672,0.009068
1770940547.299625,1.322383,0.721116,-0.110112,0.207704,0.002264,0.001316,0.010224
1770940547.304465,1.327223,0.721189,-0.054492,0.210577,0.001761,0.001554,0.010300
1770940547.309347,1.332105,0.712509,-0.077724,0.258905,0.002158,0.001359,0.009589
1770940547.314334,1.337092,0.736999,0.082823,0.280216,0.000421,0.002063,0.009908
1770940547.319354,1.342111,0.728274,-0.119467,0.217926,0.002459,0.001330,0.009861
1770940547.324518,1.347276,-0.416603,-0.109200,0.062660,0.000125,-0.002684,-0.003445
1770940547.329361,1.352118,-0.438125,-0.046952,0.057334,-0.000314,-0.002284,-0.002993
1770940547.334365,1.357123,-0.414556,-0.050531,0.058455,-0.000416,-0.002123,-0.003169
1770940547.339224,1.361982,0.706916,-0.075424,0.235156,0.001684,0.000989,0.009433
1770940547.344184,1.366942,-0.411682,-0.082197,0.055066,0.000259,-0.002230,-0.002902
1770940547.349182,1.371940,0.712439,-0.010330,0.272493,0.001020,0.001151,0.009056
1770940547.354162,1.376920,-0.400226,-0.028089,0.079552,-0.000360,-0.002231,-0.002814
1770940547.359319,1.382077,0.691117,-0.023853,0.269785,0.001286,0.001136,0.009347
1770940547.364124,1.386882,0.708027,-0.024512,0.256949,0.001573,0.001423,0.009607
1770940547.369070,1.391827,-0.382378,0.027743,0.105766,-0.000564,-0.002361,-0.002872
1770940547.374070,1.396828,-0.416916,-0.028665,0.099645,-0.000103,-0.002231,-0.003085
1770940547.379098,1.401856,0.708487,-0.074385,0.213480,0.002037,0.001147,0.009755
1770940547.384014,1.406772,0.696567,0.031326,0.285698,0.001006,0.001404,0.009447
1770940547.388997,1.411754,-0.407803,-0.129902,0.034269,0.000509,-0.002097,-0.002784
1770940547.394099,1.416856,0.726983,-0.021771,0.206559,0.001372,0.001396,0.009661
1770940547.398922,1.421680,0.752880,0.069697,0.220546,0.000802,0.001925,0.009907
1770940547.403924,1.426681,0.702704,-0.142425,0.196344,0.002407,0.000750,0.009103
1770940547.408906,1.431664,-0.397672,-0.017180,0.084154,-0.000133,-0.001921,-0.002868
1770940547.413893,1.436650,-0.400984,-0.000301,0.130553,-0.000818,-0.002381,-0.003095
1770940547.419067,1.441825,0.399102,-0.693814,-0.455816,0.004488,-0.002253,0.014820
1770940547.423834,1.446591,0.740509,-0.064278,0.170259,0.001312,0.001141,0.008783
1770940547.428838,1.451596,-0.391670,0.016721,0.118257,-0.000761,-0.002465,-0.002925
1770940547.434123,1.456881,0.686648,-0.055402,0.238380,0.001610,0.000983,0.009145
1770940547.438767,1.461524,-0.422004,0.002793,0.109108,-0.000409,-0.002355,-0.002942
1770940547.443753,1.466511,-0.412561,0.023496,0.119832,-0.000875,-0.002826,-0.003303
1770940547.448796,1.471554,0.712788,-0.065561,0.218689,0.001580,0.001069,0.009239
1770940547.453747,1.476504,-0.387050,-0.050852,0.074011,-0.000066,-0.002083,-0.002495
1770940547.458672,1.481430,-0.332526,0.047714,0.123772,-0.000965,-0.001969,-0.002446
1770940547.463703,1.486460,-0.403716,-0.049256,0.082515,-0.000095,-0.002674,-0.003056
1770940547.468713,1.491471,0.720521,0.116565,0.251433,0.000138,0.002230,0.010101
1770940547.473620,1.496378,0.692021,-0.094949,0.234848,0.001826,0.001239,0.009182
1770940547.478883,1.501640,0.725959,-0.047532,0.253220,0.001661,0.001365,0.009167
1770940547.483606,1.506364,0.719636,-0.014294,0.233617,0.001299,0.001199,0.009616
1770940547.488631,1.511388,0.686433,-0.034395,0.247305,0.001609,0.000799,0.009109
1770940547.493525,1.516283,0.732612,0.027697,0.226464,0.001307,0.001582,0.009719
1770940547.499256,1.522014,-0.409767,-0.054439,0.045488,-0.000450,-0.002545,-0.003458
1770940547.503466,1.526224,0.703646,0.038095,0.220020,0.001178,0.001477,0.009453
1770940547.508470,1.531228,0.694491,-0.143064,0.221828,0.002525,0.001482,0.009750
1770940547.513514,1.536271,0.708780,-0.019513,0.217360,0.001222,0.001373,0.009435
1770940547.518454,1.541212,0.718513,-0.009903,0.218992,0.001090,0.001428,0.009694
1770940547.523459,1.546216,-0.399063,-0.083283,0.061741,0.000521,-0.001987,-0.002864
1770940547.528468,1.551225,0.706478,0.027664,0.232982,0.000848,0.001218,0.009281
1770940547.533411,1.556168,0.666990,-0.044046,0.291001,0.001454,0.000433,0.009097
1770940547.538304,1.561062,0.707962,-0.058596,0.231251,0.001457,0.001086,0.009239
1770940547.543286,1.566043,0.719299,-0.056672,0.249392,0.001654,0.001210,0.009456
1770940547.548551,1.571308,-0.348131,0.074736,0.156441,-0.000779,-0.002023,-0.002649
1770940547.553316,1.576073,0.700826,-0.055706,0.245726,0.001517,0.001337,0.009618
1770940547.558221,1.580978,-0.403048,-0.016829,0.105228,-0.000642,-0.002825,-0.002760
1770940547.563231,1.585989,-0.403469,0.101858,0.163961,-0.001345,-0.002253,-0.003172
1770940547.568175,1.590933,0.727587,0.046373,0.255176,0.000574,0.001384,0.009009
1770940547.573146,1.595903,-0.430318,-0.061334,0.057961,0.000202,-0.002537,-0.003201
1770940547.578120,1.600878,-0.383171,0.005982,0.127490,-0.000327,-0.002204,-0.002647
1770940547.583091,1.605848,0.731681,0.076741,0.281753,0.000746,0.002019,0.009606
1770940547.588154,1.610912,0.716732,0.018067,0.261672,0.001062,0.001300,0.009285
1770940547.593048,1.615806,0.702787,-0.082539,0.230072,0.001660,0.001108,0.009522
1770940547.598024,1.620781,0.718174,0.001833,0.227311,0.001583,0.001614,0.009488
1770940547.603038,1.625795,-0.386310,-0.131152,0.029268,0.000577,-0.002496,-0.002659
1770940547.607989,1.630747,0.740334,-0.046537,0.227418,0.001619,0.001832,0.009787
1770940547.612982,1.635739,-0.402286,0.053944,0.127813,-0.001084,-0.001931,-0.002993
1770940547.618025,1.640783,-0.407418,-0.117148,0.044799,0.000380,-0.002213,-0.002573
1770940547.623117,1.645875,0.735250,-0.033997,0.216262,0.001855,0.002018,0.009947
1770940547.627972,1.650730,0.701956,-0.175000,0.190240,0.002519,0.000909,0.009833
1770940547.632887,1.655645,0.748749,-0.038975,0.243438,0.001632,0.001621,0.009373
1770940547.637856,1.660614,-0.383947,0.000356,0.127221,-0.000480,-0.002313,-0.002846
1770940547.642861,1.665618,0.690898,-0.013488,0.281401,0.001116,0.001168,0.009599
1770940547.647804,1.670562,0.712394,-0.066792,0.268733,0.001690,0.001562,0.009275
1770940547.652881,1.675639,0.723462,-0.025694,0.240821,0.001650,0.001139,0.009314
1770940547.657752,1.680509,-0.354604,-0.009737,0.093279,-0.000336,-0.002344,-0.002531
1770940547.662756,1.685514,0.718997,0.032005,0.265442,0.000970,0.001675,0.009250
1770940547.667737,1.690495,-0.382421,-0.018097,0.085681,-0.000276,-0.001915,-0.002604
1770940547.672692,1.695450,0.733888,-0.092567,0.189886,0.002153,0.001428,0.010190
1770940547.677660,1.700418,-0.417202,-0.038415,0.079969,0.000261,-0.001705,-0.002661
1770940547.682649,1.705407,-0.430429,-0.070309,0.073104,-0.000137,-0.002647,-0.003145
1770940547.687627,1.710384,0.687581,-0.076537,0.279158,0.001701,0.000930,0.009048
1770940547.692592,1.715349,-0.410410,-0.089667,0.067183,0.000225,-0.002792,-0.003126
1770940547.697571,1.720328,-0.408433,0.074265,0.128163,-0.001178,-0.002248,-0.003413
1770940547.702542,1.725300,-0.390447,-0.070918,0.063709,0.000217,-0.002149,-0.002669
1770940547.707534,1.730291,0.727709,-0.114606,0.220250,0.002563,0.001099,0.009782
1770940547.712484,1.735242,0.716134,-0.123378,0.219495,0.002604,0.001512,0.009718
1770940547.717494,1.740251,0.716472,-0.006567,0.220819,0.001312,0.001418,0.009687
1770940547.722599,1.745357,-0.381974,0.030746,0.195754,-0.000787,-0.002666,-0.003061
1770940547.727484,1.750242,-0.201666,-2.424751,-1.176289,0.021188,-0.016914,0.002851
1770940547.732439,1.755197,0.723261,0.056363,0.289443,0.000807,0.001459,0.009509
1770940547.737393,1.760151,-0.431369,-0.010482,0.117431,-0.000643,-0.002832,-0.003387
1770940547.742366,1.765124,0.692052,-0.088185,0.258176,0.001951,0.000914,0.009028
1770940547.747325,1.770082,0.723477,-0.031013,0.234265,0.001512,0.001620,0.009344
1770940547.752367,1.775124,-0.408650,0.006446,0.093697,-0.000342,-0.002265,-0.003001
1770940547.757279,1.780037,0.702843,0.047186,0.307448,0.000658,0.001094,0.009317
1770940547.762259,1.785017,0.715935,0.011785,0.227739,0.001496,0.001362,0.009218
1770940547.767241,1.789998,0.684057,-0.004264,0.286105,0.001287,0.000858,0.008653
1770940547.772212,1.794969,0.717816,-0.025136,0.244057,0.001635,0.001391,0.009786
1770940547.777205,1.799962,0.692013,-0.144511,0.244590,0.002678,0.000667,0.009378
1770940547.782179,1.804936,0.725031,0.058332,0.269797,0.000494,0.001592,0.009339
1770940547.787182,1.809939,0.701529,-0.027908,0.252203,0.001265,0.000835,0.008987
1770940547.792142,1.814899,0.723225,0.075544,0.283333,0.000581,0.001201,0.008927
1770940547.797211,1.819968,-0.389867,0.016525,0.097113,-0.000467,-0.001656,-0.002597
1770940547.802075,1.824832,0.710441,-0.087894,0.234681,0.002294,0.001648,0.009947
1770940547.807050,1.829807,0.709589,-0.016012,0.224653,0.001485,0.001902,0.009836
1770940547.812032,1.834790,-0.391447,0.039709,0.109578,-0.000700,-0.001972,-0.002787
1770940547.817008,1.839765,0.734926,-0.036152,0.225434,0.001735,0.001581,0.009812
1770940547.822004,1.844761,0.723351,0.103250,0.266249,0.000707,0.002140,0.009834
1770940547.827064,1.849822,0.694082,-0.042643,0.247248,0.001549,0.001229,0.009677
1770940547.831938,1.854696,0.723726,-0.086857,0.252421,0.002263,0.001306,0.009307
1770940547.836923,1.859681,-0.407403,-0.001039,0.099438,-0.000604,-0.002509,-0.003283
1770940547.841901,1.864658,-0.440888,-0.036180,0.088062,0.000065,-0.002393,-0.003172
1770940547.846865,1.869623,0.716770,-0.040182,0.244836,0.001753,0.001149,0.009203
1770940547.851861,1.874618,-0.346342,0.016120,0.119917,-0.000288,-0.001842,-0.002805
1770940547.856831,1.879589,0.688599,-0.005147,0.241672,0.000912,0.001111,0.009313
1770940547.861794,1.884552,0.709790,-0.051860,0.248707,0.001557,0.001563,0.009709
1770940547.866986,1.889744,0.704629,-0.153353,0.182508,0.002419,0.001030,0.009581
1770940547.871761,1.894518,0.698740,-0.122594,0.240258,0.002214,0.000688,0.010252
1770940547.876826,1.899583,0.740252,0.059105,0.251248,0.001025,0.002019,0.009456
1770940547.881702,1.904459,-0.359371,0.014313,0.118619,-0.000255,-0.002254,-0.002859
1770940547.886842,1.909600,1.349657,1.167856,-3.038161,-0.008181,0.004907,0.008132
1770940547.891661,1.914418,1.144864,0.495502,-3.960660,0.003636,0.013651,0.007400
1770940547.896642,1.919400,1.144120,0.493756,-4.080096,0.004121,0.013316,0.007840
1770940547.901622,1.924379,1.109195,0.658840,-3.915810,0.003135,0.013589,0.007088
1770940547.906599,1.929356,1.113983,0.554680,-4.017456,0.004184,0.013591,0.007458
1770940547.911561,1.934319,1.123414,0.426141,-4.016388,0.004252,0.013778,0.007614
1770940547.916565,1.939323,1.159552,0.509827,-4.010807,0.003158,0.013519,0.007707
1770940547.921521,1.944279,1.107178,0.461016,-4.063572,0.004162,0.013972,0.007403
1770940547.926497,1.949255,1.147443,0.501607,-4.015912,0.004017,0.013447,0.007365
1770940547.931494,1.954252,0.772997,-0.905467,-2.965612,-0.005226,-0.010974,-0.002047
1770940547.936462,1.959220,0.733328,-0.074239,0.151713,0.001907,0.001304,0.009428
1770940547.941435,1.964192,0.660813,-0.189448,0.192311,0.003175,0.000762,0.009211
1770940547.946398,1.969155,0.700148,-0.085193,0.190050,0.002097,0.000805,0.008763
1770940547.951386,1.974144,-0.364935,-0.049027,0.078015,0.000017,-0.002255,-0.002964
1770940547.956402,1.979159,0.704203,0.029903,0.218425,0.001219,0.001410,0.009337
1770940547.961330,1.984087,0.713819,-0.040039,0.167021,0.001513,0.001396,0.009541
1770940547.966320,1.989078,-0.360797,0.019964,0.093715,-0.000530,-0.002012,-0.002503
1770940547.971293,1.994051,0.720059,0.049962,0.209703,0.000706,0.001535,0.009304
1770940547.976296,1.999053,0.743719,-0.025723,0.211136,0.001646,0.002016,0.009916
1770940547.981249,2.004006,0.720437,-0.029622,0.251553,0.001362,0.001351,0.009529
1770940547.986773,2.009530,-0.393955,-0.062738,0.049020,0.000091,-0.002133,-0.002676
1770940547.991184,2.013941,0.707461,0.026957,0.269406,0.000550,0.001372,0.009752
1770940547.996186,2.018944,0.704608,-0.095484,0.209317,0.002050,0.000877,0.009263
1770940548.001158,2.023915,-0.398455,-0.029188,0.079610,-0.000225,-0.002444,-0.002828
1770940548.006129,2.028886,0.721731,-0.041603,0.235201,0.002109,0.001639,0.009843
1770940548.011096,2.033854,-0.392082,0.022162,0.099790,-0.000939,-0.002188,-0.003183
1770940548.016097,2.038854,-0.428010,-0.006353,0.096437,-0.000520,-0.002299,-0.003317
1770940548.021146,2.043903,0.698154,-0.129599,0.219052,0.002062,0.000761,0.009176
1770940548.026308,2.049065,0.717592,0.071049,0.318672,0.000859,0.001646,0.009909
1770940548.031036,2.053793,-0.414470,-0.043358,0.167585,-0.000240,-0.002744,-0.002831
1770940548.035994,2.058752,0.409941,-0.658186,-0.166206,0.005813,-0.009169,0.000194
1770940548.040968,2.063725,0.681438,-0.094213,0.234437,0.001924,0.000474,0.009011
1770940548.045936,2.068694,0.728387,0.012424,0.235672,0.000756,0.001591,0.009560
1770940548.051008,2.073766,0.734773,0.043438,0.240177,0.000873,0.001921,0.009707
1770940548.056048,2.078806,-0.372671,0.023129,0.117058,-0.000727,-0.002248,-0.002876
1770940548.060864,2.083622,-0.376951,-0.126714,0.028461,0.000400,-0.002306,-0.002662
1770940548.065852,2.088610,-0.380806,0.009417,0.104553,-0.000476,-0.002084,-0.003011
1770940548.070830,2.093587,0.730916,-0.136539,0.211789,0.002388,0.000999,0.009676
1770940548.075824,2.098581,0.693161,-0.076355,0.239283,0.002211,0.001459,0.009248
1770940548.080788,2.103545,-0.393785,0.048744,0.122250,-0.000984,-0.002312,-0.002892
1770940548.086654,2.109412,-0.385587,-0.061962,0.032846,0.000048,-0.002095,-0.003001
1770940548.090746,2.113503,0.715138,0.037700,0.253437,0.000935,0.001550,0.009727
1770940548.095719,2.118477,0.712596,-0.018464,0.217610,0.001727,0.001776,0.009503
1770940548.100707,2.123465,-0.427114,0.010052,0.087441,-0.000914,-0.002686,-0.003109
1770940548.105676,2.128434,0.704876,-0.049132,0.205302,0.001376,0.001145,0.008841
1770940548.110655,2.133412,-0.415659,0.011518,0.110781,-0.000583,-0.002532,-0.002926
1770940548.115623,2.138380,0.711657,-0.208809,0.192654,0.003064,0.000566,0.009411
1770940548.120644,2.143401,0.724651,-0.034555,0.234105,0.001280,0.001423,0.009509
1770940548.125573,2.148330,0.707164,0.010896,0.265370,0.001135,0.001230,0.009432
1770940548.130651,2.153409,-0.408433,0.121124,0.145297,-0.001608,-0.002128,-0.003300
1770940548.135534,2.158291,0.725019,-0.158089,0.192338,0.002776,0.001366,0.009764
1770940548.140488,2.163245,0.724411,-0.021959,0.258548,0.001496,0.001736,0.009784
1770940548.145482,2.168240,0.704588,0.011907,0.283420,0.001253,0.001420,0.010035
1770940548.150460,2.173218,0.724511,0.042069,0.293748,0.001112,0.001881,0.010296
1770940548.155503,2.178260,0.722410,-0.025168,0.278891,0.001658,0.001372,0.009575
1770940548.160443,2.183201,0.684877,0.037785,0.265840,0.000837,0.001221,0.009382
1770940548.165413,2.188171,-0.385720,-0.053684,0.089394,-0.000351,-0.002271,-0.002857
1770940548.170371,2.193128,0.715336,-0.037929,0.243182,0.001755,0.001257,0.009715
1770940548.175337,2.198094,0.744440,-0.010193,0.225369,0.001115,0.001720,0.009716
1770940548.180325,2.203083,-0.405885,0.050787,0.116449,-0.000951,-0.002298,-0.003322
1770940548.186674,2.209432,-0.349712,0.057646,0.136781,-0.001116,-0.002391,-0.002746
1770940548.190310,2.213068,-0.347075,0.049167,0.127779,-0.000698,-0.001671,-0.002330
1770940548.195248,2.218006,0.717938,0.026200,0.232978,0.001190,0.001734,0.009986
1770940548.200231,2.222988,0.739329,0.008636,0.187523,0.001253,0.001755,0.009991
1770940548.205211,2.227969,-0.369193,-0.016013,0.110188,-0.000474,-0.002288,-0.002969
1770940548.210171,2.232929,-0.377838,-0.132048,0.028131,0.000543,-0.002371,-0.002537
1770940548.215176,2.237933,-0.389443,-0.053968,0.073143,0.000004,-0.002461,-0.002697
1770940548.220128,2.242886,0.724058,0.014197,0.259627,0.000942,0.001678,0.009648
1770940548.225155,2.247912,0.714762,-0.186966,0.190444,0.002663,0.000785,0.009116
1770940548.230100,2.252858,0.719606,-0.146968,0.187286,0.002729,0.001119,0.009570
1770940548.235073,2.257831,0.715291,0.009695,0.262973,0.001365,0.001557,0.009263
1770940548.240045,2.262802,0.699306,-0.129062,0.222017,0.002352,0.000946,0.010010
1770940548.245023,2.267781,-0.389327,0.016013,0.123453,-0.000554,-0.002194,-0.002792
1770940548.250626,2.273384,0.741103,-0.070901,0.208447,0.002144,0.001688,0.009887
1770940548.255174,2.277932,-0.319216,-0.077600,0.071496,0.000351,-0.001686,-0.002435
1770940548.260106,2.282863,0.711496,-0.103128,0.255194,0.001909,0.000775,0.009005
1770940548.264961,2.287718,0.711514,-0.031048,0.284380,0.001075,0.001209,0.009326
1770940548.269919,2.292677,0.709132,-0.045933,0.273672,0.001683,0.001264,0.009756
1770940548.274894,2.297652,0.735431,-0.183500,0.212061,0.002996,0.001140,0.009972
1770940548.279869,2.302627,-0.396524,-0.098701,0.071119,0.000466,-0.002287,-0.002550
1770940548.284866,2.307623,0.714174,-0.078864,0.254256,0.001648,0.001610,0.009951
1770940548.289900,2.312658,0.666457,-0.033636,0.309502,0.001322,0.000603,0.008736
1770940548.294834,2.317591,0.688711,0.018078,0.298845,0.000785,0.001024,0.008703
1770940548.299783,2.322540,0.722729,0.073061,0.252553,0.000319,0.001893,0.009900
1770940548.304756,2.327514,-0.416446,0.032414,0.130550,-0.000536,-0.002377,-0.003048
1770940548.309744,2.332502,0.728589,-0.021250,0.273215,0.001194,0.001249,0.009812
1770940548.314718,2.337476,-0.408510,0.073658,0.162763,-0.001097,-0.002565,-0.002981
1770940548.319721,2.342478,0.684774,-0.149422,0.244730,0.002253,0.000710,0.009311
1770940548.324652,2.347410,-0.357462,-0.053437,0.062021,-0.000089,-0.002026,-0.002254
1770940548.329622,2.352379,-0.383593,-0.053433,0.069071,-0.000103,-0.002536,-0.002953
1770940548.334651,2.357408,0.307183,-0.027019,0.396264,-0.000741,0.005375,-0.004721
1770940548.339885,2.362642,-0.395249,-0.009419,0.172553,-0.000216,-0.002042,-0.002615
1770940548.344609,2.367366,0.569407,0.406604,-4.488155,0.002359,0.005513,0.004544
1770940548.349617,2.372375,1.147872,0.503222,-3.996088,0.003413,0.013635,0.007650
1770940548.354563,2.377321,1.198897,1.992930,-3.529370,-0.011519,0.006868,0.010164
1770940548.359507,2.382265,1.222999,0.384407,-4.211092,0.004537,0.013633,0.007579
1770940548.364512,2.387269,0.985791,1.636336,-4.117054,-0.002051,0.016792,0.008323
1770940548.369458,2.392216,0.706999,0.020385,0.243253,0.001006,0.001383,0.009725
1770940548.374433,2.397190,-0.372490,0.021145,0.125548,-0.000981,-0.002455,-0.002395
1770940548.379406,2.402164,0.699590,-0.035531,0.236719,0.001473,0.001140,0.009038
1770940548.384427,2.407185,-0.398136,0.020995,0.111893,-0.000493,-0.002182,-0.002815
1770940548.389407,2.412164,0.725281,-0.080290,0.178482,0.002136,0.001412,0.010061
1770940548.394501,2.417259,-0.410782,0.016406,0.093482,-0.000816,-0.002406,-0.003014
1770940548.399323,2.422081,0.765310,0.000240,0.187389,0.001135,0.002130,0.010200
1770940548.404293,2.427051,-0.427077,-0.119905,0.016885,0.000551,-0.002269,-0.003059
1770940548.409267,2.432025,-0.391076,0.084514,0.152009,-0.001295,-0.002050,-0.002763
1770940548.414238,2.436996,0.710470,-0.095923,0.245369,0.001717,0.000488,0.008957
1770940548.419289,2.442046,-0.407170,-0.040707,0.066953,-0.000404,-0.002556,-0.002730
1770940548.424181,2.446939,0.724162,-0.022254,0.215307,0.001712,0.001196,0.009519
1770940548.429180,2.451938,0.728342,0.097932,0.267403,0.000609,0.001900,0.009677
1770940548.434162,2.456919,0.735890,0.036215,0.216236,0.000867,0.001728,0.009860
1770940548.439133,2.461890,0.715364,-0.084945,0.229941,0.002303,0.001497,0.009674
1770940548.444104,2.466861,0.700182,0.056626,0.291894,0.000766,0.001301,0.009060
1770940548.449248,2.472005,-0.414828,0.012877,0.114461,-0.000651,-0.002454,-0.003148
1770940548.454138,2.476895,0.741559,-0.030260,0.212902,0.001446,0.001526,0.009479
1770940548.459153,2.481910,0.728559,0.034696,0.200243,0.001183,0.001414,0.009249
1770940548.464034,2.486792,0.710296,-0.002337,0.215949,0.001127,0.001608,0.009546
1770940548.469005,2.491763,0.722873,-0.075607,0.215106,0.001951,0.001216,0.010102
1770940548.473971,2.496729,0.710331,0.028719,0.270907,0.000644,0.001295,0.009489
1770940548.478940,2.501697,-0.425275,-0.007199,0.089091,-0.000404,-0.002022,-0.002863
1770940548.483920,2.506678,0.683074,0.016906,0.289134,0.001023,0.001487,0.009810
1770940548.489048,2.511806,-0.388063,0.027752,0.117078,-0.000776,-0.002362,-0.002867
1770940548.494002,2.516759,0.627393,-0.097138,0.071138,0.001172,0.001168,0.010909
1770940548.498852,2.521609,1.214372,0.649755,-4.161190,0.003211,0.014426,0.007992
1770940548.503837,2.526595,1.159410,0.688425,-4.244560,0.003372,0.014118,0.007810
1770940548.508802,2.531559,1.113651,0.700378,-4.015162,0.003153,0.013557,0.007301
1770940548.513779,2.536537,1.152208,0.657301,-4.019323,0.002916,0.014140,0.008228
1770940548.518836,2.541594,0.644473,2.175689,-1.171966,-0.001192,0.007016,0.008067
1770940548.523747,2.546505,-0.420970,-0.117248,0.031089,0.000356,-0.002527,-0.003104
1770940548.528699,2.551456,-0.407479,0.001109,0.103185,-0.000557,-0.002326,-0.002483
1770940548.533696,2.556453,-0.413173,-0.018609,0.104900,-0.000520,-0.002099,-0.003352
1770940548.538685,2.561442,0.771818,-0.037925,0.219768,0.002036,0.001747,0.010115
1770940548.543658,2.566415,0.733161,-0.031484,0.256941,0.001955,0.001608,0.009434
1770940548.548714,2.571471,0.716200,0.038307,0.281539,0.001230,0.001869,0.009470
1770940548.553645,2.576402,-0.394359,-0.069802,0.080110,0.000081,-0.002457,-0.002866
1770940548.558584,2.581341,0.698573,-0.135737,0.236142,0.002264,0.000800,0.009309
1770940548.563566,2.586324,-0.361859,0.034134,0.123874,-0.000753,-0.001634,-0.002296
1770940548.568543,2.591300,0.722603,0.072635,0.275491,0.000691,0.002044,0.009865
1770940548.573505,2.596263,-0.390070,-0.133278,0.041508,0.000800,-0.002166,-0.002557
1770940548.578484,2.601242,0.725855,0.138811,0.297048,-0.000084,0.002286,0.009762
1770940548.583465,2.606223,-0.407034,0.080668,0.160161,-0.001042,-0.002174,-0.002973
1770940548.588522,2.611279,0.718325,-0.057929,0.256763,0.001835,0.001315,0.009702
1770940548.593412,2.616170,0.723729,-0.054847,0.259610,0.001633,0.001277,0.009608
1770940548.598469,2.621227,-0.382280,-0.124492,0.036731,0.000530,-0.002416,-0.002644
1770940548.603386,2.626144,0.679035,-0.117660,0.229017,0.002220,0.001100,0.009726
1770940548.608366,2.631123,-0.433132,-0.062328,0.059256,0.000088,-0.002245,-0.003034
1770940548.613329,2.636087,0.722132,-0.070410,0.262737,0.002187,0.001599,0.009904
1770940548.618544,2.641302,0.680991,-0.035012,0.277461,0.001203,0.000647,0.008968
1770940548.623475,2.646233,0.715700,-0.041329,0.260016,0.001646,0.001710,0.009691
1770940548.628282,2.651039,-0.372474,-0.077568,0.084679,-0.000036,-0.002311,-0.002393
1770940548.633250,2.656007,0.711880,-0.102303,0.239137,0.002090,0.001228,0.009579
1770940548.638208,2.660965,-0.396190,0.011286,0.107689,-0.000856,-0.002654,-0.003158
1770940548.643199,2.665957,-0.423667,-0.057960,0.144514,0.000497,-0.001965,-0.002706
1770940548.648169,2.670926,-0.056854,2.459391,-1.011788,-0.019304,0.008488,0.007540
1770940548.653273,2.676030,1.238729,1.179189,-3.227596,-0.009957,0.004980,0.008485
1770940548.658432,2.681190,1.147392,0.466279,-4.019043,0.004167,0.013477,0.007524
1770940548.663111,2.685869,1.069591,0.683053,-3.870048,0.002312,0.013956,0.007331
1770940548.668146,2.690903,0.680521,-0.142580,0.222900,0.002391,0.000746,0.008772
1770940548.673052,2.695810,0.721247,-0.124341,0.227816,0.002072,0.000775,0.009054
1770940548.678030,2.700787,0.733239,-0.056935,0.254390,0.001731,0.001379,0.009738
1770940548.683010,2.705767,-0.395020,-0.074465,0.071785,-0.000018,-0.002409,-0.002784
1770940548.688034,2.710792,0.711525,-0.044235,0.264786,0.001830,0.001550,0.009554
1770940548.692955,2.715712,0.730905,-0.088484,0.242699,0.002166,0.001212,0.009485
1770940548.698081,2.720838,-0.362707,0.088920,0.140322,-0.001192,-0.002014,-0.002985
1770940548.702923,2.725680,-0.408562,0.017963,0.117114,-0.000509,-0.002018,-0.002803
1770940548.707892,2.730649,-0.396599,0.017294,0.095719,-0.000531,-0.002377,-0.003203
1770940548.712870,2.735627,-0.382152,-0.079029,0.083896,-0.000035,-0.002252,-0.002497
1770940548.717895,2.740653,-0.401816,-0.034388,0.080106,-0.000191,-0.002123,-0.003084
1770940548.722914,2.745671,0.725876,-0.095757,0.233600,0.001864,0.001150,0.009625
1770940548.727840,2.750598,0.709725,-0.020212,0.250530,0.001300,0.001534,0.009709
1770940548.732797,2.755554,-0.388350,-0.113686,0.060542,0.000339,-0.002370,-0.002524
1770940548.737775,2.760532,0.726226,-0.029262,0.234717,0.001655,0.001348,0.009515
1770940548.742784,2.765541,-0.387578,0.009900,0.117167,-0.000317,-0.002211,-0.002849
1770940548.747724,2.770482,-0.423086,-0.154207,0.055167,0.000590,-0.002821,-0.002628
1770940548.752768,2.775525,0.675748,-0.052910,0.263859,0.001420,0.001211,0.009361
1770940548.757654,2.780412,0.712550,0.067530,0.272043,0.000517,0.001356,0.009423
1770940548.762654,2.785412,-0.388051,0.065850,0.138883,-0.001118,-0.001971,-0.002847
1770940548.767648,2.790405,0.712008,0.026090,0.285487,0.000769,0.000983,0.009022
1770940548.772614,2.795372,-0.420677,-0.117485,0.064973,0.000208,-0.002606,-0.003254
1770940548.777594,2.800352,0.681798,-0.027727,0.289320,0.001390,0.001069,0.009474
1770940548.782558,2.805316,-0.399651,0.062323,0.132026,-0.000762,-0.001735,-0.002713
1770940548.787535,2.810292,-0.360586,0.055280,0.157839,-0.000922,-0.002368,-0.002736
1770940548.792689,2.815447,0.695448,0.021992,0.292342,0.000809,0.001227,0.009119
1770940548.797532,2.820289,0.710376,-0.126295,0.234240,0.002324,0.001153,0.009612
1770940548.802475,2.825232,-0.409706,-0.165609,0.040487,0.001073,-0.002775,-0.002611
1770940548.807447,2.830204,0.722224,-0.144213,0.216824,0.002380,0.001190,0.009511
1770940548.812471,2.835228,0.744821,-0.018424,0.250633,0.001797,0.001840,0.009699
1770940548.818856,2.841613,0.695944,-0.098276,0.228798,0.001982,0.001015,0.009126
1770940548.822382,2.845140,0.716615,-0.025080,0.259975,0.001156,0.001501,0.009719
1770940548.827365,2.850123,0.736767,-0.101518,0.216179,0.002314,0.001270,0.009483
1770940548.832338,2.855096,-0.395000,-0.137000,0.044588,0.000428,-0.002561,-0.003000
1770940548.837318,2.860076,-0.388513,-0.050640,0.070018,-0.000143,-0.002179,-0.002703
1770940548.842283,2.865040,0.702123,-0.147300,0.233957,0.002530,0.001298,0.010023
1770940548.847267,2.870024,-0.442013,-0.031415,0.096547,-0.000212,-0.002425,-0.003570
1770940548.852308,2.875065,0.690152,-0.027224,0.247423,0.001549,0.001297,0.009799
1770940548.857207,2.879964,0.712434,-0.074297,0.215333,0.002213,0.001393,0.009584
1770940548.862179,2.884937,-0.418160,-0.040683,0.086483,0.000097,-0.002502,-0.002996
1770940548.867238,2.889995,-0.334328,0.037583,0.119387,-0.000622,-0.001589,-0.002454
1770940548.872159,2.894916,-0.411604,-0.070372,0.069229,-0.000242,-0.002865,-0.002883
1770940548.877124,2.899881,0.701246,-0.068781,0.229401,0.001391,0.000893,0.009352
1770940548.882113,2.904871,0.729259,-0.034469,0.260599,0.001931,0.001723,0.010015
1770940548.887104,2.909862,0.692220,-0.099634,0.216496,0.001938,0.000709,0.009530
1770940548.892047,2.914805,-0.385265,0.007637,0.091547,-0.000640,-0.002091,-0.003124
1770940548.897079,2.919836,0.697136,-0.029628,0.246161,0.001317,0.001008,0.009525
1770940548.902035,2.924793,-0.398893,0.075343,0.129380,-0.001378,-0.001884,-0.003241
1770940548.907019,2.929777,-0.376198,0.040544,0.133202,-0.001055,-0.002649,-0.002636
1770940548.911954,2.934712,0.721354,-0.060689,0.225436,0.001631,0.001052,0.009917
1770940548.918634,2.941392,-0.401712,0.097175,0.148120,-0.001628,-0.002353,-0.003383
1770940548.921932,2.944690,-0.390452,-0.056858,0.071371,-0.000189,-0.002621,-0.003010
1770940548.926961,2.949718,-0.385694,-0.088535,0.087300,0.000263,-0.002328,-0.002806
1770940548.931928,2.954686,-0.418847,-0.161750,0.026138,0.000804,-0.002290,-0.002866
1770940548.936864,2.959621,-0.387877,-0.101643,0.060240,0.000306,-0.002784,-0.002946
1770940548.941842,2.964600,0.712527,-0.042695,0.264472,0.001548,0.000960,0.008892
1770940548.946835,2.969593,-0.439887,-0.044746,0.055478,-0.000109,-0.002426,-0.003278
1770940548.951844,2.974602,0.289792,-0.134266,0.368660,0.000232,0.005210,-0.004818
1770940548.956799,2.979556,-0.353924,2.295155,-1.406204,-0.017850,0.004579,-0.011636
1770940548.961722,2.984480,1.150125,0.563546,-3.943155,0.003484,0.013751,0.007329
1770940548.966746,2.989504,1.114748,0.413182,-3.931333,0.003764,0.013147,0.007843
1770940548.971684,2.994441,-0.436871,3.380443,-4.615031,-0.011912,0.017140,0.000835
1770940548.976671,2.999428,1.067166,0.544161,-4.031276,0.003458,0.012683,0.006417
1770940548.981636,3.004393,1.110486,0.470535,-4.092369,0.003947,0.013835,0.007607
1770940548.986732,3.009490,1.133961,0.525309,-4.045360,0.003603,0.013529,0.007510
1770940548.991633,3.014390,1.334157,0.670905,-3.949613,-0.000454,0.014651,0.007483
1770940548.996819,3.019577,0.670314,-0.017159,0.215661,0.001374,0.000935,0.008931
1770940549.001859,3.024616,0.711590,-0.090453,0.216063,0.002049,0.000982,0.008993
1770940549.006526,3.029284,-0.374062,0.033483,0.137757,-0.001042,-0.002329,-0.002660
1770940549.011514,3.034272,0.719283,-0.004248,0.260115,0.001215,0.001367,0.009082
1770940549.016524,3.039281,-0.391120,-0.054672,0.079906,-0.000056,-0.001773,-0.002720
1770940549.021499,3.044257,-0.412230,-0.004345,0.092937,-0.000356,-0.002030,-0.002875
1770940549.026578,3.049335,0.744670,0.016763,0.225477,0.000817,0.001459,0.009629
1770940549.031426,3.054184,0.705590,-0.049350,0.208750,0.001546,0.001162,0.009244
1770940549.036421,3.059178,0.733798,-0.063348,0.223366,0.001902,0.001861,0.010414
1770940549.041368,3.064126,0.748722,-0.090433,0.217540,0.001687,0.001145,0.009687
1770940549.046350,3.069108,0.710224,-0.079531,0.273637,0.001758,0.001062,0.009460
1770940549.051361,3.074119,0.720806,-0.189213,0.192787,0.002869,0.001021,0.009942
1770940549.056296,3.079054,0.699503,-0.104237,0.176394,0.001901,0.001050,0.009867
1770940549.061261,3.084018,0.727873,-0.064226,0.176446,0.001753,0.001718,0.010512
1770940549.066243,3.089000,0.691160,-0.170837,0.211566,0.002264,0.000087,0.008813
1770940549.071234,3.093992,0.713328,-0.018865,0.231092,0.001084,0.000988,0.009256
1770940549.076212,3.098970,0.706473,-0.141305,0.209100,0.002288,0.000782,0.009835
1770940549.081321,3.104079,-0.357682,0.037161,0.129249,-0.000850,-0.002070,-0.002921
1770940549.086192,3.108950,0.721984,-0.081864,0.220049,0.001619,0.000910,0.009217
1770940549.091228,3.113985,0.734096,-0.030640,0.243700,0.001388,0.001505,0.010093
1770940549.096146,3.118904,-0.358228,-0.100096,0.054742,0.000350,-0.002238,-0.002292
1770940549.101105,3.123863,0.698664,0.020907,0.241760,0.001122,0.001441,0.009420
1770940549.106077,3.128835,-0.374028,0.044111,0.142418,-0.000746,-0.002137,-0.002557
1770940549.111048,3.133806,-0.408994,0.040264,0.125516,-0.000929,-0.002027,-0.003128
1770940549.116026,3.138783,0.683253,-0.151005,0.234045,0.002286,0.000960,0.009228
1770940549.121064,3.143821,-0.376698,-0.025779,0.108919,-0.000351,-0.002659,-0.002493
1770940549.126211,3.148969,-0.393439,0.004714,0.113067,-0.000610,-0.002290,-0.002879
1770940549.131087,3.153844,-0.358201,-0.007436,0.081809,-0.000523,-0.002135,-0.002610
1770940549.135947,3.158704,0.716484,0.042109,0.299916,0.000405,0.001647,0.010021
1770940549.140915,3.163673,0.713485,-0.093633,0.241830,0.002044,0.000864,0.009786
1770940549.145891,3.168649,0.702251,-0.087663,0.227472,0.002069,0.001178,0.009237
1770940549.150924,3.173681,0.713215,0.041878,0.291726,0.000695,0.001195,0.009745
1770940549.156146,3.178903,0.683413,-0.200201,0.194778,0.002704,0.000450,0.009602
1770940549.160887,3.183644,0.714887,-0.054714,0.229975,0.001729,0.001496,0.010274
1770940549.165784,3.188541,0.694207,-0.088973,0.251900,0.001664,0.000863,0.009016
1770940549.170784,3.193542,0.711321,-0.008676,0.265473,0.001149,0.001532,0.010081
1770940549.175759,3.198516,-0.353501,0.012231,0.110299,-0.000766,-0.002263,-0.002879
1770940549.180758,3.203516,-0.324649,-0.032050,0.079135,-0.000262,-0.001758,-0.002276
1770940549.185778,3.208535,0.712733,-0.026316,0.214506,0.001253,0.001164,0.009769
1770940549.190857,3.213614,-0.360973,-0.071906,0.067586,-0.000145,-0.002756,-0.002678
1770940549.195704,3.218461,-0.392485,-0.084300,0.071793,0.000124,-0.001861,-0.002783
1770940549.200706,3.223463,-0.398355,-0.053748,0.092822,0.000075,-0.002249,-0.002630
1770940549.205635,3.228393,0.728012,-0.032405,0.260503,0.001689,0.001585,0.009806
1770940549.210598,3.233356,-0.423616,-0.113553,0.045152,0.000350,-0.002946,-0.002910
1770940549.215572,3.238330,0.671181,-0.113436,0.242091,0.001699,0.000652,0.009162
1770940549.220633,3.243391,0.700997,0.052359,0.275681,0.000887,0.001874,0.009825
1770940549.225534,3.248292,0.707561,-0.075780,0.224616,0.002169,0.001405,0.009617
1770940549.230646,3.253404,0.725140,0.053584,0.277785,0.000808,0.001867,0.009811
1770940549.235501,3.258258,0.701458,0.021217,0.271445,0.000758,0.001187,0.009375
1770940549.240474,3.263231,0.712140,-0.117459,0.208295,0.002370,0.000893,0.009630
1770940549.245426,3.268184,0.709393,-0.070436,0.236578,0.001726,0.000908,0.009409
1770940549.250531,3.273288,0.736027,-0.109301,0.199113,0.002477,0.001068,0.009601
1770940549.255454,3.278212,-0.396420,-0.138086,0.048004,0.000310,-0.002932,-0.002493
1770940549.260610,3.283367,-0.377431,-0.029295,0.165251,-0.000087,-0.002351,-0.002317
1770940549.265349,3.288107,1.575369,1.194555,-2.967740,-0.007217,0.005858,0.008077
1770940549.270329,3.293087,1.095494,0.548027,-4.038499,0.003701,0.013679,0.007394
1770940549.275307,3.298065,1.146216,0.634359,-4.057011,0.003444,0.014148,0.007504
1770940549.280336,3.303093,1.380166,1.890343,-1.694196,-0.010686,0.012557,0.023411
1770940549.285332,3.308089,0.721829,-0.137140,0.212494,0.002626,0.001318,0.009936
1770940549.290481,3.313238,-0.364913,-0.082971,0.067702,0.000039,-0.002653,-0.002580
1770940549.295243,3.318000,0.699285,-0.028258,0.242276,0.001075,0.000921,0.009053
1770940549.300221,3.322979,0.712001,-0.106908,0.208765,0.001939,0.001100,0.009672
1770940549.305183,3.327940,0.695970,-0.079790,0.259676,0.001705,0.000980,0.009304
1770940549.310144,3.332902,-0.354389,0.072365,0.140413,-0.000875,-0.002092,-0.002511
1770940549.315118,3.337876,-0.423890,-0.094770,0.063001,0.000115,-0.002616,-0.002952
1770940549.320130,3.342888,0.702842,-0.141560,0.287835,0.002386,0.000598,0.009696
1770940549.325072,3.347830,-0.397567,0.062177,0.126412,-0.001166,-0.001786,-0.003012
1770940549.330072,3.352829,-0.353191,0.114279,0.141942,-0.001275,-0.001554,-0.002391
1770940549.335044,3.357802,-0.402044,-0.033593,0.106099,-0.000468,-0.003019,-0.002906
1770940549.339999,3.362756,-0.393006,-0.085361,0.071707,0.000395,-0.002150,-0.002565
1770940549.344995,3.367753,0.740173,0.055938,0.244720,0.000850,0.001806,0.010183
1770940549.350032,3.372790,0.711264,0.018584,0.260680,0.001048,0.001273,0.009226
1770940549.354969,3.377727,0.720252,-0.128251,0.208197,0.002014,0.000993,0.009384
1770940549.359969,3.382726,0.709395,-0.116520,0.186168,0.001604,0.001077,0.009368
1770940549.364894,3.387652,0.676295,-0.128087,0.227709,0.002245,0.000499,0.009106
1770940549.369882,3.392640,0.729251,0.127440,0.273509,0.000028,0.001809,0.009707
1770940549.374859,3.397617,-0.367640,0.019990,0.135391,-0.000615,-0.002033,-0.002601
1770940549.379832,3.402589,-0.401777,-0.013537,0.127827,-0.000487,-0.002509,-0.002821
1770940549.384915,3.407673,-0.414106,-0.007510,0.107138,-0.000480,-0.002218,-0.002757
1770940549.389812,3.412570,0.846717,1.911981,-2.868910,-0.009565,0.002204,0.011654
1770940549.394965,3.417723,1.162121,0.470996,-4.155503,0.004091,0.014127,0.007661
1770940549.399826,3.422584,1.165704,0.617268,-4.175313,0.004372,0.014355,0.007815
1770940549.404746,3.427503,1.149155,0.482164,-4.150867,0.004198,0.013496,0.007384
1770940549.409693,3.432451,1.111026,1.482831,-1.285791,0.008370,0.005544,0.012891
1770940549.414672,3.437430,-0.364377,-0.023515,0.110288,-0.000050,-0.001868,-0.002204
1770940549.419690,3.442447,-0.387513,-0.029383,0.093788,-0.000285,-0.002235,-0.002722
1770940549.424608,3.447366,-0.378844,-0.017585,0.075265,-0.000443,-0.002133,-0.003121
1770940549.429590,3.452347,0.698748,-0.016821,0.245142,0.001230,0.000842,0.009242
1770940549.434589,3.457347,0.681351,-0.098961,0.235240,0.001830,0.000834,0.008940
1770940549.439551,3.462309,0.720695,0.006463,0.222733,0.001323,0.001417,0.009612
1770940549.444531,3.467288,0.687259,-0.210840,0.211565,0.002903,0.000379,0.009071
1770940549.450340,3.473097,0.698615,0.015317,0.267795,0.000929,0.001204,0.009489
1770940549.454531,3.477288,-0.381602,0.061231,0.127246,-0.001151,-0.002055,-0.002764
1770940549.460201,3.482959,0.674134,-0.165755,0.208343,0.002430,0.000567,0.009278
1770940549.464540,3.487298,0.689569,-0.143977,0.211336,0.002056,0.000886,0.009498
1770940549.469423,3.492180,0.745727,-0.082219,0.221561,0.002226,0.001277,0.009581
1770940549.474385,3.497142,0.723763,-0.096394,0.239001,0.001626,0.000862,0.009272
1770940549.479360,3.502117,-0.381391,-0.060340,0.072018,-0.000215,-0.002102,-0.002734
1770940549.484407,3.507164,-0.397467,-0.040497,0.103071,-0.000166,-0.002186,-0.002622
1770940549.489578,3.512335,-0.397177,-0.021575,0.093718,-0.000310,-0.002629,-0.002931
1770940549.494305,3.517063,0.708048,-0.061075,0.218486,0.001692,0.001436,0.009605
1770940549.499272,3.522030,-0.427460,-0.096175,0.025790,0.000084,-0.002704,-0.003082
1770940549.504259,3.527017,0.713228,-0.129608,0.201911,0.001974,0.000730,0.009565
1770940549.509228,3.531985,-0.414543,-0.087551,0.055024,0.000308,-0.002521,-0.002852
1770940549.514206,3.536963,-0.390920,-0.011356,0.102220,-0.000766,-0.002724,-0.002777
1770940549.519200,3.541957,0.729039,-0.023929,0.251791,0.001528,0.001572,0.009617
1770940549.524211,3.546968,0.720648,-0.035985,0.193350,0.001465,0.001533,0.009955
1770940549.529205,3.551962,0.721063,0.009471,0.236399,0.000999,0.001366,0.009379
1770940549.534119,3.556876,0.741609,-0.040406,0.229150,0.002070,0.001438,0.010046
1770940549.539089,3.561846,-0.349524,-0.009108,0.101441,-0.000526,-0.002365,-0.002640
1770940549.544068,3.566825,-0.411416,-0.032285,0.085718,-0.000180,-0.002613,-0.002797
1770940549.549061,3.571818,0.707397,-0.161874,0.199397,0.002386,0.000878,0.009443
1770940549.554025,3.576783,0.675742,-0.126583,0.241248,0.002205,0.001136,0.009521
1770940549.559160,3.581918,0.725260,-0.025268,0.226097,0.001754,0.001469,0.009415
1770940549.564011,3.586769,-0.399144,-0.103406,0.093341,0.000226,-0.002137,-0.003063
1770940549.568959,3.591717,0.300937,-0.710245,-0.326525,0.004065,-0.002264,0.013669
1770940549.573927,3.596685,1.126914,0.419787,-4.028173,0.004404,0.014043,0.007815
1770940549.578904,3.601661,1.134626,0.540433,-4.071577,0.004216,0.013441,0.007595
1770940549.583895,3.606652,1.120470,0.634558,-3.939826,0.003367,0.013351,0.007174
1770940549.588868,3.611626,0.693722,0.197660,0.325920,-0.000857,0.000740,0.008225
1770940549.593870,3.616628,0.725316,-0.085696,0.210747,0.001992,0.001225,0.009768
1770940549.598821,3.621578,0.719112,-0.025907,0.250486,0.001463,0.001539,0.009522
1770940549.603801,3.626559,0.728004,0.024613,0.269802,0.000840,0.001698,0.009776
1770940549.608774,3.631531,-0.387881,-0.000698,0.108546,-0.000515,-0.002041,-0.002779
1770940549.613748,3.636506,0.709207,-0.138256,0.224465,0.002398,0.000869,0.009185
1770940549.618772,3.641530,0.715101,0.004046,0.249602,0.001334,0.001541,0.009854
1770940549.623925,3.646683,-0.414453,-0.091605,0.021715,0.000200,-0.002372,-0.003112
1770940549.628750,3.651507,0.703005,-0.078866,0.247993,0.001786,0.001276,0.009620
1770940549.633774,3.656532,-0.426444,-0.068357,0.064560,-0.000198,-0.002837,-0.003024
1770940549.638650,3.661407,-0.409744,-0.062059,0.099986,0.000028,-0.002795,-0.002962
1770940549.643602,3.666360,0.706805,-0.013829,0.259643,0.001271,0.001458,0.009836
1770940549.648622,3.671379,0.710934,-0.128162,0.219776,0.002284,0.001525,0.009686
1770940549.653660,3.676418,0.711322,-0.042965,0.260450,0.001713,0.001522,0.009669
1770940549.658983,3.681740,-0.413986,-0.047308,0.054402,-0.000048,-0.001962,-0.003060
1770940549.663517,3.686274,0.750654,-0.102864,0.218133,0.002216,0.001524,0.009968
1770940549.668566,3.691323,0.705834,-0.069312,0.247710,0.001895,0.001152,0.009241
1770940549.673473,3.696231,0.693012,-0.236001,0.166686,0.002955,0.000718,0.009251
1770940549.678459,3.701217,0.696332,0.000048,0.283855,0.001164,0.001307,0.009712
1770940549.683481,3.706238,-0.423799,0.011376,0.094474,-0.000664,-0.002295,-0.003284
1770940549.688428,3.711185,0.725576,-0.029765,0.250464,0.001320,0.001277,0.009678
1770940549.693377,3.716135,-0.394077,-0.067751,0.081198,0.000073,-0.002297,-0.002393
1770940549.698397,3.721154,0.726249,0.025454,0.230044,0.001346,0.002067,0.009735
1770940549.703343,3.726101,0.716170,-0.001161,0.251119,0.001311,0.001387,0.009067
1770940549.708322,3.731080,-0.363613,-0.071415,0.067058,0.000183,-0.002231,-0.002529
1770940549.713288,3.736045,0.748074,0.006534,0.237106,0.001558,0.001736,0.009549
1770940549.718391,3.741148,0.695253,0.010489,0.312852,0.000875,0.000830,0.008837
1770940549.723264,3.746022,0.709825,0.019104,0.281458,0.001044,0.001318,0.009548
1770940549.728358,3.751115,0.706934,-0.080302,0.232603,0.002006,0.001139,0.009265
1770940549.733183,3.755940,0.726656,-0.158222,0.188317,0.002901,0.001224,0.010123
1770940549.738178,3.760935,-0.399755,-0.129037,0.049593,0.000884,-0.001951,-0.002761
1770940549.743152,3.765909,-0.383605,0.014307,0.124712,-0.000351,-0.002099,-0.002479
1770940549.748130,3.770888,-0.397951,-0.023040,0.114869,-0.000364,-0.002050,-0.002566
1770940549.753226,3.775984,0.698071,-0.084750,0.218386,0.002074,0.001026,0.009641
1770940549.758344,3.781102,-0.432964,-0.013179,0.084216,-0.000360,-0.002576,-0.003120
1770940549.763086,3.785843,-0.394996,-0.081285,0.078300,-0.000292,-0.003184,-0.002937
1770940549.768047,3.790804,0.710513,-0.104225,0.207316,0.001974,0.001515,0.009692
1770940549.773018,3.795775,-0.406844,-0.064128,0.079847,0.000019,-0.002662,-0.002630
1770940549.777995,3.800753,-0.354334,0.030556,0.130567,-0.001030,-0.002502,-0.002885
1770940549.782988,3.805746,0.752424,-0.033045,0.220259,0.002067,0.001972,0.010188
1770940549.788013,3.810771,0.747653,-0.002214,0.256032,0.001403,0.001649,0.009658
1770940549.792922,3.815679,0.702436,-0.127600,0.241428,0.002178,0.000842,0.009212
1770940549.797905,3.820662,0.713395,-0.086034,0.246803,0.002103,0.001571,0.010133
1770940549.802920,3.825677,-0.344142,0.065049,0.115027,-0.001061,-0.001376,-0.002312
1770940549.807849,3.830606,-0.376503,-0.108498,0.078856,0.000421,-0.002453,-0.002708
1770940549.812841,3.835598,-0.389141,0.007969,0.110515,-0.000606,-0.002041,-0.002827
1770940549.818626,3.841383,-0.381648,-0.058742,0.085404,-0.000186,-0.002572,-0.003020
1770940549.822836,3.845594,-0.350554,-0.034383,0.096301,-0.000242,-0.002358,-0.002634
1770940549.827826,3.850583,0.734665,-0.035881,0.249020,0.001357,0.001435,0.009629
1770940549.832738,3.855496,-0.374281,-0.008351,0.101949,-0.000344,-0.002354,-0.002919
1770940549.837743,3.860500,-0.417866,-0.034839,0.081180,-0.000131,-0.001994,-0.003098
1770940549.842761,3.865518,0.737972,-0.055222,0.224052,0.001856,0.001649,0.010213
1770940549.847697,3.870454,0.730424,0.031925,0.258736,0.001092,0.001630,0.009361
1770940549.852698,3.875455,0.709854,-0.146330,0.221679,0.002626,0.000977,0.009528
1770940549.857673,3.880430,0.715860,0.063804,0.277113,0.000845,0.001919,0.009515
1770940549.862703,3.885460,0.697291,-0.076621,0.259602,0.001794,0.000963,0.008939
1770940549.867905,3.890663,-0.393596,-0.029461,0.092097,-0.000198,-0.002116,-0.002590
1770940549.872601,3.895359,-0.387192,-0.109304,0.145241,0.000349,-0.002636,-0.003001
1770940549.878030,3.900788,-0.090418,-4.479971,-2.326149,0.044551,-0.021400,0.005138
1770940549.882580,3.905338,-0.371609,-0.062927,0.077982,-0.000389,-0.002684,-0.002619
1770940549.887610,3.910368,-0.361481,0.049863,0.127999,-0.001014,-0.002089,-0.002387
1770940549.892489,3.915246,-0.372207,-0.120160,0.042007,0.000410,-0.002351,-0.002551
1770940549.897461,3.920218,-0.377428,0.004526,0.117033,-0.000761,-0.002399,-0.002516
1770940549.902574,3.925332,1.067313,0.137381,-2.526393,-0.010075,-0.000569,0.003607
1770940549.907411,3.930168,1.199976,0.461897,-3.944999,0.003592,0.014182,0.007936
1770940549.912405,3.935163,1.152981,0.464697,-3.893763,0.003022,0.013349,0.007775
1770940549.917510,3.940268,1.154289,0.475246,-3.917065,0.003867,0.013804,0.007796
1770940549.922384,3.945141,1.215280,1.022583,-3.221660,-0.009235,0.004735,0.008014
1770940549.927315,3.950073,1.213784,1.072643,-3.263327,-0.009022,0.004986,0.008608
1770940549.932301,3.955059,1.261792,1.052580,-3.273337,-0.008988,0.005139,0.009212
1770940549.937261,3.960019,1.108946,0.679672,-3.877134,0.002743,0.013351,0.007411
1770940549.942259,3.965016,1.239563,0.820850,-3.224658,-0.008615,0.004415,0.008192
1770940549.947224,3.969982,1.147045,0.660493,-3.958279,0.003464,0.013341,0.007949
1770940549.952262,3.975019,1.208832,1.249139,-3.376096,-0.009225,0.005672,0.008525
1770940549.957169,3.979927,1.117978,0.461293,-3.937253,0.003953,0.013508,0.007408
1770940549.962140,3.984898,1.108533,0.509200,-3.879302,0.003635,0.013824,0.007514
1770940549.967216,3.989973,1.178899,0.962991,-3.213280,-0.008711,0.004657,0.007553
1770940549.972126,3.994884,1.126291,0.413688,-4.013366,0.004445,0.014350,0.007454
1770940549.977092,3.999850,1.195920,1.164884,-3.247433,-0.009273,0.004685,0.008159
1770940549.982196,4.004953,0.525295,-0.937196,-1.812068,0.006779,0.005970,0.004607
1770940549.987064,4.009822,0.718423,-0.115448,0.197549,0.002384,0.001386,0.009739
1770940549.992018,4.014776,0.709993,-0.004618,0.258781,0.000864,0.000740,0.008834
1770940549.996993,4.019750,-0.429109,-0.156033,0.035425,0.000772,-0.002529,-0.002980
1770940550.001983,4.024740,0.703691,0.033915,0.279647,0.000811,0.001030,0.008972
1770940550.006947,4.029704,0.703344,-0.051217,0.250404,0.001562,0.001070,0.009219
1770940550.011930,4.034687,0.710655,-0.084301,0.211176,0.002394,0.001287,0.009225
1770940550.016947,4.039705,-0.350404,0.083056,0.134622,-0.000939,-0.001747,-0.002836
1770940550.021922,4.044679,0.672259,-0.077647,0.261094,0.001813,0.000989,0.009084
1770940550.026857,4.049615,0.687092,-0.031695,0.228456,0.001099,0.001283,0.009302
1770940550.031859,4.054616,0.695362,-0.141852,0.179010,0.002635,0.001150,0.009248
1770940550.036819,4.059576,0.683233,-0.043718,0.278425,0.001451,0.000907,0.008912
1770940550.041796,4.064554,0.710683,-0.069442,0.234738,0.001965,0.001261,0.009678
1770940550.046765,4.069523,0.690572,-0.137546,0.232922,0.002174,0.000970,0.009198
1770940550.051803,4.074560,0.704864,-0.071199,0.194776,0.001363,0.001022,0.009626
1770940550.056723,4.079481,0.693215,-0.136406,0.214092,0.002292,0.000739,0.009340
1770940550.061691,4.084449,0.698866,-0.069969,0.268841,0.001853,0.001255,0.009357
1770940550.066658,4.089415,-0.412738,-0.080792,0.066838,-0.000075,-0.002571,-0.002664
1770940550.071658,4.094415,0.727290,-0.059279,0.236547,0.001947,0.001449,0.009588
1770940550.076632,4.099390,-0.436137,-0.039321,0.094450,-0.000398,-0.002626,-0.003062
1770940550.081670,4.104427,-0.424395,-0.114456,0.050788,0.000481,-0.002669,-0.002910
1770940550.086587,4.109345,-0.351988,0.003737,0.103886,-0.000572,-0.002082,-0.002390
1770940550.091675,4.114433,0.736127,0.021555,0.234355,0.000934,0.001765,0.009830
1770940550.096537,4.119295,-0.406329,0.071676,0.138438,-0.001451,-0.002107,-0.003460
1770940550.101613,4.124371,-0.380653,0.003095,0.130853,-0.000586,-0.001978,-0.002483
1770940550.106508,4.129266,-0.369043,-0.066380,0.086308,0.000012,-0.002453,-0.002301
1770940550.111472,4.134229,0.693727,-0.039231,0.283113,0.001662,0.001203,0.008949
1770940550.116483,4.139241,-0.425030,-0.069370,0.053746,-0.000108,-0.002514,-0.003080
1770940550.121422,4.144179,-0.355269,0.037463,0.141870,-0.000929,-0.002196,-0.002564
1770940550.126689,4.149447,0.724639,0.032602,0.233494,0.001154,0.001646,0.010113
1770940550.131539,4.154297,0.704521,-0.035025,0.246323,0.001256,0.001072,0.009280
1770940550.136481,4.159238,0.702620,-0.119112,0.234339,0.002066,0.001159,0.009278
1770940550.141355,4.164113,-0.410178,-0.056326,0.089875,-0.000259,-0.002681,-0.002877
1770940550.146344,4.169101,0.717359,-0.013282,0.246462,0.001509,0.001835,0.009213
1770940550.151297,4.174055,0.720526,-0.034283,0.226698,0.001437,0.000972,0.008915
1770940550.156265,4.179022,-0.357680,0.013392,0.090988,-0.000712,-0.002216,-0.002484
1770940550.161241,4.183998,-0.341721,0.039969,0.134252,-0.000889,-0.002251,-0.002411
1770940550.166209,4.188967,-0.385383,0.053219,0.144260,-0.000985,-0.002249,-0.003284
1770940550.171213,4.193971,-0.375601,-0.063231,0.064692,-0.000278,-0.002630,-0.002677
1770940550.176183,4.198940,-0.410734,-0.030122,0.116767,-0.000113,-0.002532,-0.002584
1770940550.181292,4.204050,-0.416182,-0.066725,0.163771,0.000256,-0.002353,-0.002830
1770940550.186167,4.208925,0.409960,-0.750341,-0.204517,0.006214,-0.009587,0.000558
1770940550.191137,4.213894,-0.405363,-0.078748,0.065843,0.000216,-0.002693,-0.003073
1770940550.196119,4.218876,0.684463,-0.114646,0.245561,0.002094,0.000544,0.008876
1770940550.201113,4.223870,0.687598,-0.106012,0.273431,0.002200,0.001432,0.009713
1770940550.206049,4.228807,-0.359442,-0.031464,0.096375,-0.000362,-0.002606,-0.002406
1770940550.211025,4.233782,-0.398519,-0.031542,0.098001,-0.000323,-0.002703,-0.002636
1770940550.215999,4.238757,-0.386090,-0.015444,0.104323,-0.000404,-0.001873,-0.002722
1770940550.221006,4.243763,-0.457314,-0.062748,0.070052,-0.000143,-0.002592,-0.003337
1770940550.226023,4.248781,0.705706,-0.068894,0.236273,0.001895,0.000895,0.009454
1770940550.230965,4.253722,-0.370803,0.028540,0.111935,-0.000764,-0.002499,-0.003093
1770940550.235918,4.258675,0.697361,-0.001923,0.279896,0.001354,0.001277,0.009300
1770940550.240885,4.263642,-0.372769,-0.054068,0.091457,0.000081,-0.002192,-0.002702
1770940550.245865,4.268622,0.670215,-0.101579,0.269885,0.001554,0.000708,0.009635
1770940550.250928,4.273685,-0.378409,-0.010490,0.112986,-0.000305,-0.002160,-0.002581
1770940550.255948,4.278706,-0.368883,0.010335,0.094637,-0.000615,-0.002219,-0.002570
1770940550.260792,4.283550,-0.379332,-0.000926,0.097344,-0.000348,-0.002184,-0.002935
1770940550.265757,4.288515,0.695125,-0.030443,0.285280,0.001688,0.001092,0.009120
1770940550.270810,4.293568,0.698137,-0.020013,0.310847,0.001310,0.001010,0.009301
1770940550.275731,4.298488,0.717008,-0.061217,0.278778,0.001892,0.001474,0.009876
1770940550.280718,4.303476,-0.369965,0.014847,0.108487,-0.000904,-0.002484,-0.002869
1770940550.285740,4.308498,-0.376563,0.035749,0.157423,-0.000790,-0.002045,-0.002742
1770940550.290938,4.313696,0.695735,0.048349,0.268651,0.000602,0.001146,0.009143
1770940550.295653,4.318411,0.703780,0.023241,0.270163,0.000623,0.001421,0.009639
1770940550.300598,4.323356,-0.412535,-0.100359,0.066934,0.000341,-0.002729,-0.002739
1770940550.305600,4.328358,0.713848,-0.085752,0.231040,0.002119,0.001557,0.009629
1770940550.310567,4.333324,0.706470,-0.141810,0.237363,0.002425,0.001109,0.009952
1770940550.315550,4.338307,-0.432688,0.057954,0.135021,-0.001194,-0.002572,-0.003545
1770940550.320607,4.343365,0.692397,-0.055816,0.265275,0.001633,0.001035,0.008979
1770940550.325510,4.348268,0.733365,-0.051881,0.243291,0.001747,0.001169,0.009557
1770940550.330502,4.353259,0.677515,-0.112516,0.259563,0.001902,0.000558,0.008826
1770940550.335464,4.358222,0.659860,-0.049973,0.270162,0.001151,0.000091,0.008802
1770940550.340500,4.363257,0.695170,-0.079600,0.276539,0.002183,0.001176,0.009297
1770940550.345410,4.368168,0.107090,-0.551493,-1.028347,0.006187,-0.009663,0.003847
1770940550.350498,4.373255,1.276260,0.953947,-3.221417,-0.008706,0.004731,0.008647
1770940550.355385,4.378142,1.251591,1.033295,-3.346590,-0.008633,0.004763,0.008182
1770940550.360343,4.383100,1.156248,0.555477,-3.886001,0.003462,0.014074,0.007927
1770940550.365360,4.388118,0.811628,0.233634,-3.082656,0.016111,0.015161,0.006686
1770940550.370301,4.393059,-0.377137,0.020204,0.140794,-0.000742,-0.001956,-0.002777
1770940550.375267,4.398025,-0.375129,0.005542,0.107088,-0.000601,-0.002586,-0.002749
1770940550.380259,4.403017,0.736683,0.037850,0.248739,0.001126,0.002064,0.010278
1770940550.385250,4.408007,0.731364,-0.100226,0.230190,0.001996,0.001133,0.009486
1770940550.390444,4.413202,-0.385606,0.010622,0.121971,-0.000769,-0.002353,-0.002782
1770940550.395191,4.417948,0.709801,-0.033816,0.241085,0.001489,0.001343,0.009490
1770940550.400140,4.422898,0.693973,-0.042715,0.250242,0.001756,0.001540,0.009337
1770940550.405135,4.427893,0.708430,-0.057838,0.255372,0.001844,0.001735,0.009698
1770940550.410128,4.432886,-0.413383,-0.018526,0.109634,-0.000407,-0.002825,-0.003264
1770940550.415105,4.437863,-0.349687,0.044339,0.146230,-0.000611,-0.001732,-0.002544
1770940550.420185,4.442942,0.707145,-0.072974,0.274327,0.001668,0.000893,0.009303
1770940550.425038,4.447795,0.709493,-0.207352,0.188051,0.002846,0.000870,0.009728
1770940550.430043,4.452801,-0.429918,-0.032890,0.094422,-0.000242,-0.002700,-0.003259
1770940550.435013,4.457771,0.717630,-0.051196,0.232710,0.001646,0.000907,0.009389
1770940550.439983,4.462741,-0.379701,0.046965,0.129130,-0.000717,-0.002084,-0.002959
1770940550.444959,4.467717,0.703098,-0.169259,0.243546,0.002577,0.000139,0.008784
1770940550.449973,4.472731,0.739377,0.028658,0.260382,0.000905,0.001830,0.009616
1770940550.454934,4.477691,0.724160,-0.042635,0.234620,0.001911,0.001530,0.009741
1770940550.459939,4.482697,0.689951,0.008883,0.289330,0.000871,0.001535,0.009995
1770940550.464871,4.487629,0.743923,-0.071338,0.206279,0.001975,0.001506,0.010153
1770940550.469860,4.492618,-0.382411,-0.015065,0.079554,-0.000392,-0.002048,-0.002554
1770940550.474818,4.497576,0.665388,-0.021978,0.278145,0.001190,0.001141,0.009205
1770940550.479839,4.502597,0.665659,-0.095868,0.271166,0.001543,0.000599,0.008965
1770940550.484846,4.507603,-0.387750,-0.027882,0.133360,0.000190,-0.002533,-0.002748
1770940550.489751,4.512508,-0.414746,-0.007238,0.179816,-0.000150,-0.002385,-0.002756
1770940550.494725,4.517483,-0.895274,-0.748982,-0.260913,0.003659,-0.010227,-0.013595
1770940550.499690,4.522448,0.679695,-0.057702,0.274025,0.001527,0.000723,0.008843
1770940550.504827,4.527584,-0.415520,-0.026574,0.098699,-0.000473,-0.002671,-0.003128
1770940550.509673,4.532430,0.697187,-0.086408,0.280467,0.001679,0.000924,0.009156
1770940550.514639,4.537397,-0.388449,0.019969,0.122676,-0.000500,-0.002055,-0.002718
1770940550.519637,4.542395,0.708798,-0.092089,0.248497,0.002243,0.001080,0.009617
1770940550.524620,4.547378,-0.369930,0.016655,0.112686,-0.000394,-0.001894,-0.002879
1770940550.529630,4.552387,0.723344,0.075214,0.249560,0.000609,0.002347,0.009907
1770940550.534581,4.557338,0.706930,-0.038272,0.244969,0.001518,0.001459,0.009706
1770940550.539527,4.562284,0.685399,-0.070667,0.239881,0.001334,0.000676,0.008863
1770940550.544511,4.567269,-0.435948,-0.053600,0.070396,-0.000006,-0.002144,-0.002796
1770940550.549512,4.572269,-0.394845,0.024770,0.133921,-0.000741,-0.002497,-0.003003
1770940550.554468,4.577225,0.748586,0.043130,0.243665,0.001167,0.001904,0.009893
1770940550.559543,4.582301,0.729026,-0.062331,0.228062,0.001777,0.001107,0.008974
1770940550.564459,4.587217,0.707135,-0.059587,0.247317,0.001671,0.001047,0.009185
1770940550.569400,4.592157,0.714816,-0.028384,0.271740,0.001517,0.001299,0.009372
1770940550.574370,4.597128,-0.407242,0.083170,0.143085,-0.001062,-0.002110,-0.003108
1770940550.579342,4.602099,0.697669,-0.014462,0.260558,0.001148,0.001332,0.009001
1770940550.584408,4.607166,0.720183,-0.101249,0.241179,0.002178,0.000877,0.009302
1770940550.589292,4.612050,0.699833,-0.072378,0.245179,0.001884,0.001164,0.009804
1770940550.594307,4.617064,0.730916,0.042835,0.254138,0.001102,0.001459,0.009702
1770940550.599244,4.622002,-0.383210,-0.005633,0.104966,-0.000172,-0.001865,-0.002605
1770940550.604239,4.626996,0.704496,-0.124840,0.244308,0.002206,0.001021,0.009446
1770940550.609216,4.631974,0.735459,0.015183,0.260550,0.001609,0.002037,0.009819
1770940550.614184,4.636942,-0.392424,-0.035488,0.092781,0.000094,-0.002610,-0.003002
1770940550.619206,4.641964,0.709674,0.008970,0.244575,0.001150,0.001312,0.009369
1770940550.624125,4.646882,0.707088,-0.104226,0.210660,0.002156,0.000932,0.009376
1770940550.629151,4.651909,-0.405555,0.066478,0.147060,-0.001202,-0.002542,-0.003278
1770940550.634103,4.656860,-0.388799,-0.028931,0.096924,-0.000080,-0.002300,-0.002758
1770940550.639086,4.661843,0.720928,-0.022446,0.266233,0.001557,0.001623,0.009997
1770940550.644056,4.666813,0.725844,-0.088223,0.241888,0.002071,0.001462,0.009892
1770940550.649076,4.671834,-0.407486,-0.102973,0.069047,0.000045,-0.002851,-0.002672
1770940550.654101,4.676858,0.730700,0.090995,0.301275,0.000431,0.001982,0.009828
1770940550.659063,4.681821,-0.421274,-0.048302,0.086369,-0.000213,-0.002726,-0.003070
1770940550.663980,4.686737,-0.433367,-0.090919,0.071659,0.000246,-0.002619,-0.002936
1770940550.668952,4.691710,-0.407515,-0.074985,0.071927,0.000037,-0.002707,-0.002963
1770940550.673923,4.696681,0.686015,-0.044505,0.236519,0.001340,0.000718,0.008666
1770940550.678891,4.701649,0.715754,-0.055190,0.220496,0.001482,0.001371,0.009829
1770940550.683941,4.706699,-0.380154,0.044627,0.166965,-0.000963,-0.002182,-0.002852
1770940550.688844,4.711601,0.752283,-0.002862,0.247563,0.001286,0.001786,0.009900
1770940550.693808,4.716566,0.730196,0.064569,0.285050,0.000648,0.001635,0.009228
1770940550.699102,4.721860,-0.365577,-0.058491,0.083387,0.000087,-0.001868,-0.002398
1770940550.704057,4.726815,-0.382101,-0.025802,0.105945,-0.000298,-0.002232,-0.002614
1770940550.708852,4.731609,-0.393523,-0.027556,0.073734,-0.000257,-0.002042,-0.002789
1770940550.713738,4.736495,0.698659,-0.064138,0.250777,0.001608,0.000887,0.009243
1770940550.718737,4.741494,0.716662,-0.046900,0.231230,0.001343,0.001201,0.009495
1770940550.723678,4.746436,0.677608,-0.041741,0.274534,0.001406,0.001188,0.009460
1770940550.728703,4.751461,-0.345759,-0.024592,0.096408,-0.000122,-0.001770,-0.002102
1770940550.733636,4.756394,0.674018,-0.047410,0.290683,0.001662,0.001008,0.009227
1770940550.738629,4.761386,-0.397725,0.006439,0.114765,-0.000306,-0.001971,-0.002680
1770940550.743591,4.766349,0.701124,0.000591,0.298873,0.001051,0.001297,0.009420
1770940550.748643,4.771400,0.710087,-0.025378,0.281829,0.001528,0.001423,0.009434
1770940550.753567,4.776324,0.720147,-0.041757,0.238935,0.001625,0.001333,0.009417
1770940550.758840,4.781598,-0.413795,0.046616,0.120378,-0.000982,-0.002054,-0.003187
1770940550.763541,4.786299,0.693977,-0.069200,0.258393,0.001814,0.001018,0.008843
1770940550.768529,4.791287,0.693659,-0.094591,0.231992,0.002034,0.001010,0.009629
1770940550.773458,4.796215,-0.377940,0.021079,0.125074,-0.000801,-0.002664,-0.002870
1770940550.778448,4.801205,-0.410682,-0.094318,0.055189,0.000563,-0.001897,-0.003069
1770940550.783539,4.806296,-0.410169,-0.001997,0.124293,-0.000475,-0.002676,-0.002921
1770940550.788489,4.811246,-0.408340,-0.045094,0.079933,-0.000362,-0.002773,-0.003116
1770940550.793684,4.816442,-0.369039,-0.113504,0.157611,0.000366,-0.002726,-0.002335
1770940550.798397,4.821155,-0.036669,2.267394,-0.829247,-0.018041,0.007684,0.009124
1770940550.803343,4.826100,1.261403,-0.460271,-2.721451,-0.010126,-0.002285,0.009183
1770940550.808327,4.831084,0.707964,-0.020883,0.263915,0.001341,0.001640,0.009534
1770940550.813299,4.836056,0.725159,0.009653,0.273942,0.001167,0.002142,0.010653
1770940550.818447,4.841205,0.691317,-0.031660,0.259625,0.001425,0.001122,0.009490
1770940550.823304,4.846062,0.702975,-0.089159,0.227522,0.001841,0.001410,0.009428
1770940550.828202,4.850960,-0.399466,-0.037129,0.087543,-0.000091,-0.002425,-0.003134
1770940550.833191,4.855949,0.740496,0.004484,0.236748,0.001239,0.001864,0.009689
1770940550.838166,4.860924,0.698255,-0.003776,0.288978,0.000958,0.001323,0.009150
1770940550.843136,4.865893,-0.401133,-0.042452,0.088080,-0.000386,-0.002673,-0.002900
1770940550.848130,4.870887,0.684236,-0.123395,0.226948,0.002317,0.000910,0.009204
1770940550.853172,4.875930,-0.382703,-0.084855,0.083617,0.000148,-0.002439,-0.002866
1770940550.858441,4.881199,-0.379658,0.039449,0.120743,-0.000782,-0.002173,-0.002654
1770940550.863080,4.885838,-0.397860,-0.031179,0.104016,-0.000502,-0.002272,-0.002972
1770940550.868227,4.890984,-0.375349,-0.021458,0.106926,-0.000475,-0.002576,-0.002546
1770940550.873022,4.895779,0.706884,-0.012420,0.252992,0.001268,0.001572,0.009436
1770940550.877983,4.900741,0.731167,-0.082039,0.201811,0.002056,0.001427,0.009870
1770940550.883242,4.905999,0.692593,-0.110657,0.250307,0.002236,0.000921,0.009423
1770940550.887955,4.910713,-0.373003,-0.007722,0.120624,-0.000699,-0.002324,-0.002610
1770940550.892930,4.915687,0.724982,0.037191,0.269278,0.000892,0.001694,0.009595
1770940550.897907,4.920665,0.715779,0.026902,0.239042,0.001327,0.001721,0.009418
1770940550.902887,4.925644,0.714148,-0.010254,0.247783,0.001363,0.001253,0.009430
1770940550.907863,4.930620,-0.395531,-0.040226,0.067298,-0.000218,-0.002530,-0.003175
1770940550.912827,4.935585,-0.361385,-0.045735,0.060337,0.000053,-0.001948,-0.002789
1770940550.918856,4.941613,0.693532,0.043370,0.287791,0.001079,0.001618,0.009663
1770940550.922779,4.945537,0.758440,0.054905,0.241867,0.001246,0.002484,0.010246
1770940550.927775,4.950532,0.694915,0.030169,0.274258,0.000753,0.001293,0.009124
1770940550.932745,4.955503,-0.409832,-0.041573,0.084035,-0.000235,-0.002072,-0.002810
1770940550.937724,4.960482,-0.433863,-0.076834,0.053092,0.000009,-0.002249,-0.002959
1770940550.942858,4.965615,0.705468,-0.009597,0.248405,0.001159,0.001424,0.009526
1770940550.947683,4.970440,0.717283,0.039713,0.258622,0.001196,0.001754,0.009984
1770940550.952661,4.975418,-0.389941,-0.047897,0.073614,-0.000098,-0.002314,-0.002701
1770940550.957644,4.980402,-0.413321,0.005738,0.109959,-0.000787,-0.002849,-0.003024
1770940550.962606,4.985363,-0.401249,-0.065989,0.070574,0.000269,-0.002139,-0.003080
1770940550.967584,4.990341,0.725915,-0.066886,0.228261,0.001852,0.001465,0.009809
1770940550.972556,4.995313,-0.387045,-0.005237,0.102237,-0.000419,-0.002204,-0.002678
1770940550.977535,5.000293,0.740444,0.005100,0.283302,0.001574,0.002048,0.010189
1770940550.982621,5.005379,-0.399424,0.063099,0.145375,-0.001285,-0.002566,-0.003065
1770940550.987505,5.010262,0.742355,-0.028918,0.195076,0.001294,0.001360,0.009240
1770940550.992500,5.015258,-0.381022,-0.062594,0.028760,0.000063,-0.002094,-0.002825
1770940550.997463,5.020221,0.683143,-0.094149,0.249159,0.001969,0.000505,0.008931
1770940551.002438,5.025196,0.727147,0.053479,0.246627,0.000761,0.001453,0.009671
1770940551.007395,5.030153,0.690905,-0.000891,0.297276,0.000734,0.000628,0.008814
1770940551.012425,5.035183,-0.375446,-0.011638,0.097412,-0.000306,-0.001806,-0.002523
1770940551.018587,5.041344,-0.414590,-0.087332,0.050841,0.000106,-0.002458,-0.002956
1770940551.022357,5.045114,0.696584,-0.086459,0.238208,0.001784,0.000842,0.009059
1770940551.027328,5.050085,-0.401110,-0.018485,0.087638,-0.000355,-0.002399,-0.003142
1770940551.032282,5.055040,0.704351,-0.054027,0.224627,0.001837,0.001465,0.009414
1770940551.037262,5.060019,0.702382,-0.127492,0.197842,0.002245,0.001306,0.009611
1770940551.042271,5.065029,0.735285,0.002256,0.236625,0.001414,0.002103,0.010015
1770940551.047359,5.070117,0.696122,-0.103766,0.235463,0.002092,0.001508,0.009926
1770940551.052451,5.075209,0.695202,0.053658,0.281277,0.000810,0.001416,0.009029
1770940551.057171,5.079928,0.728270,-0.033114,0.214379,0.001904,0.002250,0.009884
1770940551.062157,5.084915,-0.368880,-0.037580,0.083219,-0.000038,-0.001941,-0.002644
1770940551.067140,5.089898,-0.429163,-0.009712,0.101801,-0.000568,-0.002749,-0.003331
1770940551.072131,5.094889,-0.394034,0.018022,0.136255,-0.000223,-0.002111,-0.002901
1770940551.077087,5.099844,0.743584,0.054621,0.278204,0.001060,0.001784,0.009972
1770940551.082491,5.105249,0.682655,-0.098016,0.270985,0.001771,0.000553,0.009005
1770940551.087028,5.109785,0.707866,-0.020541,0.240200,0.001382,0.001223,0.009160
1770940551.092013,5.114770,0.721646,0.047689,0.266304,0.001140,0.002106,0.009660
1770940551.096996,5.119753,0.714697,-0.024061,0.218872,0.001497,0.001982,0.009774
1770940551.101983,5.124740,-0.406413,-0.075119,0.147721,0.000237,-0.002499,-0.002853
1770940551.106988,5.129745,-0.100907,0.302941,-0.620065,-0.014178,-0.002633,-0.005511
1770940551.111924,5.134682,-0.399072,-0.108428,0.052333,0.000496,-0.002395,-0.002686
1770940551.117170,5.139928,0.692595,-0.012438,0.254791,0.001342,0.001523,0.009424
1770940551.122239,5.144997,0.708727,-0.044522,0.244971,0.001273,0.001040,0.009140
1770940551.127192,5.149950,-0.396101,-0.048614,0.102964,-0.000067,-0.002734,-0.002870
1770940551.131850,5.154607,0.680149,-0.064237,0.255840,0.001671,0.000504,0.008387
1770940551.136819,5.159577,-0.372251,0.153127,0.180077,-0.001764,-0.002178,-0.003136
1770940551.141801,5.164559,0.714206,-0.050305,0.247792,0.001763,0.001414,0.009471
1770940551.146826,5.169584,-0.375967,-0.103153,0.058994,0.000530,-0.002346,-0.002741
1770940551.151740,5.174498,0.752195,-0.100809,0.206748,0.002362,0.001409,0.009670
1770940551.156736,5.179493,0.720824,-0.044465,0.260489,0.001657,0.001218,0.009667
1770940551.161724,5.184482,0.677736,-0.047235,0.253656,0.001718,0.001289,0.009324
1770940551.166729,5.189487,-0.422174,-0.115931,0.054688,0.000463,-0.002386,-0.002846
1770940551.171667,5.194425,0.719892,-0.003403,0.267836,0.001158,0.001516,0.009329
1770940551.176643,5.199401,0.703837,-0.038908,0.297271,0.001775,0.000707,0.009016
1770940551.182697,5.205455,-0.365922,0.054549,0.120005,-0.000761,-0.001846,-0.002524
1770940551.186671,5.209428,-0.341008,0.086255,0.142693,-0.000992,-0.001612,-0.002540
1770940551.191622,5.214379,0.690122,-0.167468,0.208602,0.003087,0.001015,0.009563
1770940551.196563,5.219321,-0.393113,0.005162,0.101871,-0.000471,-0.001962,-0.002736
1770940551.201658,5.224415,0.732295,-0.053496,0.200333,0.001683,0.001088,0.009313
1770940551.206553,5.229311,0.730849,0.005254,0.211617,0.000713,0.001535,0.009704
1770940551.211471,5.234228,-0.394802,0.021458,0.127779,-0.000715,-0.002236,-0.002979
1770940551.216685,5.239443,0.685648,-0.108318,0.244047,0.002109,0.000893,0.009394
1770940551.221568,5.244325,0.708439,-0.040778,0.223999,0.001395,0.001076,0.009300
1770940551.226434,5.249192,-0.336653,-0.056288,0.068669,0.000026,-0.002038,-0.002493
1770940551.231391,5.254148,-0.392150,-0.007604,0.106020,-0.000292,-0.002220,-0.002759
1770940551.236363,5.259121,-0.393355,-0.042918,0.080748,-0.000283,-0.002459,-0.002772
1770940551.241336,5.264094,-0.407465,-0.019580,0.089867,-0.000372,-0.002076,-0.003188
1770940551.246319,5.269077,-0.430848,-0.064274,0.073724,-0.000081,-0.002662,-0.002978
1770940551.251419,5.274176,0.681027,-0.091410,0.221006,0.001921,0.001083,0.009164
1770940551.256357,5.279114,0.681858,-0.013234,0.238992,0.000893,0.000808,0.009475
1770940551.261258,5.284015,0.754428,0.021854,0.236291,0.001013,0.001748,0.009877
1770940551.266239,5.288997,-0.349308,-0.022081,0.098907,-0.000388,-0.001897,-0.002239
1770940551.271217,5.293974,0.690970,-0.091030,0.216826,0.001796,0.000802,0.009030
1770940551.276208,5.298966,-0.374451,-0.125676,0.039727,0.000421,-0.002571,-0.002567
1770940551.281332,5.304089,0.712470,-0.085490,0.228601,0.001898,0.001274,0.009361
1770940551.286165,5.308922,-0.376147,0.004028,0.115448,-0.000542,-0.001757,-0.002511
1770940551.291132,5.313889,-0.424962,0.060055,0.143195,-0.000991,-0.002497,-0.003259
1770940551.296093,5.318851,-0.387178,-0.004908,0.107549,-0.000550,-0.002376,-0.002918
1770940551.301066,5.323824,-0.417372,0.023088,0.102974,-0.000737,-0.002264,-0.002744
1770940551.306038,5.328795,0.697657,-0.044782,0.231443,0.001498,0.001103,0.009055
1770940551.311024,5.333781,0.679608,-0.077871,0.255432,0.001610,0.000566,0.008986
1770940551.316008,5.338765,-0.412663,-0.071404,0.058873,0.000140,-0.002826,-0.003160
1770940551.321042,5.343799,-0.390826,0.024756,0.102521,-0.000794,-0.002068,-0.002946
1770940551.326080,5.348838,0.732694,-0.102065,0.174346,0.002214,0.001980,0.010031
1770940551.330940,5.353698,-0.379312,0.111757,0.150868,-0.001464,-0.002060,-0.003018
1770940551.335899,5.358657,0.713212,-0.021104,0.259103,0.001642,0.001719,0.009507
1770940551.340901,5.363659,-0.349652,0.036632,0.117797,-0.000703,-0.002049,-0.002597
1770940551.345865,5.368623,0.719671,-0.014398,0.258485,0.001185,0.001569,0.009342
1770940551.350893,5.373650,-0.398586,0.025446,0.116712,-0.000513,-0.002297,-0.003095
1770940551.355949,5.378707,0.705109,-0.029609,0.243508,0.001217,0.000811,0.008909
1770940551.360801,5.383558,0.738171,-0.121317,0.181000,0.002648,0.000992,0.009806
1770940551.365771,5.388528,0.686867,-0.108611,0.256944,0.001948,0.000651,0.008746
1770940551.370821,5.393578,0.740358,-0.082091,0.242229,0.001907,0.001448,0.009821
1770940551.375738,5.398496,0.719378,-0.032294,0.258733,0.001595,0.001689,0.009380
1770940551.382443,5.405201,-0.439980,-0.086043,0.059327,0.000089,-0.002952,-0.003224
1770940551.385711,5.408469,-0.417355,0.060915,0.113854,-0.000925,-0.002355,-0.003335
1770940551.390734,5.413492,0.705233,-0.076263,0.261252,0.001818,0.000858,0.009160
1770940551.395638,5.418395,0.701490,-0.100061,0.248320,0.002094,0.001096,0.009439
1770940551.400613,5.423370,0.703238,-0.081053,0.215611,0.001500,0.001123,0.009066
1770940551.405591,5.428349,0.699539,-0.171999,0.210194,0.002373,0.000317,0.009101
1770940551.410568,5.433326,-0.417100,-0.056331,0.162143,0.000002,-0.002761,-0.002839
1770940551.415543,5.438301,1.181474,0.349968,-1.395646,-0.016270,0.003338,0.006571
1770940551.420641,5.443399,-0.371137,-0.012958,0.088138,-0.000151,-0.001969,-0.002806
1770940551.426151,5.448908,-0.410782,-0.021435,0.080935,-0.000390,-0.002418,-0.003229
1770940551.430462,5.453220,0.738233,-0.030865,0.241103,0.001917,0.001804,0.009832
1770940551.435588,5.458346,-0.439113,0.018557,0.104150,-0.000631,-0.002149,-0.003321
1770940551.440462,5.463220,0.689337,-0.130120,0.237535,0.002311,0.000821,0.009589
1770940551.445405,5.468163,-0.373025,0.097958,0.158371,-0.001816,-0.002293,-0.002760
1770940551.450519,5.473277,-0.399382,0.115412,0.174747,-0.001497,-0.001827,-0.002974
1770940551.455382,5.478140,0.709029,-0.065036,0.276099,0.001647,0.000956,0.009234
1770940551.460348,5.483106,0.672818,-0.087026,0.278297,0.001460,0.000987,0.008877
1770940551.465326,5.488083,0.698951,-0.071176,0.266487,0.001895,0.001122,0.009018
1770940551.470291,5.493048,-0.429458,0.071047,0.122403,-0.001249,-0.002481,-0.003371
1770940551.475292,5.498050,-0.434958,0.006537,0.095335,-0.000681,-0.002219,-0.003521
1770940551.480309,5.503067,-0.402699,-0.066642,0.067208,-0.000006,-0.002321,-0.003018
1770940551.485325,5.508082,-0.395578,0.025755,0.125685,-0.000577,-0.001933,-0.002839
1770940551.490211,5.512968,-0.428429,0.022262,0.115468,-0.000766,-0.002468,-0.003112
1770940551.495189,5.517947,-0.394604,-0.036903,0.081220,-0.000392,-0.002359,-0.002849
1770940551.500175,5.522932,-0.367385,0.009528,0.142973,-0.000640,-0.002185,-0.002745
1770940551.505150,5.527907,0.699182,-0.043569,0.230949,0.001566,0.001501,0.009572
1770940551.510109,5.532866,-0.400578,-0.010590,0.106128,-0.000545,-0.002399,-0.002894
1770940551.515099,5.537857,0.701650,-0.207414,0.213402,0.002898,0.000701,0.009469
1770940551.520132,5.542889,0.714231,-0.065917,0.263880,0.001705,0.001315,0.009633
1770940551.525098,5.547856,0.730314,-0.045671,0.272920,0.001914,0.001613,0.009706
1770940551.530022,5.552779,0.709378,-0.202013,0.220029,0.003283,0.001110,0.009138
1770940551.535007,5.557764,-0.416766,-0.022835,0.093760,-0.000519,-0.002583,-0.003082
1770940551.539976,5.562733,-0.410421,0.046985,0.141923,-0.000807,-0.001915,-0.003049
1770940551.544967,5.567724,-0.345267,0.021517,0.138058,-0.000569,-0.002027,-0.002496
1770940551.550679,5.573436,-0.422097,-0.028661,0.080013,-0.000389,-0.002663,-0.003219
1770940551.554902,5.577659,0.689274,-0.108822,0.193601,0.002067,0.000878,0.009092
1770940551.559906,5.582664,0.715462,-0.093440,0.217244,0.001910,0.001359,0.009200
1770940551.564869,5.587626,-0.405478,0.010787,0.111180,-0.000560,-0.002441,-0.003295
1770940551.569838,5.592596,0.756615,-0.033987,0.221698,0.001625,0.001650,0.009704
1770940551.574803,5.597561,0.715464,-0.102510,0.212883,0.002082,0.001218,0.009837
1770940551.579806,5.602563,0.709679,-0.078795,0.263083,0.001883,0.001013,0.009275
1770940551.584863,5.607620,-0.413063,-0.153963,0.015946,0.000848,-0.002110,-0.003046
1770940551.589769,5.612526,0.716571,-0.128518,0.207720,0.002438,0.001120,0.009577
1770940551.594756,5.617513,0.737743,-0.017046,0.217474,0.001523,0.001643,0.009712
1770940551.599702,5.622460,-0.397456,0.058806,0.133076,-0.000876,-0.002247,-0.003195
1770940551.604684,5.627442,0.705190,0.034665,0.266172,0.000929,0.001404,0.009636
1770940551.609670,5.632428,0.707834,-0.082863,0.214573,0.001903,0.001091,0.009558
1770940551.614634,5.637391,0.693061,-0.049297,0.284187,0.001066,0.000832,0.009184
1770940551.619654,5.642411,0.719958,-0.041886,0.217897,0.001340,0.001238,0.010091
1770940551.624584,5.647341,0.703591,-0.004392,0.229714,0.001018,0.001524,0.009719
1770940551.629560,5.652318,0.657219,-0.090916,0.261148,0.001933,0.000695,0.008954
1770940551.634551,5.657308,0.693401,-0.043859,0.254200,0.001758,0.001318,0.009439
1770940551.639532,5.662290,-0.394870,0.009595,0.097236,-0.000716,-0.001999,-0.003169
1770940551.644494,5.667251,-0.380204,-0.161356,0.012547,0.000754,-0.002569,-0.002504
1770940551.649522,5.672279,-0.395147,-0.050106,0.050100,-0.000028,-0.002418,-0.002927
1770940551.654475,5.677233,0.739514,-0.087942,0.233188,0.002153,0.001249,0.009755
1770940551.659453,5.682210,-0.395665,-0.042461,0.076936,0.000027,-0.002343,-0.002956
1770940551.664460,5.687217,0.715800,-0.109493,0.220708,0.002006,0.001076,0.009261
1770940551.669384,5.692141,0.716284,-0.055460,0.247882,0.001570,0.000982,0.009394
1770940551.674371,5.697129,-0.340451,0.012827,0.135031,-0.000743,-0.002525,-0.002484
1770940551.679348,5.702105,0.711864,0.027952,0.280509,0.001191,0.001735,0.009823
1770940551.684334,5.707091,0.702314,0.008135,0.239493,0.001145,0.001748,0.009842
1770940551.689296,5.712054,0.713782,-0.022995,0.204088,0.001430,0.001581,0.009797
1770940551.694282,5.717039,0.718233,0.036512,0.263670,0.001165,0.001909,0.009970
1770940551.699243,5.722001,0.709402,0.011042,0.259857,0.001003,0.001502,0.009963
1770940551.704229,5.726986,0.731416,0.005275,0.275662,0.001423,0.001490,0.009729
1770940551.709215,5.731972,-0.350083,-0.012554,0.125804,-0.000264,-0.002137,-0.002382
1770940551.714184,5.736941,0.697244,-0.112346,0.256625,0.001906,0.001112,0.009244
1770940551.719221,5.741978,0.342293,-0.454249,-0.220492,0.001830,-0.000961,0.013210
1770940551.724512,5.747270,-0.379195,-0.055310,0.053349,-0.000151,-0.001962,-0.003098
1770940551.729129,5.751886,-0.371375,0.074691,0.125831,-0.000854,-0.001675,-0.002674
1770940551.734120,5.756878,0.721477,-0.117821,0.214757,0.002258,0.001268,0.009444
1770940551.739060,5.761818,-0.380301,0.016732,0.130379,-0.000550,-0.002118,-0.002814
1770940551.744061,5.766819,-0.418564,-0.027551,0.096343,-0.000419,-0.002646,-0.003330
1770940551.749156,5.771913,-0.385312,0.038548,0.143779,-0.000807,-0.002532,-0.003148
1770940551.754111,5.776869,-0.385081,0.001198,0.107596,-0.000476,-0.002337,-0.002951
1770940551.759172,5.781930,-0.374373,0.020722,0.126987,-0.000830,-0.001877,-0.002611
1770940551.763968,5.786726,-0.378122,0.040095,0.150533,-0.000745,-0.001919,-0.002745
1770940551.768935,5.791693,-0.367486,0.001787,0.109261,-0.000643,-0.002160,-0.002468
1770940551.773931,5.796688,0.698768,-0.016500,0.258872,0.001482,0.001498,0.009806
1770940551.778893,5.801650,-0.367584,-0.055663,0.100295,0.000125,-0.002400,-0.002633
1770940551.784051,5.806808,-0.419167,-0.134973,0.044731,0.000536,-0.002518,-0.002982
1770940551.788851,5.811609,-0.398274,-0.018518,0.128318,-0.000529,-0.002955,-0.002812
1770940551.793953,5.816710,-0.397577,-0.099751,0.068052,0.000143,-0.002485,-0.002884
1770940551.798833,5.821590,0.674858,-0.044015,0.299285,0.001481,0.000867,0.009398
1770940551.803798,5.826556,0.711010,-0.029605,0.225195,0.001490,0.001465,0.010286
1770940551.808759,5.831516,-0.425235,-0.008583,0.114470,-0.000509,-0.002913,-0.003443
1770940551.813738,5.836496,-0.389287,-0.014873,0.112600,-0.000491,-0.002383,-0.003095
1770940551.818794,5.841551,0.731217,-0.080723,0.268278,0.002019,0.001025,0.009534
1770940551.823676,5.846434,-0.396897,-0.020197,0.093147,-0.000340,-0.002021,-0.002990
1770940551.828766,5.851524,0.697059,0.000830,0.279607,0.001068,0.001217,0.009342
1770940551.833634,5.856392,-0.349498,0.005788,0.102238,-0.000700,-0.002347,-0.002634
1770940551.838620,5.861377,0.696876,-0.122584,0.227943,0.002127,0.000925,0.009332
1770940551.843601,5.866359,0.693860,-0.054906,0.240690,0.001726,0.001158,0.009309
1770940551.848678,5.871436,-0.395492,-0.018801,0.074217,-0.000333,-0.001788,-0.002936
1770940551.853601,5.876359,0.705735,-0.112799,0.231541,0.002261,0.001129,0.009467
1770940551.858589,5.881346,-0.409126,-0.009081,0.078899,-0.000599,-0.002268,-0.003071
1770940551.863530,5.886287,0.746555,0.026394,0.248621,0.001197,0.001754,0.009740
1770940551.868516,5.891274,0.728546,-0.056065,0.231275,0.001563,0.001582,0.009898
1770940551.873611,5.896368,0.701199,-0.115660,0.220728,0.002072,0.001050,0.009259
1770940551.878435,5.901193,-0.418899,0.053888,0.106268,-0.001095,-0.001822,-0.003584
1770940551.883524,5.906282,-0.390731,0.009382,0.121285,-0.000315,-0.002074,-0.002725
1770940551.888518,5.911275,0.697291,-0.096895,0.223359,0.001838,0.001040,0.009527
1770940551.893367,5.916124,0.712375,-0.036627,0.248435,0.001222,0.000968,0.009236
1770940551.898341,5.921099,0.744147,-0.095432,0.187586,0.002197,0.001371,0.009915
1770940551.903339,5.926097,0.701766,-0.037007,0.278460,0.001604,0.000947,0.009534
1770940551.908339,5.931097,-0.404460,0.020149,0.096875,-0.000830,-0.002188,-0.003330
1770940551.913341,5.936099,0.716952,-0.069292,0.240905,0.001766,0.001171,0.009701
1770940551.918254,5.941012,0.792111,-0.982392,-2.606297,-0.004312,-0.011542,-0.002638
1770940551.923285,5.946043,1.138986,0.440404,-4.029361,0.004348,0.014150,0.007685
1770940551.928218,5.950975,0.265080,-0.595922,-0.048956,0.003284,-0.008124,-0.001491
1770940551.933208,5.955965,0.714027,-0.008516,0.231661,0.001526,0.001837,0.009638
1770940551.938176,5.960934,0.718719,0.017566,0.268026,0.000677,0.001134,0.009303
1770940551.943148,5.965906,0.779075,0.060061,0.224926,0.001102,0.002001,0.010285
1770940551.948165,5.970923,0.698115,-0.081783,0.236650,0.001818,0.001148,0.009601
1770940551.953218,5.975976,0.695137,-0.040337,0.237538,0.001515,0.001334,0.009544
1770940551.958285,5.981042,-0.380936,-0.035998,0.084699,-0.000001,-0.002023,-0.002966
1770940551.963093,5.985851,-0.416183,0.030962,0.100467,-0.000772,-0.001788,-0.002956
1770940551.968024,5.990782,-0.379691,0.068496,0.133163,-0.001194,-0.002282,-0.002757
1770940551.973028,5.995785,0.739961,-0.117334,0.174080,0.002323,0.001627,0.010106
1770940551.977989,6.000747,-0.374675,0.077503,0.138530,-0.000804,-0.002162,-0.002994
1770940551.983061,6.005818,0.705957,-0.042432,0.234070,0.001422,0.001009,0.009476
1770940551.987934,6.010691,0.733379,0.129000,0.255664,-0.000121,0.002145,0.009920
1770940551.992910,6.015667,0.714914,-0.173911,0.186838,0.002876,0.001110,0.009961
1770940551.997903,6.020661,0.697531,-0.061633,0.239985,0.001676,0.001205,0.009362
1770940552.002904,6.025661,0.734971,-0.062996,0.203337,0.002298,0.001796,0.009726
1770940552.007853,6.030610,0.721667,0.072509,0.284702,0.000419,0.001739,0.009722
1770940552.012833,6.035591,-0.404090,0.031495,0.125769,-0.000626,-0.002366,-0.002806
1770940552.018777,6.041534,-0.374711,-0.044032,0.081459,0.000011,-0.002119,-0.002703
1770940552.022817,6.045575,-0.389986,0.042661,0.172801,-0.001131,-0.002195,-0.002904
1770940552.027939,6.050697,0.862413,-0.617504,-0.617280,0.008322,-0.000186,0.015092
1770940552.032740,6.055497,-0.354924,0.089174,0.128274,-0.001174,-0.001650,-0.002289
1770940552.037727,6.060484,-0.379964,-0.120029,0.073761,0.000195,-0.002919,-0.002573
1770940552.042724,6.065482,-0.349762,-0.071307,0.072923,0.000251,-0.002046,-0.002416
1770940552.047664,6.070421,-0.425780,-0.019671,0.088138,-0.000458,-0.002468,-0.003298
1770940552.052733,6.075490,0.705338,-0.054713,0.260996,0.001402,0.001001,0.008930
1770940552.057846,6.080603,-0.413872,0.026581,0.096069,-0.001111,-0.002564,-0.003274
1770940552.062618,6.085375,0.708166,-0.115334,0.197389,0.002126,0.001150,0.009327
1770940552.067561,6.090319,-0.398846,0.005908,0.104959,-0.000619,-0.002252,-0.002871
1770940552.072566,6.095324,-0.397818,-0.024500,0.102325,-0.000244,-0.002151,-0.002981
1770940552.077538,6.100296,0.712237,-0.006219,0.258111,0.001498,0.001972,0.010252
1770940552.082577,6.105335,0.735601,-0.057683,0.220864,0.001947,0.002081,0.010029
1770940552.087734,6.110492,-0.407791,0.007109,0.115445,-0.000916,-0.002288,-0.002910
1770940552.092469,6.115227,0.681754,-0.071420,0.249468,0.001405,0.000731,0.009108
1770940552.097458,6.120216,0.687790,0.019047,0.274670,0.001018,0.001090,0.009080
1770940552.102417,6.125175,0.709761,0.032635,0.265224,0.001000,0.001702,0.009888
1770940552.107406,6.130164,0.738443,-0.076738,0.244324,0.001863,0.001022,0.009611
1770940552.112418,6.135175,0.705834,-0.086383,0.271061,0.001881,0.000934,0.009330
1770940552.117409,6.140166,0.705868,-0.124532,0.223805,0.002208,0.001204,0.009241
1770940552.122346,6.145104,0.712682,-0.008945,0.228698,0.001038,0.000932,0.009529
1770940552.127345,6.150102,0.693692,-0.088309,0.230405,0.002116,0.001454,0.009337
1770940552.132298,6.155056,-0.380806,-0.015166,0.093259,-0.000518,-0.002450,-0.002503
1770940552.137274,6.160031,-0.390480,0.021504,0.098172,-0.000487,-0.001723,-0.002891
1770940552.142260,6.165017,-0.438245,-0.045629,0.072127,-0.000441,-0.002638,-0.003070
1770940552.147233,6.169991,0.699880,-0.059117,0.233008,0.001750,0.001336,0.009593
1770940552.152257,6.175014,0.714830,0.000506,0.209603,0.001075,0.001034,0.009469
1770940552.157165,6.179922,0.681503,-0.071386,0.251184,0.001741,0.001017,0.009781
1770940552.162173,6.184930,-0.358434,-0.061374,0.079285,0.000177,-0.001863,-0.002456
1770940552.167118,6.189875,0.721380,-0.031066,0.228643,0.001454,0.001671,0.009214
1770940552.172198,6.194956,0.729739,0.036581,0.222148,0.000965,0.002050,0.009818
1770940552.177084,6.199842,0.700585,-0.049708,0.207243,0.001317,0.001351,0.009790
1770940552.182502,6.205259,0.709886,-0.023709,0.278514,0.001458,0.001087,0.009149
1770940552.187036,6.209793,0.703894,-0.137627,0.222753,0.002392,0.000913,0.009756
1770940552.192048,6.214806,-0.427421,0.017889,0.107597,-0.000797,-0.002193,-0.003097
1770940552.197011,6.219769,0.665276,-0.096936,0.266675,0.001533,0.000910,0.009566
1770940552.201989,6.224746,0.682762,0.002713,0.279206,0.000721,0.001109,0.009099
1770940552.206959,6.229716,0.697339,0.059533,0.291778,0.000521,0.001181,0.009355
1770940552.211933,6.234691,-0.372107,0.054032,0.156532,-0.000803,-0.001850,-0.002176
1770940552.217023,6.239781,0.703653,-0.058986,0.230945,0.001357,0.000684,0.009520
1770940552.221897,6.244655,-0.399777,-0.015756,0.074914,-0.000390,-0.001857,-0.003060
1770940552.226864,6.249622,0.728223,-0.042253,0.224977,0.001833,0.001899,0.009926
1770940552.231920,6.254677,-0.387981,0.052518,0.131720,-0.001058,-0.002201,-0.002906
1770940552.236889,6.259647,0.731499,-0.019904,0.247966,0.001474,0.001570,0.009534
1770940552.241798,6.264555,0.707917,-0.118223,0.231521,0.002040,0.000549,0.008910
1770940552.246797,6.269554,-0.372008,0.027940,0.147063,-0.000480,-0.002030,-0.002554
1770940552.251800,6.274557,0.689348,-0.142308,0.246027,0.002570,0.000930,0.009395
1770940552.256722,6.279480,0.718217,0.020574,0.247918,0.001289,0.001545,0.009720
1770940552.261704,6.284462,0.743986,0.119409,0.274785,0.000530,0.002109,0.009549
1770940552.266732,6.289489,0.714683,0.049479,0.268349,0.000710,0.001366,0.009478
1770940552.271713,6.294471,-0.373692,-0.020998,0.101503,-0.000313,-0.002670,-0.002594
1770940552.276645,6.299402,-0.448236,-0.086731,0.050012,0.000395,-0.002504,-0.003060
1770940552.281631,6.304389,-0.371815,0.046306,0.147536,-0.000733,-0.002263,-0.002642
1770940552.286597,6.309355,-0.393644,0.081518,0.160901,-0.001301,-0.002186,-0.002780
1770940552.291609,6.314367,-0.374224,0.108990,0.172778,-0.001383,-0.001816,-0.002598
1770940552.296599,6.319356,0.727719,-0.062498,0.260188,0.001862,0.001458,0.009665
1770940552.301521,6.324278,0.737436,0.024215,0.251606,0.001442,0.002065,0.010117
1770940552.306515,6.329272,0.695981,-0.065534,0.243720,0.001627,0.001219,0.009691
1770940552.311487,6.334244,0.657958,-0.039555,0.291111,0.001096,0.000372,0.008690
1770940552.316484,6.339241,0.709950,-0.134368,0.226918,0.002530,0.001149,0.009177
1770940552.321481,6.344238,-0.356806,0.036325,0.142074,-0.000804,-0.002252,-0.002671
1770940552.326639,6.349396,-0.422442,-0.140904,0.058980,0.000905,-0.002934,-0.002869
1770940552.331489,6.354247,-0.424108,-0.143260,0.134557,0.000685,-0.003072,-0.003063
1770940552.336472,6.359230,0.340364,-0.952898,-0.230816,0.008463,-0.010134,0.000749
1770940552.341363,6.364121,-0.385757,0.026138,0.115703,-0.000752,-0.002055,-0.003218
1770940552.346338,6.369096,3.404114,1.490276,-4.326921,-0.007453,0.030492,0.019971
1770940552.351307,6.374064,1.137421,1.085465,-3.258378,-0.009216,0.004776,0.007801
1770940552.356280,6.379038,1.132967,0.446729,-3.933321,0.003782,0.013338,0.007224
1770940552.361244,6.384002,1.110176,0.596510,-3.976359,0.003458,0.013839,0.006735
1770940552.366236,6.388994,1.216028,2.145278,-3.016068,-0.019114,0.013867,0.019393
1770940552.371221,6.393979,-0.405354,-0.055979,0.076020,-0.000092,-0.002310,-0.002686
1770940552.376192,6.398949,0.702556,0.024334,0.212698,0.001199,0.001782,0.010022
1770940552.381330,6.404087,0.673991,-0.052901,0.211511,0.001694,0.001179,0.009694
1770940552.386168,6.408926,-0.410605,0.056099,0.117438,-0.001038,-0.002474,-0.003243
1770940552.391140,6.413898,0.705280,-0.057071,0.259257,0.001901,0.001124,0.008786
1770940552.396109,6.418867,0.707782,-0.101379,0.182475,0.001769,0.001147,0.009653
1770940552.401064,6.423822,-0.404323,-0.153996,0.060789,0.000545,-0.002833,-0.003039
1770940552.406057,6.428815,0.700876,-0.125056,0.204353,0.002200,0.000963,0.009398
1770940552.411033,6.433791,0.731359,-0.009349,0.233815,0.001649,0.002037,0.010090
1770940552.416075,6.438833,0.669567,-0.111173,0.246079,0.002044,0.000338,0.008962
1770940552.421000,6.443758,0.683468,-0.005128,0.242318,0.001065,0.001230,0.009446
1770940552.426054,6.448812,-0.344140,0.094333,0.159162,-0.001059,-0.001559,-0.002126
1770940552.430955,6.453712,-0.369015,0.026237,0.101400,-0.000518,-0.001891,-0.002704
1770940552.435955,6.458713,0.727125,-0.049569,0.220125,0.001757,0.001312,0.009343
1770940552.440912,6.463670,-0.411341,-0.051018,0.084251,-0.000149,-0.002092,-0.002725
1770940552.445879,6.468636,0.672895,-0.018835,0.293914,0.000782,0.000652,0.008971
1770940552.450915,6.473672,0.711175,0.022978,0.282763,0.001377,0.002164,0.010151
1770940552.455835,6.478592,0.683287,-0.152907,0.238004,0.002280,0.000416,0.009242
1770940552.460832,6.483590,-0.378633,-0.013231,0.113602,-0.000039,-0.001527,-0.002470
1770940552.465800,6.488558,-0.406208,-0.086246,0.068064,-0.000118,-0.002698,-0.002724
1770940552.470860,6.493618,0.694497,-0.015634,0.253414,0.001446,0.001414,0.009675
1770940552.475745,6.498503,-0.386236,0.077470,0.144141,-0.001126,-0.002355,-0.003134
1770940552.480842,6.503600,0.727086,-0.033018,0.258543,0.001727,0.001147,0.009324
1770940552.485829,6.508586,0.659744,-0.102859,0.252879,0.001692,0.000694,0.009049
1770940552.490953,6.513710,-0.370024,-0.007157,0.108526,-0.000408,-0.002187,-0.002667
1770940552.495662,6.518420,-0.376861,-0.079314,0.089895,-0.000008,-0.002211,-0.002701
1770940552.500851,6.523609,0.696457,-0.237341,0.212468,0.003388,0.000356,0.009459
1770940552.505610,6.528367,-0.351231,-0.028386,0.117340,-0.000297,-0.002425,-0.002416
1770940552.510648,6.533405,-0.405333,-0.021262,0.103270,-0.000242,-0.002285,-0.002870
1770940552.515609,6.538366,0.740389,-0.021004,0.252680,0.001522,0.001680,0.010310
1770940552.520662,6.543419,0.703709,-0.061161,0.239956,0.001651,0.001002,0.009116
1770940552.525568,6.548326,0.693674,-0.025990,0.251634,0.001276,0.000774,0.009319
1770940552.530514,6.553272,0.743344,-0.092210,0.221506,0.002300,0.001376,0.009989
1770940552.535496,6.558254,-0.416445,0.191539,0.218157,-0.002031,-0.002203,-0.003523
1770940552.540473,6.563230,-0.394074,-0.106427,0.052854,0.000325,-0.002031,-0.003179
1770940552.545421,6.568178,0.725150,-0.010128,0.225542,0.001512,0.001424,0.009574
1770940552.550483,6.573240,-0.400391,-0.036776,0.084059,-0.000266,-0.002397,-0.002933
1770940552.555440,6.578198,0.724696,0.024272,0.291841,0.000727,0.001570,0.009672
1770940552.560433,6.583191,-0.402742,-0.071890,0.054495,0.000076,-0.002294,-0.003535
1770940552.565352,6.588109,-0.417930,-0.036336,0.116322,-0.000002,-0.002336,-0.003005
1770940552.570321,6.593079,0.710410,0.022202,0.279565,0.000965,0.001480,0.009334
1770940552.575297,6.598055,-0.426554,0.006924,0.110054,-0.000303,-0.001966,-0.003321
1770940552.580320,6.603078,-0.397964,0.029880,0.135125,-0.000649,-0.001807,-0.002578
1770940552.585288,6.608046,-0.384981,0.037246,0.130159,-0.000793,-0.001985,-0.002322
1770940552.590471,6.613229,-0.401058,-0.052130,0.091132,-0.000031,-0.002280,-0.002623
1770940552.595204,6.617961,-0.417302,-0.087680,0.042763,0.000051,-0.002808,-0.003185
1770940552.600196,6.622953,-0.396661,-0.116423,0.041908,0.000382,-0.002584,-0.002831
1770940552.605155,6.627913,-0.363146,0.061189,0.153834,-0.000900,-0.002325,-0.002637
1770940552.610151,6.632908,-0.438918,-0.020560,0.092513,-0.000579,-0.002616,-0.003374
1770940552.615211,6.637969,-0.423382,-0.081416,0.054811,0.000131,-0.002639,-0.002560
1770940552.620134,6.642892,0.690119,-0.123897,0.251302,0.002292,0.000905,0.009440
1770940552.625074,6.647831,0.697468,-0.054874,0.267640,0.001748,0.000868,0.008828
1770940552.630051,6.652809,0.666350,-0.049988,0.262845,0.001395,0.000270,0.008754
1770940552.635026,6.657784,0.288834,-0.016546,0.347358,-0.000800,0.005041,-0.005009
1770940552.640000,6.662757,0.242856,-0.197196,0.287494,0.000483,0.004582,-0.005942
1770940552.644975,6.667732,-0.890624,-0.702249,-0.288290,0.003553,-0.009959,-0.013782
1770940552.650650,6.673407,-0.380796,0.026956,0.121084,-0.000829,-0.002273,-0.002878
1770940552.654995,6.677752,0.714231,-0.076471,0.227173,0.002046,0.001182,0.009938
1770940552.659928,6.682685,0.708944,-0.118485,0.190251,0.002479,0.001005,0.009711
1770940552.664889,6.687646,0.696847,0.007319,0.264068,0.000850,0.001644,0.010184
1770940552.669860,6.692618,-0.376348,-0.012712,0.101819,-0.000602,-0.002534,-0.002850
1770940552.674850,6.697607,-0.418308,-0.064173,0.083206,0.000180,-0.002322,-0.002905
1770940552.679814,6.702572,0.737793,-0.018969,0.272487,0.001415,0.000944,0.009128
1770940552.684859,6.707616,-0.395371,-0.098540,0.069040,0.000355,-0.001730,-0.002712
1770940552.689794,6.712551,0.701684,-0.099172,0.249583,0.002153,0.001367,0.009368
1770940552.694772,6.717530,0.697704,-0.110331,0.257138,0.002118,0.000859,0.009401
1770940552.699736,6.722494,-0.370241,0.016875,0.112821,-0.000308,-0.001812,-0.002971
1770940552.704715,6.727473,-0.385435,0.042698,0.125184,-0.000742,-0.001907,-0.002884
1770940552.709691,6.732449,-0.385299,0.013974,0.115648,-0.000845,-0.002591,-0.002730
1770940552.714710,6.737468,0.706703,-0.113043,0.234410,0.002104,0.001192,0.009625
1770940552.719645,6.742403,-0.425375,-0.072982,0.062279,0.000235,-0.001907,-0.002968
1770940552.724622,6.747380,0.727433,-0.156539,0.196681,0.002453,0.001394,0.009544
1770940552.729608,6.752366,-0.368701,0.037852,0.146403,-0.000883,-0.002236,-0.002793
1770940552.734577,6.757334,0.690481,-0.019803,0.286419,0.001335,0.000967,0.009193
1770940552.739560,6.762317,-0.372043,-0.030351,0.091388,-0.000294,-0.002468,-0.002628
1770940552.744534,6.767292,0.704651,-0.050184,0.231847,0.001674,0.001407,0.009345
1770940552.750743,6.773501,0.691935,0.009435,0.303288,0.001335,0.001472,0.009275
1770940552.754493,6.777250,0.708590,-0.101877,0.211811,0.001953,0.000727,0.008926
1770940552.759461,6.782218,0.721379,-0.077232,0.255682,0.001669,0.000911,0.009300
1770940552.764473,6.787231,0.680153,-0.182707,0.201627,0.002435,0.000694,0.009531
1770940552.769438,6.792195,0.700252,-0.051774,0.281992,0.001553,0.001198,0.009409
1770940552.774402,6.797160,0.692015,-0.017270,0.266854,0.000896,0.000553,0.009057
1770940552.779369,6.802127,-0.398146,-0.007253,0.112777,-0.000289,-0.002219,-0.003013
1770940552.784356,6.807114,-0.445482,-0.053304,0.052599,-0.000046,-0.002544,-0.003198
1770940552.789329,6.812087,0.718389,-0.083600,0.189225,0.001776,0.001415,0.009612
1770940552.794304,6.817061,-0.358743,-0.108092,0.065158,0.000609,-0.002038,-0.002511
1770940552.799292,6.822049,-0.354261,-0.072047,0.079053,-0.000201,-0.002870,-0.002629
1770940552.804270,6.827028,-0.422583,-0.130174,0.074216,0.000410,-0.003223,-0.002905
1770940552.809247,6.832004,0.680392,-0.055070,0.310261,0.001558,0.000779,0.009132
1770940552.814235,6.836993,-0.339667,-0.109062,0.057556,0.000548,-0.001805,-0.002417
1770940552.819205,6.841962,0.698470,-0.178029,0.212084,0.002889,0.000821,0.009856
1770940552.824261,6.847019,0.689770,0.007394,0.292885,0.001102,0.001294,0.009016
1770940552.829160,6.851917,0.670590,-0.022745,0.280363,0.000846,0.000412,0.008902
1770940552.834132,6.856890,-0.426349,-0.087435,0.059600,0.000096,-0.002408,-0.003148
1770940552.839113,6.861871,0.756924,-0.059505,0.194730,0.002071,0.001915,0.010019
1770940552.844085,6.866843,-0.360746,-0.009083,0.103833,-0.000261,-0.001478,-0.002582
1770940552.849206,6.871964,-0.354133,0.022087,0.119195,-0.000462,-0.001712,-0.002196
1770940552.854043,6.876800,-0.377212,0.129034,0.190343,-0.001655,-0.002333,-0.002891
1770940552.859043,6.881801,0.699526,-0.103129,0.196886,0.001992,0.000819,0.009598
1770940552.863992,6.886750,0.730098,-0.198546,0.159992,0.003049,0.001246,0.009698
1770940552.868978,6.891735,-0.353944,0.055538,0.127159,-0.000783,-0.002102,-0.002899
1770940552.873962,6.896720,0.715511,-0.069578,0.220438,0.001642,0.001159,0.009428
1770940552.878938,6.901696,-0.382175,0.065052,0.121758,-0.001163,-0.002105,-0.002899
1770940552.883974,6.906732,-0.357513,-0.009130,0.089046,-0.000418,-0.001944,-0.002549
1770940552.888898,6.911656,-0.418179,-0.004320,0.086505,-0.000471,-0.002086,-0.002949
1770940552.893853,6.916610,0.700295,0.086995,0.314416,0.000397,0.001217,0.008944
1770940552.898965,6.921722,0.730164,0.033840,0.251344,0.001045,0.001481,0.009393
1770940552.903872,6.926629,0.685760,0.002616,0.301066,0.001144,0.001092,0.009596
1770940552.908825,6.931582,-0.387835,-0.018228,0.113461,-0.000028,-0.001963,-0.002547
1770940552.913921,6.936678,0.694979,-0.082800,0.228750,0.001464,0.001007,0.009449
1770940552.918839,6.941597,-0.395049,-0.047161,0.069521,-0.000282,-0.002370,-0.002934
1770940552.923732,6.946490,0.706433,0.061514,0.267701,0.000901,0.001239,0.008851
1770940552.928736,6.951494,0.735155,0.075456,0.271455,0.000470,0.001974,0.009989
1770940552.933693,6.956450,0.695981,-0.059900,0.246720,0.001676,0.001253,0.009326
1770940552.938704,6.961461,-0.412247,0.117833,0.175321,-0.001450,-0.001814,-0.002931
1770940552.943652,6.966409,-0.411283,-0.033744,0.193461,0.000079,-0.002519,-0.002722
1770940552.948690,6.971447,-0.084890,2.419772,-0.923191,-0.020213,0.008024,0.008534
1770940552.953609,6.976367,0.709853,-0.010774,0.246389,0.001289,0.001532,0.009322
1770940552.958566,6.981323,0.715473,0.011688,0.293061,0.001266,0.001120,0.009351
1770940552.963758,6.986516,-0.444017,-0.048300,0.074235,-0.000061,-0.002580,-0.003283
1770940552.968523,6.991281,0.712691,-0.026627,0.262467,0.001397,0.001246,0.009336
1770940552.973526,6.996284,0.701232,0.026003,0.269584,0.000806,0.001164,0.009134
1770940552.978494,7.001252,-0.360729,-0.008352,0.109481,-0.000723,-0.002398,-0.002842
1770940552.983530,7.006287,0.733865,-0.101012,0.205630,0.001946,0.001134,0.009667
1770940552.988510,7.011268,0.705866,0.006687,0.256041,0.001007,0.001492,0.009465
1770940552.993419,7.016176,0.669971,-0.131136,0.236006,0.002189,0.000570,0.009484
1770940552.998399,7.021156,-0.400960,0.047248,0.136734,-0.001011,-0.002053,-0.002814
1770940553.003474,7.026231,0.696141,-0.130754,0.234175,0.002164,0.001013,0.009403
1770940553.008351,7.031109,0.744704,-0.094306,0.225659,0.002154,0.001364,0.010122
1770940553.013347,7.036105,0.701042,-0.035926,0.291042,0.001638,0.001726,0.009698
1770940553.018292,7.041050,0.711726,-0.106246,0.263855,0.002340,0.001125,0.009480
1770940553.023292,7.046050,0.693668,-0.034791,0.282876,0.001128,0.001023,0.009410
1770940553.028276,7.051034,0.694648,-0.065805,0.249945,0.001557,0.001239,0.009477
1770940553.033234,7.055991,0.685026,-0.056490,0.286587,0.001780,0.000927,0.009017
1770940553.038212,7.060970,0.695692,0.049907,0.309213,0.000865,0.001442,0.008841
1770940553.043187,7.065944,0.684506,-0.076686,0.285373,0.001682,0.001346,0.009581
1770940553.048165,7.070922,0.693495,-0.015045,0.304580,0.001236,0.000946,0.009337
1770940553.053144,7.075901,-0.423842,-0.042327,0.098479,-0.000362,-0.002525,-0.002942
1770940553.058114,7.080871,-0.406167,-0.095819,0.046176,0.000065,-0.002580,-0.002951
1770940553.063107,7.085865,0.735031,-0.093399,0.186034,0.002001,0.001494,0.010108
1770940553.068074,7.090832,0.719810,-0.025852,0.284614,0.001556,0.001754,0.009583
1770940553.073062,7.095819,0.693796,-0.053657,0.274486,0.001537,0.001313,0.009511
1770940553.078037,7.100795,-0.345570,0.019710,0.153601,-0.000738,-0.002144,-0.002355
1770940553.083008,7.105766,0.746163,0.067240,0.265862,0.001129,0.001915,0.010057
1770940553.088026,7.110783,-0.370991,0.015093,0.123891,-0.000682,-0.002322,-0.002381
1770940553.092989,7.115746,-0.375593,0.060574,0.148141,-0.000979,-0.002088,-0.002851
1770940553.097957,7.120714,0.739193,0.002385,0.254015,0.001255,0.001638,0.009687
1770940553.102910,7.125668,0.728490,-0.040652,0.242174,0.002028,0.001782,0.009710
1770940553.107906,7.130664,0.741250,0.106934,0.300274,0.000453,0.002034,0.009574
1770940553.112939,7.135697,-0.425683,0.003473,0.119271,-0.000315,-0.002321,-0.003314
1770940553.117895,7.140653,-0.354441,-0.014275,0.129795,-0.000263,-0.002065,-0.002353
1770940553.122829,7.145587,-0.396330,-0.100812,0.041961,0.000321,-0.002579,-0.002768
1770940553.127811,7.150569,-0.364415,-0.070860,0.081442,-0.000000,-0.002238,-0.002487
1770940553.132794,7.155551,0.691248,-0.080149,0.263289,0.001741,0.000799,0.009084
1770940553.137760,7.160517,-0.428302,-0.050024,0.096210,0.000217,-0.002602,-0.003058
1770940553.142747,7.165504,-0.386310,-0.085628,0.052267,0.000286,-0.002233,-0.002691
1770940553.147718,7.170476,-0.429184,0.035148,0.107247,-0.001300,-0.002461,-0.003137
1770940553.152731,7.175489,-0.342116,0.046250,0.141492,-0.000781,-0.002058,-0.002464
1770940553.157668,7.180426,-0.409422,0.091487,0.141486,-0.001318,-0.002457,-0.003065
1770940553.162733,7.185491,-0.392419,0.047798,0.134376,-0.000900,-0.002280,-0.002886
1770940553.167618,7.190376,0.669627,-0.064678,0.280500,0.001817,0.000642,0.009134
1770940553.172625,7.195382,0.690766,-0.056036,0.277772,0.001386,0.001037,0.009105
1770940553.177591,7.200349,-0.413012,0.061767,0.141635,-0.000932,-0.002108,-0.002912
1770940553.182564,7.205322,-0.397804,-0.023042,0.119934,-0.000410,-0.002458,-0.002846
1770940553.187552,7.210310,-0.425503,0.014145,0.108489,-0.000495,-0.002162,-0.003329
1770940553.192595,7.215353,0.680057,-0.070951,0.243332,0.001597,0.000918,0.009324
1770940553.197487,7.220245,0.718967,-0.068052,0.207394,0.001755,0.000959,0.009402
1770940553.202500,7.225258,0.739277,-0.035146,0.232363,0.001707,0.001528,0.009489
1770940553.207479,7.230237,-0.431326,-0.024012,0.077112,-0.000295,-0.002003,-0.002911
1770940553.212452,7.235209,-0.424560,0.011690,0.146013,-0.000568,-0.002508,-0.002937
1770940553.217401,7.240158,-0.413482,0.071629,0.136667,-0.001214,-0.002338,-0.003008
1770940553.222381,7.245139,0.740636,0.044557,0.284607,0.001126,0.002004,0.009667
1770940553.227353,7.250111,-0.417694,-0.011851,0.102046,-0.000407,-0.002302,-0.003008
1770940553.232355,7.255113,-0.391543,-0.063719,0.091120,-0.000211,-0.002844,-0.003166
1770940553.237350,7.260107,-0.448562,-0.081101,0.063348,-0.000054,-0.002982,-0.003435
1770940553.242388,7.265145,0.707886,-0.027852,0.268015,0.001518,0.001384,0.009765
1770940553.247268,7.270026,0.727580,-0.109801,0.215019,0.001893,0.000713,0.009347
1770940553.252227,7.274984,-0.438099,-0.200349,0.136530,0.001114,-0.003084,-0.002801
1770940553.257221,7.279978,-0.172988,0.249937,-0.491749,-0.013640,-0.003438,-0.005414
1770940553.262317,7.285074,-0.379519,-0.015795,0.107416,-0.000368,-0.002460,-0.002973
1770940553.267228,7.289986,0.715813,-0.125943,0.206720,0.002504,0.001355,0.010259
1770940553.272157,7.294915,-0.370639,0.027095,0.125980,-0.000679,-0.002043,-0.002656
1770940553.277151,7.299908,0.690487,-0.069010,0.260066,0.001343,0.000904,0.009599
1770940553.282117,7.304874,-0.418668,-0.091210,0.063301,0.000084,-0.002443,-0.002875
1770940553.287101,7.309858,-0.441931,-0.058299,0.071252,0.000071,-0.002434,-0.003342
1770940553.292068,7.314825,-0.382142,-0.013123,0.105823,-0.000563,-0.002366,-0.002759
1770940553.297124,7.319881,0.711873,0.065122,0.296131,0.000783,0.001556,0.009455
1770940553.302065,7.324823,0.694534,-0.004871,0.257523,0.001560,0.001452,0.009611
1770940553.307547,7.330305,0.670269,-0.036736,0.276306,0.001473,0.000937,0.009124
1770940553.312050,7.334807,-0.402667,-0.035589,0.084878,-0.000313,-0.002321,-0.002905
1770940553.316957,7.339715,-0.380978,-0.048150,0.091518,0.000017,-0.001902,-0.002880
1770940553.321932,7.344690,-0.382173,0.022834,0.106563,-0.000821,-0.002374,-0.002716
1770940553.326907,7.349665,-0.430230,-0.095027,0.045470,0.000227,-0.002440,-0.003194
1770940553.331991,7.354748,-0.355936,0.081052,0.147475,-0.001414,-0.001901,-0.002414
1770940553.336854,7.359612,0.722843,0.028496,0.253131,0.001028,0.001495,0.009818
1770940553.341831,7.364589,-0.381849,-0.035918,0.083567,-0.000203,-0.002497,-0.003004
1770940553.346832,7.369590,0.678092,-0.088193,0.240637,0.001772,0.000822,0.009035
1770940553.351777,7.374534,-0.393850,-0.115837,0.063527,0.000560,-0.002582,-0.002316
1770940553.356785,7.379542,-0.399975,-0.091058,0.085514,0.000312,-0.001762,-0.002480
1770940553.361829,7.384586,0.767315,0.096430,0.275155,0.000627,0.002244,0.010092
1770940553.367212,7.389970,0.733436,-0.083518,0.213736,0.001498,0.000991,0.009653
1770940553.371704,7.394462,-0.399392,-0.038087,0.076226,-0.000344,-0.002459,-0.003030
1770940553.376697,7.399454,-0.384626,-0.037180,0.111883,-0.000050,-0.001872,-0.002567
1770940553.381653,7.404410,-0.386958,-0.051230,0.070432,0.000194,-0.001398,-0.002694
1770940553.386653,7.409411,-0.380408,0.046840,0.125340,-0.000805,-0.001990,-0.002698
1770940553.391624,7.414382,0.731659,-0.133543,0.244724,0.002632,0.001298,0.009674
1770940553.396943,7.419700,-0.426896,-0.023202,0.103046,-0.000517,-0.001916,-0.002617
1770940553.401609,7.424367,0.722484,0.034410,0.278983,0.001040,0.001674,0.009358
1770940553.406918,7.429676,0.719952,0.023035,0.228663,0.000817,0.001669,0.009841
1770940553.411592,7.434350,-0.394964,0.059221,0.132303,-0.000811,-0.001723,-0.002439
1770940553.416517,7.439274,0.686960,-0.126002,0.275740,0.002406,0.000877,0.009716
1770940553.421487,7.444245,0.742200,0.007251,0.279535,0.001133,0.001589,0.009440
1770940553.426459,7.449216,0.695313,-0.073407,0.235212,0.002015,0.001126,0.009553
1770940553.431515,7.454273,0.706516,-0.057428,0.252396,0.001591,0.001394,0.009271
1770940553.436445,7.459202,0.759966,0.054619,0.218387,0.000985,0.001909,0.010021
1770940553.441429,7.464186,-0.416977,0.058388,0.108546,-0.001423,-0.001834,-0.002964
1770940553.446364,7.469122,0.700126,-0.031146,0.259622,0.001386,0.001135,0.009338
1770940553.451342,7.474100,-0.405323,-0.027425,0.085261,-0.000123,-0.002425,-0.002898
1770940553.456511,7.479269,-0.401631,0.067264,0.117948,-0.001177,-0.001844,-0.003240
1770940553.461694,7.484452,-0.409224,0.001338,0.089136,-0.000669,-0.002310,-0.002756
1770940553.466324,7.489081,0.680713,0.083936,0.306111,0.000162,0.001129,0.009291
1770940553.471329,7.494087,0.742826,-0.001777,0.225563,0.001242,0.001510,0.010007
1770940553.476248,7.499005,0.733716,-0.013113,0.228305,0.001665,0.001829,0.009774
1770940553.481212,7.503969,-0.427312,-0.108938,0.051636,0.000039,-0.002805,-0.002933
1770940553.486163,7.508921,-0.373252,-0.030003,0.082414,-0.000270,-0.002646,-0.002798
1770940553.491168,7.513925,-0.401571,-0.050007,0.082447,0.000090,-0.002328,-0.002832
1770940553.496143,7.518901,-0.369112,-0.055347,0.083070,0.000105,-0.002124,-0.002599
1770940553.501112,7.523869,-0.382235,0.037929,0.148205,-0.000896,-0.002762,-0.003024
1770940553.506094,7.528851,0.723621,0.067084,0.261217,0.000889,0.001684,0.009748
1770940553.511073,7.533831,-0.401752,-0.018176,0.082010,-0.000039,-0.001784,-0.002722
1770940553.516049,7.538806,-0.385631,0.031260,0.099151,-0.000812,-0.002112,-0.002858
1770940553.521069,7.543827,-0.396964,0.056542,0.115523,-0.000711,-0.001905,-0.003222
1770940553.526004,7.548762,0.704164,0.111005,0.268244,0.000262,0.001881,0.009804
1770940553.530999,7.553757,0.757497,0.068579,0.222639,0.000938,0.002081,0.009882
1770940553.536032,7.558789,-0.411621,0.009216,0.103172,-0.000701,-0.002458,-0.003286
1770940553.540937,7.563694,-0.375702,-0.008442,0.088871,-0.000211,-0.002108,-0.002822
1770940553.545968,7.568725,0.722495,0.039847,0.245514,0.001352,0.001897,0.010239
1770940553.550901,7.573659,-0.403245,-0.085400,0.066537,0.000328,-0.002280,-0.002717
1770940553.555999,7.578756,-0.383725,-0.190819,-0.007499,0.000915,-0.002807,-0.002849
1770940553.560879,7.583637,0.263738,-0.188289,0.317170,0.000468,0.004816,-0.005149
1770940553.565902,7.588660,0.920808,-0.124088,-0.674975,-0.001658,0.001731,0.005669
1770940553.571113,7.593871,0.715820,-0.066341,0.253830,0.001812,0.001228,0.009450
1770940553.575802,7.598559,-0.390830,-0.095998,0.039423,0.000197,-0.002318,-0.002650
1770940553.580761,7.603518,0.672249,-0.158422,0.239599,0.002528,0.000413,0.009205
1770940553.585716,7.608473,-0.399109,-0.055569,0.104965,-0.000130,-0.002583,-0.002806
1770940553.590719,7.613476,0.707496,-0.002748,0.267459,0.001307,0.001970,0.009742
1770940553.595717,7.618474,0.704254,0.024060,0.222906,0.000991,0.001305,0.009703
1770940553.600678,7.623435,0.713514,-0.103271,0.160918,0.002317,0.001078,0.009966
1770940553.605638,7.628395,0.698993,-0.100468,0.209582,0.002223,0.001021,0.009542
1770940553.610672,7.633429,-0.352531,-0.035655,0.100045,-0.000167,-0.001981,-0.002519
1770940553.615596,7.638353,0.730079,-0.140710,0.181139,0.002467,0.001041,0.009545
1770940553.620637,7.643395,-0.372215,-0.047854,0.061881,0.000217,-0.002075,-0.002581
1770940553.625556,7.648314,0.700184,-0.126264,0.228805,0.001819,0.000599,0.008888
1770940553.630598,7.653356,0.719541,0.004582,0.266892,0.001193,0.001919,0.010133
1770940553.636067,7.658825,0.699139,-0.081836,0.263542,0.001828,0.001213,0.009456
1770940553.640534,7.663291,-0.385084,-0.016140,0.110951,-0.000385,-0.002334,-0.002647
1770940553.645468,7.668226,0.739650,-0.082340,0.243451,0.002064,0.001142,0.009638
1770940553.650448,7.673205,-0.363058,0.011215,0.116978,-0.000479,-0.002112,-0.002661
1770940553.655421,7.678179,-0.377102,-0.094397,0.074000,-0.000026,-0.002267,-0.002362
1770940553.660449,7.683206,-0.389537,-0.001033,0.110156,-0.000343,-0.002294,-0.002879
1770940553.665469,7.688226,0.701564,-0.058258,0.253905,0.001615,0.001385,0.009122
1770940553.670495,7.693253,-0.391386,-0.016881,0.085657,-0.000575,-0.002293,-0.002719
1770940553.675356,7.698114,-0.382238,0.060116,0.135155,-0.001012,-0.002384,-0.003052
1770940553.680315,7.703072,-0.398415,0.117138,0.163509,-0.001540,-0.001928,-0.003073
1770940553.685259,7.708017,0.720033,-0.065890,0.257903,0.001830,0.001393,0.009733
1770940553.690258,7.713016,-0.362992,0.027782,0.136220,-0.000413,-0.002026,-0.002603
1770940553.695269,7.718027,0.730735,0.123759,0.282867,0.000349,0.002230,0.009944
1770940553.700278,7.723035,0.731169,-0.056011,0.213047,0.001441,0.001389,0.010011
1770940553.705186,7.727944,0.722112,-0.085479,0.201624,0.001946,0.001316,0.009362
1770940553.710185,7.732943,0.695576,-0.074061,0.249150,0.001870,0.001106,0.009812
1770940553.715158,7.737916,0.698463,-0.008840,0.253642,0.001187,0.001422,0.009631
1770940553.720167,7.742925,0.703964,-0.130863,0.251515,0.002197,0.001065,0.009757
1770940553.725106,7.747863,0.693164,-0.047610,0.241735,0.001651,0.001171,0.009748
1770940553.730169,7.752927,-0.406775,0.088395,0.148674,-0.001183,-0.002174,-0.002922
1770940553.735126,7.757883,-0.363030,-0.056838,0.072834,-0.000140,-0.002457,-0.002487
1770940553.740162,7.762920,0.708431,0.054991,0.263597,0.000526,0.001161,0.009308
1770940553.745034,7.767792,0.714439,-0.125050,0.185558,0.002346,0.001118,0.009759
1770940553.750002,7.772760,-0.369613,-0.011434,0.093120,-0.000294,-0.002326,-0.002726
1770940553.755003,7.777761,-0.381366,-0.087762,0.065578,0.000440,-0.001982,-0.002910
1770940553.759961,7.782718,0.685877,-0.065306,0.223933,0.001917,0.000890,0.009317
1770940553.764982,7.787739,0.720116,-0.081061,0.207972,0.001804,0.000949,0.009299
1770940553.769977,7.792735,0.713023,-0.148027,0.195646,0.002460,0.001178,0.009394
1770940553.774880,7.797637,0.711342,-0.132286,0.154937,0.002389,0.000814,0.009509
1770940553.779872,7.802630,0.714024,-0.092702,0.225411,0.002108,0.001343,0.009925
1770940553.784841,7.807599,0.720060,0.008532,0.237963,0.001537,0.001672,0.009651
1770940553.789819,7.812577,-0.423807,0.010442,0.097530,-0.000472,-0.002173,-0.003415
1770940553.794830,7.817588,0.722470,-0.065526,0.220926,0.001577,0.001230,0.009697
1770940553.799935,7.822692,0.698753,-0.091134,0.234045,0.001700,0.000692,0.009226
1770940553.804741,7.827498,0.709587,-0.001045,0.250944,0.001131,0.001532,0.009447
1770940553.809761,7.832518,-0.378148,0.020521,0.119431,-0.000825,-0.002356,-0.002757
1770940553.814707,7.837465,-0.427838,-0.061798,0.073033,-0.000065,-0.002662,-0.002983
1770940553.819663,7.842421,0.683520,-0.038186,0.287666,0.001289,0.000981,0.009279
1770940553.824664,7.847422,-0.376731,-0.033673,0.080230,-0.000350,-0.002227,-0.002656
1770940553.830482,7.853240,-0.367412,-0.091715,0.063897,0.000347,-0.002524,-0.002606
1770940553.834870,7.857627,-0.411108,-0.111117,0.051138,0.000251,-0.002145,-0.002688
1770940553.839659,7.862417,-0.388733,-0.002698,0.101587,-0.000741,-0.002610,-0.003112
1770940553.844636,7.867393,0.686563,-0.120714,0.224215,0.002310,0.000803,0.009497
1770940553.849559,7.872317,0.760744,0.068075,0.211188,0.001091,0.002202,0.009844
1770940553.854533,7.877291,-0.407683,0.002936,0.100726,-0.000445,-0.002433,-0.003092
1770940553.859507,7.882264,0.748520,-0.027059,0.257049,0.001492,0.001680,0.009829
1770940553.864644,7.887402,0.701342,-0.157092,0.241812,0.002355,0.000844,0.009141
1770940553.869457,7.892215,0.380664,-0.470244,-0.214820,0.002310,-0.001238,0.013796
1770940553.874549,7.897307,-0.305714,-0.000588,0.013846,-0.001354,-0.001328,-0.003218
1770940553.879476,7.902234,-0.356289,0.042915,0.103568,-0.000696,-0.001902,-0.002704
1770940553.884424,7.907182,-0.363750,-0.098507,0.061443,0.000182,-0.002801,-0.002485
1770940553.889478,7.912236,0.727814,-0.032074,0.232347,0.001392,0.001704,0.010019
1770940553.894786,7.917544,0.736230,0.050971,0.258842,0.000685,0.001416,0.009179
1770940553.899337,7.922095,0.723601,-0.033082,0.236976,0.001668,0.001261,0.009883
1770940553.904559,7.927317,0.675608,0.015665,0.272704,0.000727,0.001224,0.009327
1770940553.909294,7.932052,0.688377,-0.046043,0.233811,0.001662,0.001006,0.009180
1770940553.914268,7.937026,0.735161,-0.142788,0.239480,0.002763,0.001504,0.010199
1770940553.919235,7.941992,-0.433547,-0.032774,0.091817,-0.000014,-0.002528,-0.003059
1770940553.924234,7.946992,0.697431,-0.026069,0.233079,0.001554,0.001248,0.009305
1770940553.929229,7.951987,0.741712,0.000505,0.239737,0.001483,0.001574,0.009444
1770940553.934159,7.956916,0.712900,1.184319,-2.311196,-0.006111,0.002564,0.015429
1770940553.939165,7.961922,1.111461,0.554449,-4.117564,0.003837,0.013608,0.006576
1770940553.944136,7.966893,1.157544,0.667386,-4.166841,0.004267,0.013632,0.007857
1770940553.949090,7.971847,1.120090,0.573515,-4.039170,0.003900,0.013606,0.007048
1770940553.954082,7.976840,1.120193,0.759550,-4.102968,0.003667,0.013859,0.007784
1770940553.959061,7.981818,1.146764,0.486215,-4.200994,0.004582,0.014228,0.008188
1770940553.964064,7.986822,1.149321,0.755163,-4.079409,0.003067,0.013342,0.007445
1770940553.969020,7.991777,1.081963,0.406105,-4.207860,0.004465,0.013929,0.006108
1770940553.973990,7.996747,1.278468,-1.150236,-3.689189,0.002061,0.004714,0.009430
1770940553.978968,8.001725,-0.355846,-0.024811,0.087935,-0.000140,-0.001919,-0.002336
1770940553.983943,8.006700,-0.389043,-0.092587,0.051763,0.000232,-0.002120,-0.002748
1770940553.988918,8.011676,0.758731,0.061941,0.275464,0.000839,0.002052,0.010138
1770940553.994016,8.016773,0.710019,-0.067407,0.234153,0.001480,0.000764,0.009187
1770940553.998962,8.021719,0.704103,0.039041,0.299314,0.001093,0.001759,0.009501
1770940554.003906,8.026663,-0.379916,0.036640,0.091814,-0.000937,-0.002095,-0.002654
1770940554.008880,8.031638,-0.377776,0.016026,0.117073,-0.000596,-0.002203,-0.002834
1770940554.013813,8.036570,-0.405331,-0.023200,0.103433,-0.000156,-0.001838,-0.002679
1770940554.018834,8.041591,-0.338645,0.025793,0.138265,-0.000801,-0.001788,-0.002545
1770940554.023868,8.046625,0.739717,-0.022092,0.276425,0.001502,0.001861,0.010147
1770940554.028957,8.051715,0.665473,-0.133250,0.243266,0.002419,0.000695,0.009374
1770940554.033911,8.056669,0.718406,-0.028103,0.233668,0.001289,0.001275,0.009261
1770940554.039117,8.061875,0.687976,-0.027704,0.225469,0.001411,0.001344,0.009646
1770940554.043814,8.066572,0.716223,-0.042671,0.221268,0.001700,0.001252,0.009207
1770940554.048657,8.071414,-0.398228,-0.072504,0.043901,0.000110,-0.002365,-0.003115
1770940554.053604,8.076361,0.715761,-0.002710,0.255446,0.001698,0.001852,0.009739
1770940554.058628,8.081385,-0.401548,0.042034,0.133069,-0.000718,-0.002090,-0.002887
1770940554.063673,8.086430,-0.425856,-0.046900,0.121122,0.000101,-0.002229,-0.002839
1770940554.068660,8.091418,0.727571,-0.086918,0.192734,0.001887,0.001064,0.009788
1770940554.073560,8.096317,-0.398844,-0.007263,0.081973,-0.000466,-0.002162,-0.003222
1770940554.078532,8.101289,0.705868,-0.158135,0.246808,0.002552,0.000851,0.009100
1770940554.083506,8.106263,0.711401,-0.080374,0.245683,0.001806,0.001118,0.009694
1770940554.088514,8.111272,0.702083,-0.069586,0.271632,0.001657,0.000650,0.009435
1770940554.094775,8.117532,0.709499,-0.072668,0.245694,0.001840,0.001222,0.009445
1770940554.098471,8.121228,0.716315,-0.061191,0.229810,0.001773,0.001133,0.009457
1770940554.103398,8.126156,-0.422999,-0.058053,0.074257,-0.000026,-0.002393,-0.002832
1770940554.108420,8.131178,-0.342969,-0.022075,0.084123,-0.000260,-0.001997,-0.002428
1770940554.113364,8.136122,0.679502,-0.145882,0.206630,0.002309,0.000690,0.009419
1770940554.118341,8.141099,0.722486,-0.154113,0.198822,0.002786,0.001359,0.009932
1770940554.123441,8.146199,0.732686,-0.030520,0.270372,0.001863,0.001536,0.009740
1770940554.128284,8.151042,-0.367196,-0.079542,0.076210,0.000172,-0.001898,-0.002453
1770940554.133333,8.156090,0.713234,-0.032712,0.225442,0.001059,0.001727,0.009939
1770940554.138238,8.160996,0.727025,0.037192,0.228995,0.000859,0.001430,0.009286
1770940554.143212,8.165969,0.695948,0.045008,0.246100,0.000941,0.001477,0.009401
1770940554.148196,8.170954,-0.407405,0.006232,0.108719,-0.000710,-0.002235,-0.003063
1770940554.153150,8.175907,0.729359,-0.039657,0.283248,0.001449,0.001262,0.009855
1770940554.158157,8.180915,0.698506,-0.005120,0.269477,0.000889,0.001005,0.009300
1770940554.163150,8.185907,0.739172,-0.009441,0.195098,0.001347,0.001749,0.009957
1770940554.168102,8.190859,0.733511,-0.063983,0.214641,0.001856,0.001346,0.009794
1770940554.173073,8.195831,-0.367667,-0.110370,0.124030,0.000446,-0.002071,-0.002598
1770940554.178063,8.200821,0.877196,-0.655681,-0.499608,0.008881,-0.000352,0.014361
1770940554.183043,8.205800,-0.384352,-0.069125,0.074500,-0.000172,-0.002550,-0.002566
1770940554.188047,8.210805,0.709419,-0.151622,0.234427,0.002417,0.000957,0.009663
1770940554.194349,8.217107,-0.382456,-0.043337,0.091048,0.000081,-0.002274,-0.002567
1770940554.197978,8.220735,0.707293,-0.084326,0.219135,0.001864,0.001134,0.009511
1770940554.203038,8.225796,0.715034,-0.024186,0.246582,0.001789,0.001797,0.009719
1770940554.207939,8.230696,0.676981,-0.073738,0.263400,0.001998,0.000945,0.009560
1770940554.212906,8.235663,0.733099,-0.137358,0.183741,0.002403,0.000902,0.009790
1770940554.217887,8.240644,-0.426076,0.030789,0.117060,-0.000864,-0.002493,-0.003363
1770940554.222857,8.245615,0.698630,-0.060243,0.264622,0.001626,0.000977,0.009011
1770940554.227836,8.250593,-0.397613,-0.015620,0.101759,-0.000666,-0.001907,-0.002570
1770940554.232937,8.255694,-0.419337,0.012582,0.119125,-0.001055,-0.002789,-0.003236
1770940554.237925,8.260682,-0.418885,0.002433,0.135324,-0.000659,-0.002375,-0.002736
1770940554.242794,8.265552,0.672093,-0.126302,0.256535,0.002121,0.000053,0.008707
1770940554.247749,8.270506,-0.374305,-0.135971,0.054500,0.000601,-0.002505,-0.002402
1770940554.252702,8.275459,0.710550,-0.042675,0.267414,0.001938,0.001379,0.009457
1770940554.257704,8.280462,0.702690,-0.155106,0.200521,0.002363,0.000841,0.009603
1770940554.262695,8.285453,0.692807,-0.079849,0.272090,0.001769,0.000876,0.009343
1770940554.267657,8.290414,-0.389110,0.126888,0.167755,-0.001871,-0.002372,-0.003344
1770940554.272850,8.295608,0.726951,-0.151502,0.203855,0.002603,0.001141,0.009878
1770940554.277616,8.300373,-0.449009,0.036474,0.107572,-0.000930,-0.002544,-0.003269
1770940554.282657,8.305414,0.706183,-0.043297,0.242246,0.001952,0.001610,0.009752
1770940554.287704,8.310461,0.690935,0.023719,0.237600,0.001132,0.001511,0.009920
1770940554.292529,8.315287,0.735095,0.041152,0.279068,0.001133,0.001774,0.009695
1770940554.297559,8.320316,0.717957,-0.072381,0.240418,0.001842,0.000999,0.009383
1770940554.302765,8.325523,-0.411488,0.047201,0.132611,-0.000998,-0.002262,-0.003218
1770940554.307485,8.330243,-0.365133,0.052225,0.130179,-0.000719,-0.001839,-0.002583
1770940554.312459,8.335217,0.709743,-0.108750,0.232828,0.002434,0.001342,0.009386
1770940554.317431,8.340189,-0.370064,0.069509,0.151269,-0.001201,-0.001622,-0.002658
1770940554.322399,8.345157,0.688606,-0.032174,0.258191,0.000917,0.000786,0.009025
1770940554.327382,8.350139,0.702630,-0.000587,0.258075,0.001168,0.001226,0.009357
1770940554.332468,8.355225,0.683534,-0.076484,0.210234,0.002058,0.001224,0.009799
1770940554.337332,8.360090,0.687927,-0.166217,0.216443,0.002749,0.000649,0.009106
1770940554.342326,8.365084,0.673980,-0.017539,0.248532,0.000663,0.000716,0.009013
1770940554.347303,8.370060,0.742366,0.048680,0.231972,0.001316,0.001969,0.010037
1770940554.352292,8.375049,0.721887,-0.018961,0.239753,0.001248,0.001337,0.009587
1770940554.357241,8.379998,-0.393612,0.060404,0.131159,-0.000699,-0.001768,-0.002919
1770940554.362395,8.385152,0.699360,-0.052773,0.230989,0.001638,0.001229,0.009178
1770940554.367336,8.390094,-0.400356,-0.093152,0.050786,0.000484,-0.001992,-0.002854
1770940554.372403,8.395161,0.722523,-0.003458,0.238540,0.001101,0.001272,0.009393
1770940554.377156,8.399913,-0.390002,0.073720,0.148043,-0.001224,-0.001808,-0.002920
1770940554.382123,8.404881,0.715738,-0.116580,0.206738,0.002240,0.001137,0.009073
1770940554.387090,8.409848,0.727342,0.036395,0.280839,0.000849,0.001566,0.009573
1770940554.392112,8.414870,0.710786,-0.019719,0.217979,0.001627,0.001582,0.009695
1770940554.397138,8.419895,0.729153,-0.016976,0.225999,0.001308,0.001438,0.009678
1770940554.402883,8.425640,0.712029,0.015787,0.259498,0.000921,0.001522,0.009449
1770940554.407114,8.429872,0.768811,0.084655,0.238361,0.000862,0.001843,0.009805
1770940554.412003,8.434761,-0.341638,0.062380,0.148196,-0.000876,-0.001984,-0.002917
1770940554.416978,8.439736,-0.390268,-0.073040,0.064582,-0.000097,-0.002523,-0.002732
1770940554.422013,8.444771,0.663862,-0.161600,0.214369,0.002472,0.000771,0.009258
1770940554.426924,8.449682,-0.364573,0.018267,0.099275,-0.000806,-0.002365,-0.002769
1770940554.431929,8.454687,0.686929,-0.110321,0.198728,0.002134,0.001299,0.009434
1770940554.436914,8.459671,0.689309,0.062448,0.258817,0.000479,0.001424,0.008849
1770940554.441833,8.464591,0.714876,-0.133606,0.212526,0.002621,0.000997,0.009018
1770940554.446841,8.469599,0.724562,-0.107003,0.203807,0.001715,0.000986,0.009332
1770940554.451816,8.474574,-0.384065,-0.006026,0.103341,-0.000245,-0.001959,-0.002736
1770940554.456784,8.479541,0.692919,-0.140527,0.186809,0.002266,0.000818,0.009356
1770940554.461872,8.484630,-0.416818,-0.079447,0.051141,0.000047,-0.002578,-0.003230
1770940554.467706,8.490464,-0.410985,0.044030,0.094848,-0.000982,-0.002077,-0.003327
1770940554.471772,8.494529,0.755264,0.060304,0.212727,0.000665,0.002063,0.009869
1770940554.476691,8.499448,0.698752,0.070372,0.300927,0.000760,0.001247,0.010035
1770940554.481683,8.504441,-0.421810,-0.104343,0.137965,0.000418,-0.002597,-0.002827
1770940554.486643,8.509400,-0.718060,-1.275553,-0.562566,0.008909,-0.010330,-0.010364
1770940554.491631,8.514389,-0.387117,-0.003189,0.122911,-0.000400,-0.002391,-0.002526
1770940554.496601,8.519359,-0.365029,0.015496,0.115058,-0.000637,-0.001938,-0.002711
1770940554.502232,8.524990,-0.360788,-0.019623,0.069382,-0.000277,-0.001624,-0.002527
1770940554.506706,8.529464,0.733552,-0.121565,0.214499,0.002367,0.001441,0.009667
1770940554.511540,8.534298,0.691306,-0.119258,0.220998,0.002314,0.001463,0.009955
1770940554.516495,8.539252,0.692382,-0.122359,0.243303,0.002127,0.000615,0.009128
1770940554.521589,8.544346,0.708950,-0.036329,0.250075,0.001487,0.001270,0.009572
1770940554.526467,8.549225,-0.342249,0.038697,0.127928,-0.000969,-0.001894,-0.002712
1770940554.531441,8.554198,0.714089,-0.015444,0.211150,0.001355,0.001790,0.009983
1770940554.536484,8.559241,0.729730,0.074894,0.265558,0.000371,0.001519,0.009432
1770940554.541390,8.564147,0.734152,-0.030190,0.189453,0.001554,0.001193,0.009468
1770940554.546387,8.569145,0.699059,-0.055743,0.248511,0.002018,0.001454,0.009212
1770940554.551342,8.574100,0.707321,0.010079,0.273250,0.000969,0.001071,0.008990
1770940554.556334,8.579091,-0.383839,0.019683,0.141548,-0.000754,-0.002374,-0.002951
1770940554.561388,8.584145,0.756434,0.002087,0.231485,0.001349,0.001605,0.009616
1770940554.566594,8.589351,-0.378846,0.035228,0.122322,-0.000482,-0.001749,-0.002587
1770940554.571662,8.594420,0.729825,0.009188,0.243710,0.000982,0.001379,0.009430
1770940554.576271,8.599028,0.726496,0.095819,0.238857,0.000243,0.001874,0.009194
1770940554.581248,8.604006,0.696494,-0.094169,0.211579,0.002166,0.000856,0.009005
1770940554.586194,8.608952,-0.408503,0.085617,0.142597,-0.001040,-0.002127,-0.003363
1770940554.591173,8.613931,0.749938,0.024223,0.235849,0.001584,0.001567,0.009788
1770940554.596158,8.618916,0.695336,-0.038048,0.239249,0.001099,0.000569,0.009221
1770940554.601141,8.623898,-0.385113,0.061108,0.121136,-0.001135,-0.002038,-0.003069
1770940554.606122,8.628880,0.693463,-0.051315,0.230727,0.001174,0.000744,0.008592
1770940554.611090,8.633847,0.737127,-0.053531,0.180296,0.002179,0.001718,0.009779
1770940554.616048,8.638806,0.691945,-0.099238,0.265173,0.001968,0.000448,0.009235
1770940554.621017,8.643774,0.716344,0.054728,0.275766,0.000843,0.001564,0.009170
1770940554.626018,8.648775,0.691874,-0.162253,0.221647,0.002658,0.000950,0.009179
1770940554.631198,8.653955,0.715201,-0.055849,0.234934,0.001652,0.001705,0.009721
1770940554.636605,8.659362,0.732373,-0.091444,0.235288,0.001953,0.001262,0.009939
1770940554.641018,8.663775,-0.352967,-0.036294,0.078053,-0.000035,-0.001908,-0.002686
1770940554.645934,8.668691,0.692391,-0.147043,0.206330,0.002690,0.001100,0.009295
1770940554.650909,8.673666,0.694241,0.036682,0.274111,0.000837,0.001141,0.008915
1770940554.655878,8.678635,0.699137,-0.011478,0.258232,0.001271,0.001218,0.009208
1770940554.661133,8.683890,0.700032,-0.045216,0.250537,0.001579,0.000997,0.009261
1770940554.665993,8.688750,-0.367518,-0.004400,0.087282,-0.000340,-0.002080,-0.003139
1770940554.670949,8.693706,0.702750,-0.032263,0.228940,0.001713,0.001215,0.009326
1770940554.675797,8.698555,0.716488,0.024351,0.277058,0.001064,0.001973,0.009689
1770940554.680774,8.703532,0.692109,-0.149671,0.204246,0.002700,0.001111,0.009423
1770940554.685751,8.708509,-0.435854,0.026711,0.103013,-0.000821,-0.002329,-0.003005
1770940554.690696,8.713454,0.717329,-0.115750,0.213982,0.002031,0.001231,0.009362
1770940554.695796,8.718554,-0.397281,-0.074132,0.055966,-0.000035,-0.002649,-0.003185
1770940554.700666,8.723424,0.718206,-0.008533,0.265318,0.001391,0.001620,0.010061
1770940554.705650,8.728407,-0.370069,-0.086585,0.055098,-0.000060,-0.002494,-0.002722
1770940554.710637,8.733395,-0.368073,0.112589,0.149376,-0.000990,-0.001625,-0.002516
1770940554.715613,8.738371,-0.452859,0.017144,0.112207,-0.000940,-0.002565,-0.003027
1770940554.720562,8.743319,-0.390681,0.032907,0.132778,-0.000902,-0.002724,-0.003094
1770940554.725566,8.748323,0.724465,-0.075323,0.236451,0.002205,0.001549,0.009606
1770940554.730683,8.753441,-0.408562,0.113882,0.159325,-0.001367,-0.002386,-0.003289
1770940554.735780,8.758537,0.733757,0.001079,0.221423,0.001617,0.002097,0.010141
1770940554.740484,8.763241,0.756963,0.069924,0.221369,0.000965,0.002096,0.010173
1770940554.745482,8.768239,-0.409072,-0.089471,0.056766,0.000392,-0.002137,-0.002810
1770940554.750449,8.773206,0.700483,-0.069845,0.264824,0.001942,0.001222,0.009433
1770940554.755426,8.778183,-0.403378,-0.134425,0.023748,0.000576,-0.002581,-0.003126
1770940554.760445,8.783202,0.704977,-0.005019,0.247881,0.001338,0.001478,0.009154
1770940554.765440,8.788197,0.714303,-0.061914,0.229191,0.001606,0.001500,0.009992
1770940554.770708,8.793465,0.712487,0.017506,0.231545,0.001105,0.001504,0.009579
1770940554.775344,8.798102,-0.421210,0.035335,0.107893,-0.000757,-0.002224,-0.003202
1770940554.780332,8.803089,0.679432,-0.068425,0.221097,0.001725,0.001432,0.009441
1770940554.785300,8.808058,0.267356,-0.110034,0.311276,-0.000140,0.004974,-0.005259
1770940554.790287,8.813044,-0.411561,-0.154500,0.120020,0.000852,-0.002602,-0.002658
1770940554.795315,8.818073,1.120392,0.580251,-4.039452,0.003548,0.013292,0.006568
1770940554.800288,8.823046,1.027460,0.461934,-4.133503,0.003876,0.013595,0.007207
1770940554.805206,8.827963,3.361155,0.625204,-4.998036,0.001518,0.016537,0.009140
1770940554.810180,8.832938,1.161444,0.559098,-4.255145,0.004234,0.013887,0.006989
1770940554.815156,8.837914,1.093455,0.544348,-4.074759,0.003885,0.013907,0.006884
1770940554.820110,8.842867,1.055157,0.763046,-4.351580,0.002970,0.013767,0.006011
1770940554.825122,8.847880,1.819959,2.142415,-3.088085,-0.007164,0.022081,0.015697
1770940554.830126,8.852883,0.710156,0.086328,0.267810,0.000687,0.001673,0.009769
1770940554.835164,8.857922,0.700902,-0.062628,0.247186,0.001751,0.001120,0.009381
1770940554.840122,8.862880,-0.406624,0.064710,0.126365,-0.001162,-0.001936,-0.003278
1770940554.845025,8.867783,0.685404,-0.146868,0.195507,0.002144,0.000744,0.009280
1770940554.850013,8.872771,-0.402956,0.076755,0.127800,-0.001196,-0.001625,-0.002834
1770940554.855066,8.877824,0.721211,-0.048103,0.251781,0.001698,0.001195,0.009024
1770940554.859956,8.882714,-0.366965,-0.037115,0.068465,-0.000218,-0.001775,-0.002587
1770940554.865077,8.887835,0.733083,-0.070809,0.182377,0.001606,0.000886,0.009514
1770940554.870101,8.892859,0.745378,0.041495,0.200482,0.000771,0.001649,0.009971
1770940554.875256,8.898013,0.715812,-0.089070,0.216253,0.001780,0.000715,0.009371
1770940554.879864,8.902621,-0.364836,0.015165,0.082368,-0.000830,-0.002226,-0.002554
1770940554.885093,8.907851,-0.420052,-0.081519,0.050485,0.000130,-0.002637,-0.002894
1770940554.889811,8.912569,0.708684,-0.105712,0.214143,0.002203,0.001124,0.009747
1770940554.895346,8.918104,-0.404974,-0.056625,0.061971,0.000067,-0.002068,-0.002815
1770940554.900293,8.923051,0.711677,-0.092455,0.217550,0.001961,0.001264,0.009358
1770940554.905125,8.927883,0.713755,0.057500,0.284219,0.001164,0.001652,0.009401
1770940554.909788,8.932545,-0.426627,-0.030534,0.067344,-0.000270,-0.002469,-0.003396
1770940554.914720,8.937478,0.708451,-0.057559,0.258999,0.001628,0.000778,0.009058
1770940554.919677,8.942435,0.712894,-0.036087,0.222916,0.001659,0.001249,0.009313
1770940554.924732,8.947490,-0.370537,-0.012942,0.099290,-0.000241,-0.001777,-0.002756
1770940554.929836,8.952593,0.686018,-0.163938,0.205074,0.002546,0.000912,0.009290
1770940554.934837,8.957594,0.706997,-0.072687,0.227708,0.002128,0.001700,0.010437
1770940554.939653,8.962411,0.719692,0.010056,0.213297,0.001232,0.001813,0.009707
1770940554.944702,8.967459,0.675640,-0.085579,0.254201,0.001948,0.000780,0.008820
1770940554.949566,8.972323,0.712959,-0.012848,0.243245,0.001484,0.001199,0.009333
1770940554.954504,8.977262,0.709529,0.060349,0.253091,0.000775,0.001805,0.009660
1770940554.959498,8.982256,0.724047,0.022471,0.269939,0.000654,0.001514,0.009406
1770940554.964722,8.987480,0.698677,-0.141913,0.207688,0.002128,0.000744,0.009389
1770940554.969452,8.992209,0.703143,-0.122530,0.188799,0.002472,0.001222,0.009327
1770940554.974467,8.997225,0.718323,-0.126626,0.218498,0.002063,0.001243,0.009794
1770940554.979416,9.002173,0.729196,-0.137150,0.209375,0.002436,0.001182,0.009637
1770940554.984419,9.007177,0.694031,0.068845,0.286480,0.000392,0.001579,0.009273
1770940554.989376,9.012134,-0.373220,0.029593,0.107157,-0.000830,-0.001961,-0.002780
1770940554.994423,9.017180,0.736655,0.012437,0.233882,0.001217,0.001625,0.009664
1770940554.999362,9.022120,0.731719,0.034447,0.259447,0.001502,0.002279,0.010056
1770940555.004296,9.027053,0.740020,-0.094575,0.183244,0.002009,0.001341,0.009741
1770940555.009279,9.032037,0.716461,0.040408,0.253294,0.000874,0.001447,0.009203
1770940555.014251,9.037008,-0.401360,-0.037227,0.092640,-0.000278,-0.002167,-0.002928
1770940555.019204,9.041961,0.682440,-0.058682,0.241794,0.001690,0.000846,0.009369
1770940555.024256,9.047013,0.681180,-0.071369,0.216404,0.001772,0.001026,0.008933
1770940555.029195,9.051953,0.715675,-0.114703,0.242007,0.002464,0.001312,0.009777
1770940555.034345,9.057102,0.736341,-0.092155,0.191986,0.001967,0.001295,0.009808
1770940555.039267,9.062025,0.700207,-0.047474,0.231048,0.001509,0.000967,0.009574
1770940555.044178,9.066935,-0.352017,-0.131049,0.034926,0.000755,-0.001965,-0.002321
1770940555.049097,9.071855,-0.392199,0.177085,0.196179,-0.001752,-0.001753,-0.003125
1770940555.054058,9.076816,0.686750,-0.055066,0.267492,0.001797,0.001296,0.009353
1770940555.059047,9.081804,0.730590,0.076765,0.291037,0.000446,0.001414,0.009841
1770940555.064114,9.086872,0.708039,-0.023437,0.237257,0.001376,0.001095,0.009447
1770940555.068998,9.091756,-0.406868,-0.004312,0.106299,-0.000614,-0.002239,-0.002690
1770940555.074003,9.096761,0.705278,-0.137438,0.205679,0.002311,0.000980,0.009676
1770940555.078961,9.101718,-0.391685,-0.066824,0.056318,-0.000053,-0.002060,-0.002902
1770940555.083943,9.106700,0.737534,0.026202,0.223875,0.001156,0.001698,0.009903
1770940555.088917,9.111675,0.706981,-0.048767,0.257041,0.001767,0.001029,0.009282
1770940555.094460,9.117218,-0.404748,-0.051489,0.157851,0.000396,-0.002273,-0.002605
1770940555.099765,9.122522,-0.298474,1.736887,-0.592592,0.000802,0.010898,0.005329
1770940555.103858,9.126615,-0.388306,0.000760,0.102068,-0.000448,-0.002479,-0.002959
1770940555.108840,9.131598,0.695319,-0.097303,0.244143,0.001824,0.000688,0.009211
1770940555.113810,9.136567,1.386355,0.518482,-3.748291,0.004831,0.013971,0.006390
1770940555.118786,9.141544,1.114543,0.659954,-4.152681,0.003890,0.013973,0.007850
1770940555.123904,9.146661,1.100789,0.451817,-4.076048,0.003952,0.013379,0.006971
1770940555.128739,9.151496,1.121433,0.534763,-4.041739,0.004047,0.014063,0.007218
1770940555.133724,9.156482,-0.111145,3.024123,-1.791179,-0.019569,0.008843,0.006892
1770940555.138674,9.161432,-0.341161,0.057590,0.110021,-0.000639,-0.001785,-0.002980
1770940555.143655,9.166412,0.695172,-0.019425,0.272288,0.001233,0.001172,0.009391
1770940555.148658,9.171416,0.705400,0.060380,0.273455,0.000655,0.001208,0.009013
1770940555.153598,9.176355,0.738788,-0.012414,0.213071,0.001635,0.001720,0.009753
1770940555.158609,9.181366,-0.368746,-0.049891,0.066461,-0.000059,-0.002324,-0.002620
1770940555.163616,9.186373,0.696304,-0.047648,0.249671,0.001480,0.001024,0.008909
1770940555.168684,9.191441,-0.392349,0.091370,0.140012,-0.000980,-0.001644,-0.003179
1770940555.173752,9.196509,0.700739,-0.043634,0.248231,0.001637,0.000950,0.008944
1770940555.178777,9.201535,0.700545,-0.028222,0.216236,0.001523,0.001449,0.009705
1770940555.183498,9.206255,0.707652,0.037738,0.226533,0.000779,0.001464,0.009691
1770940555.188519,9.211277,0.738314,0.108234,0.247579,0.000310,0.001923,0.010051
1770940555.194577,9.217335,0.692542,-0.024899,0.211937,0.001658,0.001605,0.009429
1770940555.198467,9.221225,0.696335,0.004689,0.264843,0.001149,0.001402,0.009514
1770940555.203562,9.226319,0.742699,0.110115,0.214365,0.000556,0.002661,0.010243
1770940555.208410,9.231168,0.681351,-0.082539,0.240488,0.001881,0.000675,0.009131
1770940555.213356,9.236114,-0.391134,0.006195,0.119729,-0.000778,-0.001928,-0.003053
1770940555.218334,9.241092,0.734203,-0.057411,0.181946,0.002045,0.001254,0.009494
1770940555.223555,9.246313,0.727826,-0.005598,0.248704,0.001236,0.001305,0.009389
1770940555.228355,9.251113,-0.409916,-0.012582,0.117185,-0.000283,-0.002452,-0.003236
1770940555.233404,9.256162,-0.362867,-0.054110,0.068842,0.000007,-0.002388,-0.002511
1770940555.238244,9.261001,-0.414447,-0.076399,0.057342,0.000120,-0.002469,-0.002920
1770940555.243219,9.265976,-0.388160,-0.047706,0.062662,-0.000031,-0.002113,-0.002939
1770940555.248201,9.270958,0.712074,0.035668,0.285716,0.001373,0.002095,0.009865
1770940555.253175,9.275932,-0.361890,-0.061943,0.091486,-0.000072,-0.002738,-0.002289
1770940555.258157,9.280915,-0.390023,0.028599,0.124335,-0.000730,-0.002245,-0.002758
1770940555.263156,9.285913,0.700640,-0.077213,0.229908,0.002329,0.001105,0.009751
1770940555.268106,9.290863,0.692633,-0.141248,0.201296,0.002217,0.000729,0.009206
1770940555.273082,9.295840,-0.401558,-0.003861,0.092643,-0.000438,-0.001718,-0.002883
1770940555.278057,9.300814,0.745539,-0.038788,0.198299,0.001561,0.001104,0.009444
1770940555.283036,9.305794,0.749785,0.082841,0.258588,0.000206,0.001675,0.009980
1770940555.288014,9.310772,0.691508,-0.113796,0.240129,0.002170,0.000841,0.009300
1770940555.293069,9.315826,0.677806,-0.052171,0.270045,0.001636,0.000630,0.008811
1770940555.298217,9.320975,0.721783,-0.037296,0.219405,0.001624,0.002068,0.010028
1770940555.303136,9.325894,-0.391899,-0.051327,0.076887,0.000046,-0.002051,-0.003119
1770940555.307967,9.330724,0.739156,0.052775,0.249371,0.001012,0.001766,0.010175
1770940555.312917,9.335675,0.717527,-0.079040,0.246676,0.002153,0.001508,0.009994
1770940555.317879,9.340636,-0.389873,-0.016180,0.100245,-0.000426,-0.002558,-0.003025
1770940555.322925,9.345682,0.731942,-0.013880,0.247505,0.001420,0.002017,0.010259
1770940555.327832,9.350589,-0.418075,-0.139549,0.020096,0.000511,-0.002561,-0.002960
1770940555.333048,9.355806,-0.372677,0.088657,0.157880,-0.001418,-0.002453,-0.002694
1770940555.337996,9.360753,0.742216,0.041223,0.223287,0.000934,0.001951,0.009804
1770940555.342801,9.365559,0.702358,-0.136497,0.191987,0.002504,0.001181,0.009587
1770940555.347753,9.370511,0.700441,-0.066580,0.261012,0.001712,0.000672,0.009195
1770940555.352718,9.375476,0.697721,-0.047812,0.212807,0.001776,0.001415,0.010186
1770940555.357704,9.380462,-0.402652,-0.015045,0.100120,-0.000491,-0.002302,-0.002894
1770940555.362717,9.385474,-0.424644,0.079325,0.138616,-0.001353,-0.002365,-0.002955
1770940555.368232,9.390990,0.722824,-0.078066,0.201262,0.002070,0.001407,0.009720
1770940555.372641,9.395399,0.745862,-0.067662,0.211891,0.001804,0.001591,0.009579
1770940555.377604,9.400361,0.719540,0.041809,0.266454,0.000740,0.001931,0.009748
1770940555.382636,9.405394,0.709280,-0.036694,0.245796,0.001347,0.000719,0.008896
1770940555.387543,9.410300,0.691926,-0.087840,0.258104,0.001713,0.001069,0.010118
1770940555.392676,9.415434,0.703474,-0.040021,0.263836,0.001579,0.001187,0.009360
1770940555.397585,9.420342,0.696821,0.005088,0.280009,0.001416,0.001640,0.009671
1770940555.402622,9.425379,-0.434106,-0.070026,0.123246,0.000148,-0.002731,-0.003116
1770940555.407516,9.430273,-0.489157,2.383262,-1.189783,-0.017490,0.003500,-0.010892
1770940555.412485,9.435242,1.110300,0.551264,-3.984523,0.003986,0.013566,0.007307
1770940555.417422,9.440180,1.130453,0.584602,-4.054440,0.004245,0.013764,0.007779
1770940555.422493,9.445251,-0.172699,1.371982,-2.376598,-0.003986,0.015785,-0.015278
1770940555.427384,9.450142,0.697586,-0.141466,0.230396,0.001959,0.000333,0.009390
1770940555.432470,9.455228,-0.355022,-0.049073,0.097792,-0.000166,-0.002196,-0.002378
1770940555.437318,9.460076,-0.389105,-0.036689,0.075161,0.000002,-0.002218,-0.003224
1770940555.442369,9.465126,0.707381,-0.021391,0.231851,0.001397,0.001555,0.009556
1770940555.447294,9.470052,0.722083,-0.093300,0.197227,0.002016,0.000983,0.009963
1770940555.452272,9.475030,0.701050,-0.145440,0.163851,0.002617,0.000797,0.009327
1770940555.457247,9.480005,0.708816,0.035914,0.266850,0.001144,0.001942,0.009571
1770940555.462440,9.485197,0.733512,0.101995,0.271114,0.000307,0.002324,0.010273
1770940555.467214,9.489971,0.740953,0.090693,0.252283,0.000596,0.001963,0.010197
1770940555.472163,9.494920,0.702406,-0.071435,0.235461,0.001559,0.001044,0.009383
1770940555.477160,9.499918,0.662178,-0.109732,0.215608,0.001839,0.000975,0.009332
1770940555.482138,9.504896,0.724528,0.021986,0.272687,0.000988,0.001525,0.009354
1770940555.487089,9.509846,0.702303,-0.038050,0.260085,0.001865,0.001699,0.010127
1770940555.492101,9.514858,0.737831,-0.045279,0.193973,0.001726,0.001682,0.009994
1770940555.497116,9.519874,-0.377839,0.010420,0.099573,-0.000636,-0.002121,-0.003062
1770940555.502115,9.524873,0.697497,-0.095996,0.239915,0.002178,0.001076,0.009372
1770940555.507023,9.529781,-0.401957,-0.006036,0.105279,-0.000444,-0.002834,-0.003044
1770940555.512008,9.534766,-0.410849,0.089770,0.140098,-0.001156,-0.002098,-0.003369
1770940555.516989,9.539747,0.720476,-0.100721,0.246100,0.002328,0.001596,0.010125
1770940555.522062,9.544819,0.680982,-0.008583,0.305878,0.001103,0.001070,0.009125
1770940555.526942,9.549700,-0.341420,0.037044,0.133584,-0.000739,-0.001748,-0.002750
1770940555.532019,9.554776,0.714177,-0.042995,0.231439,0.001424,0.001425,0.009319
1770940555.536875,9.559632,0.684062,-0.056720,0.272879,0.001270,0.000942,0.008886
1770940555.541839,9.564597,-0.408167,-0.014730,0.097569,-0.000438,-0.002429,-0.003180
1770940555.546841,9.569598,0.713331,-0.131115,0.187059,0.002562,0.001226,0.009268
1770940555.551821,9.574578,0.694600,-0.012200,0.234519,0.001280,0.001092,0.009329
1770940555.556799,9.579557,0.712271,-0.004898,0.277398,0.001446,0.001303,0.009131
1770940555.561846,9.584604,0.754406,-0.015265,0.217175,0.001472,0.001247,0.009745
1770940555.566793,9.589551,0.719633,0.095102,0.251003,0.000532,0.001786,0.009600
1770940555.571738,9.594495,0.726516,-0.035912,0.221859,0.001728,0.001234,0.009310
1770940555.576711,9.599468,0.721547,0.006642,0.247206,0.001317,0.001122,0.009284
1770940555.581695,9.604452,0.732617,0.005534,0.222182,0.000951,0.001248,0.009093
1770940555.586693,9.609451,0.672472,-0.106991,0.235630,0.001739,0.000567,0.009351
1770940555.591701,9.614459,-0.417307,-0.030399,0.098801,-0.000268,-0.002513,-0.003095
1770940555.596848,9.619605,0.715384,-0.024756,0.241045,0.001456,0.001336,0.009870
1770940555.601641,9.624399,-0.374036,-0.069405,0.068428,0.000398,-0.002057,-0.002829
1770940555.606579,9.629336,0.735353,0.017415,0.238872,0.001150,0.001518,0.009449
1770940555.611618,9.634376,0.703677,-0.068877,0.223397,0.002057,0.000978,0.009121
1770940555.616557,9.639314,-0.419914,-0.066147,0.081495,0.000303,-0.001752,-0.003202
1770940555.621638,9.644396,-0.429869,-0.024542,0.101248,-0.000350,-0.002788,-0.003115
1770940555.626494,9.649251,0.696860,-0.073987,0.270856,0.001805,0.001166,0.009338
1770940555.631587,9.654345,-0.396928,-0.094396,0.060190,0.000127,-0.002648,-0.002696
1770940555.636587,9.659344,-0.377476,-0.028538,0.072606,-0.000068,-0.002014,-0.002836
1770940555.641417,9.664174,0.742396,-0.031427,0.213731,0.001581,0.001356,0.009657
1770940555.646404,9.669162,0.740544,0.030944,0.257366,0.001258,0.002154,0.009921
1770940555.651365,9.674122,0.703655,-0.003456,0.255297,0.001302,0.001419,0.009524
1770940555.656357,9.679115,0.720002,-0.049775,0.242242,0.001651,0.001836,0.010056
1770940555.662609,9.685366,0.696338,-0.095527,0.249142,0.001795,0.000979,0.009555
1770940555.666304,9.689062,-0.402798,-0.068363,0.079696,0.000160,-0.002628,-0.002965
1770940555.671312,9.694069,-0.386140,-0.018908,0.097505,-0.000541,-0.002332,-0.002976
1770940555.676265,9.699023,-0.394439,-0.002830,0.125086,-0.000321,-0.001820,-0.002326
1770940555.681245,9.704002,0.716497,-0.052544,0.224366,0.001856,0.001542,0.009544
1770940555.686189,9.708947,0.740067,-0.000559,0.209914,0.001334,0.001642,0.010472
1770940555.691193,9.713951,-0.142021,2.592969,-1.543541,-0.016222,0.008363,0.007028
1770940555.699907,9.722664,1.224033,1.086514,-3.380529,-0.009544,0.005055,0.008981
1770940555.701199,9.723956,1.087789,0.663007,-4.046674,0.003400,0.013464,0.007269
1770940555.706124,9.728881,1.170295,0.512644,-4.247705,0.004521,0.013939,0.007024
1770940555.711100,9.733858,-0.319672,1.965315,-4.488970,-0.010803,0.015253,0.006241
1770940555.716092,9.738850,1.125143,0.777141,-4.439103,0.003614,0.014920,0.007831
1770940555.721057,9.743814,1.125641,0.666913,-4.172812,0.003581,0.014062,0.007517
1770940555.726045,9.748803,1.117825,0.569594,-4.122151,0.003596,0.013777,0.008107
1770940555.731426,9.754184,1.285883,2.246135,-1.941019,-0.014653,0.012407,0.022225
1770940555.736511,9.759269,0.716892,0.061035,0.227147,0.000673,0.001655,0.009182
1770940555.741023,9.763780,-0.344778,0.034566,0.098409,-0.000765,-0.001797,-0.002168
1770940555.745963,9.768721,0.711457,-0.056637,0.270432,0.001819,0.000897,0.009144
1770940555.750941,9.773699,-0.405476,-0.177060,-0.020602,0.000933,-0.002477,-0.002729
1770940555.756029,9.778786,0.687122,-0.052376,0.233516,0.001303,0.000474,0.009186
1770940555.760896,9.783654,0.712537,-0.040484,0.246243,0.001293,0.001181,0.009318
1770940555.765851,9.788608,0.734029,-0.068596,0.169122,0.001997,0.001353,0.010065
1770940555.770827,9.793584,-0.393342,-0.060993,0.066285,-0.000055,-0.002275,-0.002989
1770940555.775818,9.798576,0.703024,-0.081808,0.236509,0.001893,0.001361,0.009809
1770940555.780818,9.803576,0.732751,-0.215972,0.146331,0.002772,0.000996,0.009663
1770940555.785774,9.808531,-0.372899,-0.044901,0.075398,-0.000304,-0.001991,-0.002659
1770940555.790875,9.813633,-0.364236,0.024576,0.108310,-0.000809,-0.002153,-0.002586
1770940555.795715,9.818472,0.725357,-0.102737,0.183549,0.001963,0.000970,0.009414
1770940555.800693,9.823450,0.718020,0.006279,0.240036,0.001332,0.001538,0.009042
1770940555.805669,9.828427,0.694708,-0.085681,0.228620,0.001797,0.000665,0.009343
1770940555.810751,9.833508,-0.365843,-0.082881,0.033021,-0.000112,-0.002398,-0.002691
1770940555.815629,9.838386,0.717594,-0.038485,0.231639,0.001312,0.001194,0.009694
1770940555.820616,9.843374,-0.346886,0.037910,0.128679,-0.000871,-0.002254,-0.002473
1770940555.825578,9.848336,0.712224,-0.092277,0.205160,0.002064,0.001092,0.009773
1770940555.830774,9.853532,0.712492,-0.052226,0.207281,0.001354,0.001074,0.009131
1770940555.835546,9.858303,0.713658,-0.047633,0.203745,0.001508,0.000968,0.009456
1770940555.840544,9.863302,0.712173,-0.090437,0.225995,0.001850,0.000738,0.009458
1770940555.845496,9.868253,-0.419929,0.004213,0.082668,-0.000600,-0.002127,-0.002833
1770940555.850504,9.873262,0.688797,-0.002982,0.234505,0.000751,0.000985,0.009075
1770940555.855482,9.878240,0.707931,-0.056790,0.195415,0.001458,0.001360,0.009912
1770940555.860656,9.883413,0.713948,-0.053184,0.231338,0.001542,0.000988,0.009616
1770940555.865622,9.888379,0.714803,0.038550,0.253841,0.001204,0.001174,0.009565
1770940555.870610,9.893367,0.723596,-0.106220,0.184338,0.002356,0.001677,0.010457
1770940555.875347,9.898105,0.720003,0.007182,0.206896,0.001181,0.001327,0.009347
1770940555.880371,9.903128,0.715548,-0.146659,0.186571,0.002218,0.001116,0.009408
1770940555.885339,9.908096,0.707097,-0.119174,0.211766,0.001971,0.000388,0.009048
1770940555.890358,9.913116,-0.381878,0.143724,0.162658,-0.001948,-0.001992,-0.003220
1770940555.895421,9.918179,0.718924,-0.157222,0.199531,0.002446,0.000717,0.009391
1770940555.900341,9.923099,0.717701,-0.100243,0.229979,0.002246,0.001024,0.009779
1770940555.905215,9.927972,-0.380009,-0.018894,0.058848,-0.000353,-0.001876,-0.002911
1770940555.910205,9.932963,0.691235,0.001512,0.221684,0.001215,0.001267,0.009168
1770940555.915205,9.937963,0.724006,-0.008475,0.210525,0.000772,0.001016,0.009355
1770940555.920152,9.942909,0.747146,-0.088582,0.172268,0.002509,0.001978,0.010187
1770940555.925126,9.947883,0.691712,-0.032025,0.247323,0.001134,0.000845,0.009405
1770940555.930347,9.953105,0.707674,-0.028155,0.207342,0.001533,0.001544,0.009676
1770940555.935216,9.957973,0.700271,0.014889,0.228343,0.000939,0.001626,0.009773
1770940555.940185,9.962942,-0.404235,-0.048250,0.075378,-0.000069,-0.002013,-0.002768
1770940555.945334,9.968091,0.731528,-0.013614,0.219432,0.001686,0.001447,0.009387
1770940555.950004,9.972762,1.503562,1.219510,-2.589025,-0.007393,0.005794,0.008655
1770940555.954990,9.977748,1.109539,0.560441,-3.845149,0.003608,0.013026,0.007096
1770940555.959972,9.982730,1.123889,0.479701,-4.053510,0.004369,0.013962,0.008432
1770940555.965118,9.987875,1.139817,0.486527,-4.014615,0.003640,0.013565,0.007623
1770940555.969946,9.992704,1.208346,1.313547,-3.232574,-0.010338,0.004793,0.009183
1770940555.974921,9.997679,1.244006,1.160118,-3.265432,-0.009188,0.004436,0.008559
1770940555.979949,10.002707,1.157676,0.574909,-3.939280,0.003818,0.013677,0.007749
1770940555.984873,10.007630,1.174935,0.532469,-3.917554,0.003867,0.013663,0.008777
1770940555.989830,10.012587,1.228632,1.036233,-3.299016,-0.008558,0.005217,0.008602
1770940555.994843,10.017600,1.131915,0.464367,-3.973378,0.004078,0.013602,0.006986
1770940555.999791,10.022548,1.146226,0.415466,-3.956747,0.004161,0.013388,0.007479
1770940556.004788,10.027545,1.167836,1.144577,-3.306546,-0.009147,0.005203,0.007511
1770940556.009760,10.032518,1.127086,0.577337,-3.996953,0.004081,0.013452,0.007479
1770940556.014749,10.037506,1.150454,0.539994,-4.021688,0.003745,0.013910,0.007452
1770940556.019730,10.042488,1.168196,0.640907,-4.330129,0.004130,0.014375,0.008355
1770940556.024691,10.047449,0.781398,-0.040379,0.108180,0.000683,0.001281,0.007803
1770940556.030526,10.053284,0.732686,-0.014421,0.179804,0.001411,0.001596,0.009479
1770940556.034644,10.057402,0.697337,-0.026088,0.214834,0.001514,0.001350,0.009934
1770940556.039790,10.062547,0.710823,-0.038931,0.246737,0.001406,0.001369,0.009157
1770940556.044571,10.067329,0.743578,0.032912,0.260763,0.001216,0.001706,0.009407
1770940556.049582,10.072340,0.706319,-0.017448,0.262971,0.001448,0.000882,0.008861
1770940556.054524,10.077282,0.716141,0.043585,0.240557,0.000746,0.001755,0.009339
1770940556.059528,10.082285,0.700615,-0.142701,0.162999,0.002212,0.001142,0.009637
1770940556.064587,10.087345,0.723378,-0.008180,0.242990,0.001278,0.001449,0.009611
1770940556.069487,10.092245,-0.359916,0.031315,0.121203,-0.000368,-0.001485,-0.002523
1770940556.074466,10.097224,0.703872,-0.142278,0.177498,0.002682,0.000825,0.009536
1770940556.079424,10.102182,-0.340203,0.039504,0.112914,-0.000736,-0.001387,-0.002493
1770940556.084458,10.107216,0.715702,-0.042465,0.213056,0.001820,0.001492,0.010037
1770940556.089386,10.112144,-0.411021,-0.053174,0.074921,-0.000169,-0.002825,-0.003228
1770940556.094539,10.117297,-0.401407,-0.039409,0.059801,0.000016,-0.002194,-0.002824
1770940556.099372,10.122130,0.731773,0.071967,0.214765,0.000494,0.002061,0.010388
1770940556.104313,10.127070,0.705868,-0.130471,0.218858,0.002440,0.001051,0.009482
1770940556.109305,10.132062,0.743128,0.019073,0.254405,0.001167,0.001886,0.009949
1770940556.114338,10.137096,-0.357356,0.111123,0.198215,-0.001308,-0.001833,-0.002595
1770940556.119262,10.142020,0.702016,-0.111998,0.251350,0.002399,0.001291,0.009415
1770940556.124261,10.147019,0.683563,-0.107154,0.257465,0.002089,0.001043,0.009326
1770940556.129221,10.151978,0.698666,-0.064264,0.234064,0.001479,0.000818,0.009599
1770940556.134268,10.157025,0.701395,-0.106021,0.243650,0.001911,0.001000,0.009674
1770940556.139271,10.162028,-0.384482,-0.080319,0.049480,0.000022,-0.002327,-0.002557
1770940556.144226,10.166984,-0.412655,0.008059,0.115908,-0.000617,-0.002248,-0.002973
1770940556.149123,10.171880,0.747082,-0.047791,0.227319,0.001629,0.001610,0.009800
1770940556.154083,10.176841,0.711105,-0.049991,0.243936,0.001580,0.001239,0.009290
1770940556.159082,10.181840,-0.415246,0.087627,0.124978,-0.001623,-0.002114,-0.003246
1770940556.164108,10.186866,-0.334844,-0.051075,0.082679,0.000010,-0.002331,-0.002474
1770940556.169055,10.191812,0.680456,0.016506,0.251162,0.000836,0.000811,0.008810
1770940556.173991,10.196748,-0.438045,-0.014343,0.088211,-0.000536,-0.002469,-0.003390
1770940556.178980,10.201737,-0.397778,-0.015041,0.088332,-0.000283,-0.002816,-0.003260
1770940556.183963,10.206720,0.704284,-0.127184,0.226508,0.002395,0.000956,0.009532
1770940556.188947,10.211704,0.725730,0.028092,0.260290,0.000780,0.001645,0.009926
1770940556.194853,10.217611,0.707884,-0.090457,0.245601,0.002079,0.000911,0.009709
1770940556.199069,10.221827,0.697261,-0.026397,0.277627,0.001256,0.001143,0.009355
1770940556.204115,10.226872,0.715246,-0.137384,0.185746,0.002386,0.000845,0.010080
1770940556.208844,10.231601,-0.399293,0.115699,0.159986,-0.001161,-0.001902,-0.003129
1770940556.213822,10.236579,-0.392013,0.021359,0.100917,-0.000729,-0.001969,-0.002921
1770940556.218795,10.241553,0.697563,-0.060742,0.237814,0.001925,0.001539,0.009633
1770940556.223879,10.246637,0.719261,-0.065527,0.216706,0.001483,0.001289,0.009494
1770940556.228787,10.251544,0.683271,0.024001,0.282374,0.000858,0.001327,0.009376
1770940556.233783,10.256541,0.734558,0.004576,0.242419,0.001408,0.001396,0.009256
1770940556.238776,10.261533,0.717353,-0.073261,0.234348,0.001993,0.001319,0.009325
1770940556.243702,10.266460,0.725374,-0.121276,0.228633,0.002173,0.001285,0.009731
1770940556.248698,10.271455,-0.411210,-0.002855,0.093576,-0.000390,-0.001959,-0.003205
1770940556.253625,10.276383,-0.357021,-0.108483,0.052417,0.000583,-0.002232,-0.002359
1770940556.258621,10.281379,0.704204,-0.028055,0.267403,0.001428,0.001317,0.009054
1770940556.263653,10.286410,0.717070,-0.148672,0.246381,0.002491,0.001279,0.009891
1770940556.268627,10.291385,0.718021,0.034110,0.257537,0.001070,0.001662,0.009611
1770940556.273546,10.296303,0.716635,0.037454,0.283070,0.001036,0.001515,0.009482
1770940556.278594,10.301351,0.679040,-0.129821,0.213659,0.002326,0.000485,0.009208
1770940556.283523,10.306280,-0.406303,0.025551,0.106174,-0.000309,-0.001811,-0.002786
1770940556.288464,10.311221,-0.366365,0.079151,0.144526,-0.001156,-0.001502,-0.002619
1770940556.293476,10.316234,0.726359,-0.071005,0.197813,0.002152,0.001248,0.009254
1770940556.298445,10.321203,-0.423220,0.066131,0.134387,-0.001140,-0.001942,-0.003257
1770940556.303691,10.326448,-0.332643,0.034269,0.089192,-0.000805,-0.001683,-0.002434
1770940556.308440,10.331198,-0.417146,0.032147,0.115653,-0.000578,-0.001744,-0.002869
1770940556.313424,10.336182,0.712697,-0.004921,0.230208,0.001232,0.001289,0.009778
1770940556.318357,10.341114,0.725224,0.075981,0.277775,0.000752,0.001834,0.009412
1770940556.323452,10.346210,-0.386997,-0.100936,0.112679,0.000311,-0.002419,-0.003000
1770940556.328309,10.351067,0.713374,-0.834646,-0.599602,0.008941,-0.001450,0.014279
1770940556.333286,10.356043,0.702208,-0.036833,0.238144,0.001722,0.001543,0.009662
