t_wall,t_rel,Fx,Fy,Fz,Mx,My,Mz
1771002499.904806,0.002315,0.596529,0.024297,-0.829071,-0.003616,-0.001137,-0.002037
1771002499.909784,0.007293,0.728787,0.125531,-0.799835,-0.003402,0.000025,-0.002330
1771002499.914755,0.012264,0.714250,-0.024137,-0.773055,-0.002564,-0.000769,-0.002308
1771002499.919751,0.017260,0.720618,-0.082978,-0.813725,-0.002151,-0.000485,-0.002436
1771002499.924729,0.022238,0.758585,0.189343,-0.627678,-0.004300,-0.000215,-0.001678
1771002499.929714,0.027223,0.732370,-0.011555,-0.723590,-0.002916,-0.000391,-0.001997
1771002499.934692,0.032201,0.699694,0.092912,-0.694668,-0.003631,-0.000129,-0.002551
1771002499.939679,0.037188,0.697932,-0.019976,-0.743334,-0.002851,-0.000725,-0.002518
1771002499.944660,0.042168,0.712888,0.015947,-0.739243,-0.002987,-0.000932,-0.002328
1771002499.949639,0.047147,0.755424,0.140778,-0.732912,-0.004399,-0.000801,-0.002305
1771002499.954629,0.052138,0.758765,-0.019472,-0.811147,-0.002462,0.000188,-0.001918
1771002499.959603,0.057111,0.747938,0.097990,-0.708663,-0.003422,-0.000039,-0.002259
1771002499.964588,0.062097,0.762516,0.128685,-0.745640,-0.003403,-0.000325,-0.002243
1771002499.969573,0.067081,0.695401,-0.103958,-0.789165,-0.002389,-0.000742,-0.002552
1771002499.974542,0.072051,0.803510,0.364808,-0.912992,-0.004240,0.001461,-0.001012
1771002499.979532,0.077041,0.665235,0.014810,-0.676869,-0.003393,-0.001154,-0.002977
1771002499.984520,0.082028,0.711433,-0.097671,-0.766181,-0.001979,-0.000565,-0.002152
1771002499.989503,0.087012,0.746351,0.012767,-0.712369,-0.003190,-0.000788,-0.002193
1771002499.994512,0.092021,0.683702,-0.014735,-0.676850,-0.002877,-0.000862,-0.002421
1771002499.999462,0.096971,0.667224,-0.100123,-0.712376,-0.002140,-0.000895,-0.002406
1771002500.004451,0.101959,0.654854,0.040548,-0.656990,-0.003673,-0.000961,-0.002794
1771002500.009435,0.106944,0.707001,0.008877,-0.715714,-0.003353,-0.000906,-0.002316
1771002500.014423,0.111932,0.732505,-0.107881,-0.784603,-0.002575,-0.000734,-0.002233
1771002500.019409,0.116918,0.739820,0.122151,-0.799430,-0.003724,-0.000791,-0.002322
1771002500.024396,0.121904,0.780837,0.126400,-0.737327,-0.003718,-0.000181,-0.002094
1771002500.029382,0.126891,0.713417,0.091636,-0.714463,-0.003735,-0.000430,-0.002196
1771002500.034372,0.131880,0.714634,0.011249,-0.741103,-0.002960,-0.000941,-0.002740
1771002500.039357,0.136865,0.736997,0.026906,-0.731595,-0.003124,-0.000705,-0.002226
1771002500.044345,0.141853,0.748331,0.097114,-0.702579,-0.003154,0.000116,-0.001701
1771002500.049324,0.146833,0.701132,-0.107770,-0.776081,-0.002180,-0.001139,-0.002276
1771002500.054318,0.151827,0.684693,-0.006812,-0.689148,-0.003064,-0.000720,-0.002607
1771002500.059306,0.156814,0.745660,0.101908,-0.697514,-0.003687,-0.000531,-0.002279
1771002500.064296,0.161805,0.666547,0.029403,-0.654950,-0.003387,-0.000730,-0.002437
1771002500.069274,0.166783,0.689125,0.072394,-0.694025,-0.004293,-0.001288,-0.002624
1771002500.074252,0.171761,0.738231,0.075826,-0.729573,-0.003376,-0.000529,-0.002475
1771002500.079245,0.176754,0.752860,0.017893,-0.807224,-0.003111,-0.000402,-0.002471
1771002500.084238,0.181746,0.716131,0.064931,-0.707181,-0.003566,-0.000841,-0.002382
1771002500.089220,0.186729,0.732785,-0.075672,-0.846156,-0.002631,-0.000650,-0.002304
1771002500.094209,0.191718,0.691388,0.043820,-0.699764,-0.003415,-0.000667,-0.002832
1771002500.099200,0.196708,0.651611,0.072590,-0.704407,-0.003179,-0.001172,-0.002537
1771002500.104186,0.201694,0.726143,0.085274,-0.705368,-0.003660,-0.000990,-0.002467
1771002500.109170,0.206679,0.721058,0.043487,-0.741563,-0.003233,-0.000716,-0.002148
1771002500.114156,0.211665,0.725615,-0.028393,-0.758473,-0.002647,-0.000683,-0.002394
1771002500.119143,0.216651,0.736231,0.018868,-0.760980,-0.003089,-0.000926,-0.002527
1771002500.124137,0.221646,0.741526,0.017845,-0.736352,-0.003182,-0.000649,-0.002295
1771002500.129118,0.226627,0.752310,0.108696,-0.733544,-0.003864,-0.000246,-0.001987
1771002500.134105,0.231614,0.682332,0.032528,-0.729882,-0.003131,-0.000926,-0.002366
1771002500.139093,0.236601,0.770603,0.102424,-0.716315,-0.003953,-0.000539,-0.002228
1771002500.144080,0.241589,0.734723,-0.035780,-0.779016,-0.002662,-0.000811,-0.001982
1771002500.149065,0.246574,0.696902,-0.023781,-0.752891,-0.002954,-0.001057,-0.002722
1771002500.154054,0.251562,0.699606,-0.010321,-0.770028,-0.002454,-0.000491,-0.002487
1771002500.159038,0.256546,0.738117,0.206360,-0.673107,-0.004452,-0.000502,-0.002420
1771002500.164024,0.261533,0.722374,-0.066688,-0.768121,-0.002446,-0.000532,-0.002322
1771002500.169014,0.266523,0.765678,0.076939,-0.805048,-0.003056,-0.000412,-0.002308
1771002500.174001,0.271510,0.734433,0.062162,-0.742984,-0.003234,-0.000458,-0.002079
1771002500.178988,0.276496,0.685119,0.007021,-0.778717,-0.003177,-0.000912,-0.002947
1771002500.184984,0.282492,0.706949,0.010184,-0.724166,-0.002959,-0.000422,-0.001993
1771002500.188960,0.286469,0.677836,0.089495,-0.686156,-0.003392,-0.000371,-0.002869
1771002500.193944,0.291453,0.681185,0.028251,-0.730652,-0.003573,-0.001085,-0.002777
1771002500.198918,0.296427,0.718684,0.007101,-0.706474,-0.002799,-0.000448,-0.002469
1771002500.203923,0.301432,0.714737,-0.066212,-0.690994,-0.002851,-0.001212,-0.002351
1771002500.208907,0.306416,0.707872,0.037598,-0.712495,-0.003047,-0.000548,-0.002380
1771002500.213892,0.311400,0.747804,-0.012010,-0.686681,-0.002345,-0.000066,-0.002074
1771002500.218880,0.316389,0.704201,-0.008938,-0.673451,-0.002625,-0.001020,-0.002661
1771002500.223864,0.321373,0.682755,0.005150,-0.693151,-0.002777,-0.000186,-0.002562
1771002500.228846,0.326355,0.737900,0.030231,-0.671004,-0.002996,-0.000442,-0.001987
1771002500.234173,0.331682,0.744551,0.139437,-0.656144,-0.004023,-0.000297,-0.002322
1771002500.239525,0.337033,0.699508,-0.089471,-0.768650,-0.002552,-0.000642,-0.002495
1771002500.244716,0.342225,0.684286,0.032865,-0.687500,-0.003214,-0.000302,-0.002291
1771002500.249126,0.346635,0.740518,0.030666,-0.672301,-0.003268,-0.000559,-0.002226
1771002500.254105,0.351614,0.725445,-0.033563,-0.679067,-0.002883,-0.000482,-0.002396
1771002500.259100,0.356608,0.687193,0.066993,-0.652839,-0.003850,-0.000778,-0.002909
1771002500.264156,0.361665,0.708015,0.081734,-0.640535,-0.003751,-0.000497,-0.002338
1771002500.269081,0.366590,0.692986,0.084151,-0.631079,-0.003744,-0.000819,-0.002648
1771002500.274072,0.371581,0.752536,0.203187,-0.642130,-0.004141,-0.000455,-0.002316
1771002500.279053,0.376562,0.723149,0.054013,-0.691169,-0.003407,-0.000382,-0.002477
1771002500.284128,0.381637,0.747619,0.100378,-0.697570,-0.003484,-0.000085,-0.001994
1771002500.289024,0.386533,0.728387,0.002368,-0.706024,-0.003033,-0.000694,-0.002393
1771002500.294010,0.391519,0.696850,0.004019,-0.635257,-0.003095,-0.000665,-0.002579
1771002500.299037,0.396545,0.721582,0.038310,-0.719294,-0.003193,-0.000237,-0.002054
1771002500.304025,0.401534,0.686290,-0.065744,-0.714211,-0.002609,-0.000839,-0.002532
1771002500.308971,0.406479,0.696344,0.049684,-0.683252,-0.003149,-0.000774,-0.002373
1771002500.314010,0.411519,0.717046,0.032765,-0.644972,-0.003137,-0.000753,-0.002431
1771002500.318945,0.416454,0.744695,0.066905,-0.706666,-0.003308,-0.000606,-0.002122
1771002500.323854,0.421363,0.748090,0.122697,-0.740148,-0.003811,-0.000430,-0.002196
1771002500.328592,0.426101,0.695062,0.026894,-0.688469,-0.002798,-0.000487,-0.002455
1771002500.333899,0.431407,0.690542,0.096903,-0.659043,-0.003786,-0.000809,-0.002686
1771002500.338875,0.436383,0.702918,0.126486,-0.636466,-0.003814,-0.000220,-0.002785
1771002500.343942,0.441451,0.716676,-0.028461,-0.744161,-0.002595,-0.000988,-0.002210
1771002500.348854,0.446362,0.733938,0.051956,-0.713335,-0.003047,-0.000422,-0.002375
1771002500.353912,0.451420,0.701464,0.027717,-0.720877,-0.002912,-0.000626,-0.002593
1771002500.358819,0.456328,0.707550,0.011441,-0.747119,-0.003340,-0.000958,-0.002513
1771002500.363886,0.461395,0.710981,0.028809,-0.711797,-0.003036,-0.000655,-0.002423
1771002500.368888,0.466397,0.709254,0.059485,-0.702070,-0.003258,-0.000477,-0.002464
1771002500.373916,0.471424,0.762485,-0.025853,-0.757736,-0.002580,-0.000503,-0.002151
1771002500.378759,0.476268,0.794191,0.100027,-0.743380,-0.003535,-0.000044,-0.001967
1771002500.383761,0.481270,0.713620,0.021684,-0.768105,-0.002728,-0.000294,-0.002448
1771002500.388551,0.486059,0.774569,-0.043727,-0.819830,-0.002354,-0.000395,-0.002308
1771002500.393726,0.491235,-1.538920,-0.077929,0.551471,-0.002918,0.002305,0.010585
1771002500.398713,0.496221,-1.553591,-0.455703,1.150699,0.008405,0.004298,0.011156
1771002500.403700,0.501209,-1.548652,-0.353314,1.187724,0.007603,0.004754,0.011232
1771002500.408550,0.506058,-1.568902,-0.455244,1.148927,0.008526,0.003637,0.010706
1771002500.413380,0.510888,-1.566661,-0.486072,1.104719,0.008899,0.004994,0.011118
1771002500.418663,0.516172,-1.557905,-0.338711,1.128899,0.007953,0.005364,0.011847
1771002500.423736,0.521245,-1.991158,-1.209154,0.855319,0.008778,-0.014289,-0.001363
1771002500.428639,0.526147,-1.571669,-0.444250,1.152479,0.008349,0.004608,0.011190
1771002500.433281,0.530789,-1.537276,-0.445167,1.146331,0.008570,0.004973,0.011597
1771002500.438604,0.536113,-1.559104,-0.374724,1.157167,0.007534,0.004819,0.011556
1771002500.443592,0.541101,-1.563920,-0.390296,1.182886,0.007783,0.004814,0.011253
1771002500.448600,0.546108,-1.553928,-0.344687,1.176564,0.007706,0.005379,0.011421
1771002500.453292,0.550801,-1.995046,-1.148170,0.851212,0.008352,-0.014059,-0.000618
1771002500.458593,0.556102,-1.562054,-0.393474,1.160194,0.008031,0.004989,0.011480
1771002500.463210,0.560719,-1.558843,-0.375524,1.150701,0.007799,0.005176,0.011618
1771002500.468209,0.565717,-1.545728,-0.430885,1.148772,0.008466,0.004741,0.010856
1771002500.473208,0.570717,-1.560622,-0.420066,1.197186,0.008041,0.004143,0.011014
1771002500.478188,0.575696,-1.960379,-1.149259,0.873423,0.008080,-0.013883,-0.000611
1771002500.483174,0.580683,-1.524149,-0.364419,1.182632,0.007910,0.005393,0.011545
1771002500.488153,0.585661,-1.569189,1.845621,-0.354749,-0.020284,-0.007811,0.004599
1771002500.493148,0.590657,0.597594,-0.051547,-0.875898,-0.003123,-0.000954,-0.002110
1771002500.498142,0.595650,0.761621,0.202420,-0.704266,-0.004180,0.000057,-0.002144
1771002500.503127,0.600636,0.674888,-0.094843,-0.785671,-0.002552,-0.001024,-0.002745
1771002500.508107,0.605616,0.608778,0.370710,0.376099,0.001923,-0.001379,0.001519
1771002500.513107,0.610616,0.872456,1.863159,-0.344416,-0.011425,0.006413,0.011665
1771002500.518087,0.615596,0.715479,0.059336,-0.677267,-0.003750,-0.000655,-0.002714
1771002500.523067,0.620576,0.731308,0.063001,-0.699658,-0.003363,-0.000539,-0.002225
1771002500.528058,0.625567,0.702260,0.137917,-0.672150,-0.003700,-0.000218,-0.002428
1771002500.533042,0.630551,0.044921,-0.778004,-0.891012,0.006349,-0.007744,0.002845
1771002500.538030,0.635538,-1.533410,-0.438136,1.150657,0.008289,0.004970,0.011902
1771002500.543023,0.640531,-1.552411,-0.448024,1.181049,0.008529,0.004267,0.011166
1771002500.548003,0.645512,-1.513745,-0.444546,1.194833,0.008534,0.004785,0.011456
1771002500.552988,0.650496,-1.514153,-0.287597,1.193830,0.007614,0.006073,0.011977
1771002500.557981,0.655490,-1.538834,-0.368740,1.128571,0.007831,0.004960,0.011483
1771002500.562960,0.660469,-1.555427,-0.427992,1.146096,0.008775,0.004960,0.010996
1771002500.567960,0.665469,-1.559523,-0.422371,1.208807,0.008093,0.004203,0.011165
1771002500.572935,0.670444,-1.535503,-0.427496,1.187872,0.008051,0.003960,0.011015
1771002500.577930,0.675438,-1.553645,-0.469320,1.205873,0.008364,0.003819,0.011319
1771002500.582910,0.680418,-1.513281,-0.287799,1.195946,0.007527,0.005449,0.011854
1771002500.587904,0.685413,-1.636804,1.359237,1.092878,-0.014595,-0.002575,0.007448
1771002500.592884,0.690393,-0.696582,0.751583,-0.779712,-0.017285,-0.002046,-0.006184
1771002500.597871,0.695380,0.704313,-0.008967,-0.721983,-0.003161,-0.000972,-0.002524
1771002500.602858,0.700367,0.713345,-0.011785,-0.720586,-0.002997,-0.000427,-0.002283
1771002500.607849,0.705357,0.714859,0.017894,-0.666412,-0.003209,-0.000674,-0.002454
1771002500.612829,0.710338,0.733601,0.003609,-0.703286,-0.003004,-0.000423,-0.002359
1771002500.617833,0.715342,0.702308,0.110379,-0.678457,-0.003816,-0.000432,-0.002060
1771002500.622806,0.720314,0.736544,0.057655,-0.712675,-0.003019,-0.000434,-0.002524
1771002500.627794,0.725303,0.715935,0.123942,-0.658150,-0.003655,-0.000368,-0.002593
1771002500.632778,0.730287,-2.084987,3.842391,0.391107,-0.025485,-0.009722,-0.000671
1771002500.637763,0.735272,-1.592931,-0.430377,1.145035,0.008032,0.004689,0.011098
1771002500.642992,0.740501,-1.565753,-0.359781,1.170458,0.007765,0.005133,0.011045
1771002500.647802,0.745311,-1.549017,-0.375655,1.222965,0.007411,0.004362,0.011307
1771002500.652746,0.750254,-1.542149,-0.416447,1.129427,0.007868,0.004657,0.011263
1771002500.657742,0.755250,-1.568259,-0.416185,1.157308,0.007984,0.004795,0.011432
1771002500.662707,0.760215,-1.544728,-0.370637,1.179464,0.007751,0.004928,0.011227
1771002500.667689,0.765198,-1.604533,-0.482009,1.132769,0.008541,0.004349,0.010928
1771002500.672676,0.770185,-1.536985,-0.373039,1.156837,0.007913,0.005440,0.011420
1771002500.678043,0.775552,-1.517204,-0.385419,1.176023,0.008054,0.004993,0.011201
1771002500.683035,0.780544,-1.531507,-0.348491,1.171585,0.007700,0.005440,0.011465
1771002500.688033,0.785542,-1.620872,-0.317192,1.157398,0.007701,0.004936,0.010809
1771002500.692996,0.790505,-1.566051,-0.326000,1.206044,0.007261,0.005031,0.011305
1771002500.697977,0.795486,-1.532265,-0.449398,1.165552,0.008342,0.004638,0.011603
1771002500.702984,0.800493,-1.563275,0.205812,1.661021,-0.002014,-0.004564,0.013765
1771002500.707951,0.805460,-1.524288,-0.377251,1.168581,0.007808,0.004779,0.011528
1771002500.712940,0.810448,-2.046289,-1.219398,0.855868,0.008771,-0.014595,-0.001225
1771002500.717932,0.815441,-1.945190,-0.974290,0.919017,0.006666,-0.013412,-0.000353
1771002500.722919,0.820428,-1.576751,-0.390362,1.196279,0.008005,0.004659,0.011354
1771002500.727913,0.825422,-1.511680,-0.309842,1.206651,0.007139,0.004977,0.011816
1771002500.732914,0.830423,-1.540352,-0.480967,1.177709,0.008554,0.003468,0.011281
1771002500.738149,0.835658,-1.541411,-0.318571,1.174677,0.007470,0.004930,0.011197
1771002500.742508,0.840017,-1.569330,-0.490944,1.158987,0.008799,0.003908,0.011214
1771002500.747476,0.844985,-1.517021,-0.427127,1.181379,0.008316,0.004698,0.011471
1771002500.752464,0.849973,-1.539010,-0.377084,1.201523,0.007472,0.004210,0.011528
1771002500.757447,0.854956,-1.540038,-0.375566,1.144921,0.007772,0.004988,0.011545
1771002500.762432,0.859941,-1.510939,-0.295916,1.195882,0.007486,0.005143,0.011928
1771002500.767419,0.864928,-1.539838,-0.274075,1.141486,0.007642,0.006371,0.012160
1771002500.772406,0.869915,-1.577301,-0.434129,1.171493,0.008253,0.004866,0.011453
1771002500.777392,0.874901,-1.535283,-0.354949,1.154956,0.008078,0.004974,0.011740
1771002500.782377,0.879886,-1.986902,-1.212182,0.872664,0.009019,-0.014128,-0.001091
1771002500.787369,0.884877,-1.466174,-0.305769,1.217993,0.007365,0.004962,0.012147
1771002500.792397,0.889905,-1.537061,-0.324433,1.178132,0.007608,0.005407,0.011599
1771002500.797341,0.894850,-1.544451,-0.479233,1.172544,0.008645,0.004228,0.011145
1771002500.802330,0.899838,-1.982975,-1.069935,0.918292,0.007735,-0.013467,-0.000953
1771002500.807311,0.904820,-1.532183,-0.317991,1.197551,0.007415,0.004485,0.011745
1771002500.812298,0.909807,-1.552766,-0.410013,1.202876,0.007725,0.004291,0.011151
1771002500.817281,0.914790,-1.553292,-0.322035,1.186148,0.007549,0.005074,0.011463
1771002500.822335,0.919844,-1.533902,-0.330209,1.186208,0.007737,0.005681,0.011782
1771002500.827252,0.924761,-1.544140,-0.419551,1.175523,0.008094,0.004364,0.011656
1771002500.832253,0.929761,-1.782684,1.364220,0.721313,-0.011368,-0.003474,0.005683
1771002500.837230,0.934739,0.738623,0.082574,-0.732566,-0.003297,-0.000352,-0.002037
1771002500.842221,0.939729,0.735451,0.011349,-0.800082,-0.003092,-0.000550,-0.002414
1771002500.847207,0.944716,0.768559,0.075783,-0.757000,-0.003330,-0.000394,-0.002649
1771002500.852192,0.949701,0.802800,0.081729,-0.814235,-0.002591,-0.000097,-0.001807
1771002500.857177,0.954685,-1.538699,-0.319870,1.175670,0.007364,0.005469,0.011301
1771002500.862161,0.959670,-1.529945,-0.346322,1.180392,0.007207,0.004773,0.011614
1771002500.867153,0.964662,-1.551654,-0.422961,1.146244,0.008164,0.004865,0.011614
1771002500.872136,0.969644,-1.544515,-0.364306,1.185142,0.007652,0.004798,0.011360
1771002500.877124,0.974633,-1.948407,-1.002276,0.890243,0.007546,-0.012949,-0.000423
1771002500.882109,0.979617,-1.531848,-0.370441,1.158473,0.007373,0.004975,0.011835
1771002500.887100,0.984608,-1.547154,-0.394011,1.134541,0.008274,0.005435,0.011303
1771002500.892080,0.989588,-1.495338,-0.336806,1.189633,0.008115,0.005352,0.011901
1771002500.897068,0.994576,-1.233670,0.378935,0.433610,-0.008808,0.004486,0.006129
1771002500.902057,0.999566,-2.008073,-1.278595,0.849870,0.009338,-0.014269,-0.001097
1771002500.907024,1.004532,-1.522667,-0.395688,1.172094,0.007922,0.005244,0.011720
1771002500.912025,1.009534,-1.502851,-0.321094,1.157788,0.008031,0.005575,0.012003
1771002500.917011,1.014519,-1.522239,-0.379264,1.191703,0.007243,0.004781,0.011908
1771002500.921992,1.019500,-1.508305,-0.416000,1.160726,0.008337,0.004711,0.011266
1771002500.926986,1.024495,-1.942067,-1.101727,0.898733,0.007823,-0.013997,-0.000539
1771002500.932201,1.029710,-1.944825,-1.026041,0.908882,0.007373,-0.013396,-0.000508
1771002500.936954,1.034462,-1.525901,-0.283936,1.211603,0.007167,0.005651,0.011566
1771002500.941942,1.039451,-1.992601,-1.150161,0.887516,0.008657,-0.013800,-0.001361
1771002500.946930,1.044439,-1.516388,-0.263121,1.211848,0.007264,0.005580,0.012131
1771002500.951917,1.049425,-1.524827,-0.321619,1.179720,0.007908,0.005674,0.011151
1771002500.956904,1.054413,-1.287257,-0.361558,0.569589,0.000772,0.012022,0.012074
1771002500.961918,1.059427,-1.527183,-0.425982,1.143436,0.008104,0.004255,0.011255
1771002500.966873,1.064382,-1.520022,-0.360799,1.197319,0.007415,0.004227,0.011412
1771002500.971859,1.069368,-1.499859,-0.361323,1.179050,0.007664,0.004748,0.011795
1771002500.976846,1.074354,-1.525697,-0.323261,1.166803,0.007805,0.005728,0.012292
1771002500.981838,1.079346,-1.551820,-0.370253,1.170521,0.007806,0.004575,0.010696
1771002500.986821,1.084330,-1.490532,-0.250178,1.207164,0.007287,0.005375,0.011751
1771002500.991809,1.089317,-1.583889,0.329429,1.644053,-0.001839,-0.003817,0.014012
1771002500.996791,1.094300,-1.559144,-0.278952,1.191486,0.007359,0.005476,0.011657
1771002501.001773,1.099282,-1.542930,-0.387507,1.175594,0.007688,0.004563,0.011323
1771002501.006768,1.104277,-1.576424,-0.388173,1.172453,0.007938,0.004584,0.010932
1771002501.011750,1.109259,-1.559919,-0.335066,1.191611,0.007846,0.004545,0.011514
1771002501.016737,1.114245,-1.541425,-0.362120,1.154781,0.007810,0.005540,0.011215
1771002501.021725,1.119234,-1.547195,-0.339312,1.190125,0.007600,0.004684,0.011029
1771002501.026712,1.124220,-1.532318,-0.424005,1.172338,0.008270,0.005200,0.011433
1771002501.031698,1.129207,-1.547933,-0.360299,1.190349,0.007296,0.004824,0.011220
1771002501.036681,1.134190,-1.558779,-0.385022,1.214637,0.007695,0.004810,0.011185
1771002501.041671,1.139179,-2.007699,-1.132476,0.899948,0.008235,-0.014017,-0.000970
1771002501.046652,1.144161,-1.996782,-1.087265,0.904960,0.007617,-0.013797,-0.001352
1771002501.051636,1.149144,-2.004773,-1.296467,0.852712,0.009192,-0.014558,-0.001275
1771002501.056625,1.154133,-1.982005,-1.122609,0.871786,0.008262,-0.013836,-0.001100
1771002501.061612,1.159121,-1.278149,-0.344763,0.584241,0.000855,0.012034,0.012544
1771002501.066584,1.164092,-1.555013,-0.422033,1.148860,0.008524,0.005237,0.011395
1771002501.071581,1.169090,-1.949620,-1.110849,0.890459,0.008216,-0.013914,-0.000618
1771002501.076575,1.174084,-1.545659,-0.464400,1.122230,0.008794,0.004339,0.011266
1771002501.081558,1.179066,-1.553022,-0.442954,1.136216,0.008344,0.004446,0.011228
1771002501.086603,1.184112,-1.492257,-0.333675,1.207605,0.007409,0.004908,0.011804
1771002501.091533,1.189041,-1.552439,-0.462823,1.171856,0.008486,0.004137,0.011125
1771002501.096519,1.194027,-1.569818,-0.325018,1.172880,0.007279,0.005482,0.010881
1771002501.101909,1.199417,-1.487286,-0.272227,1.176500,0.007079,0.005427,0.011855
1771002501.106514,1.204022,-1.574230,-0.447500,1.158087,0.008260,0.003773,0.010407
1771002501.111480,1.208989,-1.520569,-0.287198,1.197028,0.007661,0.005603,0.011639
1771002501.116841,1.214350,-1.979896,-0.976797,0.930368,0.007180,-0.013244,-0.000524
1771002501.121449,1.218958,-1.551394,-0.366796,1.218115,0.007490,0.004449,0.011532
1771002501.127083,1.224591,-1.523609,-0.383129,1.171585,0.007843,0.005208,0.011678
1771002501.131427,1.228936,-1.540806,-0.383678,1.203064,0.008070,0.005541,0.011362
1771002501.136405,1.233913,-1.535673,-0.435063,1.160501,0.008418,0.004461,0.011170
1771002501.141773,1.239282,-1.602141,-0.544365,1.127919,0.009509,0.003815,0.011046
1771002501.146382,1.243891,-2.018198,-1.269908,0.832056,0.009276,-0.014446,-0.001377
1771002501.151369,1.248878,-1.597902,-0.411751,1.155775,0.007848,0.004653,0.010461
1771002501.156353,1.253861,-1.512768,-0.348496,1.184605,0.008008,0.005363,0.011643
1771002501.161334,1.258843,-1.526700,-0.425110,1.168431,0.008258,0.004662,0.011083
1771002501.166300,1.263808,-1.539117,-0.401563,1.123956,0.008506,0.005192,0.011402
1771002501.171301,1.268810,-1.509469,-0.397121,1.180735,0.008002,0.004594,0.011818
1771002501.176292,1.273801,-1.593772,0.402523,1.663370,-0.002425,-0.004355,0.013273
1771002501.181276,1.278785,-1.556477,-0.370792,1.168800,0.007773,0.004518,0.011114
1771002501.186258,1.283767,-1.597268,-0.400361,1.173249,0.007827,0.004554,0.010817
1771002501.191248,1.288757,-1.565351,-0.415951,1.156708,0.008063,0.004528,0.011175
1771002501.196239,1.293747,-2.005600,-1.130245,0.899199,0.008131,-0.013999,-0.001344
1771002501.201235,1.298744,-1.557029,-0.458361,1.133492,0.008548,0.004841,0.011421
1771002501.206211,1.303719,0.831458,0.387799,-0.674282,-0.004081,-0.000380,-0.004464
1771002501.211191,1.308700,0.728969,0.045162,-0.733812,-0.003457,-0.000337,-0.001833
1771002501.216183,1.313692,0.733356,0.066151,-0.707200,-0.003540,0.000092,-0.001997
1771002501.221169,1.318678,0.766373,0.077167,-0.720740,-0.003438,-0.000454,-0.001947
1771002501.226160,1.323668,0.763325,-0.003756,-0.759508,-0.002848,-0.000119,-0.001864
1771002501.231142,1.328650,0.745803,-0.031677,-0.810222,-0.002391,-0.000056,-0.002268
1771002501.236120,1.333629,0.757010,0.023175,-0.753716,-0.002815,-0.000224,-0.001591
1771002501.241109,1.338618,0.751087,0.052731,-0.761389,-0.002881,0.000158,-0.002286
1771002501.246099,1.343608,-0.096344,-2.144121,-0.773637,0.019903,-0.014842,-0.006968
1771002501.251729,1.349238,-1.546513,-0.306822,1.177110,0.007480,0.005242,0.011393
1771002501.256460,1.353969,-1.567313,-0.451029,1.182238,0.008042,0.004427,0.011083
1771002501.261406,1.358915,-1.539047,-0.431760,1.169453,0.008252,0.004369,0.011652
1771002501.267052,1.364561,-1.537564,-0.433398,1.148929,0.008297,0.004955,0.011393
1771002501.271408,1.368917,-1.551896,-0.392196,1.147340,0.008194,0.004683,0.011580
1771002501.276354,1.373862,-1.505938,-0.385334,1.171545,0.007773,0.004713,0.011836
1771002501.281328,1.378837,-1.533110,-0.404344,1.169444,0.007941,0.004569,0.011157
1771002501.286326,1.383834,-1.560455,-0.299268,1.153105,0.007503,0.005490,0.011863
1771002501.291453,1.388962,-1.545166,-0.362568,1.169801,0.007870,0.004951,0.011329
1771002501.296345,1.393853,-1.522582,-0.367205,1.158862,0.007765,0.005310,0.011189
1771002501.301346,1.398854,-1.548011,-0.489954,1.155946,0.008756,0.003839,0.011246
1771002501.306280,1.403788,-1.540869,-0.376617,1.157568,0.007958,0.004779,0.011464
1771002501.311426,1.408935,-1.570936,-0.409139,1.193715,0.007922,0.004692,0.011295
1771002501.316290,1.413799,-1.546272,-0.413310,1.147825,0.008045,0.004767,0.011019
1771002501.321314,1.418823,-1.550896,-0.392170,1.191224,0.007749,0.004643,0.011634
1771002501.326210,1.423719,-1.554066,-0.378665,1.149872,0.008339,0.005475,0.011518
1771002501.330868,1.428377,-1.593700,-0.480872,1.121374,0.008840,0.004271,0.010874
1771002501.336335,1.433843,-1.518904,-0.442940,1.141548,0.008277,0.004427,0.011570
1771002501.341191,1.438699,-1.547611,-0.462635,1.157382,0.008514,0.004209,0.011360
1771002501.346152,1.443660,-1.549595,-0.414324,1.164639,0.008006,0.004574,0.011276
1771002501.350868,1.448377,-1.524709,-0.387267,1.173854,0.007869,0.004836,0.011406
1771002501.356131,1.453640,-1.556981,-0.445934,1.127784,0.008233,0.004895,0.011629
1771002501.361108,1.458617,-1.605843,-0.503249,1.124314,0.008964,0.004006,0.010884
1771002501.366199,1.463707,-1.572093,-0.450843,1.148210,0.008437,0.004495,0.011411
1771002501.370837,1.468346,-1.549553,0.311716,1.655048,-0.002489,-0.003973,0.013538
1771002501.376055,1.473564,-1.539381,-0.381537,1.198341,0.007649,0.004379,0.010945
1771002501.381102,1.478610,-2.063654,-1.214957,0.854180,0.008392,-0.014491,-0.001604
1771002501.386147,1.483655,-1.553854,-0.422169,1.163190,0.008343,0.004652,0.011220
1771002501.390844,1.488353,-1.550853,-0.373539,1.149523,0.007923,0.004693,0.011363
1771002501.396012,1.493521,-1.998506,-1.105723,0.880043,0.008124,-0.013444,-0.000310
1771002501.401102,1.498611,-1.563732,-0.324668,1.158387,0.007553,0.005050,0.011806
1771002501.406025,1.503534,-1.565384,-0.337258,1.181727,0.007084,0.004553,0.011494
1771002501.410882,1.508391,-1.515838,-0.374142,1.179865,0.008084,0.005149,0.011793
1771002501.416018,1.513527,-2.019792,-1.241780,0.830497,0.008871,-0.014287,-0.001276
1771002501.420939,1.518448,-1.520553,-0.311102,1.139313,0.007661,0.005151,0.011573
1771002501.425920,1.523428,-1.494164,-0.215165,1.161497,0.007284,0.006390,0.012146
1771002501.430877,1.528385,-1.506851,-0.392798,1.149643,0.007749,0.005051,0.011847
1771002501.436051,1.533560,-1.520447,-0.447831,1.160215,0.008312,0.004441,0.011409
1771002501.440946,1.538455,-1.989231,-1.157665,0.835908,0.008418,-0.014074,-0.000517
1771002501.445876,1.543385,-1.964303,-1.127252,0.880147,0.007964,-0.014180,-0.001021
1771002501.451290,1.548799,-1.251657,-0.289805,0.559519,0.000277,0.013075,0.012556
1771002501.455849,1.553357,-1.559432,-0.534500,1.115013,0.009231,0.003729,0.010744
1771002501.460834,1.558343,-1.514460,-0.352205,1.172017,0.008048,0.005626,0.012256
1771002501.465533,1.563042,-1.561678,-0.388045,1.164447,0.008105,0.005031,0.010806
1771002501.470830,1.568339,-1.553250,-0.298650,1.156360,0.007579,0.005434,0.011321
1771002501.475781,1.573290,-1.483158,-0.376888,1.182277,0.008122,0.004931,0.011933
1771002501.481449,1.578958,-1.509228,-0.401457,1.152985,0.007918,0.005424,0.011434
1771002501.485759,1.583268,-1.560198,-0.406728,1.176507,0.007854,0.004817,0.011040
1771002501.490955,1.588464,-1.574466,0.195540,1.640050,-0.001928,-0.004600,0.013352
1771002501.496011,1.593519,-1.602151,-0.345405,1.188151,0.007364,0.004541,0.010816
1771002501.500815,1.598324,-1.541582,-0.379900,1.161314,0.007665,0.004336,0.011523
1771002501.505714,1.603223,-1.544198,-0.430190,1.181571,0.007937,0.004357,0.011344
1771002501.510798,1.608306,-1.179830,-0.889802,0.818720,0.016269,0.005051,0.016075
1771002501.515720,1.613228,-1.529416,-0.428498,1.161925,0.008168,0.004565,0.011171
1771002501.521141,1.618649,-1.572209,-0.413405,1.171157,0.008059,0.004921,0.010954
1771002501.525661,1.623169,-1.560497,-0.404165,1.145326,0.008173,0.004770,0.010892
1771002501.530701,1.628210,-1.564117,-0.323498,1.180351,0.007792,0.005457,0.011229
1771002501.535748,1.633256,-1.578053,-0.458319,1.136274,0.008495,0.004736,0.011157
1771002501.540637,1.638146,-2.007621,-1.215527,0.832746,0.008918,-0.013998,-0.001193
1771002501.545447,1.642955,-1.285883,-0.512119,0.506583,0.002138,0.011020,0.011928
1771002501.550723,1.648232,-1.564764,-0.511153,1.173249,0.009034,0.003793,0.011189
1771002501.555624,1.653132,-1.510662,-0.315863,1.213260,0.006972,0.004574,0.011700
1771002501.560534,1.658043,-1.570244,-0.445010,1.156107,0.008221,0.004369,0.010899
1771002501.565575,1.663084,-1.505718,-0.205926,1.196640,0.006902,0.005874,0.012060
1771002501.570594,1.668102,-2.003306,-1.020046,0.913017,0.007004,-0.014035,-0.000871
1771002501.575641,1.673150,-1.566575,-0.431510,1.178915,0.008025,0.004828,0.011044
1771002501.580540,1.678049,-1.511568,-0.349082,1.193982,0.008060,0.005186,0.012068
1771002501.585477,1.682985,-1.530161,-0.420222,1.187222,0.008239,0.004874,0.011597
1771002501.590446,1.687955,-1.964228,-1.189350,0.863822,0.008769,-0.014025,-0.000765
1771002501.595637,1.693146,-1.559596,-0.316922,1.148355,0.007454,0.004330,0.011397
1771002501.600570,1.698079,-1.543035,-0.390103,1.168922,0.007818,0.004844,0.011630
1771002501.605463,1.702972,-2.027285,-1.215835,0.884956,0.008847,-0.014176,-0.001093
1771002501.610395,1.707903,-1.606947,-0.365830,1.203871,0.007663,0.005208,0.010831
1771002501.615124,1.712632,-2.009846,-1.205887,0.886713,0.008595,-0.014580,-0.001326
1771002501.620391,1.717900,-1.538641,-0.375705,1.206957,0.007947,0.004724,0.011555
1771002501.625487,1.722996,-1.560762,-0.399575,1.174029,0.007974,0.005313,0.011773
1771002501.630336,1.727845,-1.551781,-0.393599,1.158881,0.008002,0.004888,0.011780
1771002501.635088,1.732597,-1.481559,-0.269976,1.190199,0.007643,0.005576,0.012309
1771002501.639993,1.737502,-1.576459,-0.445080,1.167563,0.008271,0.004693,0.011108
1771002501.644973,1.742481,-1.976227,-1.085739,0.908732,0.007797,-0.013649,-0.000603
1771002501.649965,1.747473,-1.568744,-0.365349,1.177489,0.007920,0.004926,0.011382
1771002501.654954,1.752463,-1.948665,-1.000427,0.922207,0.007140,-0.013423,-0.000658
1771002501.659939,1.757447,-1.566173,-0.398125,1.202374,0.007800,0.004518,0.010977
1771002501.664926,1.762435,-1.537846,-0.336243,1.187448,0.007912,0.005502,0.011543
1771002501.669913,1.767422,-1.546671,-0.392239,1.190874,0.007859,0.004713,0.011135
1771002501.674890,1.772399,-1.580941,-0.532647,1.143253,0.008879,0.003456,0.010952
1771002501.679876,1.777385,-1.574178,-0.480920,1.166552,0.008513,0.003743,0.011106
1771002501.684874,1.782382,-1.534972,-0.336940,1.205904,0.007420,0.004659,0.011423
1771002501.689859,1.787367,-1.536607,-0.277425,1.185071,0.007313,0.005751,0.011665
1771002501.694846,1.792355,-1.474744,-0.297475,1.208623,0.007206,0.005462,0.011858
1771002501.699933,1.797441,-1.548188,-0.342314,1.205628,0.007158,0.004373,0.011442
1771002501.704820,1.802329,-1.550154,-0.361955,1.196555,0.007490,0.004618,0.011573
1771002501.709796,1.807305,-1.506741,-0.326462,1.230359,0.007392,0.004840,0.011082
1771002501.714780,1.812289,-1.545514,-0.407705,1.155059,0.007942,0.004675,0.011021
1771002501.719774,1.817282,-1.506787,-0.206285,1.226541,0.006852,0.005174,0.012313
1771002501.724751,1.822259,-1.521469,-0.412300,1.189241,0.008191,0.004573,0.011461
1771002501.729736,1.827244,-1.983278,-1.234796,0.857677,0.008920,-0.014234,-0.001623
1771002501.734848,1.832357,-1.988276,-1.124107,0.892744,0.008068,-0.013691,-0.000752
1771002501.739722,1.837231,-1.560073,-0.447552,1.150145,0.008505,0.004155,0.010790
1771002501.744697,1.842205,-1.525586,-0.328445,1.183691,0.007503,0.005277,0.012013
1771002501.749694,1.847203,-1.489190,-0.365559,1.188871,0.008179,0.005768,0.012137
1771002501.754672,1.852180,-1.522339,-0.374445,1.161629,0.007533,0.004785,0.011174
1771002501.759667,1.857176,-1.527651,-0.376794,1.147427,0.008030,0.004975,0.011674
1771002501.764667,1.862175,-1.562485,-0.391906,1.167692,0.007911,0.004797,0.010936
1771002501.769638,1.867147,-1.552318,-0.363658,1.178868,0.007354,0.004852,0.011153
1771002501.774886,1.872395,-1.557510,-0.283586,1.148557,0.008151,0.006073,0.012174
1771002501.779624,1.877133,-1.517989,-0.343057,1.186081,0.007177,0.004975,0.012086
1771002501.784609,1.882118,-1.563492,-0.458227,1.152384,0.008457,0.004350,0.011105
1771002501.789588,1.887097,-1.550589,-0.409820,1.158966,0.007841,0.004811,0.011237
1771002501.794621,1.892130,-1.577225,-0.364596,1.138247,0.008350,0.005952,0.011740
1771002501.799543,1.897052,-1.558735,-0.421589,1.176115,0.007895,0.004029,0.011212
1771002501.804517,1.902025,-1.556550,-0.410097,1.173134,0.007878,0.004484,0.011380
1771002501.809524,1.907033,-1.550052,-0.462411,1.168302,0.008621,0.004230,0.011046
1771002501.814531,1.912039,-1.515805,-0.196291,1.200766,0.007145,0.005793,0.011834
1771002501.819518,1.917027,-1.033966,3.017184,-0.352528,-0.013750,0.003799,0.011142
1771002501.824464,1.921973,0.728932,-0.064319,-0.778865,-0.002655,-0.000921,-0.002532
1771002501.829459,1.926968,0.718926,0.043662,-0.717556,-0.003532,-0.000694,-0.002463
1771002501.834445,1.931954,0.726738,0.111866,-0.709470,-0.003497,-0.000535,-0.002166
1771002501.839452,1.936960,0.365405,0.394091,0.403508,-0.001282,-0.006865,-0.001732
1771002501.844410,1.941919,-1.548440,-0.362696,1.191429,0.007847,0.004961,0.011613
1771002501.849455,1.946964,-1.528588,-0.365615,1.199497,0.007378,0.004483,0.011756
1771002501.854388,1.951896,-1.573107,-0.449513,1.151988,0.008031,0.003878,0.011227
1771002501.859363,1.956872,-1.539099,-0.336631,1.179142,0.007340,0.005219,0.011554
1771002501.864343,1.961852,-2.019236,-1.266743,0.833016,0.008921,-0.014696,-0.001744
1771002501.869334,1.966843,-1.534487,-0.449442,1.173818,0.008293,0.004640,0.011503
1771002501.874327,1.971836,-1.551702,-0.422422,1.140620,0.008416,0.004623,0.011268
1771002501.879322,1.976830,-2.033843,-1.202697,0.824242,0.008756,-0.014214,-0.001124
1771002501.884305,1.981814,-1.555924,-0.305237,1.217261,0.007359,0.004769,0.011843
1771002501.889330,1.986839,-1.577152,-0.464688,1.142581,0.008220,0.004065,0.010739
1771002501.894279,1.991787,-1.557266,-0.362502,1.186955,0.007764,0.004603,0.010995
1771002501.899253,1.996762,-1.491646,-0.316926,1.170205,0.007505,0.005504,0.011751
1771002501.904251,2.001760,-1.571388,-0.468964,1.138680,0.008393,0.004338,0.011106
1771002501.909242,2.006751,-1.568276,-0.446235,1.118446,0.008294,0.004467,0.011445
1771002501.914211,2.011720,-1.529367,-0.287317,1.186278,0.007468,0.005035,0.011601
1771002501.919201,2.016709,-1.547580,-0.350729,1.153889,0.007625,0.005230,0.011210
1771002501.924194,2.021703,-1.578317,-0.376286,1.164618,0.007799,0.004656,0.011476
1771002501.929157,2.026666,-1.521387,-0.437289,1.163194,0.008356,0.004441,0.011380
1771002501.934278,2.031786,-1.972820,-1.172714,0.862163,0.008735,-0.013689,-0.001014
1771002501.939140,2.036649,-1.522726,-0.430132,1.194720,0.008310,0.004457,0.011729
1771002501.944136,2.041645,-1.969784,-1.019632,0.917235,0.007187,-0.013362,-0.000748
1771002501.949118,2.046627,-1.980819,-1.163137,0.869711,0.008161,-0.014321,-0.000974
1771002501.954103,2.051612,-2.041237,-1.240743,0.842925,0.008951,-0.014505,-0.001129
1771002501.959084,2.056592,-1.534432,-0.365184,1.167154,0.007750,0.005165,0.011802
1771002501.964069,2.061577,-1.570510,-0.343082,1.176617,0.007503,0.004623,0.010886
1771002501.969073,2.066581,-1.563360,-0.444406,1.157572,0.008605,0.004861,0.011170
1771002501.974045,2.071554,-1.550021,-0.441448,1.158254,0.008429,0.005210,0.011570
1771002501.979043,2.076552,-1.552386,-0.371785,1.187197,0.008232,0.005290,0.011650
1771002501.984011,2.081520,-1.523472,-0.332572,1.183715,0.007528,0.005209,0.011921
1771002501.989013,2.086522,-1.532016,-0.431567,1.188520,0.008198,0.004765,0.011323
1771002501.993986,2.091495,-1.553882,-0.420783,1.157675,0.008110,0.004254,0.010673
1771002501.999001,2.096510,-1.576058,-0.457080,1.159463,0.008332,0.003856,0.011278
1771002502.003962,2.101471,-1.556954,-0.385897,1.186562,0.008030,0.004755,0.011264
1771002502.008944,2.106453,-1.562357,-0.399228,1.197412,0.007893,0.004827,0.011379
1771002502.013936,2.111445,-1.527667,-0.419100,1.165742,0.008323,0.004928,0.011820
1771002502.018993,2.116502,-1.504778,-0.406804,1.150696,0.008226,0.005402,0.011847
1771002502.023902,2.121410,-1.496244,-0.348196,1.232329,0.007622,0.005389,0.011988
1771002502.028886,2.126394,-1.543128,-0.382368,1.184858,0.007650,0.004827,0.010946
1771002502.033873,2.131382,-1.990951,-1.158436,0.889654,0.008330,-0.014252,-0.001030
1771002502.039649,2.137158,-1.605331,-0.493712,1.160131,0.008443,0.003691,0.010444
1771002502.043849,2.141358,-1.539871,-0.363284,1.205573,0.007635,0.004878,0.011436
1771002502.048839,2.146348,-1.953373,-1.055458,0.892375,0.007621,-0.013718,-0.000500
1771002502.053849,2.151358,-1.559278,-0.435858,1.173641,0.007931,0.004526,0.011130
1771002502.058872,2.156380,-1.976685,-1.131161,0.874096,0.008243,-0.013891,-0.000998
1771002502.063793,2.161302,-1.552262,-0.397346,1.188623,0.007833,0.004817,0.011689
1771002502.069412,2.166921,-2.017173,-1.058872,0.903645,0.007215,-0.013949,-0.001036
1771002502.073757,2.171265,-1.543151,-0.316698,1.192441,0.007552,0.004961,0.010974
1771002502.079413,2.176922,-1.483686,-0.360432,1.163127,0.007796,0.005275,0.011587
1771002502.083742,2.181251,-1.527440,-0.396063,1.225611,0.007798,0.004226,0.011385
1771002502.088723,2.186232,-1.534046,-0.427603,1.209850,0.008121,0.004476,0.011543
1771002502.094233,2.191742,-1.604656,0.252160,1.635782,-0.002141,-0.004372,0.013556
1771002502.098698,2.196207,-1.570813,-0.332418,1.141673,0.007551,0.005197,0.010959
1771002502.103673,2.201182,-1.981013,-0.987729,0.904406,0.007308,-0.013441,-0.000608
1771002502.108658,2.206167,-1.523723,-0.352167,1.183869,0.007603,0.004940,0.011858
1771002502.113647,2.211155,-1.520515,-0.395162,1.178430,0.007676,0.004719,0.011650
1771002502.118649,2.216158,-1.546174,-0.286287,1.180861,0.007310,0.005279,0.011649
1771002502.123613,2.221122,-1.534529,-0.412011,1.173692,0.007941,0.004878,0.011743
1771002502.128609,2.226117,-0.650573,1.012211,-0.257674,-0.020267,-0.002651,-0.004721
1771002502.133599,2.231107,0.736801,0.050509,-0.721095,-0.002763,-0.000325,-0.001945
1771002502.138575,2.236084,0.740772,-0.000984,-0.765080,-0.002754,-0.000571,-0.002173
1771002502.143560,2.241069,0.767487,0.030331,-0.768330,-0.002910,-0.000035,-0.001946
1771002502.148569,2.246078,0.731951,0.062403,-0.687503,-0.003280,-0.000542,-0.002223
1771002502.153607,2.251115,0.696218,0.025892,-0.713506,-0.003134,-0.000655,-0.002715
1771002502.158549,2.256057,0.755755,0.019604,-0.746907,-0.002680,0.000044,-0.001766
1771002502.163516,2.261024,0.692730,0.100107,-0.659537,-0.003913,-0.000898,-0.002628
1771002502.168511,2.266020,0.375488,3.365773,-1.265879,-0.034092,0.014584,0.000876
1771002502.173496,2.271004,-1.579684,-0.381318,1.168340,0.007929,0.004898,0.010913
1771002502.178500,2.276009,-1.574199,-0.388483,1.190894,0.007624,0.004022,0.010943
1771002502.183451,2.280959,-1.581984,-0.256765,1.183425,0.007030,0.005378,0.011084
1771002502.188445,2.285953,-1.541071,-0.364091,1.195767,0.007635,0.005106,0.011022
1771002502.193434,2.290942,-1.563609,-0.267058,1.194376,0.006947,0.005443,0.011745
1771002502.198411,2.295920,-1.554096,-0.460588,1.179475,0.008816,0.004322,0.011315
1771002502.203407,2.300916,-1.555635,-0.328604,1.199627,0.007733,0.005235,0.010891
1771002502.208387,2.305896,-1.990441,-1.062347,0.885264,0.007563,-0.013817,-0.001099
1771002502.213369,2.310878,-1.977987,-1.095936,0.886345,0.008179,-0.013682,-0.000598
1771002502.218377,2.315886,-1.537675,-0.386606,1.193835,0.007786,0.004367,0.011032
1771002502.223360,2.320869,-2.007566,-1.061468,0.915757,0.007567,-0.013513,-0.001271
1771002502.228329,2.325838,-1.553047,-0.522404,1.136464,0.009355,0.003705,0.011022
1771002502.233299,2.330808,-1.990095,-1.138466,0.869502,0.008296,-0.014054,-0.000785
1771002502.238297,2.335805,-1.490772,-0.192451,1.227292,0.006906,0.005523,0.012043
1771002502.243289,2.340797,-1.537394,-0.366835,1.193464,0.007314,0.004634,0.011231
1771002502.248272,2.345780,-1.522979,-0.330853,1.187698,0.007090,0.005222,0.011257
1771002502.253273,2.350782,-1.576350,-0.470421,1.145637,0.008654,0.004122,0.010697
1771002502.258244,2.355753,-1.530405,-0.349631,1.177792,0.007925,0.005234,0.011550
1771002502.263232,2.360741,-1.521006,-0.227307,1.225468,0.006883,0.005802,0.012111
1771002502.268220,2.365729,-1.235261,-0.266637,0.554876,0.000380,0.013144,0.012657
1771002502.273210,2.370718,-1.536561,-0.443009,1.138245,0.008214,0.004155,0.011731
1771002502.278194,2.375703,-1.568634,-0.425082,1.160742,0.008090,0.004477,0.011044
1771002502.283215,2.380723,-1.968201,-1.001543,0.914694,0.007422,-0.013300,-0.000442
1771002502.288154,2.385663,-1.558287,-0.445528,1.147026,0.008641,0.004895,0.011224
1771002502.293139,2.390647,-1.537218,-0.378344,1.172369,0.007659,0.004981,0.011954
1771002502.298127,2.395636,-1.535396,-0.336712,1.176298,0.007935,0.004793,0.012312
1771002502.303159,2.400668,-1.985035,-1.087095,0.867390,0.007942,-0.013773,-0.000992
1771002502.308099,2.405608,-1.547467,-0.408614,1.130976,0.008342,0.004887,0.011092
1771002502.313086,2.410595,-1.527841,-0.410097,1.156015,0.008367,0.005056,0.011830
1771002502.318061,2.415569,-1.546751,-0.441742,1.145024,0.008573,0.004515,0.011166
1771002502.323141,2.420650,-1.530590,-0.356049,1.145130,0.007886,0.005118,0.012019
1771002502.328054,2.425563,-1.479133,-0.356329,1.216421,0.007718,0.004883,0.012010
1771002502.333093,2.430602,-2.099446,-0.357705,0.859306,0.007255,-0.005809,-0.003822
1771002502.338018,2.435526,0.680917,0.288994,-0.621744,-0.005052,-0.000673,-0.003419
1771002502.342995,2.440503,0.706001,0.021112,-0.768449,-0.002760,-0.000773,-0.002835
1771002502.348075,2.445583,0.747789,0.243352,-0.727143,-0.004269,-0.000390,-0.002958
1771002502.352973,2.450482,0.719370,0.105681,-0.743454,-0.003628,-0.000670,-0.002657
1771002502.358011,2.455520,0.741802,0.060450,-0.813192,-0.003123,-0.000051,-0.002380
1771002502.362950,2.460459,0.758526,0.049368,-0.765167,-0.003143,-0.000504,-0.002026
1771002502.367931,2.465439,0.725096,0.070099,-0.755224,-0.003520,-0.001048,-0.002846
1771002502.372914,2.470423,0.677602,0.064921,-0.766943,-0.003134,-0.000691,-0.002383
1771002502.377904,2.475413,0.747656,0.045360,-0.832143,-0.003290,-0.000285,-0.002287
1771002502.383728,2.481237,0.700428,0.048803,-0.729831,-0.003661,-0.000752,-0.002597
1771002502.387867,2.485375,0.704479,0.083739,-0.735242,-0.003539,-0.000382,-0.002774
1771002502.392861,2.490370,0.704961,0.155871,-0.742607,-0.003964,-0.000812,-0.003036
1771002502.398428,2.495936,0.709217,0.100718,-0.698620,-0.003744,-0.000836,-0.002552
1771002502.403653,2.501162,0.726882,0.095084,-0.762373,-0.003379,-0.000426,-0.002204
1771002502.407883,2.505391,0.686479,0.080118,-0.697849,-0.004040,-0.001215,-0.002866
1771002502.412799,2.510307,0.755682,0.140105,-0.803694,-0.003663,-0.000276,-0.002116
1771002502.417779,2.515288,0.725974,0.170090,-0.749461,-0.003764,-0.000000,-0.002308
1771002502.422798,2.520307,0.758709,0.078506,-0.775686,-0.003735,-0.000567,-0.002524
1771002502.428106,2.525615,0.742106,0.076590,-0.778642,-0.003688,-0.000891,-0.002830
1771002502.432746,2.530255,0.698044,0.034027,-0.803081,-0.003393,-0.001122,-0.002942
1771002502.437727,2.535236,-1.569098,-0.041221,1.189938,0.005903,0.004631,0.010835
1771002502.443549,2.541058,-1.606240,0.451852,1.648661,-0.002713,-0.004231,0.012816
1771002502.447705,2.545214,-1.587784,-0.349391,1.163687,0.007617,0.004389,0.010799
1771002502.452682,2.550191,-1.509922,-0.375283,1.182428,0.007749,0.004704,0.011672
1771002502.458632,2.556141,-1.556789,-0.367420,1.162929,0.007691,0.004571,0.011199
1771002502.462658,2.560167,-1.575113,0.354023,1.639563,-0.002183,-0.004084,0.013286
1771002502.467721,2.565229,-1.520757,-0.405930,1.148342,0.008227,0.005272,0.011710
1771002502.472623,2.570132,-2.026827,-1.193146,0.827057,0.008715,-0.014443,-0.001356
1771002502.477615,2.575123,-1.266186,-0.438086,0.478159,0.001731,0.011572,0.011454
1771002502.482613,2.580122,-1.602543,0.434355,1.616286,-0.001679,-0.004170,0.013654
1771002502.487590,2.585099,-1.572415,0.263800,1.617895,-0.001580,-0.004854,0.013111
1771002502.492563,2.590072,-1.567374,-0.332348,1.122623,0.007690,0.005015,0.011703
1771002502.497548,2.595056,-2.007092,-1.214359,0.850842,0.008711,-0.014185,-0.001078
1771002502.502552,2.600061,-1.602035,-0.437097,1.138716,0.008282,0.004721,0.010747
1771002502.507530,2.605039,-1.524498,-0.340759,1.169985,0.007765,0.005453,0.011535
1771002502.512517,2.610026,-1.529660,-0.309114,1.192655,0.007493,0.005773,0.011675
1771002502.517492,2.615000,-1.982386,-1.124918,0.885869,0.007929,-0.014214,-0.001024
1771002502.522529,2.620038,-1.515696,-0.398571,1.153527,0.007990,0.004945,0.011686
1771002502.527467,2.624976,-1.549168,-0.330094,1.153958,0.007498,0.005139,0.011223
1771002502.532449,2.629958,-1.524713,-0.309090,1.200513,0.007316,0.005259,0.011753
1771002502.537443,2.634952,-1.515057,-0.388753,1.207132,0.008008,0.003940,0.011388
1771002502.543029,2.640538,-1.543076,-0.341046,1.147775,0.008388,0.005872,0.011647
1771002502.548071,2.645580,-1.550288,-0.366969,1.140023,0.008227,0.005525,0.011464
1771002502.552401,2.649910,-1.512878,-0.355303,1.172374,0.007921,0.005554,0.011899
1771002502.557411,2.654919,-1.523386,-0.401183,1.163236,0.007813,0.004985,0.011820
1771002502.562375,2.659883,-1.540435,-0.353571,1.158378,0.007589,0.005118,0.011287
1771002502.567387,2.664895,-1.575054,-0.352971,1.160407,0.007454,0.005322,0.011254
1771002502.572352,2.669861,-1.986593,-1.173209,0.854537,0.008643,-0.013879,-0.000932
1771002502.577324,2.674833,-1.521649,-0.369651,1.192990,0.007609,0.004965,0.011300
1771002502.582317,2.679825,-1.549100,-0.431557,1.204192,0.008137,0.003900,0.011418
1771002502.587350,2.684859,-1.533646,-0.497849,1.144762,0.009030,0.004523,0.011320
1771002502.592293,2.689802,-1.579641,-0.413866,1.136056,0.008197,0.004866,0.010874
1771002502.597329,2.694838,-1.570190,-0.324750,1.180682,0.007445,0.004768,0.010667
1771002502.602248,2.699757,-1.568112,-0.402008,1.184911,0.008309,0.004779,0.011494
1771002502.608091,2.705600,-1.505194,-0.411372,1.181815,0.008313,0.004772,0.011013
1771002502.612240,2.709749,-1.570071,-0.351759,1.170553,0.007813,0.005036,0.011214
1771002502.617217,2.714725,-1.560550,-0.334352,1.152881,0.007782,0.005134,0.011103
1771002502.622896,2.720405,-1.590304,0.377790,1.615139,-0.001932,-0.003815,0.013783
1771002502.627199,2.724707,-1.549571,-0.313722,1.223255,0.007309,0.004645,0.011232
1771002502.632178,2.729687,-1.546066,-0.381138,1.159157,0.007715,0.004202,0.011293
1771002502.637154,2.734662,-1.557413,-0.293010,1.159889,0.007529,0.004718,0.011613
1771002502.642162,2.739671,-1.538625,-0.332760,1.171415,0.007606,0.004846,0.011244
1771002502.647133,2.744641,-1.535999,-0.438963,1.124589,0.008542,0.005158,0.011631
1771002502.652118,2.749626,-1.577470,0.288485,1.630994,-0.001624,-0.003993,0.013621
1771002502.657100,2.754609,-1.541524,-0.368333,1.164180,0.007877,0.005024,0.011438
1771002502.662090,2.759598,-1.547565,-0.273254,1.195606,0.006933,0.004806,0.011387
1771002502.667068,2.764577,-1.540134,-0.371769,1.144172,0.008028,0.004862,0.011273
1771002502.672128,2.769636,-1.506599,-0.396988,1.141458,0.008298,0.004548,0.012041
1771002502.677692,2.775200,-1.573965,-0.347097,1.154550,0.007662,0.005124,0.011509
1771002502.682087,2.779596,-1.554180,-0.463648,1.129054,0.008397,0.004175,0.011223
1771002502.687231,2.784739,-1.544893,-0.322170,1.183699,0.007655,0.004815,0.011137
1771002502.692144,2.789653,-1.297795,-0.371095,0.526796,0.001317,0.011860,0.011606
1771002502.696992,2.794500,-1.547813,-0.415060,1.155722,0.007852,0.005004,0.011129
1771002502.701984,2.799493,-1.545770,-0.449256,1.112537,0.008815,0.004816,0.011168
1771002502.706975,2.804484,-1.507633,-0.314688,1.134189,0.008145,0.006390,0.012202
1771002502.712043,2.809551,-1.535103,-0.416073,1.145854,0.008136,0.004901,0.011433
1771002502.717611,2.815120,-1.541463,-0.365922,1.198674,0.007558,0.005262,0.011395
1771002502.721923,2.819432,-1.530486,-0.392825,1.202687,0.007504,0.004604,0.011547
1771002502.726913,2.824422,-1.522714,-0.307313,1.155222,0.007630,0.005083,0.011353
1771002502.732430,2.829939,-1.973607,-1.116104,0.881660,0.008072,-0.014013,-0.000343
1771002502.736893,2.834401,-1.503077,-0.322331,1.184431,0.007411,0.004839,0.012004
1771002502.741856,2.839365,0.649262,-0.292737,0.188498,-0.006380,-0.002772,-0.001798
1771002502.747058,2.844567,-1.583208,-0.373620,1.168722,0.007589,0.004949,0.010909
1771002502.751832,2.849340,-1.551862,-0.375405,1.195921,0.007623,0.004382,0.010982
1771002502.757468,2.854976,-0.244191,-0.389911,1.314142,0.010658,0.009780,0.027605
1771002502.761820,2.859329,-1.497888,-0.436004,1.149629,0.008609,0.005312,0.011732
1771002502.766793,2.864302,-1.558735,-0.422659,1.153045,0.008350,0.004306,0.011354
1771002502.772426,2.869935,-1.547923,-0.416232,1.155699,0.007882,0.004675,0.011368
1771002502.776769,2.874278,-1.550361,-0.381886,1.178035,0.007826,0.005052,0.011527
1771002502.781756,2.879264,-1.548618,-0.437076,1.162863,0.008385,0.004265,0.010720
1771002502.786740,2.884249,-1.564175,-0.394125,1.139797,0.008259,0.005413,0.011816
1771002502.791739,2.889248,-1.547981,-0.340189,1.151704,0.007680,0.005611,0.011659
1771002502.796718,2.894226,-1.527751,-0.458354,1.121923,0.008738,0.004999,0.011748
1771002502.801693,2.899201,-1.557577,-0.434393,1.152703,0.008242,0.004432,0.010630
1771002502.806675,2.904183,-1.535313,-0.322559,1.155066,0.008117,0.006081,0.011625
1771002502.811678,2.909187,-1.562273,-0.474457,1.135098,0.008626,0.004028,0.011409
1771002502.816653,2.914162,-2.124349,-0.016253,0.947794,0.004818,-0.005793,-0.003327
1771002502.821640,2.919148,0.755443,0.103418,-0.747066,-0.003800,-0.000184,-0.002451
1771002502.826622,2.924130,0.731688,0.053144,-0.733684,-0.003082,-0.000422,-0.002306
1771002502.832722,2.930231,0.724716,0.050547,-0.767340,-0.003254,-0.000282,-0.002221
1771002502.836601,2.934110,0.615768,0.071165,-0.918609,-0.003080,-0.000649,-0.002347
1771002502.841584,2.939092,-1.530587,-0.415521,1.125286,0.008117,0.005007,0.011617
1771002502.847089,2.944598,-1.561659,-0.428024,1.114257,0.008200,0.004271,0.011162
1771002502.851590,2.949099,-1.557542,-0.380310,1.158193,0.007393,0.005019,0.011207
1771002502.856535,2.954044,-1.553537,-0.438396,1.153124,0.008193,0.004561,0.010864
1771002502.862187,2.959695,-1.550581,-0.474145,1.162802,0.008529,0.004338,0.011556
1771002502.866529,2.964037,-1.539375,-0.408884,1.130998,0.008125,0.005085,0.011692
1771002502.871552,2.969061,-1.534547,-0.351639,1.163711,0.007499,0.004121,0.011599
1771002502.876470,2.973979,-1.530816,-0.389837,1.135740,0.008153,0.005094,0.011561
1771002502.881467,2.978975,-1.531445,-0.314261,1.187093,0.007441,0.004682,0.010850
1771002502.886483,2.983992,-1.551353,-0.471782,1.129062,0.008873,0.004850,0.011262
1771002502.891603,2.989112,-1.510013,-0.305461,1.179904,0.007223,0.005061,0.011230
1771002502.896431,2.993939,-1.577434,-0.472488,1.130147,0.008501,0.004322,0.010735
1771002502.901415,2.998924,-1.552717,-0.366842,1.219981,0.007360,0.004699,0.010719
1771002502.906491,3.003999,-1.523730,-0.384333,1.171227,0.007988,0.005277,0.011399
1771002502.911377,3.008886,-1.541839,-0.347266,1.164320,0.007625,0.005134,0.011023
1771002502.916376,3.013885,-1.549791,-0.392122,1.130949,0.007926,0.004802,0.010819
1771002502.921354,3.018862,-1.550511,-0.478011,1.143791,0.008786,0.004842,0.011171
1771002502.926333,3.023841,-1.259109,0.200247,1.147179,-0.009141,0.003372,0.013695
1771002502.931333,3.028842,-1.576358,-0.425595,1.149608,0.007966,0.004559,0.011029
1771002502.936302,3.033810,-1.536867,-0.364766,1.130870,0.008009,0.005109,0.011437
1771002502.941303,3.038812,-1.553657,-0.374158,1.152478,0.008083,0.004993,0.011444
1771002502.946288,3.043797,-1.514112,-0.432240,1.179508,0.008229,0.004348,0.011595
1771002502.951274,3.048783,-1.580156,-0.428816,1.122123,0.008351,0.005018,0.010701
1771002502.956241,3.053750,-1.577667,-0.515340,1.139504,0.008961,0.003567,0.010956
1771002502.961223,3.058732,-1.549767,-0.402940,1.156887,0.007986,0.005057,0.011386
1771002502.966222,3.063731,-1.568309,-0.430103,1.166818,0.008040,0.004512,0.010742
1771002502.971734,3.069243,-1.945801,-1.134857,0.869813,0.008163,-0.014227,-0.000451
1771002502.976188,3.073697,-1.575398,-0.451044,1.148363,0.008292,0.004456,0.010669
1771002502.981191,3.078699,-1.537624,-0.415782,1.140734,0.008248,0.004675,0.010947
1771002502.986205,3.083714,-1.313026,-0.385046,0.571095,0.001011,0.011460,0.012601
1771002502.991155,3.088664,-1.985864,-1.135098,0.909718,0.008219,-0.014187,-0.001077
1771002502.996147,3.093656,-1.547697,-0.345232,1.189528,0.007746,0.005473,0.011587
1771002503.001136,3.098645,-1.567284,-0.463602,1.159697,0.008604,0.003723,0.010937
1771002503.006105,3.103614,-1.498176,-0.335231,1.218432,0.007490,0.005037,0.011711
1771002503.011094,3.108602,-1.564947,-0.456902,1.153970,0.008421,0.004313,0.011401
1771002503.016079,3.113588,-1.541270,-0.420983,1.200004,0.007845,0.004327,0.011245
1771002503.021082,3.118590,-1.536782,-0.402031,1.173382,0.008119,0.005057,0.011329
1771002503.026056,3.123565,-1.558796,-0.409935,1.172174,0.007755,0.003813,0.011077
1771002503.031038,3.128547,-1.577618,-0.454738,1.148505,0.008427,0.004217,0.011261
1771002503.036012,3.133521,-2.027386,-1.196602,0.877789,0.008343,-0.014423,-0.001532
1771002503.040987,3.138496,-1.538851,-0.307586,1.150492,0.007548,0.005136,0.011287
1771002503.045996,3.143505,-1.525627,-0.336228,1.168966,0.007202,0.004712,0.011559
1771002503.050993,3.148502,0.588447,0.093062,-0.795868,-0.004174,-0.001054,-0.004403
1771002503.056621,3.154129,0.712480,-0.001931,-0.786637,-0.002749,-0.000471,-0.002551
1771002503.060942,3.158451,0.739570,0.061870,-0.721466,-0.003478,-0.000347,-0.002546
1771002503.065949,3.163458,0.743071,0.046286,-0.746651,-0.003085,-0.000328,-0.002108
1771002503.071436,3.168945,0.748732,0.167159,-0.731059,-0.003813,0.000073,-0.002613
1771002503.076351,3.173859,0.699550,0.099748,-0.720553,-0.003413,-0.000485,-0.002073
1771002503.081349,3.178858,0.708094,-0.037477,-0.787466,-0.002336,-0.000324,-0.002370
1771002503.086353,3.183861,0.720617,0.087683,-0.711663,-0.003774,-0.000692,-0.002197
1771002503.090902,3.188411,0.165453,-0.227225,0.413547,0.009117,-0.000192,0.000710
1771002503.096344,3.193852,-1.555210,-0.465395,1.136995,0.008783,0.004557,0.011170
1771002503.100852,3.198361,-1.565511,-0.337601,1.136656,0.007965,0.005908,0.011757
1771002503.105852,3.203361,-1.592232,-0.376092,1.157500,0.007705,0.004867,0.010848
1771002503.111276,3.208785,-1.546433,-0.380399,1.159746,0.007991,0.004881,0.011161
1771002503.115796,3.213304,-1.565955,-0.423563,1.155449,0.007974,0.004048,0.011123
1771002503.120850,3.218359,-1.967532,-1.155773,0.870735,0.008367,-0.013907,-0.000781
1771002503.126327,3.223835,-1.541757,-0.369471,1.155388,0.007633,0.005016,0.011671
1771002503.130785,3.228293,-1.306633,-0.214771,0.593721,-0.000364,0.011939,0.011751
1771002503.136225,3.233733,-1.552944,-0.385701,1.136006,0.008520,0.005433,0.011359
1771002503.140738,3.238247,-1.275962,-0.397045,0.548223,0.001317,0.011636,0.012087
1771002503.145717,3.243225,-1.554307,-0.499203,1.105314,0.008878,0.004212,0.011258
1771002503.150776,3.248285,-1.570227,-0.341668,1.202535,0.007740,0.005418,0.011092
1771002503.155692,3.253201,-1.556191,-0.424368,1.132345,0.008278,0.004701,0.011623
1771002503.160682,3.258191,-1.533198,-0.371459,1.157068,0.007760,0.005216,0.011884
1771002503.165702,3.263210,-1.559188,-0.474581,1.135695,0.009183,0.004778,0.011200
1771002503.170621,3.268130,-1.534735,-0.418955,1.132299,0.008180,0.005193,0.011549
1771002503.175625,3.273134,-1.593533,-0.418324,1.146129,0.008206,0.004754,0.011435
1771002503.180628,3.278137,-1.550451,-0.273550,1.158719,0.007389,0.005462,0.011754
1771002503.185612,3.283120,-1.559629,-0.465912,1.146076,0.008366,0.004186,0.011508
1771002503.190573,3.288081,-1.964945,-1.052026,0.876879,0.007457,-0.013716,-0.000573
1771002503.195581,3.293090,-1.585821,-0.394640,1.156588,0.007727,0.004740,0.010792
1771002503.200566,3.298075,-1.561747,-0.319701,1.170115,0.007339,0.005040,0.011298
1771002503.205538,3.303047,-1.985796,-1.292274,0.831881,0.009477,-0.014467,-0.001055
1771002503.210576,3.308084,-1.575862,-0.470020,1.153717,0.008608,0.003923,0.011094
1771002503.215510,3.313018,-1.551259,-0.402179,1.184671,0.007983,0.004651,0.011261
1771002503.220488,3.317996,-1.523920,-0.261443,1.195855,0.007063,0.005214,0.011669
1771002503.225487,3.322996,-1.565649,-0.426655,1.188404,0.007895,0.004053,0.011439
1771002503.230488,3.327996,-1.570346,-0.404097,1.159379,0.007632,0.004570,0.011303
1771002503.235453,3.332961,-1.532993,-0.396035,1.189915,0.007649,0.004565,0.012068
1771002503.240451,3.337960,-1.549340,-0.347732,1.151815,0.007576,0.005101,0.011228
1771002503.245438,3.342946,-1.955772,-1.153951,0.880766,0.008340,-0.013947,-0.000746
1771002503.250408,3.347917,-1.512764,-0.314361,1.136549,0.007736,0.005305,0.011535
1771002503.255396,3.352904,-1.545514,-0.314008,1.192306,0.007218,0.004856,0.011671
1771002503.260395,3.357903,-1.987422,-1.105365,0.861590,0.007953,-0.013752,-0.000754
1771002503.265373,3.362882,-1.613751,-0.507141,1.128757,0.008785,0.003577,0.011236
1771002503.270365,3.367874,-2.017136,-1.166932,0.868254,0.008166,-0.014070,-0.001184
1771002503.275335,3.372844,-1.546520,-0.437800,1.165824,0.008419,0.004645,0.011578
1771002503.280339,3.377847,-1.982248,-1.118905,0.885583,0.007831,-0.014043,-0.000357
1771002503.285325,3.382833,-1.565402,-0.449205,1.136361,0.008277,0.004834,0.010886
1771002503.290304,3.387813,-1.523414,-0.243038,1.194144,0.007367,0.005734,0.011710
1771002503.295321,3.392829,-1.971797,-1.194727,0.856372,0.008942,-0.013759,-0.000891
1771002503.300622,3.398131,-2.014146,-1.100174,0.896312,0.007598,-0.013860,-0.000625
1771002503.305602,3.403111,-1.499622,-0.464299,1.159070,0.008645,0.004237,0.011851
1771002503.310229,3.407737,-1.556791,-0.453414,1.175770,0.008303,0.004445,0.011477
1771002503.315220,3.412729,-1.503409,-0.393557,1.181443,0.007934,0.004959,0.011777
1771002503.320210,3.417719,-1.538274,-0.367549,1.180450,0.007492,0.004719,0.011624
1771002503.325182,3.422690,-1.527276,-0.372639,1.186543,0.007446,0.004420,0.011290
1771002503.330164,3.427672,-1.569137,-0.488057,1.135779,0.008961,0.004596,0.011328
1771002503.335156,3.432664,-1.523642,-0.351470,1.185514,0.007481,0.005021,0.011230
1771002503.340163,3.437672,-1.513645,-0.401640,1.181427,0.007843,0.004792,0.011589
1771002503.345136,3.442645,-1.528747,-0.369867,1.234043,0.007359,0.004323,0.011471
1771002503.350136,3.447644,-1.521496,-0.375686,1.218133,0.007396,0.004154,0.011469
1771002503.355114,3.452622,-2.074919,-0.694775,0.789613,0.010063,-0.005123,-0.003084
1771002503.360571,3.458080,-1.308394,-0.451154,0.482903,0.001932,0.011578,0.012102
1771002503.365063,3.462572,-1.997668,-1.035856,0.902769,0.007447,-0.013748,-0.001362
1771002503.370076,3.467584,-1.521473,-0.330492,1.161212,0.007953,0.005303,0.011844
1771002503.375059,3.472567,-1.572544,-0.472633,1.121438,0.008258,0.004080,0.011099
1771002503.380051,3.477560,-1.530195,-0.421968,1.121883,0.008397,0.005409,0.011401
1771002503.385066,3.482574,-1.264723,-0.426458,0.514252,0.001497,0.011752,0.012548
1771002503.390015,3.487523,-1.550775,-0.407463,1.178851,0.007895,0.004062,0.011164
1771002503.394988,3.492497,-1.538577,-0.349800,1.122496,0.007699,0.005585,0.011713
1771002503.399984,3.497493,-1.575017,-0.449596,1.140751,0.008552,0.005091,0.011210
1771002503.404962,3.502470,-1.965937,-1.127258,0.855538,0.008049,-0.013836,-0.000662
1771002503.409945,3.507453,-1.532956,-0.424308,1.176277,0.008116,0.004202,0.011528
1771002503.414946,3.512455,-1.520736,-0.432880,1.170825,0.008262,0.004041,0.011527
1771002503.419925,3.517434,-2.023352,-1.106536,0.898262,0.007851,-0.014011,-0.001240
1771002503.424923,3.522432,-1.537603,-0.402562,1.154693,0.007971,0.004641,0.011642
1771002503.429938,3.527447,-1.972449,-1.111357,0.863647,0.008233,-0.014019,-0.001037
1771002503.434876,3.532384,-1.553365,-0.295006,1.177877,0.007103,0.005056,0.011626
1771002503.439864,3.537373,-1.538351,-0.407527,1.188094,0.007893,0.004514,0.011390
1771002503.444855,3.542364,-2.018143,-1.062829,0.880176,0.007443,-0.013714,-0.001413
1771002503.449843,3.547351,-1.299935,-0.432059,0.487149,0.001747,0.011634,0.011511
1771002503.454824,3.552333,-1.302515,-0.374090,0.543755,0.000855,0.011636,0.011881
1771002503.459796,3.557305,-2.000884,-1.046784,0.879635,0.007419,-0.013632,-0.001158
1771002503.464793,3.562302,-1.538496,-0.386289,1.170921,0.007790,0.004690,0.011155
1771002503.469788,3.567297,-1.937683,-1.131199,0.874284,0.008096,-0.013923,-0.000367
1771002503.474776,3.572284,-1.979433,-1.131436,0.865283,0.008178,-0.014372,-0.000675
1771002503.479748,3.577256,-1.533422,-0.410194,1.184245,0.008214,0.004669,0.011671
1771002503.484746,3.582255,-1.548451,-0.365811,1.205168,0.007785,0.005258,0.011392
1771002503.489710,3.587219,-1.567421,-0.377276,1.157537,0.007834,0.005205,0.010979
1771002503.494713,3.592221,-1.538474,-0.412473,1.177742,0.008163,0.004816,0.011398
1771002503.499697,3.597206,-2.006457,-1.236772,0.859822,0.008793,-0.014463,-0.001561
1771002503.504675,3.602184,-1.544037,-0.352256,1.199808,0.007352,0.004765,0.011417
1771002503.509670,3.607179,-1.517472,-0.317247,1.212729,0.007460,0.005105,0.011763
1771002503.514660,3.612169,-1.607255,-0.297077,1.200139,0.007529,0.005000,0.011153
1771002503.519642,3.617151,-1.257279,-0.297165,0.562094,0.000550,0.013369,0.012816
1771002503.524636,3.622144,-1.519093,-0.394746,1.217760,0.007718,0.004271,0.011238
1771002503.529618,3.627127,-1.502167,-0.347004,1.181860,0.007997,0.005910,0.012301
1771002503.534571,3.632080,-1.971108,-1.075630,0.912123,0.007928,-0.013424,-0.000857
1771002503.539577,3.637086,-1.958459,-1.025631,0.931378,0.007548,-0.013513,-0.000566
1771002503.544574,3.642082,-1.544160,-0.287335,1.191399,0.007751,0.005440,0.011830
1771002503.549559,3.647067,-1.555689,-0.443137,1.147616,0.008486,0.004593,0.010975
1771002503.554563,3.652072,-1.549784,-0.278464,1.211497,0.007263,0.005402,0.011449
1771002503.559530,3.657038,-1.592261,-0.423337,1.151710,0.008149,0.004233,0.010647
1771002503.564514,3.662023,-1.535933,-0.329272,1.191301,0.007611,0.005301,0.011438
1771002503.569504,3.667013,-1.979349,-1.075965,0.890110,0.007490,-0.013750,-0.000989
1771002503.574497,3.672006,-1.579924,-0.403756,1.166854,0.007730,0.004430,0.011438
1771002503.579461,3.676970,-1.968158,-1.031118,0.895524,0.007567,-0.013624,-0.000707
1771002503.584469,3.681978,-2.020533,-1.145543,0.893464,0.008314,-0.014190,-0.001623
1771002503.589449,3.686957,-1.510283,-0.401584,1.201432,0.008091,0.004890,0.011864
1771002503.594432,3.691941,-1.563260,-0.380476,1.151624,0.007857,0.005130,0.011291
1771002503.599420,3.696928,-2.007268,-1.170727,0.854357,0.008281,-0.014160,-0.000666
1771002503.604897,3.702406,-1.532782,-0.444257,1.151674,0.008524,0.004630,0.011406
1771002503.609869,3.707378,-1.575702,-0.396820,1.181750,0.007871,0.004747,0.010870
1771002503.614352,3.711861,-1.584042,-0.453230,1.156037,0.008583,0.004397,0.010868
1771002503.619349,3.716857,-1.982280,-1.199013,0.864477,0.008505,-0.014239,-0.000568
1771002503.624361,3.721870,-1.554163,-0.451461,1.159377,0.008548,0.004617,0.011728
1771002503.629327,3.726836,-1.541392,-0.482191,1.136902,0.008863,0.004915,0.011878
1771002503.634309,3.731818,-2.019141,-1.143422,0.860845,0.008290,-0.013640,-0.001247
1771002503.639284,3.736793,-1.546379,-0.277898,1.192668,0.007420,0.005341,0.011561
1771002503.644273,3.741782,-1.542837,-0.456371,1.146075,0.008965,0.004847,0.010992
1771002503.649263,3.746772,-1.516165,-0.319778,1.191439,0.007808,0.005138,0.011453
1771002503.654251,3.751760,-1.542825,-0.222025,1.189843,0.006929,0.005171,0.011416
1771002503.659231,3.756740,-1.527891,-0.404567,1.175150,0.008059,0.004661,0.011406
1771002503.664220,3.761729,-1.964918,3.668611,0.865831,-0.028788,-0.006393,0.002045
1771002503.669206,3.766715,-1.566508,-0.334957,1.180515,0.007566,0.004767,0.011139
1771002503.674196,3.771704,-1.567322,-0.279710,1.160290,0.007818,0.005810,0.011372
1771002503.679174,3.776683,-1.547572,-0.331955,1.166247,0.007131,0.004474,0.010946
1771002503.684163,3.781671,-1.561282,-0.377184,1.146054,0.007784,0.004852,0.012063
1771002503.689160,3.786669,-1.525905,-0.405737,1.149137,0.007997,0.004653,0.011952
1771002503.694142,3.791651,-1.984835,-1.130350,0.893981,0.008199,-0.013946,-0.001559
1771002503.699123,3.796631,-1.590893,-0.432872,1.168947,0.008320,0.004331,0.010632
1771002503.704104,3.801613,-1.537634,-0.329400,1.174505,0.007883,0.005167,0.012086
1771002503.709162,3.806671,-1.980935,-1.035802,0.903428,0.007488,-0.013466,-0.000869
1771002503.714586,3.812094,-1.556095,-0.361608,1.189430,0.007715,0.004439,0.011248
1771002503.719098,3.816607,-1.548492,-0.393221,1.173622,0.007749,0.004669,0.011057
1771002503.724061,3.821570,-1.500999,-0.324517,1.170508,0.008009,0.005775,0.011977
1771002503.729043,3.826552,-1.971630,-1.011756,0.912037,0.007471,-0.013339,-0.000205
1771002503.734234,3.831743,-1.548589,-0.367458,1.140923,0.007890,0.005443,0.011718
1771002503.739645,3.837153,-1.579518,-0.420654,1.172935,0.008279,0.004657,0.010830
1771002503.744576,3.842084,-1.534727,-0.404294,1.180489,0.007925,0.003920,0.011227
1771002503.749546,3.847054,-1.542736,-0.446106,1.161093,0.008287,0.004461,0.011829
1771002503.754577,3.852086,-1.563394,-0.470253,1.196742,0.008204,0.004151,0.011236
1771002503.759523,3.857032,-1.494906,-0.448894,1.154701,0.008614,0.005075,0.012059
1771002503.764504,3.862013,-1.975783,-1.056718,0.922280,0.007507,-0.013711,-0.001094
1771002503.769753,3.867261,-1.532711,-0.333615,1.152360,0.008067,0.005214,0.011553
1771002503.774606,3.872114,-1.548731,-0.449750,1.189825,0.008117,0.003915,0.011471
1771002503.778903,3.876412,-1.943220,-0.993278,0.902594,0.007180,-0.013590,-0.000288
1771002503.784467,3.881976,-1.500134,-0.441290,1.084328,0.008965,0.005623,0.011824
1771002503.789481,3.886990,-1.557685,-0.359633,1.150329,0.007915,0.005080,0.011207
1771002503.794425,3.891934,-2.038965,-1.233909,0.856170,0.009044,-0.014445,-0.001520
1771002503.798835,3.896343,-1.571126,-0.461391,1.166267,0.008669,0.004019,0.010984
1771002503.804533,3.902042,-1.563200,-0.451737,1.165863,0.008575,0.004151,0.010788
1771002503.808878,3.906387,-1.521310,-0.379638,1.172592,0.007614,0.004873,0.011543
1771002503.813803,3.911312,-1.562103,-0.367586,1.198164,0.007627,0.004490,0.011026
1771002503.819384,3.916893,0.199769,1.059100,0.058866,-0.013022,-0.001450,0.008887
1771002503.823771,3.921279,0.733181,0.113623,-0.756633,-0.003644,-0.000278,-0.002538
1771002503.829380,3.926889,0.733169,0.169048,-0.718193,-0.003979,-0.000502,-0.002430
1771002503.833805,3.931314,0.738352,0.038099,-0.735377,-0.003264,-0.000416,-0.002258
1771002503.838736,3.936244,0.370916,3.666607,-1.563350,-0.034373,0.015736,0.001956
1771002503.844390,3.941899,-1.295360,-0.336168,0.566473,0.000277,0.011512,0.012045
1771002503.848684,3.946193,-1.561958,-0.449852,1.152129,0.008311,0.004428,0.010566
1771002503.853711,3.951220,-1.561991,-0.311401,1.209081,0.006936,0.004922,0.010998
1771002503.859314,3.956823,-1.572235,-0.453530,1.152586,0.008472,0.004249,0.010919
1771002503.863682,3.961190,-1.495784,-0.344706,1.187026,0.008046,0.005959,0.011983
1771002503.869418,3.966926,-1.559265,-0.468509,1.136082,0.008306,0.004482,0.011014
1771002503.873641,3.971149,-1.528394,-0.353582,1.179389,0.007922,0.005337,0.011515
1771002503.878676,3.976185,-1.550952,-0.489010,1.161253,0.008952,0.004601,0.011470
1771002503.884254,3.981762,-1.554787,-0.484008,1.134645,0.008654,0.003966,0.011067
1771002503.888952,3.986461,-1.508976,-0.353029,1.147889,0.008503,0.005781,0.012011
1771002503.893597,3.991106,-1.552860,-0.392426,1.137129,0.007791,0.004903,0.010842
1771002503.899173,3.996682,-1.586837,-0.389077,1.148801,0.008344,0.005134,0.011368
1771002503.903553,4.001062,-1.548236,-0.407999,1.175497,0.008084,0.004757,0.011104
1771002503.909234,4.006743,-1.563936,-0.385374,1.187050,0.007725,0.003826,0.010484
1771002503.913518,4.011027,-1.571819,-0.341127,1.187293,0.007498,0.004798,0.011233
1771002503.918514,4.016022,-1.548251,-0.324371,1.148456,0.007812,0.005535,0.011642
1771002503.924079,4.021588,-1.998979,-1.123751,0.883349,0.008030,-0.013795,-0.001119
1771002503.928477,4.025985,-1.552600,-0.373447,1.183972,0.007542,0.004938,0.011435
1771002503.933474,4.030983,-1.558281,-0.427435,1.139874,0.008300,0.004689,0.011438
1771002503.939085,4.036594,-1.566699,-0.424033,1.126104,0.008018,0.004465,0.011085
1771002503.943432,4.040940,-1.563544,-0.419797,1.155910,0.008048,0.004323,0.011496
1771002503.949344,4.046853,-1.581463,-0.479837,1.148627,0.008620,0.004839,0.010764
1771002503.953453,4.050962,-1.551061,-0.539188,1.143692,0.009293,0.003875,0.011528
1771002503.958991,4.056499,-1.991321,-1.123218,0.902828,0.007747,-0.014510,-0.001077
1771002503.963371,4.060880,-1.581844,-0.431750,1.178902,0.008122,0.004278,0.011282
1771002503.968353,4.065861,-1.544082,-0.416049,1.202256,0.008036,0.004587,0.011631
1771002503.973978,4.071486,0.463053,0.559111,-0.203175,-0.002157,-0.000099,0.002168
1771002503.978330,4.075839,0.703663,0.058914,-0.699675,-0.003605,-0.001098,-0.002741
1771002503.983315,4.080823,0.737329,0.089607,-0.700264,-0.003719,-0.000607,-0.002548
1771002503.988300,4.085809,0.760224,-0.022030,-0.755102,-0.002765,-0.000395,-0.001821
1771002503.993288,4.090796,0.728562,-0.011759,-0.713730,-0.002814,-0.000683,-0.002309
1771002503.998321,4.095829,0.720635,0.007313,-0.764156,-0.002855,-0.000397,-0.002184
1771002504.003275,4.100784,0.725330,0.036079,-0.740817,-0.003048,-0.000451,-0.002178
1771002504.008244,4.105753,0.746396,0.022057,-0.772855,-0.003114,-0.001438,-0.002731
1771002504.013232,4.110741,1.320228,-0.293983,-1.239691,0.001633,0.009001,0.011421
1771002504.018220,4.115729,-1.961799,-1.064075,0.939271,0.007639,-0.013431,-0.000939
1771002504.023201,4.120710,-1.551903,-0.386234,1.171709,0.007947,0.005139,0.010951
1771002504.028183,4.125692,-1.562941,-0.380629,1.173499,0.007560,0.005041,0.010999
1771002504.033162,4.130671,-1.562740,-0.525416,1.148220,0.008987,0.003867,0.011059
1771002504.038522,4.136031,-1.536913,-0.417568,1.202662,0.008357,0.004794,0.011408
1771002504.043131,4.140640,-1.597646,-0.362479,1.171876,0.007690,0.005062,0.011295
1771002504.048103,4.145612,-1.584872,-0.370442,1.227587,0.007342,0.004753,0.011058
1771002504.053121,4.150630,-1.580496,-0.470284,1.157498,0.008463,0.004238,0.011148
1771002504.058095,4.155603,-1.950328,-1.149089,0.894517,0.008235,-0.014115,-0.000629
1771002504.063085,4.160594,-1.528489,-0.414012,1.197721,0.007964,0.004780,0.011682
1771002504.068084,4.165593,-1.561233,-0.504779,1.185542,0.008922,0.003672,0.011388
1771002504.073056,4.170565,-1.526412,-0.425482,1.172095,0.008283,0.004889,0.011501
1771002504.078309,4.175818,-1.511316,-0.434101,1.166348,0.008561,0.004841,0.011424
1771002504.083029,4.180538,-1.576537,-0.368764,1.136884,0.008054,0.005513,0.011773
1771002504.088039,4.185548,-1.507928,-0.427298,1.159590,0.008283,0.004817,0.011934
1771002504.093001,4.190509,-1.568480,-0.494144,1.133904,0.008847,0.004181,0.011230
1771002504.097981,4.195490,-1.530479,-0.312609,1.166457,0.007587,0.005606,0.011741
1771002504.102967,4.200475,-1.559525,-0.387571,1.208197,0.007619,0.004179,0.011284
1771002504.107953,4.205462,-1.574854,-0.347469,1.177139,0.007394,0.004560,0.011201
1771002504.112949,4.210458,-1.573036,-0.378377,1.170500,0.007822,0.005313,0.011080
1771002504.117933,4.215441,-1.515413,-0.391804,1.223274,0.007624,0.004398,0.011676
1771002504.123474,4.220982,-1.521179,-0.349156,1.171028,0.007912,0.005153,0.011794
1771002504.128345,4.225853,-1.503932,-0.259516,1.205062,0.007529,0.005979,0.012071
1771002504.133313,4.230822,-1.549799,-0.439198,1.169307,0.008567,0.005049,0.011389
1771002504.137868,4.235377,-1.568615,-0.400230,1.198751,0.007533,0.004541,0.011507
1771002504.142853,4.240362,-2.021849,-1.237348,0.854660,0.009074,-0.014302,-0.001239
1771002504.147878,4.245387,-1.467726,-0.323900,1.221114,0.007151,0.005241,0.012227
1771002504.152837,4.250345,-1.519703,-0.308151,1.229857,0.007459,0.005668,0.011572
1771002504.157822,4.255331,-1.498302,-0.326702,1.184116,0.007592,0.004834,0.011924
1771002504.162794,4.260303,-1.926126,-1.055131,0.905193,0.007875,-0.013296,-0.000640
1771002504.167789,4.265298,-2.001016,-1.038549,0.920340,0.007378,-0.013445,-0.000561
1771002504.172772,4.270281,-1.536963,-0.496388,1.134921,0.008767,0.004137,0.011368
1771002504.177755,4.275264,-1.589607,-0.468818,1.184412,0.008437,0.004418,0.011235
1771002504.182734,4.280243,-1.545156,-0.403270,1.200927,0.007682,0.004448,0.011271
1771002504.187729,4.285238,-1.546216,-0.381497,1.159867,0.007724,0.004944,0.011443
1771002504.192717,4.290226,-1.511972,-0.399847,1.181112,0.007838,0.004358,0.011182
1771002504.197694,4.295203,-1.538296,-0.439686,1.156566,0.008338,0.004856,0.011177
1771002504.202686,4.300194,-2.014752,-1.233303,0.849381,0.009009,-0.014231,-0.001140
1771002504.207660,4.305169,-1.573473,-0.411993,1.209124,0.007458,0.004508,0.011105
1771002504.212650,4.310158,-2.009372,-1.123490,0.931358,0.007728,-0.014423,-0.000823
1771002504.217635,4.315144,-1.586426,-0.582928,1.136009,0.009462,0.003660,0.011044
1771002504.222657,4.320165,-1.510476,-0.331220,1.211097,0.007589,0.005420,0.011120
1771002504.227607,4.325115,-1.538169,-0.391574,1.218226,0.007877,0.004686,0.011421
1771002504.232616,4.330124,-1.559088,-0.462821,1.143687,0.008802,0.004480,0.010506
1771002504.237575,4.335083,-1.552391,-0.338650,1.193510,0.007358,0.005027,0.011438
1771002504.242559,4.340068,-1.588598,-0.447769,1.155715,0.008373,0.004561,0.010965
1771002504.247560,4.345068,-1.542216,-0.462713,1.133475,0.008533,0.004589,0.011190
1771002504.252533,4.350042,-1.530682,-0.443024,1.144931,0.008107,0.004504,0.011196
1771002504.257529,4.355038,-1.556947,-0.398359,1.135277,0.008331,0.005137,0.011849
1771002504.262529,4.360037,-1.563407,-0.339600,1.161662,0.007835,0.005098,0.011566
1771002504.267492,4.365000,-1.570658,-0.315300,1.135240,0.007547,0.004849,0.010849
1771002504.272481,4.369990,-1.538228,-0.336471,1.151118,0.008107,0.005359,0.011595
1771002504.277467,4.374976,1.121666,-0.281473,0.538942,0.009117,0.015456,0.009191
1771002504.282748,4.380257,0.744629,0.044752,-0.714216,-0.003160,-0.000557,-0.002215
1771002504.287450,4.384959,0.699646,0.107155,-0.712742,-0.003885,-0.000890,-0.002890
1771002504.292416,4.389925,0.699035,0.011466,-0.821336,-0.002484,-0.000574,-0.002707
1771002504.297400,4.394909,0.753258,0.083882,-0.732131,-0.003704,-0.000554,-0.002209
1771002504.302392,4.399900,0.724966,0.056466,-0.772762,-0.003377,-0.000666,-0.002394
1771002504.307372,4.404881,0.714327,0.067933,-0.794350,-0.003517,-0.000582,-0.002486
1771002504.312353,4.409862,0.728227,0.033106,-0.806770,-0.003060,-0.000475,-0.002503
1771002504.317812,4.415321,0.490576,-0.205706,1.006269,0.010931,0.013215,0.015787
1771002504.322782,4.420291,-1.546105,-0.383399,1.171195,0.007535,0.004701,0.010931
1771002504.327780,4.425289,-1.550094,-0.360699,1.147548,0.007782,0.004685,0.010887
1771002504.332795,4.430303,-1.528320,-0.235486,1.195382,0.007178,0.005326,0.011466
1771002504.337755,4.435264,-1.539748,-0.266697,1.201232,0.007239,0.004790,0.011323
1771002504.342742,4.440251,-1.570086,-0.342007,1.144399,0.008198,0.005467,0.010981
1771002504.347745,4.445254,-1.547604,-0.437336,1.196302,0.008143,0.004498,0.011387
1771002504.352250,4.449759,1.254688,2.021271,-1.391765,-0.013094,0.013203,0.012048
1771002504.357240,4.454749,0.695996,0.006314,-0.751334,-0.003107,-0.000542,-0.002583
1771002504.362222,4.459731,0.741839,0.139962,-0.714132,-0.003426,-0.000312,-0.002343
1771002504.367538,4.465047,0.693194,0.024140,-0.690949,-0.003254,-0.001083,-0.002689
1771002504.372556,4.470064,0.707518,0.160381,-0.749268,-0.003836,-0.000377,-0.002981
1771002504.377208,4.474717,0.697535,0.049519,-0.719118,-0.003254,-0.000483,-0.002489
1771002504.382144,4.479653,0.782860,1.173505,-0.269740,-0.015838,0.008015,0.008583
1771002504.387149,4.484658,-1.551172,-0.442046,1.130150,0.008486,0.004884,0.010956
1771002504.392139,4.489648,-1.591880,-0.413725,1.181897,0.007900,0.004712,0.011099
1771002504.397142,4.494650,-1.567338,-0.344411,1.152179,0.007782,0.005352,0.010869
1771002504.402513,4.500021,-1.538023,-0.422220,1.147120,0.008135,0.005160,0.011286
1771002504.407475,4.504983,-1.534432,-0.389185,1.129628,0.008115,0.004292,0.011426
1771002504.412484,4.509993,-1.575664,-0.492711,1.123281,0.009203,0.004137,0.010914
1771002504.417040,4.514549,-1.604473,-0.402573,1.160969,0.007881,0.004570,0.010753
1771002504.422048,4.519557,-2.026541,-1.124061,0.870883,0.008380,-0.014055,-0.001108
1771002504.427042,4.524551,-1.540984,-0.526398,1.136109,0.009021,0.003706,0.011244
1771002504.432030,4.529539,-1.542861,-0.357949,1.175713,0.007629,0.004836,0.011495
1771002504.437008,4.534517,-1.516196,-0.264578,1.181548,0.007509,0.005722,0.012132
1771002504.441990,4.539499,-1.557344,-0.377020,1.175086,0.007520,0.005128,0.010989
1771002504.446983,4.544491,-1.528950,-0.357852,1.209004,0.007521,0.004620,0.011506
1771002504.451962,4.549471,-1.600428,-0.370964,1.169655,0.007722,0.004965,0.011476
1771002504.456933,4.554442,-1.644001,-0.516328,1.110984,0.008701,0.003965,0.010305
1771002504.461939,4.559447,-1.559429,-0.356954,1.192397,0.007585,0.004472,0.011191
1771002504.466934,4.564443,-1.974357,-1.173301,0.882216,0.008336,-0.014050,-0.001207
1771002504.471917,4.569426,-1.546441,-0.408318,1.199995,0.007907,0.004412,0.011097
1771002504.476901,4.574409,-1.514037,-0.362812,1.204177,0.007837,0.004587,0.011218
1771002504.481887,4.579396,-1.566392,-0.327594,1.197461,0.007194,0.004783,0.011256
1771002504.486888,4.584396,-1.517608,-0.405856,1.172066,0.008257,0.004581,0.011502
1771002504.491859,4.589367,0.337170,0.759076,0.077413,-0.012134,0.000062,-0.007160
1771002504.496862,4.594370,0.731044,0.165845,-0.723638,-0.003851,-0.000455,-0.002593
1771002504.501825,4.599334,0.735187,0.036578,-0.788632,-0.003270,-0.000783,-0.002391
1771002504.506819,4.604328,0.709975,0.069665,-0.710749,-0.003151,-0.000561,-0.002293
1771002504.511796,4.609304,-1.662945,3.929308,-0.151452,-0.029300,-0.004260,-0.005776
1771002504.516787,4.614295,-1.541927,-0.422054,1.177205,0.008270,0.004644,0.011982
1771002504.521775,4.619284,-1.532014,-0.284537,1.192183,0.007549,0.005627,0.011902
1771002504.526753,4.624262,-1.581206,-0.391783,1.147792,0.008078,0.005188,0.011390
1771002504.531913,4.629422,-1.572991,-0.451535,1.126392,0.008711,0.004359,0.010897
1771002504.536754,4.634263,-1.938771,-1.013944,0.884861,0.007208,-0.013640,-0.000287
1771002504.541710,4.639218,-1.541299,-0.291782,1.149810,0.007922,0.005201,0.011769
1771002504.546715,4.644224,-1.518960,-0.277354,1.210483,0.006765,0.004610,0.011863
1771002504.551678,4.649187,-1.545272,-0.245104,1.198336,0.007214,0.005176,0.011551
1771002504.556679,4.654188,-1.538721,-0.404565,1.159155,0.008029,0.004698,0.011460
1771002504.561657,4.659165,-1.492168,-0.366298,1.175656,0.007855,0.004999,0.012142
1771002504.566646,4.664155,-1.567804,-0.412433,1.190965,0.008064,0.004411,0.011120
1771002504.571786,4.669295,-2.019955,-1.222845,0.827878,0.009029,-0.014018,-0.001837
1771002504.576638,4.674147,-1.594605,-0.387943,1.183570,0.007875,0.004720,0.011429
1771002504.581598,4.679107,-1.985800,-1.137653,0.867115,0.008271,-0.013775,-0.001148
1771002504.586587,4.684096,1.281663,-0.502909,-1.099113,0.002075,0.011796,0.011890
1771002504.591627,4.689136,0.752333,0.002826,-0.745523,-0.002723,-0.000192,-0.002099
1771002504.596552,4.694061,0.688195,0.033038,-0.767380,-0.003277,-0.000534,-0.002924
1771002504.601566,4.699075,0.721212,0.089168,-0.824391,-0.003582,-0.000738,-0.002901
1771002504.606526,4.704035,0.710417,0.043969,-0.734329,-0.003351,-0.000582,-0.002635
1771002504.611516,4.709025,0.714295,-0.043070,-0.855376,-0.002274,-0.000385,-0.002515
1771002504.616496,4.714005,0.708521,0.033648,-0.797791,-0.002929,-0.000426,-0.002357
1771002504.621466,4.718974,0.787088,0.111097,-0.809003,-0.003549,-0.000429,-0.001926
1771002504.626490,4.723999,-1.571594,-0.457358,1.134600,0.008384,0.004061,0.010677
1771002504.631452,4.728960,-1.535417,-0.331209,1.183945,0.007410,0.005320,0.011406
1771002504.636421,4.733930,-0.219613,-0.295007,1.275642,0.010450,0.010346,0.027880
1771002504.641420,4.738929,-1.529421,-0.379960,1.170165,0.007817,0.004825,0.011380
1771002504.646399,4.743907,-1.561734,-0.382774,1.175125,0.007524,0.004996,0.010775
1771002504.651388,4.748896,-1.568064,-0.350463,1.168859,0.007925,0.005121,0.011390
1771002504.656382,4.753891,-2.011081,-1.185490,0.851636,0.008743,-0.014041,-0.001668
1771002504.661360,4.758869,-1.522853,-0.353538,1.184971,0.007658,0.004685,0.010604
1771002504.666349,4.763858,-1.496441,-0.299356,1.162272,0.007834,0.005979,0.011698
1771002504.671316,4.768825,-1.560838,-0.299798,1.157954,0.007681,0.005325,0.011087
1771002504.676315,4.773823,-1.559539,-0.342738,1.176231,0.007943,0.004955,0.011195
1771002504.681304,4.778813,-1.520363,-0.271803,1.181328,0.007880,0.005607,0.011602
1771002504.686289,4.783798,-1.553588,-0.452594,1.145083,0.008424,0.005191,0.011515
1771002504.691276,4.788784,-1.505542,-0.417761,1.161746,0.008369,0.004729,0.012015
1771002504.696261,4.793770,-1.518568,-0.486397,1.130947,0.009113,0.004414,0.011824
1771002504.701237,4.798745,-1.547173,-0.334745,1.183257,0.007544,0.004697,0.011209
1771002504.706240,4.803749,-1.542428,-0.362848,1.177623,0.007904,0.005503,0.011587
1771002504.711208,4.808717,-1.563138,-0.393111,1.177767,0.007908,0.004464,0.010901
1771002504.716199,4.813708,-1.525652,-0.347526,1.168733,0.007670,0.005012,0.011639
1771002504.721163,4.818672,-1.547715,-0.419070,1.173728,0.008030,0.004544,0.011687
1771002504.726173,4.823682,-1.554915,-0.323584,1.173552,0.007968,0.005648,0.011339
1771002504.731188,4.828697,-1.576645,-0.428472,1.144524,0.008180,0.004627,0.011096
1771002504.736246,4.833755,1.017392,0.044723,-0.515996,-0.001684,0.000289,-0.004157
1771002504.741171,4.838680,0.669031,0.079490,-0.681131,-0.003791,-0.001394,-0.003208
1771002504.746115,4.843623,0.726608,-0.024037,-0.766139,-0.003232,-0.001019,-0.002445
1771002504.751105,4.848614,0.742984,0.039857,-0.794570,-0.003071,-0.000432,-0.002241
1771002504.756098,4.853607,-2.136105,4.181005,0.141569,-0.026701,-0.008089,0.000849
1771002504.761079,4.858588,-1.542687,-0.307628,1.166461,0.007605,0.005784,0.011453
1771002504.766060,4.863569,-1.516472,-0.435041,1.157565,0.008338,0.004484,0.011295
1771002504.771041,4.868549,-1.577601,-0.403914,1.145806,0.008062,0.004498,0.010291
1771002504.776037,4.873546,-1.556439,-0.423217,1.163793,0.008008,0.004624,0.011226
1771002504.781008,4.878516,-1.561721,-0.391933,1.125730,0.008314,0.005075,0.011094
1771002504.785997,4.883506,-1.547374,-0.449423,1.154469,0.008441,0.004878,0.011668
1771002504.790988,4.888496,-1.564063,-0.394459,1.192697,0.007750,0.004205,0.010797
1771002504.795971,4.893480,-1.525362,-0.448680,1.138787,0.008516,0.004487,0.011790
1771002504.800937,4.898446,-2.031582,-1.239497,0.844280,0.008832,-0.014483,-0.001548
1771002504.805933,4.903442,-1.545222,-0.458091,1.160271,0.008490,0.004179,0.011626
1771002504.810918,4.908426,-1.984823,-1.219962,0.870549,0.008783,-0.014289,-0.000861
1771002504.815899,4.913408,-1.996913,-1.155216,0.857537,0.008637,-0.013838,-0.001008
1771002504.820897,4.918405,-1.170732,-0.301916,0.815480,0.005186,0.006697,0.006399
1771002504.825883,4.923392,0.675097,-0.031071,-0.733767,-0.002933,-0.001407,-0.002796
1771002504.830866,4.928375,0.741182,0.071088,-0.722941,-0.003393,-0.000522,-0.002223
1771002504.835861,4.933369,0.701883,0.148971,-0.771389,-0.003666,-0.000103,-0.002287
1771002504.840839,4.938347,0.745162,0.096429,-0.771360,-0.003767,-0.000361,-0.002510
1771002504.845822,4.943331,-1.498423,-0.473225,1.095189,0.009407,0.004305,0.011489
1771002504.850810,4.948319,-1.507692,-0.357884,1.185105,0.007531,0.004153,0.011071
1771002504.855794,4.953303,-1.532015,-0.447288,1.140892,0.008778,0.004811,0.011253
1771002504.860775,4.958283,-1.515014,-0.399015,1.172469,0.008103,0.004071,0.011241
1771002504.865762,4.963270,-1.539460,-0.332326,1.161017,0.007659,0.004521,0.011056
1771002504.870748,4.968256,-1.217572,-0.386518,0.520952,0.001204,0.012560,0.013028
1771002504.875736,4.973245,-1.550700,-0.324790,1.134854,0.008034,0.005165,0.011733
1771002504.880708,4.978217,-1.238403,0.339752,1.144347,-0.009871,0.004030,0.014039
1771002504.885692,4.983200,-1.983163,-1.120364,0.854889,0.008429,-0.013764,-0.000966
1771002504.890688,4.988197,-1.515459,-0.433197,1.147478,0.008310,0.004161,0.011045
1771002504.895676,4.993184,-0.066833,-0.057430,-0.752777,-0.002418,-0.010100,-0.001601
1771002504.900657,4.998166,0.746698,0.107491,-0.708261,-0.003567,-0.000406,-0.002169
1771002504.905641,5.003150,0.711923,0.062667,-0.729787,-0.003440,-0.000734,-0.002628
1771002504.910623,5.008132,0.685241,-0.042493,-0.814291,-0.001964,-0.000273,-0.002457
1771002504.915609,5.013117,0.727716,0.051777,-0.759446,-0.003223,-0.000995,-0.002287
1771002504.920590,5.018099,0.752291,0.076650,-0.776623,-0.003330,-0.000744,-0.002096
1771002504.925586,5.023095,0.790495,0.063588,-0.758566,-0.003460,-0.000304,-0.002151
1771002504.930572,5.028080,0.764076,0.115207,-0.781290,-0.003558,-0.000375,-0.002285
1771002504.935565,5.033073,-1.794654,0.696907,0.349751,-0.002556,-0.008654,-0.002767
1771002504.940542,5.038050,-1.490510,-0.307240,1.161068,0.007761,0.005120,0.012419
1771002504.945521,5.043030,-1.522942,-0.442188,1.135520,0.008450,0.004361,0.011165
1771002504.950511,5.048019,-1.528612,-0.301915,1.154879,0.007609,0.004929,0.011453
1771002504.955498,5.053006,-1.492248,-0.311386,1.153744,0.007867,0.005831,0.012464
1771002504.960478,5.057986,-1.521607,-0.365540,1.127719,0.008007,0.005009,0.011349
1771002504.965465,5.062974,-1.226341,-0.307974,0.560443,0.000554,0.012690,0.012610
1771002504.970443,5.067951,-1.233538,-0.285118,0.572348,0.000409,0.012423,0.011935
1771002504.975432,5.072941,-1.568838,-0.373140,1.136753,0.007544,0.004323,0.011153
1771002504.980414,5.077923,-1.548751,-0.441609,1.156294,0.008376,0.004900,0.011655
1771002504.985399,5.082907,-1.518977,-0.379116,1.172337,0.007893,0.005066,0.011629
1771002504.990385,5.087893,-1.512381,-0.192526,1.219189,0.007247,0.005897,0.012224
1771002504.995379,5.092888,-1.480584,-0.342896,1.198577,0.007604,0.005132,0.011969
1771002505.000348,5.097857,-1.496669,-0.357573,1.162837,0.007634,0.004820,0.011615
1771002505.005349,5.102858,-1.547718,-0.444878,1.157316,0.008493,0.004227,0.011232
1771002505.010328,5.107836,-1.531843,-0.369198,1.168253,0.007639,0.004107,0.011408
1771002505.015313,5.112822,-1.956150,-1.095820,0.850158,0.007991,-0.013798,-0.000551
1771002505.020299,5.117808,-1.538047,-0.438797,1.135387,0.008302,0.004797,0.011441
1771002505.025294,5.122802,-1.535278,-0.319155,1.192130,0.007328,0.004936,0.011438
1771002505.030276,5.127784,-1.535290,-0.309408,1.173447,0.007244,0.005803,0.011990
1771002505.035251,5.132760,-1.556062,-0.339536,1.122002,0.008057,0.005339,0.011286
1771002505.040248,5.137757,-1.552050,-0.300817,1.164977,0.007395,0.005390,0.011667
1771002505.045229,5.142738,-1.571327,-0.474702,1.091070,0.008827,0.005033,0.011360
1771002505.050212,5.147721,-1.569021,-0.460754,1.137094,0.008379,0.004472,0.011272
1771002505.055219,5.152728,-1.546221,-0.422546,1.149903,0.008381,0.004973,0.010833
1771002505.060192,5.157701,-1.540590,-0.368897,1.146452,0.007977,0.005287,0.011686
1771002505.065173,5.162682,-1.484798,-0.412864,1.166002,0.008091,0.004981,0.011784
1771002505.070161,5.167669,-1.537994,-0.427908,1.170728,0.007958,0.004423,0.012000
1771002505.075145,5.172653,-1.992870,-1.224806,0.860928,0.009211,-0.014079,-0.001251
1771002505.080123,5.177632,-1.520948,-0.414482,1.179609,0.008017,0.004761,0.011624
1771002505.085121,5.182629,-2.008725,-1.098012,0.868629,0.007703,-0.014218,-0.001218
1771002505.090098,5.187606,-1.501573,-0.320665,1.228464,0.007110,0.005179,0.011705
1771002505.095094,5.192603,-1.273853,-0.417101,0.551966,0.001323,0.010963,0.012175
1771002505.100064,5.197572,-1.995997,-1.089034,0.863318,0.007867,-0.013477,-0.000467
1771002505.105061,5.202569,-1.506114,-0.432167,1.138482,0.008495,0.004403,0.011843
1771002505.110038,5.207546,-2.000021,-1.178934,0.864571,0.008716,-0.014170,-0.001194
1771002505.115025,5.212533,-1.555761,-0.382800,1.161501,0.008177,0.004926,0.011304
1771002505.120005,5.217514,-1.583920,-0.387515,1.152744,0.007718,0.004922,0.011565
1771002505.125000,5.222509,-1.542616,-0.354454,1.233117,0.007364,0.004840,0.011317
1771002505.129984,5.227493,-2.007750,-1.113468,0.869289,0.007946,-0.014175,-0.001125
1771002505.134961,5.232469,-2.001256,-1.066611,0.873292,0.007336,-0.013540,-0.000771
1771002505.139953,5.237462,-1.552165,-0.391339,1.158695,0.007845,0.004615,0.010766
1771002505.144938,5.242447,-1.527548,-0.349754,1.164952,0.007657,0.004509,0.011405
1771002505.149926,5.247435,-1.565523,-0.341149,1.124867,0.007820,0.005501,0.011299
1771002505.154917,5.252426,-1.539280,-0.275524,1.170197,0.007561,0.005488,0.011429
1771002505.159897,5.257406,-1.583603,0.223240,1.605620,-0.001604,-0.004740,0.013157
1771002505.164882,5.262391,-1.515219,-0.363398,1.193101,0.007705,0.005180,0.011372
1771002505.169854,5.267362,-1.529734,-0.443063,1.169523,0.008072,0.003656,0.011135
1771002505.174864,5.272372,-1.594459,-0.509398,1.148265,0.008892,0.003781,0.010914
1771002505.179831,5.277340,-1.532364,-0.329783,1.182537,0.007595,0.005245,0.011680
1771002505.184816,5.282325,-2.003540,-1.150498,0.883361,0.008408,-0.013837,-0.001190
1771002505.189806,5.287315,-1.514596,-0.375038,1.175688,0.007993,0.004857,0.011596
1771002505.194794,5.292302,-1.973503,-1.053424,0.915411,0.007430,-0.013502,-0.001016
1771002505.199780,5.297289,-1.391810,0.642520,0.829926,-0.006575,0.007978,0.009396
1771002505.204754,5.302263,-1.956766,-1.111105,0.885365,0.008143,-0.013360,-0.001033
1771002505.209747,5.307256,-1.445887,-0.273386,1.242636,0.007172,0.005195,0.012062
1771002505.214729,5.312238,-1.549487,-0.464500,1.160031,0.008640,0.003851,0.011118
1771002505.219715,5.317224,-1.517618,-0.307200,1.169628,0.007892,0.005921,0.011667
1771002505.224705,5.322214,-1.543536,-0.309244,1.189138,0.007411,0.005038,0.011482
1771002505.229692,5.327200,-1.550619,-0.369324,1.174503,0.007938,0.005038,0.011441
1771002505.234662,5.332171,-1.526979,-0.372907,1.179178,0.007859,0.005091,0.011875
1771002505.239655,5.337164,-1.523480,-0.413056,1.196687,0.007849,0.004424,0.011702
1771002505.244644,5.342152,-1.521144,-0.403452,1.158021,0.007938,0.004485,0.011445
1771002505.249638,5.347147,-1.502701,-0.250828,1.225881,0.007137,0.004760,0.011727
1771002505.254626,5.352135,-1.483306,-0.361630,1.187638,0.007505,0.004741,0.011720
1771002505.259605,5.357114,-1.514506,-0.368706,1.186721,0.007788,0.004634,0.011634
1771002505.264601,5.362110,-1.522646,-0.419179,1.150166,0.008198,0.004449,0.011229
1771002505.269623,5.367132,-1.565841,-0.384045,1.172733,0.007912,0.004506,0.010796
1771002505.274535,5.372044,-1.516002,-0.358232,1.152354,0.008225,0.005383,0.011521
1771002505.279545,5.377053,-1.510115,-0.361463,1.215546,0.007729,0.005084,0.011375
1771002505.284530,5.382039,-1.583689,0.412653,1.667753,-0.002284,-0.004238,0.013641
1771002505.289502,5.387011,-1.532595,-0.418292,1.175154,0.008109,0.004913,0.011530
1771002505.294529,5.392038,-1.552574,-0.353658,1.153953,0.007737,0.004696,0.011776
1771002505.299558,5.397066,-1.517162,-0.376381,1.165574,0.007904,0.005270,0.011709
1771002505.304456,5.401965,-1.538239,-0.352541,1.160531,0.007784,0.005341,0.011056
1771002505.309465,5.406974,-1.523880,-0.266889,1.189604,0.007276,0.005208,0.011115
1771002505.314433,5.411942,-1.531579,-0.376753,1.193158,0.007482,0.004755,0.011562
1771002505.319426,5.416934,-1.585298,-0.455920,1.147753,0.008473,0.004545,0.010723
1771002505.324424,5.421933,-1.535702,-0.455567,1.141630,0.008531,0.004872,0.011507
1771002505.329394,5.426903,-1.543553,-0.418335,1.162293,0.008258,0.004929,0.011112
1771002505.334381,5.431890,-1.535095,-0.346548,1.169745,0.007522,0.005517,0.011754
1771002505.339374,5.436883,-1.534808,-0.406228,1.197634,0.007735,0.004410,0.011497
1771002505.344350,5.441858,-1.540113,-0.298817,1.178128,0.007180,0.005015,0.011027
1771002505.349334,5.446843,-0.205252,-0.349271,1.369113,0.010149,0.010066,0.027506
1771002505.354317,5.451826,-1.528648,-0.327105,1.208746,0.007002,0.005144,0.011096
1771002505.359314,5.456823,-1.515862,-0.424448,1.192248,0.008192,0.004993,0.011935
1771002505.364294,5.461802,-1.548054,-0.428669,1.156694,0.008136,0.004519,0.010815
1771002505.369276,5.466784,-1.572068,-0.335558,1.175925,0.007185,0.004620,0.011209
1771002505.374261,5.471770,-1.553387,-0.472825,1.168330,0.008465,0.003826,0.011100
1771002505.379240,5.476749,-1.562329,-0.369868,1.205539,0.007737,0.005268,0.011451
1771002505.384228,5.481737,-1.564839,-0.361529,1.186744,0.007589,0.005237,0.011250
1771002505.389199,5.486707,-2.011687,-1.112705,0.888959,0.008047,-0.013699,-0.001601
1771002505.394201,5.491709,-1.990302,-0.960130,0.951175,0.006550,-0.013276,-0.000273
1771002505.399657,5.497165,-2.056047,-1.265590,0.847111,0.008826,-0.014827,-0.002385
1771002505.404183,5.501692,-1.530232,-0.281418,1.165927,0.007098,0.005939,0.011766
1771002505.409153,5.506662,-1.545921,-0.350060,1.201970,0.007163,0.004817,0.011324
1771002505.414131,5.511640,-1.546863,-0.288947,1.176137,0.007244,0.005446,0.011536
1771002505.419127,5.516636,-1.513436,-0.266302,1.185452,0.007051,0.005778,0.011947
1771002505.424119,5.521628,-1.997161,-1.275156,0.848854,0.009123,-0.014385,-0.001190
1771002505.429110,5.526618,-1.596214,-0.381541,1.169602,0.007777,0.005048,0.010350
1771002505.434096,5.531605,-1.567438,-0.452102,1.167814,0.008321,0.004415,0.011072
1771002505.439074,5.536583,-2.014888,-1.153045,0.871327,0.007989,-0.014078,-0.001460
1771002505.444048,5.541557,-2.021108,-1.128201,0.870593,0.008478,-0.013597,-0.001715
1771002505.449038,5.546546,-1.567533,-0.334104,1.231337,0.007378,0.005029,0.011093
1771002505.454022,5.551531,-1.587687,-0.412766,1.155664,0.008121,0.005169,0.010733
1771002505.459012,5.556520,-1.591036,0.307067,1.655907,-0.002274,-0.004251,0.013125
1771002505.463994,5.561503,-1.980912,-1.253562,0.829080,0.008903,-0.014167,-0.001945
1771002505.469511,5.567020,-2.017568,-1.157408,0.870905,0.008146,-0.013865,-0.001252
1771002505.473968,5.571477,-1.583165,-0.379155,1.178918,0.007952,0.005009,0.011024
1771002505.478946,5.576455,-1.532292,-0.403202,1.214547,0.008129,0.004538,0.011393
1771002505.483931,5.581439,-2.014534,-1.198043,0.884577,0.008744,-0.013563,-0.001317
1771002505.488921,5.586430,-1.569383,-0.472628,1.134279,0.008877,0.004635,0.011219
1771002505.493911,5.591420,-1.585710,-0.328200,1.184072,0.007526,0.005094,0.010656
1771002505.498892,5.596401,-1.526681,-0.362137,1.225281,0.007822,0.005417,0.011359
1771002505.503865,5.601373,-1.553620,-0.294272,1.213048,0.007546,0.005806,0.011278
1771002505.508867,5.606376,-1.565445,0.871417,0.743299,-0.010178,-0.000197,0.005788
1771002505.513847,5.611355,-1.561307,-0.424668,1.197610,0.008234,0.004646,0.010812
1771002505.519329,5.616838,-1.532869,-0.229496,1.262909,0.007090,0.005685,0.011423
1771002505.524240,5.621749,-1.516454,-0.330539,1.181360,0.007922,0.005823,0.011754
1771002505.529176,5.626684,-1.523166,-0.302410,1.209789,0.007428,0.005759,0.011412
1771002505.534179,5.631688,-2.025339,-1.081317,0.902854,0.007651,-0.014110,-0.000808
1771002505.539226,5.636734,-1.979855,-1.077540,0.913986,0.007853,-0.013606,-0.000856
1771002505.544139,5.641648,-1.484622,-0.375431,1.247962,0.007871,0.005120,0.011794
1771002505.549102,5.646610,-1.525372,-0.389957,1.203520,0.007897,0.004800,0.011494
1771002505.554105,5.651613,-1.558352,-0.355605,1.194131,0.007597,0.005324,0.011393
1771002505.559091,5.656600,-2.018651,-1.266555,0.863021,0.009087,-0.014744,-0.001091
1771002505.564061,5.661570,-1.977135,-1.166914,0.873314,0.008527,-0.014040,-0.000761
1771002505.569057,5.666566,-1.594952,-0.464911,1.174619,0.008069,0.003749,0.011538
1771002505.574040,5.671549,-1.575386,-0.480706,1.173243,0.008596,0.004001,0.011220
1771002505.579001,5.676510,-1.521844,-0.388291,1.209782,0.007835,0.004830,0.011870
1771002505.583690,5.681199,-1.563139,-0.411273,1.162962,0.008287,0.005001,0.010941
1771002505.588979,5.686488,-2.008699,-1.147303,0.899800,0.008467,-0.013978,-0.001255
1771002505.593629,5.691138,-1.590869,-0.471605,1.174379,0.008390,0.004303,0.010995
1771002505.598946,5.696455,-1.547070,-0.406625,1.188710,0.008448,0.005135,0.011321
1771002505.603591,5.701099,-1.559448,-0.441754,1.211894,0.008185,0.003876,0.011328
1771002505.608569,5.706077,-1.535600,-0.403808,1.169848,0.008040,0.004637,0.011537
1771002505.613561,5.711070,-1.571439,-0.350866,1.197199,0.007698,0.004621,0.010968
1771002505.618538,5.716047,-1.580645,-0.421642,1.181980,0.008236,0.004391,0.010882
1771002505.623528,5.721037,-1.550383,-0.355429,1.196585,0.007635,0.004889,0.010978
1771002505.628506,5.726015,-1.516223,-0.383705,1.199159,0.007763,0.004765,0.011490
1771002505.633495,5.731004,-1.511866,-0.436106,1.205494,0.008084,0.003475,0.011025
1771002505.638499,5.736007,-1.558163,-0.435901,1.149362,0.008007,0.004235,0.010990
1771002505.643473,5.740982,-1.501931,-0.356795,1.180858,0.007720,0.005438,0.011589
1771002505.648472,5.745980,-1.558320,-0.401653,1.168423,0.008259,0.005151,0.011386
1771002505.653441,5.750949,-1.559101,-0.455862,1.156537,0.008525,0.005020,0.010994
1771002505.658424,5.755932,-1.553345,-0.349809,1.198913,0.007534,0.005114,0.010935
1771002505.663406,5.760915,1.218694,2.046614,-1.566098,-0.012465,0.012494,0.013309
1771002505.668400,5.765908,0.722152,-0.003939,-0.724784,-0.002773,-0.000634,-0.002425
1771002505.673376,5.770885,0.727402,0.070317,-0.659209,-0.003426,-0.000782,-0.002255
1771002505.678365,5.775873,0.740129,0.132983,-0.704166,-0.003800,0.000016,-0.001878
1771002505.683344,5.780853,0.715756,0.004422,-0.726345,-0.002975,-0.001123,-0.002642
1771002505.688336,5.785845,0.698073,0.010032,-0.758571,-0.002669,-0.000158,-0.002233
1771002505.693315,5.790824,0.759435,-0.035712,-0.763945,-0.002755,-0.000371,-0.001971
1771002505.698304,5.795813,0.728002,-0.021275,-0.751743,-0.002602,-0.000606,-0.002370
1771002505.703284,5.800792,-1.653253,3.978930,-0.183073,-0.030232,-0.003717,-0.005090
1771002505.708274,5.805783,-1.557250,-0.275749,1.221540,0.006598,0.005124,0.011742
1771002505.713261,5.810770,-1.601056,0.195248,1.618517,-0.001396,-0.004264,0.013256
1771002505.718244,5.815752,-1.564825,-0.374938,1.186449,0.007541,0.004749,0.011213
1771002505.723505,5.821013,-1.537831,-0.340390,1.186466,0.007776,0.005396,0.011920
1771002505.728217,5.825725,-2.019776,-1.203363,0.866482,0.008653,-0.014297,-0.001219
1771002505.733224,5.830733,-1.974043,-1.141564,0.901646,0.008324,-0.013959,-0.000940
1771002505.738195,5.835704,-1.573213,0.292793,1.667934,-0.001574,-0.004270,0.013113
1771002505.743171,5.840680,-1.505984,-0.316438,1.187977,0.007245,0.005070,0.011323
1771002505.748156,5.845664,-1.575505,-0.263258,1.202891,0.007145,0.004879,0.011044
1771002505.753143,5.850652,-1.515137,-0.430755,1.203112,0.008386,0.004528,0.011611
1771002505.758525,5.856034,-1.484777,-0.257515,1.241620,0.006924,0.005743,0.011860
1771002505.763166,5.860675,-1.484955,-0.400376,1.204693,0.008035,0.004992,0.011641
1771002505.768105,5.865613,-1.535192,-0.361401,1.219872,0.007819,0.004516,0.011310
1771002505.773080,5.870589,-2.007083,-1.056473,0.913726,0.007641,-0.013546,-0.000662
1771002505.778064,5.875572,-1.530594,-0.365712,1.215128,0.007714,0.004551,0.011855
1771002505.783056,5.880564,-1.930743,-1.149547,0.888110,0.008241,-0.014084,-0.000238
1771002505.788078,5.885587,-1.955851,-1.004532,0.938101,0.007099,-0.013582,-0.001006
1771002505.793032,5.890541,-1.986961,-1.112340,0.892339,0.007967,-0.013943,-0.001010
1771002505.798017,5.895526,-2.009528,-1.181199,0.922258,0.008642,-0.014237,-0.001313
1771002505.803003,5.900512,-1.502439,-0.424200,1.194439,0.008515,0.004396,0.011922
1771002505.807986,5.905494,-1.553670,-0.471187,1.152869,0.008387,0.003658,0.011235
1771002505.812978,5.910487,-1.990578,-1.120136,0.873888,0.008436,-0.013712,-0.000922
1771002505.817968,5.915476,1.447657,0.341314,0.074152,-0.008146,0.017993,0.012536
1771002505.822937,5.920446,0.117814,-0.738503,0.869439,0.008804,-0.004555,0.001626
1771002505.828413,5.925922,0.747610,-0.039805,-0.754092,-0.002649,-0.000428,-0.002153
1771002505.832894,5.930403,0.704547,0.025568,-0.728646,-0.003071,-0.000594,-0.002684
1771002505.837909,5.935418,0.721850,0.111398,-0.708451,-0.003738,-0.000736,-0.002124
1771002505.842881,5.940390,0.661400,0.068535,-0.721710,-0.003333,-0.000940,-0.002807
1771002505.847878,5.945387,-2.216563,3.661586,1.074485,-0.015548,-0.008259,-0.002848
1771002505.853186,5.950694,-1.561379,-0.334092,1.202467,0.007388,0.004626,0.011156
1771002505.858309,5.955817,-2.006849,-1.151099,0.900173,0.008437,-0.013950,-0.001198
1771002505.863158,5.960667,-1.594305,0.037016,1.595468,-0.001185,-0.004789,0.013225
1771002505.868215,5.965724,-1.542593,-0.480117,1.177243,0.008763,0.004242,0.011099
1771002505.872774,5.970283,-2.008627,-1.137303,0.875232,0.008131,-0.014191,-0.001278
1771002505.877788,5.975297,-1.609746,0.364603,1.647768,-0.002015,-0.003765,0.013133
1771002505.882778,5.980287,-1.989288,-1.195611,0.839897,0.008631,-0.014377,-0.001276
1771002505.887760,5.985269,-1.606855,-0.466319,1.161544,0.008157,0.004305,0.010897
1771002505.893072,5.990581,-1.525438,-0.417369,1.192274,0.008252,0.004651,0.011413
1771002505.898089,5.995598,-1.507664,-0.329690,1.214919,0.007308,0.005229,0.011454
1771002505.902693,6.000202,-1.536705,-0.434629,1.178155,0.008157,0.004669,0.011390
1771002505.907695,6.005203,-1.557988,-0.502057,1.132458,0.009072,0.004226,0.011125
1771002505.912684,6.010193,-1.542730,-0.435285,1.162556,0.008411,0.004566,0.011598
1771002505.917662,6.015170,-1.525094,-0.485959,1.144555,0.008771,0.004015,0.011545
1771002505.922635,6.020144,-1.509542,-0.265537,1.222077,0.007003,0.005138,0.011593
1771002505.927639,6.025148,-1.552683,-0.360298,1.161129,0.007507,0.004860,0.011359
1771002505.932739,6.030248,-1.565635,-0.465839,1.142638,0.008059,0.003871,0.011250
1771002505.937613,6.035122,-1.521320,-0.234860,1.215682,0.006750,0.005475,0.012044
1771002505.942572,6.040081,-1.524270,-0.303499,1.196209,0.007356,0.005545,0.011628
1771002505.947573,6.045082,-1.999730,-1.148010,0.886258,0.008582,-0.013518,-0.001321
1771002505.952568,6.050077,-1.568976,-0.435044,1.174720,0.008015,0.004381,0.011005
1771002505.957922,6.055431,-1.518059,-0.322455,1.230657,0.007468,0.005335,0.011759
1771002505.962534,6.060043,-1.521362,-0.367274,1.185843,0.007907,0.004995,0.011155
1771002505.967524,6.065032,-1.542679,-0.359211,1.201245,0.007439,0.004680,0.010820
1771002505.972494,6.070002,-1.993639,-1.102760,0.894663,0.007754,-0.013562,-0.001580
1771002505.977489,6.074998,-1.525228,-0.376918,1.181144,0.007459,0.004671,0.011005
1771002505.982483,6.079992,-1.497410,-0.264624,1.179554,0.007452,0.005727,0.012090
1771002505.987452,6.084961,-1.540240,-0.453587,1.126063,0.008605,0.004421,0.011257
1771002505.992436,6.089944,-1.512685,-0.288756,1.207949,0.006746,0.005260,0.011265
1771002505.997424,6.094933,-1.506446,-0.303202,1.187775,0.007384,0.005344,0.011389
1771002506.002410,6.099919,-1.548567,-0.375397,1.181142,0.007464,0.004493,0.010849
1771002506.007387,6.104896,-1.990560,-1.080860,0.885591,0.007737,-0.013688,-0.000872
1771002506.012392,6.109900,-1.520734,-0.368264,1.187364,0.007808,0.004601,0.011630
1771002506.017365,6.114874,-1.513534,-0.387027,1.197508,0.007653,0.004356,0.011090
1771002506.022361,6.119869,-1.528230,-0.419106,1.181713,0.008072,0.004615,0.011340
1771002506.027337,6.124846,-2.035299,-1.144954,0.896821,0.008188,-0.014155,-0.001245
1771002506.032327,6.129836,-1.526608,-0.438851,1.167817,0.007835,0.003452,0.010609
1771002506.037308,6.134817,-1.524720,-0.338532,1.194435,0.007635,0.005183,0.011223
1771002506.042303,6.139812,-1.546016,-0.444420,1.163966,0.008395,0.004885,0.011268
1771002506.047275,6.144784,-1.586137,-0.356160,1.205470,0.007389,0.004879,0.011104
1771002506.052263,6.149772,-1.590067,-0.449482,1.186212,0.008188,0.004194,0.011057
1771002506.057246,6.154755,-1.539978,-0.383823,1.204409,0.007891,0.005035,0.011455
1771002506.062229,6.159738,-1.539393,-0.539386,1.173062,0.009430,0.003719,0.011406
1771002506.067214,6.164723,-1.980078,-1.041088,0.921596,0.007561,-0.013646,-0.000839
1771002506.072218,6.169727,-1.534522,-0.372865,1.213227,0.007334,0.005037,0.011143
1771002506.077198,6.174707,-1.535043,-0.385605,1.165632,0.007897,0.005401,0.011404
1771002506.082190,6.179699,-2.027059,-1.170728,0.894604,0.008466,-0.014049,-0.001465
1771002506.087409,6.184917,-1.540148,-0.370701,1.201990,0.007559,0.004489,0.011350
1771002506.092149,6.189657,-1.977843,-1.296414,0.845143,0.009347,-0.014128,-0.001641
1771002506.097132,6.194640,-1.976795,-1.077784,0.878907,0.007653,-0.013602,-0.000658
1771002506.102122,6.199631,-1.506272,-0.359832,1.187100,0.007712,0.005069,0.011717
1771002506.107445,6.204954,-1.525244,-0.409105,1.207128,0.008171,0.004647,0.011790
1771002506.112430,6.209939,-1.981853,-1.136991,0.905733,0.008209,-0.014154,-0.000257
1771002506.117071,6.214580,-1.506315,-0.277218,1.191910,0.007889,0.006051,0.011994
1771002506.122056,6.219565,0.001379,-1.213712,0.465074,0.012894,-0.007086,0.006296
1771002506.127042,6.224550,0.771348,0.066634,-0.910788,-0.003100,-0.000314,-0.002549
1771002506.132081,6.229589,0.707344,0.020743,-0.677594,-0.003278,-0.000917,-0.002421
1771002506.137015,6.234523,0.729947,0.096612,-0.674206,-0.003764,-0.000431,-0.002153
1771002506.141995,6.239504,0.749730,0.018462,-0.752815,-0.003111,-0.000322,-0.002372
1771002506.146984,6.244493,0.754661,0.015227,-0.780457,-0.003023,-0.000414,-0.001997
1771002506.151967,6.249476,0.752525,0.043702,-0.718941,-0.003743,-0.000324,-0.002037
1771002506.156955,6.254464,0.764352,0.079407,-0.757623,-0.003403,-0.000271,-0.002168
1771002506.161937,6.259446,0.731036,0.148290,-0.722528,-0.003745,-0.000307,-0.002527
1771002506.166935,6.264444,0.729560,-0.962750,0.231981,0.020939,0.010172,0.018709
1771002506.171909,6.269418,-1.456160,-0.350844,1.162987,0.007949,0.005570,0.012240
1771002506.176896,6.274405,-1.545963,-0.422856,1.162912,0.007672,0.004639,0.011218
1771002506.181887,6.279396,-1.549351,-0.425016,1.143340,0.008003,0.004556,0.011498
1771002506.186874,6.284383,-1.959129,-1.124700,0.899127,0.008041,-0.014200,-0.000695
1771002506.191850,6.289359,-1.534841,-0.442898,1.148540,0.008283,0.004255,0.011300
1771002506.196846,6.294354,-1.601627,-0.505464,1.122301,0.008808,0.004043,0.010771
1771002506.201817,6.299325,-1.577658,-0.309840,1.175212,0.007516,0.005413,0.011662
1771002506.206800,6.304309,-1.581692,-0.413961,1.156953,0.007922,0.004738,0.011214
1771002506.211797,6.309305,-1.582245,-0.413100,1.160668,0.008162,0.004928,0.010958
1771002506.216788,6.314296,-1.618796,-0.410455,1.162412,0.007711,0.004511,0.010648
1771002506.221761,6.319270,-1.575851,-0.410848,1.186301,0.007736,0.004450,0.011152
1771002506.226743,6.324252,-1.595205,-0.387283,1.164385,0.007665,0.004821,0.011000
1771002506.231748,6.329257,-2.013057,-1.039249,0.897093,0.007330,-0.013142,-0.000877
1771002506.236713,6.334222,-1.598870,-0.425978,1.165054,0.007784,0.003825,0.010483
1771002506.241702,6.339211,-1.561958,-0.534098,1.138041,0.009077,0.003902,0.011130
1771002506.246694,6.344202,-2.010635,-1.106786,0.876076,0.007849,-0.013787,-0.000661
1771002506.251676,6.349184,-2.024446,-1.126468,0.860089,0.008034,-0.013757,-0.001033
1771002506.256674,6.354182,-2.008142,-1.218958,0.838696,0.008874,-0.013897,-0.001216
1771002506.261653,6.359162,-1.514230,-0.386857,1.177409,0.007635,0.004516,0.011681
1771002506.266654,6.364163,-1.535522,-0.395048,1.182948,0.007725,0.004184,0.011566
1771002506.271623,6.369132,-1.523077,-0.423069,1.187057,0.008041,0.004560,0.011686
1771002506.276603,6.374111,-1.546558,-0.372025,1.212033,0.007362,0.004607,0.010878
1771002506.281582,6.379090,-1.982802,-1.236462,0.855508,0.009116,-0.014342,-0.000897
1771002506.286563,6.384072,-1.555864,-0.471803,1.192862,0.008489,0.003862,0.011165
1771002506.291569,6.389078,-1.527068,-0.315533,1.225041,0.007666,0.005141,0.011308
1771002506.296542,6.394051,-1.513582,-0.353787,1.211468,0.007623,0.004796,0.011664
1771002506.301519,6.399028,-1.514567,-0.345570,1.214781,0.007096,0.004640,0.011438
1771002506.306524,6.404032,-1.460122,-0.258194,1.237631,0.006895,0.005456,0.011856
1771002506.311499,6.409008,-1.463076,-0.181430,1.203992,0.006662,0.005779,0.011823
1771002506.316499,6.414008,-1.529511,-0.455261,1.172198,0.008475,0.004118,0.010954
1771002506.321467,6.418975,-1.942985,-1.061596,0.891316,0.007690,-0.013614,-0.000628
1771002506.326474,6.423983,-1.487030,-0.337132,1.196758,0.007794,0.005295,0.011888
1771002506.331436,6.428945,-1.543980,-0.394910,1.178665,0.007873,0.005173,0.011538
1771002506.336433,6.433942,-1.493988,-0.332305,1.184711,0.007488,0.004820,0.011870
1771002506.341408,6.438916,-1.472505,-0.369512,1.171895,0.008041,0.005035,0.012206
1771002506.346393,6.443902,-1.518459,-0.349998,1.236634,0.007566,0.004515,0.011521
1771002506.351380,6.448889,-1.526034,-0.347758,1.185710,0.007545,0.004992,0.011411
1771002506.356356,6.453865,-1.543337,-0.255376,1.192165,0.007275,0.005390,0.011558
1771002506.361349,6.458858,-1.540508,-0.356353,1.197289,0.007692,0.004410,0.010973
1771002506.366320,6.463829,0.586867,1.351438,0.419375,0.007046,0.007980,0.015140
1771002506.371651,6.469160,0.724902,0.090740,-0.736457,-0.003550,-0.000613,-0.002777
1771002506.376632,6.474141,0.728213,0.012699,-0.775683,-0.002782,-0.000240,-0.002167
1771002506.381289,6.478797,0.694508,0.089799,-0.738625,-0.003615,-0.000613,-0.002518
1771002506.386299,6.483808,0.746105,0.063157,-0.778148,-0.003219,-0.000441,-0.002166
1771002506.391257,6.488766,0.741054,0.075965,-0.781689,-0.003369,-0.000195,-0.002296
1771002506.396253,6.493762,0.714594,0.092769,-0.734058,-0.002940,-0.000371,-0.002482
1771002506.401217,6.498726,0.693982,0.065858,-0.674243,-0.003253,-0.000448,-0.002584
1771002506.406206,6.503715,0.702714,0.117769,-0.755284,-0.003934,-0.000569,-0.002780
1771002506.411219,6.508727,0.722270,0.106558,-0.767354,-0.003442,-0.000260,-0.002318
1771002506.416196,6.513705,0.760930,0.079205,-0.746526,-0.003598,-0.000679,-0.002615
1771002506.421170,6.518678,0.798202,0.140277,-0.750810,-0.003415,0.000041,-0.002167
1771002506.426160,6.523669,0.732525,0.011773,-0.798004,-0.003067,-0.000768,-0.002342
1771002506.431146,6.528655,0.707169,0.007403,-0.761727,-0.002813,-0.000704,-0.002266
1771002506.436118,6.533626,0.702006,0.121803,-0.698081,-0.003712,-0.000478,-0.002345
1771002506.441117,6.538625,0.696820,0.015402,-0.725446,-0.003347,-0.001162,-0.002729
1771002506.446114,6.543622,0.732863,0.040652,-0.752738,-0.003047,-0.000689,-0.002318
1771002506.451105,6.548614,0.768252,-0.024305,-0.797495,-0.002899,-0.000528,-0.002038
1771002506.456073,6.553581,0.711618,-0.027539,-0.798095,-0.002478,-0.000703,-0.002338
1771002506.461068,6.558576,0.726796,0.049429,-0.811053,-0.003063,-0.001028,-0.002557
1771002506.466039,6.563547,0.742000,-0.028325,-0.790933,-0.002271,-0.000107,-0.002294
1771002506.471030,6.568539,0.745272,0.026904,-0.833857,-0.002864,-0.000348,-0.002447
1771002506.476019,6.573528,0.734307,-0.096965,-0.841128,-0.002267,-0.001108,-0.002425
1771002506.481001,6.578509,0.762588,0.085960,-0.784834,-0.003733,-0.000620,-0.002289
1771002506.485968,6.583476,0.701761,0.118914,-0.784663,-0.003406,-0.000346,-0.002717
1771002506.490984,6.588493,0.734234,0.014004,-0.837017,-0.003131,-0.000878,-0.002064
1771002506.495964,6.593472,0.716406,0.087075,-0.755273,-0.003530,-0.000676,-0.002280
1771002506.500942,6.598450,0.727849,0.015500,-0.757823,-0.003186,-0.000765,-0.002083
1771002506.505935,6.603444,0.718604,0.141926,-0.776454,-0.003847,-0.000405,-0.002834
1771002506.510915,6.608424,0.742213,-0.000085,-0.792476,-0.003117,-0.000943,-0.002355
1771002506.515904,6.613413,0.756682,0.119806,-0.797374,-0.003674,-0.000366,-0.002489
1771002506.520888,6.618397,0.705288,0.036927,-0.888455,-0.002849,-0.000474,-0.002856
1771002506.525860,6.623369,0.677588,0.031878,-0.767808,-0.003350,-0.000937,-0.002679
1771002506.530848,6.628357,0.735229,0.127447,-0.778971,-0.003808,-0.000853,-0.002501
1771002506.535858,6.633367,0.758823,0.029433,-0.836535,-0.003261,-0.000404,-0.002087
1771002506.540819,6.638328,0.736910,0.187423,-0.761230,-0.004290,-0.000566,-0.002990
1771002506.545786,6.643295,0.724979,0.123811,-0.764844,-0.003807,-0.000393,-0.002465
1771002506.550790,6.648298,0.720631,0.077330,-0.813349,-0.003412,-0.000539,-0.002747
1771002506.555759,6.653268,0.737447,0.136418,-0.778306,-0.003489,-0.000076,-0.002588
1771002506.560770,6.658278,0.695859,0.078688,-0.716874,-0.003922,-0.000725,-0.002603
1771002506.565733,6.663242,0.765964,0.019695,-0.803475,-0.002859,-0.000042,-0.001667
1771002506.570730,6.668239,0.726937,-0.001735,-0.781417,-0.003406,-0.001010,-0.002416
1771002506.575715,6.673224,0.728713,0.077058,-0.803082,-0.003776,-0.000652,-0.002398
1771002506.580713,6.678222,0.733441,-0.041090,-0.787405,-0.002623,-0.000592,-0.002052
1771002506.585696,6.683204,0.743127,0.165387,-0.735486,-0.003810,-0.000536,-0.002302
1771002506.591033,6.688541,0.729274,0.061117,-0.760892,-0.003746,-0.001050,-0.002639
1771002506.595651,6.693159,0.773420,0.183400,-0.767739,-0.003716,-0.000366,-0.002221
1771002506.600640,6.698148,0.778482,0.169201,-0.771173,-0.004023,-0.000611,-0.002395
1771002506.605624,6.703132,0.718384,0.078251,-0.842597,-0.003455,-0.000328,-0.002649
1771002506.610608,6.708116,0.754778,0.168022,-0.788386,-0.004096,-0.000124,-0.002398
1771002506.615597,6.713105,0.717131,0.150680,-0.742396,-0.004340,-0.000842,-0.003160
1771002506.620575,6.718083,0.699565,0.109894,-0.824762,-0.003738,-0.000755,-0.002791
1771002506.625562,6.723071,-1.332654,0.127021,-1.027539,-0.012179,-0.006218,-0.004806
1771002506.630536,6.728045,-1.249724,0.136233,-1.089458,-0.012232,-0.005864,-0.004639
1771002506.635538,6.733046,-1.256080,0.142762,-1.113761,-0.012606,-0.005763,-0.004595
1771002506.640525,6.738034,-1.362446,-0.139686,-1.102970,-0.010674,-0.006831,-0.005043
1771002506.645515,6.743024,0.015812,0.023882,-0.899989,-0.001462,-0.008470,-0.000450
1771002506.650515,6.748024,-0.050167,-0.159679,-0.944054,-0.000651,-0.008663,-0.000622
1771002506.655491,6.753000,-0.020038,-0.161286,-1.062983,-0.000417,-0.008155,-0.001032
1771002506.660465,6.757974,-0.088149,-0.164450,-1.080415,-0.001054,-0.008526,-0.000977
1771002506.665479,6.762988,-0.105053,-0.331994,-1.281451,0.000063,-0.008411,-0.000986
1771002506.670442,6.767951,-0.391869,0.877641,-0.951799,-0.010182,-0.013866,-0.001877
1771002506.675417,6.772926,-0.394496,0.795849,-1.046237,-0.009105,-0.013034,-0.000980
1771002506.680406,6.777915,-0.087817,-0.268652,-1.325897,-0.001131,-0.007935,-0.001612
1771002506.685394,6.782902,-0.290590,0.822029,-1.110503,-0.008817,-0.013559,-0.001123
1771002506.690375,6.787883,-0.306349,0.735983,-1.141659,-0.008872,-0.013791,-0.002380
1771002506.695363,6.792871,-0.268032,0.666260,-1.210898,-0.008250,-0.013801,-0.001358
1771002506.700351,6.797860,-0.240566,0.491682,-1.198329,-0.008072,-0.013610,-0.000943
1771002506.705332,6.802840,-0.222819,0.769423,-1.230757,-0.008567,-0.013126,-0.001273
1771002506.710321,6.807829,-0.484118,2.634152,-1.279784,-0.022645,-0.010543,-0.010245
1771002506.715302,6.812811,-0.532188,2.692243,-1.276075,-0.023002,-0.010845,-0.011263
1771002506.720289,6.817797,-0.421845,2.494026,-1.250486,-0.021568,-0.010819,-0.010184
1771002506.725268,6.822777,0.836050,2.280849,-1.578292,-0.017400,-0.005327,-0.019927
1771002506.730259,6.827768,0.884200,2.305791,-1.652920,-0.017536,-0.005179,-0.020058
1771002506.735245,6.832753,-0.502571,2.400944,-1.561095,-0.024957,-0.006410,-0.024501
1771002506.740228,6.837737,0.929167,2.281920,-1.735724,-0.017415,-0.006107,-0.020400
1771002506.745214,6.842723,-0.528655,2.071570,-1.784693,-0.025318,-0.007029,-0.026163
1771002506.750201,6.847710,1.005144,1.884720,-1.827791,-0.016675,-0.006583,-0.020498
1771002506.755196,6.852705,0.949940,1.928860,-1.890013,-0.017607,-0.006873,-0.021210
1771002506.760168,6.857677,1.003124,1.830167,-2.046290,-0.017499,-0.006592,-0.021229
1771002506.765163,6.862672,0.942681,1.916303,-2.151246,-0.017660,-0.005969,-0.021753
1771002506.770143,6.867651,0.973917,1.758994,-2.266578,-0.017454,-0.005613,-0.022218
1771002506.775126,6.872635,2.064063,1.644905,-2.557098,-0.016545,0.001981,-0.009618
1771002506.780124,6.877633,1.246742,1.717811,-2.570855,-0.016647,-0.010207,-0.007609
1771002506.785105,6.882614,1.650046,4.430187,-4.306203,-0.042804,0.011645,0.007670
1771002506.790088,6.887597,1.818095,1.161152,-3.667118,-0.025869,-0.001742,-0.007195
1771002506.795066,6.892575,1.604151,1.887945,-3.335680,-0.035099,-0.007776,-0.005844
1771002506.800068,6.897577,1.617300,1.776428,-3.575774,-0.035512,-0.008299,-0.006320
1771002506.805041,6.902550,2.622414,1.522250,-4.109141,-0.032952,0.003311,-0.017082
1771002506.810040,6.907548,2.639323,1.297665,-4.271109,-0.032873,0.002576,-0.018002
1771002506.815007,6.912516,2.707286,1.433232,-4.514687,-0.034154,0.002599,-0.017975
1771002506.819991,6.917500,2.751867,1.351809,-4.799668,-0.034432,0.001983,-0.017683
1771002506.824976,6.922485,1.507444,3.575868,-5.100194,-0.052650,-0.004072,-0.028963
1771002506.829959,6.927468,0.849686,3.336787,-5.078457,-0.050519,-0.013962,-0.025664
1771002506.835042,6.932551,0.908507,3.268675,-5.289190,-0.051409,-0.014067,-0.026068
1771002506.839942,6.937451,0.940474,3.416548,-5.706495,-0.053472,-0.013606,-0.024326
1771002506.845418,6.942926,0.941329,3.194612,-5.867645,-0.054143,-0.013865,-0.024856
1771002506.849892,6.947401,1.127111,3.032897,-6.093307,-0.056159,-0.012319,-0.025352
1771002506.854958,6.952467,1.162168,3.087317,-6.316964,-0.057540,-0.012490,-0.024425
1771002506.860275,6.957784,2.316479,2.577306,-7.143896,-0.059448,-0.010894,-0.032635
1771002506.864904,6.962412,2.766717,2.577936,-7.827181,-0.069804,-0.000190,-0.032568
1771002506.869844,6.967353,3.073303,5.471101,-9.203966,-0.086635,0.010013,-0.018259
1771002506.874868,6.972377,2.329782,5.364106,-9.205818,-0.084571,-0.000640,-0.015249
1771002506.880160,6.977669,2.331717,5.327811,-9.511218,-0.085372,-0.000087,-0.015655
1771002506.884804,6.982312,2.367134,5.349132,-9.763725,-0.087216,0.000326,-0.015600
1771002506.890104,6.987612,2.329809,5.179318,-9.877491,-0.087057,0.000357,-0.016850
1771002506.895012,6.992521,2.154670,6.755973,-9.820869,-0.092191,-0.000800,-0.022919
1771002506.900087,6.997596,2.195243,6.581518,-10.084843,-0.092770,-0.000008,-0.022521
1771002506.904726,7.002234,2.220656,6.467366,-10.212194,-0.094573,-0.000772,-0.023523
1771002506.909728,7.007236,3.571664,6.279581,-10.922190,-0.098616,0.006771,-0.032852
1771002506.914694,7.012203,2.721622,6.260410,-10.923595,-0.096194,-0.004146,-0.031159
1771002506.919700,7.017209,2.754674,6.048160,-11.130161,-0.095619,-0.004563,-0.031595
1771002506.925014,7.022523,2.852413,6.200170,-11.277934,-0.097156,-0.003642,-0.030566
1771002506.930001,7.027509,2.890857,5.928754,-11.477852,-0.096723,-0.003766,-0.031110
1771002506.934712,7.032221,4.101535,6.086082,-11.597403,-0.098556,-0.000365,-0.017831
1771002506.939622,7.037131,4.130448,5.778007,-11.700850,-0.099465,-0.000588,-0.018602
1771002506.944634,7.042143,4.060129,5.899830,-11.948284,-0.100985,-0.000464,-0.018906
1771002506.949625,7.047133,4.041176,5.681793,-12.031137,-0.100810,-0.000350,-0.020395
1771002506.954610,7.052119,4.099951,5.789208,-12.247698,-0.102229,0.000154,-0.019510
1771002506.959584,7.057093,4.089836,5.680515,-12.512091,-0.103532,0.000558,-0.019865
1771002506.964583,7.062092,4.145310,5.480871,-12.635836,-0.104190,0.001523,-0.019432
1771002506.969561,7.067070,3.922444,5.100993,-13.991351,-0.115660,0.002736,-0.015996
1771002506.974532,7.072041,4.873837,6.357931,-14.052434,-0.123028,0.005377,-0.031845
1771002506.979530,7.077039,4.923352,6.318812,-14.344028,-0.123308,0.005163,-0.032411
1771002506.984500,7.082009,4.874963,6.209544,-14.589739,-0.124100,0.006035,-0.032824
1771002506.989488,7.086997,4.837205,6.169320,-14.838453,-0.124216,0.006538,-0.033872
1771002506.994507,7.092016,4.861362,5.990500,-14.986351,-0.124660,0.006884,-0.034617
1771002506.999459,7.096968,4.857002,5.721856,-15.333407,-0.124806,0.008337,-0.035336
1771002507.004453,7.101961,4.838159,5.795049,-15.450330,-0.126232,0.008792,-0.035817
1771002507.009433,7.106941,4.841340,5.611771,-15.558258,-0.126928,0.008896,-0.036595
1771002507.014420,7.111928,4.055514,5.589444,-15.568565,-0.123487,-0.000890,-0.034154
1771002507.019390,7.116899,3.987408,5.585207,-15.839641,-0.124601,-0.000401,-0.034766
1771002507.024387,7.121896,4.062819,5.374994,-15.980033,-0.125134,0.000187,-0.035663
1771002507.029382,7.126891,4.126050,5.396924,-16.119389,-0.125396,0.001230,-0.035473
1771002507.034362,7.131870,4.190425,5.207067,-16.231375,-0.125538,0.002148,-0.035968
1771002507.039336,7.136845,4.166770,5.199237,-16.481724,-0.125813,0.002791,-0.036480
1771002507.044319,7.141827,4.001868,5.902678,-16.763519,-0.133723,-0.000627,-0.034750
1771002507.049304,7.146812,5.243132,5.387978,-16.640667,-0.136444,-0.003780,-0.046112
1771002507.054296,7.151805,4.794227,7.375908,-17.238760,-0.148948,-0.011701,-0.052880
1771002507.059273,7.156781,4.792701,7.257390,-17.470770,-0.149486,-0.011712,-0.054088
1771002507.064265,7.161773,4.700681,7.265762,-17.723131,-0.150006,-0.011289,-0.054032
1771002507.069258,7.166767,4.705002,7.268892,-17.901405,-0.150663,-0.010722,-0.054516
1771002507.074235,7.171744,4.628908,7.196305,-18.138611,-0.149912,-0.011220,-0.055622
1771002507.079231,7.176740,3.735256,7.189306,-18.093384,-0.149274,-0.021034,-0.053082
1771002507.084211,7.181720,3.729468,7.140747,-18.262505,-0.149575,-0.020753,-0.053503
1771002507.089174,7.186683,3.710377,7.081258,-18.413227,-0.150738,-0.019502,-0.053849
1771002507.094167,7.191676,3.581858,7.058889,-18.591900,-0.151095,-0.019371,-0.055057
1771002507.099153,7.196662,3.571913,7.030532,-18.714462,-0.151483,-0.019034,-0.055273
1771002507.104147,7.201656,3.532188,7.167870,-18.876625,-0.152852,-0.018840,-0.055418
1771002507.109132,7.206641,3.550050,7.063696,-18.797459,-0.153129,-0.018856,-0.054797
1771002507.114124,7.211633,3.517909,7.056930,-18.964609,-0.153468,-0.018832,-0.055580
1771002507.119102,7.216611,3.470341,7.134711,-19.083515,-0.153983,-0.018760,-0.055400
1771002507.124088,7.221596,5.976847,6.943262,-19.360012,-0.156875,-0.012071,-0.051705
1771002507.129063,7.226572,7.200636,6.728788,-19.155182,-0.147018,-0.013182,-0.046820
1771002507.134063,7.231571,7.173252,6.625249,-19.158226,-0.146243,-0.012693,-0.046251
1771002507.139046,7.236555,7.170055,6.642984,-19.248075,-0.147157,-0.012325,-0.046872
1771002507.144030,7.241539,7.183913,6.526198,-19.156525,-0.145866,-0.010791,-0.045856
1771002507.148985,7.246494,6.056025,6.377685,-19.438374,-0.148978,-0.019087,-0.059996
1771002507.153993,7.251502,6.080986,6.627069,-19.448936,-0.158500,-0.010867,-0.051995
1771002507.158957,7.256466,4.514826,7.811246,-20.092398,-0.164099,-0.015292,-0.073657
1771002507.163946,7.261455,6.115253,6.476465,-19.620636,-0.159013,-0.010091,-0.052398
1771002507.168927,7.266436,7.270893,7.790557,-19.289570,-0.155245,-0.014067,-0.053377
1771002507.173921,7.271430,6.034852,7.846248,-19.752846,-0.165935,-0.010653,-0.058968
1771002507.178931,7.276439,5.648712,7.340937,-20.467384,-0.175773,-0.010832,-0.054980
1771002507.183884,7.281392,5.190463,7.651098,-19.500851,-0.162658,-0.021234,-0.057659
1771002507.188888,7.286396,4.413973,7.031846,-21.021811,-0.174958,-0.014211,-0.068891
1771002507.193871,7.291379,4.526031,7.065743,-20.998289,-0.175961,-0.014621,-0.068142
1771002507.198869,7.296378,4.595607,7.314243,-21.215847,-0.190814,-0.024338,-0.066985
1771002507.203826,7.301335,4.629535,7.333622,-21.252102,-0.191134,-0.024554,-0.067371
1771002507.208839,7.306347,4.919778,6.756227,-20.340294,-0.184125,-0.016703,-0.066659
1771002507.213821,7.311330,4.972361,6.605374,-20.124533,-0.183810,-0.016993,-0.066772
1771002507.218923,7.316432,5.008534,6.594249,-20.121086,-0.184463,-0.016842,-0.066721
1771002507.223800,7.321309,5.034404,6.542772,-20.130394,-0.184573,-0.016516,-0.065783
1771002507.228774,7.326283,4.942502,6.594018,-20.355984,-0.184849,-0.016210,-0.066649
1771002507.233764,7.331273,4.942950,6.519094,-20.280451,-0.185405,-0.016526,-0.067361
1771002507.238741,7.336250,4.926042,6.503846,-20.344748,-0.186085,-0.016137,-0.067071
1771002507.243719,7.341227,4.940211,6.358329,-20.312126,-0.184216,-0.014893,-0.066901
1771002507.248712,7.346220,4.911254,6.449695,-20.498730,-0.186009,-0.015174,-0.066944
1771002507.253701,7.351210,4.870533,6.458755,-20.561401,-0.186720,-0.015782,-0.067317
1771002507.258687,7.356196,4.867910,6.451886,-20.657454,-0.187650,-0.014986,-0.066880
1771002507.263667,7.361176,4.836890,6.467320,-20.748985,-0.188092,-0.015809,-0.067405
1771002507.268650,7.366159,4.808650,6.322296,-20.708149,-0.187435,-0.014415,-0.067002
1771002507.273644,7.371153,4.852656,6.580180,-20.966667,-0.191115,-0.015786,-0.067476
1771002507.278610,7.376118,6.023287,6.688729,-20.292892,-0.186974,-0.007311,-0.050785
1771002507.283605,7.381114,5.721288,6.216128,-21.354858,-0.184078,-0.004505,-0.073041
1771002507.288589,7.386097,5.721670,6.121218,-21.320637,-0.182976,-0.003957,-0.072532
1771002507.293571,7.391080,5.680295,6.050721,-21.309521,-0.183163,-0.003648,-0.072655
1771002507.298563,7.396071,5.715556,5.973815,-21.290396,-0.182295,-0.002602,-0.072300
1771002507.303543,7.401052,5.681338,5.467230,-21.525751,-0.175368,0.007591,-0.073424
1771002507.308530,7.406039,5.758235,5.991305,-21.452812,-0.183857,-0.001588,-0.071719
1771002507.313514,7.411022,5.813760,5.374960,-21.471266,-0.174947,0.009473,-0.071556
1771002507.318514,7.416023,5.821668,5.493250,-21.693998,-0.176729,0.009468,-0.072065
1771002507.323488,7.420996,5.073181,5.352509,-21.618837,-0.176768,-0.002329,-0.070838
1771002507.328484,7.425992,5.070405,5.780032,-21.473597,-0.184514,-0.011876,-0.069856
1771002507.333463,7.430971,5.117371,5.762854,-21.477127,-0.183856,-0.011694,-0.068980
1771002507.338441,7.435950,5.170650,5.779836,-21.449692,-0.184022,-0.010930,-0.068543
1771002507.343426,7.440935,5.215418,5.136944,-21.579319,-0.174929,0.000977,-0.069329
1771002507.348420,7.445929,5.254094,5.258144,-21.613094,-0.175994,0.000533,-0.069287
1771002507.353399,7.450908,5.315261,5.074385,-21.455462,-0.173586,0.001564,-0.068588
1771002507.358380,7.455889,6.132164,7.972458,-24.363008,-0.205850,-0.004509,-0.062081
1771002507.363366,7.460875,6.205562,7.822643,-24.325222,-0.205113,-0.004084,-0.062374
1771002507.368350,7.465858,5.318041,5.144077,-21.718327,-0.175018,0.001766,-0.069138
1771002507.373340,7.470849,6.132687,8.359340,-24.389668,-0.214288,-0.015263,-0.061529
1771002507.378327,7.475836,6.091665,8.374945,-24.363480,-0.214874,-0.015385,-0.062281
1771002507.383304,7.480813,5.851243,9.843642,-24.553617,-0.221634,-0.018049,-0.069175
1771002507.388288,7.485796,5.959924,9.303829,-24.805647,-0.212878,-0.004575,-0.070164
1771002507.393280,7.490788,5.878661,9.754835,-24.632935,-0.221470,-0.017181,-0.069608
1771002507.398276,7.495785,5.793180,9.589490,-24.658752,-0.220939,-0.017083,-0.070449
1771002507.403243,7.500752,7.180511,9.847653,-24.351698,-0.221476,-0.014391,-0.055175
1771002507.408230,7.505739,7.116329,9.866863,-24.467987,-0.221248,-0.014060,-0.055516
1771002507.413217,7.510726,7.070555,9.957052,-24.586159,-0.222529,-0.014248,-0.055715
1771002507.418202,7.515710,7.050264,9.737971,-24.490444,-0.222533,-0.014583,-0.056922
1771002507.423208,7.520716,7.037278,9.792565,-24.593121,-0.223202,-0.013819,-0.056088
1771002507.428712,7.526220,6.976018,9.766171,-24.646801,-0.223669,-0.014394,-0.056804
1771002507.433145,7.530654,6.996991,9.713923,-24.595486,-0.224017,-0.014068,-0.056731
1771002507.438151,7.535660,6.971090,9.737338,-24.589548,-0.224268,-0.013774,-0.056334
1771002507.443579,7.541087,6.931692,9.718744,-24.641573,-0.223868,-0.013957,-0.057308
1771002507.448119,7.545627,6.901546,9.827065,-24.716482,-0.224622,-0.014158,-0.056897
1771002507.453150,7.550659,6.912064,9.796301,-24.631075,-0.224114,-0.014327,-0.056125
1771002507.458545,7.556053,6.882648,9.907469,-24.688683,-0.224678,-0.014797,-0.055905
1771002507.463049,7.560558,6.915158,10.068172,-24.785004,-0.224589,-0.014776,-0.054978
1771002507.468484,7.565992,6.901788,9.994921,-24.660822,-0.224724,-0.015752,-0.055428
1771002507.473021,7.570530,6.880679,9.967055,-24.522282,-0.224338,-0.015277,-0.055380
1771002507.478073,7.575582,6.910940,9.890796,-24.462992,-0.223633,-0.015310,-0.054507
1771002507.483450,7.580959,5.680369,9.306191,-25.034319,-0.215656,-0.005822,-0.070117
1771002507.488001,7.585510,5.769804,9.464923,-24.964527,-0.217088,-0.005886,-0.068149
1771002507.492981,7.590490,5.800556,9.264170,-24.611942,-0.216481,-0.006674,-0.068363
1771002507.498391,7.595900,5.892253,9.406175,-24.482229,-0.217333,-0.006460,-0.067038
1771002507.502950,7.600458,5.927000,9.299104,-24.124199,-0.216283,-0.006930,-0.067186
1771002507.508332,7.605840,6.158743,7.954760,-23.900047,-0.210719,-0.005835,-0.059483
1771002507.512924,7.610433,6.175106,8.051699,-23.682510,-0.210237,-0.006979,-0.058270
1771002507.517903,7.615411,6.210299,8.049896,-23.570654,-0.209838,-0.006713,-0.057823
1771002507.523282,7.620790,6.279500,8.138649,-23.543781,-0.209671,-0.007749,-0.057289
1771002507.527929,7.625437,7.071093,8.254033,-23.764166,-0.210879,0.001777,-0.059362
1771002507.532866,7.630374,7.067816,8.328189,-23.688457,-0.210929,0.000688,-0.059299
1771002507.538242,7.635750,7.068183,8.456371,-23.578274,-0.210853,0.000959,-0.058613
1771002507.542833,7.640342,7.026531,8.487687,-23.490618,-0.208914,0.000093,-0.058690
1771002507.547811,7.645320,6.203758,5.822577,-20.433674,-0.178034,0.006286,-0.064801
1771002507.552792,7.650301,6.207362,5.985178,-20.299324,-0.179266,0.005018,-0.064501
1771002507.557780,7.655288,5.418044,6.480481,-19.827396,-0.186870,-0.007004,-0.057487
1771002507.562766,7.660275,5.441916,6.637945,-19.643253,-0.187125,-0.008701,-0.057502
1771002507.567752,7.665261,6.124228,6.841351,-19.431843,-0.185922,0.000216,-0.057723
1771002507.572733,7.670242,6.027038,5.391204,-18.596306,-0.169717,0.007515,-0.046836
1771002507.577716,7.675225,6.022255,5.535856,-18.195375,-0.170560,0.005751,-0.046852
1771002507.582700,7.680209,6.084795,5.813525,-17.967152,-0.171887,0.003603,-0.045522
1771002507.587696,7.685205,5.897561,6.289698,-17.533909,-0.177838,0.002122,-0.040507
1771002507.592723,7.690232,5.407757,6.782710,-16.146606,-0.165460,-0.009618,-0.042187
1771002507.598109,7.695617,5.483960,5.746542,-15.825437,-0.157366,-0.007653,-0.034821
1771002507.602664,7.700173,4.079258,5.406158,-15.741858,-0.142304,-0.002449,-0.048932
1771002507.607633,7.705142,4.780127,5.627916,-15.505238,-0.142346,0.006241,-0.051674
1771002507.613030,7.710538,4.737634,5.828402,-15.018954,-0.140221,0.005706,-0.050187
1771002507.617604,7.715112,3.685616,6.643953,-13.674600,-0.135113,0.000490,-0.039483
1771002507.623015,7.720524,4.710268,5.226296,-13.781689,-0.129966,0.011677,-0.035097
1771002507.627573,7.725082,3.298365,5.894444,-12.225483,-0.122700,0.003645,-0.022393
1771002507.632571,7.730079,2.850690,6.433004,-10.707649,-0.107349,-0.007061,-0.023478
1771002507.637985,7.735493,3.808328,6.101798,-10.673094,-0.100000,0.013660,-0.026084
1771002507.642532,7.740041,3.815207,6.277798,-10.239599,-0.097136,0.013051,-0.025675
1771002507.647562,7.745071,2.848449,5.085642,-9.769131,-0.090552,0.008977,-0.009447
1771002507.652911,7.750420,2.893598,5.261143,-9.580702,-0.088618,0.009160,-0.008639
1771002507.657483,7.754992,2.846406,5.370632,-9.147823,-0.085923,0.009098,-0.008586
1771002507.662879,7.760387,3.597487,5.390847,-9.173012,-0.085716,0.018546,-0.010994
1771002507.667456,7.764965,3.594732,5.701183,-8.443086,-0.082386,0.020217,-0.012628
1771002507.672434,7.769943,3.563365,5.706841,-8.464484,-0.083768,0.017948,-0.010426
1771002507.677822,7.775331,2.122550,2.960702,-6.691586,-0.065543,0.004861,-0.017306
1771002507.682410,7.779919,1.653510,3.429000,-5.499077,-0.053012,-0.003995,-0.019352
1771002507.687444,7.784953,1.808114,1.653244,-5.404816,-0.045882,-0.005021,-0.011518
1771002507.692795,7.790304,2.530892,1.492936,-5.270694,-0.045659,0.004130,-0.013720
1771002507.697368,7.794877,2.517117,1.650706,-4.965028,-0.044420,0.005705,-0.014329
1771002507.702762,7.800271,2.401781,1.833999,-4.705902,-0.043659,0.005278,-0.014766
1771002507.707329,7.804838,-0.137985,0.926914,-4.488848,-0.036294,0.002031,-0.018126
1771002507.712317,7.809826,-0.555233,2.031170,-4.013987,-0.042823,-0.002923,-0.018876
1771002507.717297,7.814806,-0.467751,1.304671,-3.806754,-0.035227,0.002092,-0.020508
1771002507.722298,7.819807,-0.764527,2.335486,-3.361723,-0.040238,-0.003011,-0.018929
1771002507.727260,7.824769,0.890582,2.667530,-2.124452,-0.023047,-0.003917,-0.020973
1771002507.732254,7.829762,0.736293,2.712395,-1.917470,-0.023559,-0.002923,-0.021052
1771002507.737247,7.834756,0.897413,1.906289,-1.633563,-0.016708,0.000386,-0.022542
1771002507.742224,7.839733,0.912259,1.927998,-1.442054,-0.016394,0.000346,-0.022075
1771002507.747212,7.844720,0.763118,2.068610,-1.054397,-0.016835,-0.001260,-0.020866
1771002507.752190,7.849699,-0.084892,0.055209,-0.985575,-0.006025,-0.005985,-0.001605
1771002507.757536,7.855045,0.022077,0.211339,-0.686190,-0.005952,-0.007155,-0.000403
1771002507.762161,7.859670,0.130368,0.333747,-0.905174,-0.006333,-0.006963,-0.000559
1771002507.767123,7.864632,0.059062,0.271833,-0.836112,-0.005852,-0.007490,-0.000596
1771002507.772135,7.869643,0.061805,0.179889,-0.857297,-0.005277,-0.007444,-0.000564
1771002507.777119,7.874628,0.039865,0.292377,-0.874509,-0.005965,-0.007076,-0.000657
1771002507.782100,7.879609,0.067739,0.267889,-0.845718,-0.005546,-0.007130,-0.000659
1771002507.787084,7.884593,0.099778,0.395635,-0.835664,-0.006381,-0.007347,-0.000378
1771002507.792073,7.889581,0.104839,0.265044,-0.863722,-0.006092,-0.007444,-0.000311
1771002507.797056,7.894565,0.105940,0.479771,-0.732521,-0.006982,-0.006998,-0.000499
1771002507.802036,7.899544,0.049444,0.291413,-0.788595,-0.006007,-0.007434,-0.000792
1771002507.807462,7.904971,0.064859,0.383206,-0.784071,-0.006181,-0.007424,-0.000517
1771002507.812012,7.909520,0.106536,0.345338,-0.754724,-0.006113,-0.007240,-0.000082
1771002507.816999,7.914507,0.043523,0.293603,-0.763678,-0.006295,-0.007204,-0.001016
1771002507.821986,7.919494,0.005248,0.362649,-0.781193,-0.006008,-0.007756,-0.001305
1771002507.826952,7.924461,-0.268749,2.463393,-0.958298,-0.021089,-0.005287,-0.009441
1771002507.832006,7.929515,0.029643,0.421137,-0.746422,-0.006545,-0.007735,-0.001205
1771002507.837426,7.934935,0.053204,0.186374,-0.844630,-0.004909,-0.007350,-0.001067
1771002507.841930,7.939438,0.030799,0.395789,-0.736921,-0.006678,-0.007465,-0.001177
1771002507.846942,7.944451,0.067231,0.271281,-0.795853,-0.005028,-0.007422,-0.000786
1771002507.852320,7.949829,0.022449,0.452837,-0.720150,-0.006988,-0.007025,-0.000769
1771002507.856884,7.954392,0.014800,0.469561,-0.741913,-0.006990,-0.007801,-0.001196
1771002507.861869,7.959378,-0.015022,0.377197,-0.653207,-0.006333,-0.008119,-0.002018
1771002507.867277,7.964786,0.022863,0.334252,-0.701818,-0.005936,-0.007778,-0.001103
1771002507.871845,7.969354,0.036794,0.419016,-0.695011,-0.006575,-0.007852,-0.000990
1771002507.877212,7.974721,0.026867,0.291195,-0.756426,-0.006020,-0.008178,-0.001770
1771002507.881811,7.979319,0.185312,0.187438,-1.054862,-0.005913,-0.006678,-0.001569
1771002507.886796,7.984304,0.041031,0.359753,-0.765854,-0.005902,-0.007020,-0.000861
1771002507.892169,7.989677,0.031274,0.332323,-0.716192,-0.005918,-0.007710,-0.001396
1771002507.896763,7.994272,0.101423,0.252992,-0.781007,-0.004929,-0.006927,-0.000652
1771002507.901746,7.999255,0.019133,0.344900,-0.720146,-0.005803,-0.007444,-0.001311
1771002507.907112,8.004621,0.034714,0.392787,-0.726755,-0.005870,-0.007265,-0.001151
1771002507.911717,8.009226,0.097469,0.281815,-0.739323,-0.005257,-0.007615,-0.000645
1771002507.916704,8.014212,0.036040,0.359766,-0.648857,-0.006127,-0.007685,-0.001439
1771002507.922083,8.019592,0.000927,0.287643,-0.716023,-0.005770,-0.007519,-0.001169
1771002507.926657,8.024165,-0.029770,0.420988,-0.647492,-0.006501,-0.007465,-0.001724
1771002507.932039,8.029548,0.026820,0.230294,-0.753073,-0.005276,-0.007868,-0.001779
1771002507.936690,8.034198,0.002622,0.231165,-0.712910,-0.005181,-0.007740,-0.001501
1771002507.942271,8.039779,0.058761,0.295087,-0.713749,-0.005309,-0.007972,-0.001281
1771002507.946636,8.044144,0.046066,0.450084,-0.657921,-0.006435,-0.007620,-0.000653
1771002507.951580,8.049089,0.025388,0.300783,-0.705409,-0.005628,-0.007768,-0.001426
1771002507.956812,8.054321,0.055585,0.435912,-0.713090,-0.006076,-0.007883,-0.001122
1771002507.961567,8.059076,0.025620,0.461341,-0.655275,-0.006468,-0.007320,-0.001131
1771002507.966620,8.064129,0.077705,0.474957,-0.695251,-0.006640,-0.007800,-0.000522
1771002507.971547,8.069055,0.017682,0.373666,-0.667867,-0.006138,-0.007729,-0.001089
1771002507.976521,8.074029,0.010239,0.484380,-0.678216,-0.006644,-0.007925,-0.001216
1771002507.981502,8.079011,0.014642,0.445795,-0.707566,-0.006005,-0.007057,-0.001037
1771002507.986797,8.084306,0.045026,0.270705,-0.699840,-0.005206,-0.007941,-0.000930
1771002507.991727,8.089236,0.050008,0.388030,-0.710211,-0.005839,-0.007225,-0.000500
1771002507.996802,8.094310,0.081165,0.340211,-0.785569,-0.005035,-0.007276,-0.000460
1771002508.001435,8.098944,0.035868,0.282006,-0.644763,-0.005283,-0.007730,-0.001250
1771002508.006401,8.103910,0.015382,0.382938,-0.678245,-0.006210,-0.008231,-0.001618
1771002508.011405,8.108914,0.009161,0.284813,-0.721509,-0.005064,-0.007793,-0.001719
1771002508.016387,8.113896,0.001407,0.311737,-0.682688,-0.005126,-0.007416,-0.001415
1771002508.021366,8.118875,0.014264,0.357814,-0.625417,-0.005672,-0.008062,-0.001656
1771002508.026363,8.123872,0.013312,0.247053,-0.677721,-0.005376,-0.008423,-0.001203
1771002508.031347,8.128856,0.066954,0.377677,-0.674677,-0.006113,-0.007245,-0.000378
1771002508.036330,8.133838,0.017791,0.306491,-0.696963,-0.005369,-0.008003,-0.001700
1771002508.041312,8.138821,-0.002492,0.430570,-0.618054,-0.006266,-0.007440,-0.001331
1771002508.046299,8.143808,0.030020,0.516163,-0.650792,-0.006787,-0.007831,-0.001355
1771002508.051321,8.148830,0.028577,0.283342,-0.686212,-0.005466,-0.008037,-0.000958
1771002508.056270,8.153779,0.061760,0.285934,-0.731812,-0.005040,-0.007627,-0.000454
1771002508.061256,8.158765,0.096808,0.373936,-0.733766,-0.005402,-0.007403,-0.000704
1771002508.066241,8.163750,-0.004663,0.378414,-0.602026,-0.006280,-0.008265,-0.001528
1771002508.071223,8.168732,0.011731,0.376289,-0.690349,-0.005649,-0.007621,-0.001067
1771002508.076224,8.173733,0.033646,0.361220,-0.679859,-0.005632,-0.007812,-0.001303
1771002508.081202,8.178710,0.039518,0.499750,-0.671506,-0.006278,-0.007188,-0.000839
1771002508.086179,8.183688,0.006232,0.450723,-0.610765,-0.006554,-0.008050,-0.001456
1771002508.091154,8.188663,0.020992,0.378960,-0.679323,-0.005805,-0.007757,-0.001341
1771002508.096144,8.193652,0.037529,0.299010,-0.710283,-0.005078,-0.007581,-0.001345
1771002508.101133,8.198642,-0.010511,0.363148,-0.577194,-0.006098,-0.008289,-0.001980
1771002508.106113,8.203622,0.067941,0.311394,-0.656318,-0.005120,-0.007577,-0.000831
1771002508.111119,8.208627,0.025102,0.585744,-0.641849,-0.006804,-0.007536,-0.001008
1771002508.116510,8.214019,0.053007,0.311473,-0.621353,-0.005386,-0.007616,-0.001005
1771002508.121080,8.218589,0.005165,0.449576,-0.565332,-0.006192,-0.008087,-0.001210
1771002508.126064,8.223572,-0.008938,0.331537,-0.598913,-0.005358,-0.008046,-0.001819
1771002508.131464,8.228973,0.036513,0.487737,-0.585217,-0.006518,-0.007704,-0.000859
1771002508.136039,8.233548,-0.001132,0.396834,-0.591194,-0.005952,-0.007497,-0.001215
1771002508.141013,8.238522,0.065329,0.419104,-0.650675,-0.005763,-0.007813,-0.000994
1771002508.145998,8.243507,-0.042682,0.318628,-0.629147,-0.005501,-0.008013,-0.002171
1771002508.151373,8.248882,0.046201,0.360299,-0.648758,-0.006021,-0.007675,-0.001047
1771002508.155971,8.253479,0.007843,0.362087,-0.621347,-0.005355,-0.007758,-0.001212
1771002508.160986,8.258494,0.014895,0.357484,-0.649553,-0.005607,-0.008024,-0.001390
1771002508.166336,8.263844,0.063351,0.380339,-0.675464,-0.005613,-0.007621,-0.001016
1771002508.170929,8.268438,0.031646,0.401882,-0.596890,-0.005477,-0.007660,-0.001282
1771002508.175931,8.273439,0.045108,0.432039,-0.613508,-0.005870,-0.007733,-0.000681
1771002508.181276,8.278785,0.022720,0.430577,-0.627800,-0.005779,-0.007556,-0.001225
1771002508.185933,8.283441,0.000604,0.378665,-0.649384,-0.005382,-0.007535,-0.000966
1771002508.191248,8.288757,-0.001492,0.401632,-0.592371,-0.005681,-0.008134,-0.001427
1771002508.195851,8.293360,0.015240,0.414446,-0.665640,-0.005850,-0.007330,-0.000500
1771002508.200903,8.298412,0.009544,0.254302,-0.684189,-0.004709,-0.007616,-0.001452
1771002508.206213,8.303721,0.001717,0.363721,-0.574845,-0.005384,-0.007703,-0.001085
1771002508.210803,8.308312,0.032439,0.424502,-0.598144,-0.005521,-0.007387,-0.000515
1771002508.215845,8.313354,0.010887,0.477113,-0.612584,-0.006344,-0.007727,-0.001472
1771002508.221414,8.318922,0.008573,0.501180,-0.617927,-0.006596,-0.007783,-0.000955
1771002508.225929,8.323437,0.021167,0.437907,-0.619007,-0.006125,-0.008181,-0.001521
1771002508.230745,8.328254,0.028828,0.360324,-0.625393,-0.005269,-0.007549,-0.001178
1771002508.236148,8.333657,0.018238,0.388416,-0.633633,-0.005627,-0.007853,-0.001191
1771002508.240720,8.338228,0.041511,0.418029,-0.694469,-0.005544,-0.007375,-0.001319
1771002508.245698,8.343207,0.010881,0.434056,-0.596548,-0.006249,-0.008016,-0.001042
1771002508.250737,8.348245,0.009005,0.449307,-0.722242,-0.006172,-0.007836,-0.001397
1771002508.255666,8.353174,0.042037,0.541953,-0.616587,-0.006603,-0.007441,-0.000387
1771002508.261306,8.358814,0.000827,0.391428,-0.629051,-0.005682,-0.008246,-0.001728
1771002508.265620,8.363129,0.053425,0.505001,-0.584111,-0.006884,-0.008374,-0.001227
1771002508.270622,8.368130,0.004413,0.443937,-0.611190,-0.005837,-0.007600,-0.001458
1771002508.276007,8.373515,0.025760,0.488027,-0.607745,-0.006376,-0.007589,-0.000651
1771002508.280598,8.378106,0.030694,0.396571,-0.645962,-0.005452,-0.008014,-0.000992
1771002508.285975,8.383484,0.013275,0.460940,-0.556540,-0.005946,-0.007536,-0.001280
1771002508.290575,8.388084,0.043874,0.409543,-0.594254,-0.005658,-0.007012,-0.000561
1771002508.295579,8.393088,0.035733,0.444395,-0.604921,-0.005842,-0.007700,-0.000883
1771002508.300920,8.398429,0.020168,0.363692,-0.617199,-0.005671,-0.008033,-0.001542
1771002508.305519,8.403027,0.012882,0.556287,-0.673067,-0.007019,-0.007708,-0.001534
1771002508.310519,8.408028,0.013919,0.399718,-0.814903,-0.005480,-0.007385,-0.000995
1771002508.315883,8.413391,0.011348,0.282759,-0.790385,-0.005250,-0.007426,-0.001353
1771002508.320476,8.417984,-0.018019,0.637323,-0.789014,-0.006143,-0.007166,-0.001092
1771002508.325457,8.422965,-0.066068,0.341123,-0.815986,-0.005222,-0.007112,-0.002045
1771002508.330448,8.427957,-0.037282,0.345044,-0.866364,-0.005452,-0.007563,-0.001874
1771002508.335424,8.432933,-0.100777,0.462920,-0.988990,-0.005599,-0.007183,-0.002301
1771002508.340411,8.437920,-0.069152,0.466166,-0.901473,-0.005565,-0.007372,-0.002528
1771002508.345393,8.442901,-0.099446,0.384963,-0.966061,-0.005605,-0.007129,-0.002892
1771002508.350378,8.447886,-0.065283,0.464299,-0.942419,-0.006016,-0.007905,-0.002311
1771002508.355358,8.452867,-0.088364,0.493639,-1.023192,-0.005963,-0.006945,-0.002023
1771002508.360344,8.457853,-0.063355,0.218322,-0.998599,-0.005011,-0.007463,-0.001953
1771002508.365402,8.462911,-0.140496,0.505904,-1.069936,-0.006450,-0.007736,-0.003165
1771002508.370317,8.467825,-0.083713,0.350036,-1.141525,-0.005179,-0.006548,-0.002309
1771002508.375298,8.472806,-0.072817,0.579671,-1.174578,-0.006380,-0.006576,-0.002436
1771002508.380283,8.477792,-0.086118,0.500940,-1.286626,-0.005871,-0.006630,-0.002425
1771002508.385271,8.482780,-0.220236,1.581619,-1.284824,-0.012375,-0.011885,-0.000642
1771002508.390261,8.487770,0.009682,0.656621,-1.324610,-0.006310,-0.006412,-0.001141
1771002508.395241,8.492750,-0.222163,1.540328,-1.267119,-0.013030,-0.012059,-0.000162
1771002508.400224,8.497733,0.126505,0.426517,-1.500069,-0.005866,-0.006003,-0.000872
1771002508.405205,8.502713,0.144936,0.457002,-1.574746,-0.005331,-0.005251,-0.000447
1771002508.410197,8.507705,-0.168818,1.686000,-1.422892,-0.014390,-0.012130,-0.000299
1771002508.415176,8.512685,-1.250428,0.511568,-1.967071,-0.016727,-0.002246,-0.006942
1771002508.420760,8.518269,-0.474999,3.519287,-1.811847,-0.027229,-0.003714,-0.023101
1771002508.425605,8.523114,-0.455002,3.599189,-1.938453,-0.027379,-0.003516,-0.023373
1771002508.430239,8.527748,-0.483739,3.552115,-2.149808,-0.027270,-0.003711,-0.023933
1771002508.435583,8.533092,-0.412239,3.697818,-2.398494,-0.027924,-0.002972,-0.023465
1771002508.440117,8.537626,0.933396,3.432555,-2.942821,-0.033152,0.005824,-0.009812
1771002508.445144,8.542653,0.974364,3.511545,-3.090151,-0.032864,0.005889,-0.009927
1771002508.451047,8.548556,1.562075,3.492971,-3.899783,-0.038734,0.009523,-0.008899
1771002508.455610,8.553119,1.517462,3.342593,-4.225287,-0.038999,0.009265,-0.009823
1771002508.460125,8.557634,0.538404,4.020290,-3.949176,-0.045662,-0.008261,-0.004178
1771002508.465364,8.562873,0.962772,4.580899,-5.839922,-0.031162,0.012378,0.008837
1771002508.470721,8.568229,0.925131,4.593785,-6.475206,-0.030932,0.014012,0.007909
1771002508.475005,8.572514,0.916149,4.617425,-6.964689,-0.029853,0.014474,0.007273
1771002508.480002,8.577510,2.517251,4.214686,-7.960248,-0.025658,0.035337,-0.003138
1771002508.485360,8.582869,2.182581,-0.731318,-4.101960,-0.008031,0.003588,-0.000548
1771002508.490204,8.587712,2.268474,-0.795973,-4.460701,-0.008643,0.003474,-0.000287
1771002508.494960,8.592469,2.075708,2.003810,-3.486618,-0.033501,-0.000544,-0.005249
1771002508.500327,8.597836,2.141372,1.954435,-3.807356,-0.034540,-0.000877,-0.005600
1771002508.504940,8.602448,2.157188,1.936790,-4.161861,-0.034800,-0.001931,-0.006807
1771002508.510288,8.607796,2.107988,1.975234,-5.156783,-0.045286,0.002626,-0.021482
1771002508.514889,8.612398,1.189934,2.189569,-5.518229,-0.046851,-0.006254,-0.018515
1771002508.519861,8.617370,1.150335,2.180439,-5.853864,-0.047834,-0.005584,-0.019426
1771002508.524845,8.622354,1.327718,2.182119,-6.376488,-0.050497,-0.004063,-0.020008
1771002508.529828,8.627337,2.606661,1.812495,-6.731382,-0.050184,-0.003002,-0.006689
1771002508.534823,8.632331,2.620917,1.205263,-7.703972,-0.050153,-0.005124,-0.005268
1771002508.539796,8.637305,4.031319,1.071385,-8.922924,-0.060383,0.013451,-0.014868
1771002508.544780,8.642289,3.027084,3.759280,-8.914683,-0.076505,-0.003411,-0.017650
1771002508.549765,8.647273,3.057732,3.525858,-9.342148,-0.077225,-0.003409,-0.018281
1771002508.554738,8.652246,3.178246,3.239023,-9.800661,-0.077941,-0.003099,-0.017705
1771002508.559721,8.657230,3.209893,3.353240,-10.351306,-0.079252,-0.000769,-0.017913
1771002508.564762,8.662271,3.373972,2.930122,-10.804422,-0.078987,-0.001315,-0.018123
1771002508.570160,8.667669,2.508893,2.717916,-11.085760,-0.076193,-0.010292,-0.017353
1771002508.574699,8.672207,3.584546,2.162691,-11.855712,-0.074295,-0.003910,-0.027583
1771002508.579688,8.677197,3.541311,2.088948,-12.412915,-0.074570,-0.001945,-0.029032
1771002508.585067,8.682576,3.599090,3.913767,-13.856605,-0.100222,-0.004318,-0.040801
1771002508.589667,8.687176,3.859973,3.833075,-12.262543,-0.092658,-0.021710,-0.025177
1771002508.594663,8.692171,3.869176,3.491409,-12.793640,-0.090729,-0.019192,-0.026233
1771002508.600305,8.697814,3.892657,3.193169,-13.338416,-0.089950,-0.016823,-0.028112
1771002508.604594,8.702103,3.726890,3.594317,-13.708813,-0.094896,-0.020238,-0.029461
1771002508.609595,8.707103,4.213397,3.054032,-13.737232,-0.081463,-0.029959,-0.024849
1771002508.614984,8.712492,4.217877,2.791987,-14.185761,-0.079783,-0.028941,-0.027284
1771002508.619561,8.717070,3.825103,4.721627,-13.970542,-0.095625,-0.041181,-0.035908
1771002508.624546,8.722055,3.754247,4.352509,-14.434071,-0.094265,-0.039374,-0.039768
1771002508.629546,8.727055,4.127271,4.230488,-14.773768,-0.091468,-0.043883,-0.026627
1771002508.634911,8.732420,5.081106,3.671205,-15.660819,-0.087971,-0.031902,-0.038226
1771002508.639513,8.737022,5.067413,3.579393,-15.971281,-0.087995,-0.030997,-0.039317
1771002508.644496,8.742004,5.076617,3.278407,-16.413328,-0.086371,-0.027755,-0.041425
1771002508.649475,8.746984,4.847555,3.902000,-16.855268,-0.094345,-0.035387,-0.043821
1771002508.654455,8.751964,4.140912,3.853127,-16.972275,-0.094511,-0.047648,-0.043357
1771002508.659448,8.756957,4.036220,3.681851,-17.178129,-0.094000,-0.046362,-0.045173
1771002508.664423,8.761931,6.056699,3.042027,-17.731335,-0.078989,-0.034933,-0.029858
1771002508.669405,8.766914,6.087441,2.931619,-17.915512,-0.077783,-0.033929,-0.030830
1771002508.674392,8.771901,5.926509,5.190773,-17.778557,-0.097156,-0.051128,-0.035726
1771002508.679377,8.776886,5.996284,5.177022,-18.077286,-0.097617,-0.051036,-0.036111
1771002508.684355,8.781864,4.938698,5.438545,-17.973671,-0.111341,-0.054083,-0.041604
1771002508.689336,8.786844,4.935278,5.302067,-18.079250,-0.111326,-0.053880,-0.041667
1771002508.694334,8.791842,4.943617,5.124259,-18.170055,-0.111834,-0.053655,-0.041692
1771002508.699316,8.796825,6.052251,4.689021,-18.390928,-0.097841,-0.048165,-0.037604
1771002508.704287,8.801795,5.373162,4.830192,-18.199856,-0.100061,-0.060189,-0.035577
1771002508.709286,8.806795,5.254373,4.687773,-18.112122,-0.099762,-0.059852,-0.037171
1771002508.714285,8.811794,5.250578,4.518241,-17.777557,-0.098641,-0.056709,-0.036674
1771002508.719249,8.816758,5.204018,4.523699,-17.700310,-0.098896,-0.056448,-0.037155
1771002508.724237,8.821746,5.217697,4.371572,-17.421646,-0.098050,-0.053954,-0.036518
1771002508.729221,8.826730,6.400688,7.197801,-19.174469,-0.108267,-0.047847,-0.027199
1771002508.734213,8.831722,5.768397,3.951709,-17.385487,-0.092574,-0.038920,-0.039820
1771002508.739192,8.836700,6.281574,7.074833,-18.988018,-0.106276,-0.047367,-0.029443
1771002508.744187,8.841695,4.632099,3.907443,-17.239079,-0.092062,-0.047001,-0.054072
1771002508.749165,8.846674,4.619581,3.963910,-17.349556,-0.091888,-0.047615,-0.054659
1771002508.754146,8.851655,5.621278,3.821820,-17.470860,-0.089454,-0.038845,-0.042354
1771002508.759134,8.856643,5.752172,3.864481,-17.760563,-0.088923,-0.038718,-0.041941
1771002508.764117,8.861626,4.922631,4.666282,-18.038242,-0.099678,-0.062688,-0.040484
1771002508.769088,8.866597,5.058928,3.916594,-17.739946,-0.089704,-0.051905,-0.040569
1771002508.774149,8.871657,5.099372,3.887826,-17.761532,-0.089188,-0.051166,-0.040903
1771002508.779688,8.877197,5.531469,6.705097,-19.375233,-0.100779,-0.059542,-0.030355
1771002508.784087,8.881595,5.528255,6.646216,-19.313938,-0.100726,-0.059294,-0.030824
1771002508.789459,8.886967,5.565114,6.651280,-19.264969,-0.100916,-0.058409,-0.030728
1771002508.794027,8.891536,5.551188,6.429165,-18.908524,-0.100409,-0.057409,-0.031864
1771002508.799011,8.896520,5.546378,6.413680,-18.715990,-0.101006,-0.057097,-0.031857
1771002508.803980,8.901489,5.657640,6.434138,-18.769173,-0.099880,-0.056488,-0.031364
1771002508.808995,8.906503,5.249115,5.422028,-17.380238,-0.108022,-0.060839,-0.044755
1771002508.813974,8.911483,5.644582,6.154814,-18.657906,-0.097542,-0.055221,-0.033506
1771002508.818954,8.916462,5.181966,5.264772,-17.402084,-0.106168,-0.060504,-0.046506
1771002508.824380,8.921889,5.493312,6.693247,-20.834648,-0.112764,-0.065283,-0.037035
1771002508.828926,8.926434,4.845874,6.152394,-22.364216,-0.110319,-0.061965,-0.066967
1771002508.834535,8.932044,6.917736,6.603682,-22.492420,-0.104679,-0.068965,-0.046454
1771002508.838933,8.936441,7.055434,5.827426,-22.733330,-0.094158,-0.058209,-0.048361
1771002508.843923,8.941432,5.729315,6.687127,-22.499918,-0.108126,-0.077864,-0.062030
1771002508.848860,8.946368,4.641788,6.149897,-18.726006,-0.100862,-0.066524,-0.050395
1771002508.854254,8.951763,5.090407,6.717874,-19.823547,-0.101416,-0.064087,-0.037214
1771002508.858836,8.956345,6.170677,6.282669,-20.190571,-0.086203,-0.060895,-0.034358
1771002508.863839,8.961348,6.078229,6.026877,-20.165852,-0.084003,-0.059871,-0.036769
1771002508.869212,8.966721,6.081570,5.835182,-20.076551,-0.082660,-0.058518,-0.038538
1771002508.873805,8.971314,5.647811,4.699690,-18.370386,-0.089092,-0.061312,-0.052574
1771002508.879140,8.976649,5.250723,4.957488,-17.792746,-0.076531,-0.073112,-0.054744
1771002508.883755,8.981263,5.267385,4.750543,-17.619827,-0.076408,-0.072015,-0.056255
1771002508.888742,8.986250,4.816054,4.668471,-18.781536,-0.083060,-0.080974,-0.057486
1771002508.894114,8.991622,4.647765,6.775792,-22.441866,-0.102127,-0.092076,-0.049267
1771002508.898705,8.996214,4.742435,6.452664,-22.526253,-0.098829,-0.090252,-0.048626
1771002508.903670,9.001179,4.686078,6.202297,-22.328848,-0.098490,-0.089963,-0.050638
1771002508.908690,9.006198,4.701989,6.199882,-22.460453,-0.097202,-0.089575,-0.050870
1771002508.914031,9.011540,4.715196,6.179224,-22.400782,-0.097809,-0.089854,-0.050509
1771002508.918646,9.016155,4.766097,6.263981,-22.612896,-0.097683,-0.089897,-0.050439
1771002508.924019,9.021528,4.694391,6.290680,-22.437214,-0.098841,-0.090304,-0.050664
1771002508.928620,9.026129,4.709930,6.234870,-22.445896,-0.098652,-0.090014,-0.050518
1771002508.933579,9.031088,6.064621,4.298344,-19.659798,-0.089199,-0.065131,-0.046191
1771002508.938970,9.036479,6.029801,4.864340,-17.857037,-0.079063,-0.071445,-0.045996
1771002508.943571,9.041080,5.144063,4.966072,-17.876461,-0.081461,-0.081499,-0.058959
1771002508.948930,9.046438,6.030621,4.845176,-18.011719,-0.079841,-0.071246,-0.045965
1771002508.953537,9.051046,5.135267,4.991302,-17.965824,-0.081962,-0.081818,-0.058858
1771002508.958587,9.056095,5.093621,5.039641,-17.848307,-0.083212,-0.082400,-0.058197
1771002508.963896,9.061405,5.053898,5.526527,-17.724377,-0.099771,-0.089857,-0.056417
1771002508.968503,9.066012,5.022837,5.443423,-17.578526,-0.100567,-0.089149,-0.055966
1771002508.973477,9.070986,4.993989,5.258202,-17.369890,-0.099020,-0.087260,-0.055790
1771002508.978491,9.075999,5.028007,5.372629,-17.424744,-0.100248,-0.087896,-0.055384
1771002508.983816,9.081324,5.123979,4.936218,-17.600542,-0.092863,-0.076593,-0.057032
1771002508.988431,9.085940,5.119161,4.746217,-17.472664,-0.091411,-0.074650,-0.055936
1771002508.993417,9.090926,5.129735,4.757231,-17.368603,-0.091431,-0.074799,-0.055379
1771002508.998403,9.095912,5.168937,5.059130,-17.559206,-0.094102,-0.077540,-0.055316
1771002509.003384,9.100892,5.068301,4.810928,-17.305351,-0.092145,-0.075864,-0.055869
1771002509.008370,9.105879,4.966763,4.714290,-17.353642,-0.091103,-0.075633,-0.056983
1771002509.013355,9.110864,4.835063,5.330816,-17.352928,-0.100062,-0.088621,-0.056433
1771002509.018341,9.115849,4.775575,5.244667,-17.321756,-0.098750,-0.087950,-0.058059
1771002509.023319,9.120827,4.718547,5.234636,-17.357580,-0.098029,-0.088116,-0.059116
1771002509.028321,9.125830,5.549305,5.089478,-17.123852,-0.096972,-0.078197,-0.047317
1771002509.033291,9.130800,4.617361,5.007004,-17.115141,-0.096166,-0.086186,-0.060489
1771002509.038278,9.135787,5.507194,5.210078,-17.115307,-0.097119,-0.079371,-0.048287
1771002509.043256,9.140765,5.388183,5.035414,-16.853374,-0.096185,-0.078191,-0.049328
1771002509.048247,9.145755,6.184941,4.825648,-17.108353,-0.083859,-0.075192,-0.044800
1771002509.053231,9.150740,5.373162,5.087564,-16.669765,-0.097340,-0.078820,-0.048393
1771002509.058210,9.155719,4.481518,5.217262,-16.711182,-0.099221,-0.088970,-0.060396
1771002509.063197,9.160706,5.397919,5.025969,-16.709442,-0.088453,-0.086350,-0.055806
1771002509.068203,9.165712,5.330088,5.034909,-16.556828,-0.089293,-0.086549,-0.055591
1771002509.073167,9.170676,5.331396,5.191406,-16.521303,-0.090714,-0.087063,-0.054558
1771002509.078151,9.175660,5.408246,4.517906,-16.492939,-0.081416,-0.074609,-0.056199
1771002509.083135,9.180643,5.310443,4.452796,-16.295595,-0.081336,-0.074639,-0.056452
1771002509.088117,9.185626,5.256644,4.492127,-16.337303,-0.081058,-0.075880,-0.056405
1771002509.093103,9.190611,5.286840,4.552788,-16.243244,-0.082063,-0.075179,-0.056426
1771002509.098086,9.195595,5.807127,4.481034,-16.297577,-0.081220,-0.062584,-0.060433
1771002509.103071,9.200579,5.630722,4.302850,-15.991915,-0.080362,-0.061503,-0.061063
1771002509.108038,9.205547,5.585083,4.277618,-15.860273,-0.080147,-0.061205,-0.061582
1771002509.113038,9.210546,5.611612,4.559862,-15.709691,-0.083414,-0.062744,-0.061449
1771002509.118025,9.215534,5.582625,4.462158,-15.482393,-0.082910,-0.061575,-0.061586
1771002509.123451,9.220960,5.553415,4.498561,-15.261125,-0.082950,-0.062396,-0.060994
1771002509.128398,9.225907,5.547918,4.512809,-14.986694,-0.083655,-0.061654,-0.060676
1771002509.133374,9.230883,5.548450,4.481018,-14.779295,-0.083075,-0.060744,-0.060332
1771002509.138383,9.235891,5.507077,4.344806,-14.430534,-0.081732,-0.059623,-0.060772
1771002509.143352,9.240860,5.523208,4.447080,-14.318854,-0.079935,-0.059193,-0.060853
1771002509.147937,9.245445,5.500762,4.317768,-14.151373,-0.078372,-0.058756,-0.061046
1771002509.153672,9.251180,4.531967,4.846912,-13.299800,-0.079942,-0.069368,-0.050691
1771002509.157910,9.255419,4.577902,4.822767,-13.160181,-0.079211,-0.067880,-0.049240
1771002509.162906,9.260415,4.229225,5.315887,-12.460909,-0.066241,-0.078438,-0.048540
1771002509.168280,9.265789,3.731827,4.954987,-13.153401,-0.080351,-0.078171,-0.060283
1771002509.172866,9.270374,3.749371,5.190007,-13.127183,-0.079842,-0.078560,-0.059266
1771002509.177838,9.275346,3.235061,5.427963,-12.458562,-0.065910,-0.089106,-0.060814
1771002509.182827,9.280335,4.795298,5.258423,-12.302746,-0.063612,-0.066132,-0.052583
1771002509.187805,9.285314,4.747519,5.187242,-12.294031,-0.061893,-0.066208,-0.054051
1771002509.192805,9.290314,4.683281,5.103347,-12.157406,-0.060683,-0.065464,-0.055633
1771002509.198170,9.295679,5.318479,5.016890,-14.197109,-0.064445,-0.069955,-0.065859
1771002509.202760,9.300268,4.556300,5.131141,-12.055748,-0.058702,-0.066963,-0.057784
1771002509.207791,9.305300,4.556480,5.004587,-11.755398,-0.057520,-0.065892,-0.058141
1771002509.213110,9.310619,4.703766,3.310045,-11.989856,-0.047500,-0.060305,-0.049854
1771002509.217761,9.315269,4.731240,3.526218,-11.780002,-0.047744,-0.059688,-0.049426
1771002509.223121,9.320630,4.099588,3.632613,-11.746210,-0.049767,-0.070218,-0.061176
1771002509.227691,9.325199,4.186062,3.574510,-11.614922,-0.048616,-0.068728,-0.060647
1771002509.232687,9.330195,3.152147,3.937615,-10.887110,-0.051626,-0.077136,-0.051048
1771002509.238046,9.335555,3.203998,3.808458,-10.800966,-0.050904,-0.075669,-0.051643
1771002509.242639,9.340147,3.194771,3.699018,-10.702983,-0.049257,-0.075511,-0.051638
1771002509.248009,9.345518,3.226185,3.579664,-10.607784,-0.048892,-0.074875,-0.052463
1771002509.252611,9.350120,3.207063,3.436785,-10.532156,-0.048697,-0.074104,-0.052554
1771002509.257967,9.355475,3.271038,3.499121,-10.501207,-0.048398,-0.073634,-0.052006
1771002509.262568,9.360077,3.242838,3.337001,-10.384732,-0.047182,-0.073251,-0.053109
1771002509.267608,9.365116,3.249877,3.356056,-10.381701,-0.047160,-0.072843,-0.053311
1771002509.272926,9.370435,3.225784,3.164173,-10.226233,-0.045750,-0.072088,-0.054655
1771002509.277545,9.375053,3.186568,3.093752,-10.174048,-0.045721,-0.072121,-0.055092
1771002509.282537,9.380046,2.832703,3.864422,-10.599651,-0.051259,-0.080764,-0.056121
1771002509.287556,9.385065,2.829005,3.713442,-10.456414,-0.050530,-0.080513,-0.056936
1771002509.292897,9.390406,2.859709,3.699566,-10.421659,-0.048907,-0.079688,-0.057466
1771002509.297472,9.394980,3.741554,3.365363,-10.247126,-0.045665,-0.067944,-0.045518
1771002509.302454,9.399962,3.776520,3.193302,-10.166309,-0.043675,-0.066527,-0.046258
1771002509.307846,9.405354,3.745262,3.195174,-10.158918,-0.043556,-0.067132,-0.047493
1771002509.312468,9.409977,3.815546,3.316433,-10.259208,-0.043605,-0.066362,-0.046713
1771002509.317785,9.415294,3.799666,3.247229,-10.226147,-0.042797,-0.066913,-0.047337
1771002509.322406,9.419914,3.814118,3.193109,-10.179753,-0.042616,-0.066420,-0.047593
1771002509.327375,9.424884,3.512069,3.358339,-9.731847,-0.029850,-0.075426,-0.049145
1771002509.332368,9.429877,3.525298,3.345383,-9.800858,-0.029205,-0.075481,-0.049980
1771002509.337333,9.434842,4.345206,2.988277,-10.068083,-0.017185,-0.068835,-0.046330
1771002509.342332,9.439840,3.370148,3.892945,-9.875639,-0.037538,-0.085968,-0.049106
1771002509.347314,9.444823,3.368485,3.807680,-10.007544,-0.037176,-0.086288,-0.049457
1771002509.352310,9.449819,3.697110,3.536398,-10.410204,-0.049656,-0.076592,-0.047446
1771002509.357302,9.454811,3.674060,3.571404,-10.518884,-0.049741,-0.077617,-0.047707
1771002509.362269,9.459778,3.730305,3.690543,-10.709633,-0.050483,-0.077720,-0.047438
1771002509.367251,9.464759,3.717543,3.593129,-10.729757,-0.050605,-0.077883,-0.047816
1771002509.372235,9.469743,3.752412,3.648614,-10.764606,-0.051852,-0.077457,-0.047133
1771002509.377229,9.474738,3.746872,3.713716,-10.875813,-0.052636,-0.078081,-0.046897
1771002509.382220,9.479728,3.729228,3.679186,-10.818707,-0.052830,-0.078205,-0.046918
1771002509.387197,9.484706,3.760613,3.682910,-10.872711,-0.052648,-0.077843,-0.047447
1771002509.392179,9.489688,3.707418,3.647804,-10.826864,-0.052733,-0.078058,-0.047730
1771002509.397164,9.494673,4.553083,2.995956,-11.077147,-0.038741,-0.070789,-0.045312
1771002509.402151,9.499659,4.528411,2.831077,-11.037849,-0.037015,-0.069988,-0.046545
1771002509.407142,9.504651,4.223011,2.942135,-10.635066,-0.023983,-0.078688,-0.049669
1771002509.412125,9.509634,4.228106,2.872956,-10.601042,-0.022749,-0.078204,-0.050735
1771002509.417099,9.514607,4.185107,2.622513,-10.438717,-0.021217,-0.077547,-0.051720
1771002509.422079,9.519587,4.221585,2.455955,-10.341468,-0.020077,-0.075868,-0.052467
1771002509.427076,9.524585,4.540847,5.452016,-11.710323,-0.031061,-0.080521,-0.042456
1771002509.432083,9.529592,4.565068,5.237652,-11.603138,-0.029305,-0.078299,-0.042631
1771002509.437475,9.534984,4.533895,5.011217,-11.392559,-0.028437,-0.077139,-0.044323
1771002509.442032,9.539541,3.918206,5.037128,-11.301451,-0.026220,-0.089201,-0.042530
1771002509.447010,9.544518,3.970921,5.056503,-11.390540,-0.025604,-0.088951,-0.042479
1771002509.452393,9.549901,2.966439,5.361316,-10.777998,-0.028132,-0.096803,-0.033538
1771002509.456988,9.554496,2.998039,5.194142,-10.660408,-0.027527,-0.096068,-0.034082
1771002509.461972,9.559480,3.041615,4.820792,-10.559457,-0.025600,-0.094535,-0.035706
1771002509.467346,9.564855,3.060081,4.919906,-10.740935,-0.024424,-0.095039,-0.036080
1771002509.471939,9.569448,3.051870,4.833363,-10.715101,-0.023713,-0.094812,-0.037386
1771002509.476922,9.574431,2.813126,5.277909,-11.153967,-0.028065,-0.103755,-0.037347
1771002509.482296,9.579804,2.827376,5.166633,-11.170783,-0.027552,-0.103344,-0.039713
1771002509.486937,9.584445,2.793483,5.145044,-11.225039,-0.041929,-0.108345,-0.040743
1771002509.492271,9.589780,3.403146,3.827013,-10.032698,-0.041741,-0.098751,-0.043460
1771002509.496864,9.594373,3.084570,5.718296,-10.040442,-0.054047,-0.113272,-0.051009
1771002509.501868,9.599376,3.901023,5.250816,-10.103970,-0.044610,-0.107618,-0.049736
1771002509.506870,9.604378,3.006341,6.336616,-11.506903,-0.052962,-0.123625,-0.044897
1771002509.511822,9.609331,3.833496,4.826593,-9.912594,-0.042777,-0.106983,-0.051540
1771002509.516819,9.614328,3.855064,4.966841,-10.027584,-0.043292,-0.106969,-0.051637
1771002509.522164,9.619672,3.791057,5.011106,-9.995228,-0.043857,-0.107736,-0.051963
1771002509.526769,9.624278,3.806291,4.923332,-10.083279,-0.043227,-0.107324,-0.052458
1771002509.531754,9.629263,3.750736,5.007752,-10.052485,-0.043651,-0.107666,-0.052181
1771002509.537146,9.634654,3.728967,4.789323,-10.057559,-0.042333,-0.107579,-0.053006
1771002509.541725,9.639233,3.761072,4.869627,-10.232358,-0.042336,-0.107794,-0.054018
1771002509.547088,9.644596,3.727002,4.908432,-10.328268,-0.042379,-0.108478,-0.054677
1771002509.551697,9.649206,3.448508,4.959564,-10.030304,-0.028612,-0.117717,-0.057434
1771002509.556676,9.654185,3.451702,4.766678,-10.049572,-0.027859,-0.117366,-0.057954
1771002509.562047,9.659555,3.441362,4.750004,-10.087158,-0.028300,-0.118379,-0.058998
1771002509.566649,9.664157,3.146236,4.853610,-10.494971,-0.042561,-0.119435,-0.053811
1771002509.571631,9.669140,3.170518,4.820441,-10.541914,-0.042234,-0.119736,-0.053151
1771002509.576997,9.674506,3.188338,4.956217,-10.589968,-0.043960,-0.120387,-0.052409
1771002509.581603,9.679111,3.247386,5.124872,-10.700137,-0.044990,-0.120832,-0.050312
1771002509.586968,9.684477,4.165574,4.777148,-11.081478,-0.045829,-0.111522,-0.060190
1771002509.591577,9.689085,4.218761,4.763840,-11.129900,-0.046276,-0.111209,-0.058748
1771002509.596577,9.694086,4.296083,4.942881,-11.287357,-0.047650,-0.111113,-0.057259
1771002509.601927,9.699436,4.296330,4.915863,-11.264006,-0.047577,-0.111149,-0.057598
1771002509.606551,9.704060,4.315012,4.771750,-11.282999,-0.047139,-0.110590,-0.057717
1771002509.611531,9.709039,4.312201,4.651533,-11.274626,-0.045983,-0.109849,-0.058838
1771002509.616877,9.714386,4.310027,4.594816,-11.253475,-0.045912,-0.109733,-0.059714
1771002509.621483,9.718991,4.297929,4.424568,-11.183025,-0.044796,-0.108731,-0.060056
1771002509.626503,9.724012,4.299214,4.337359,-11.208350,-0.043797,-0.108471,-0.060965
1771002509.631846,9.729354,3.451964,4.540108,-10.666250,-0.043960,-0.117443,-0.052404
1771002509.636446,9.733955,3.433054,4.290578,-10.562813,-0.042235,-0.116494,-0.053257
1771002509.641805,9.739314,3.423740,4.183177,-10.484224,-0.041841,-0.115932,-0.054467
1771002509.646406,9.743915,3.432269,4.168573,-10.508215,-0.041980,-0.115500,-0.054615
1771002509.651388,9.748897,3.436436,3.917760,-10.385895,-0.040443,-0.114228,-0.055040
1771002509.656819,9.754328,3.457528,3.860424,-10.340109,-0.040881,-0.113567,-0.055968
1771002509.661364,9.758872,3.111744,4.089276,-9.954446,-0.027026,-0.123824,-0.057247
1771002509.666332,9.763841,3.098327,4.046544,-9.813138,-0.027331,-0.123367,-0.057244
1771002509.671329,9.768837,3.461758,3.776863,-10.047720,-0.041510,-0.112742,-0.054495
1771002509.676309,9.773818,3.481738,3.986571,-10.206865,-0.043018,-0.113857,-0.053367
1771002509.681304,9.778813,3.484255,4.121238,-10.225866,-0.043543,-0.114290,-0.052485
1771002509.686612,9.784120,3.486628,4.178894,-10.254614,-0.044400,-0.114604,-0.051959
1771002509.691274,9.788783,3.493010,4.326686,-10.234764,-0.044572,-0.115070,-0.051189
1771002509.696278,9.793787,3.495999,4.562985,-10.254143,-0.045992,-0.115826,-0.049644
1771002509.701225,9.798734,3.541290,4.707201,-10.317966,-0.046682,-0.116520,-0.047786
1771002509.706226,9.803735,3.648330,4.368820,-10.127371,-0.041822,-0.106072,-0.047724
1771002509.711211,9.808720,4.410310,4.160896,-10.520144,-0.041573,-0.097640,-0.056281
1771002509.716467,9.813976,4.492310,3.463934,-9.996412,-0.036083,-0.090093,-0.056022
1771002509.721179,9.818688,3.638310,4.061517,-9.669986,-0.048627,-0.095863,-0.071729
1771002509.726165,9.823674,3.644507,4.247626,-9.655291,-0.049941,-0.096084,-0.069718
1771002509.731151,9.828659,3.622838,4.517690,-9.563073,-0.051861,-0.097528,-0.068339
1771002509.736372,9.833881,3.614706,4.840549,-9.613917,-0.053314,-0.098420,-0.065360
1771002509.741123,9.838632,3.704687,3.623509,-9.456161,-0.049503,-0.093623,-0.055092
1771002509.746103,9.843611,3.723087,3.970143,-9.442236,-0.052253,-0.094038,-0.052387
1771002509.751087,9.848596,3.726118,3.733184,-9.151574,-0.046552,-0.085478,-0.051975
1771002509.756078,9.853587,4.596448,4.531908,-10.248518,-0.029046,-0.064589,-0.040935
1771002509.761060,9.858569,4.757672,4.099576,-9.760506,-0.025796,-0.058027,-0.038234
1771002509.766138,9.863647,4.103119,4.873585,-9.659969,-0.030521,-0.069852,-0.045957
1771002509.771532,9.869040,4.101483,5.276590,-9.392031,-0.033591,-0.069843,-0.041752
1771002509.776016,9.873524,3.175990,5.922797,-8.855356,-0.046888,-0.077089,-0.042500
1771002509.781024,9.878533,4.075321,4.478505,-9.187050,-0.053448,-0.054034,-0.032473
1771002509.786429,9.883937,4.306219,3.694552,-8.526280,-0.040089,-0.036572,-0.031309
1771002509.790974,9.888482,3.591009,4.266914,-8.093492,-0.046370,-0.049100,-0.039698
1771002509.795954,9.893463,3.172990,4.990432,-7.353222,-0.050897,-0.048811,-0.028916
1771002509.800937,9.898445,2.773732,2.489974,-5.756769,-0.040162,-0.046857,-0.035692
1771002509.805921,9.903430,2.795568,2.961570,-5.498502,-0.042965,-0.046351,-0.032177
1771002509.810914,9.908423,3.979695,5.841830,-7.743546,-0.038351,-0.031155,-0.015893
1771002509.815893,9.913402,2.051295,1.401266,-5.126350,-0.036108,-0.036947,-0.036028
1771002509.820882,9.918390,2.144289,1.999593,-4.764277,-0.038934,-0.035880,-0.032753
1771002509.825871,9.923379,2.979134,3.228963,-8.419399,-0.036190,-0.032778,-0.037031
1771002509.831224,9.928732,2.206648,2.807240,-8.039204,-0.034560,-0.034940,-0.048456
1771002509.835808,9.933316,2.191283,3.149371,-7.627302,-0.036427,-0.035125,-0.046521
1771002509.840821,9.938329,2.921977,3.465298,-7.262905,-0.036327,-0.024423,-0.045430
1771002509.845806,9.943314,1.958609,4.663787,-4.579076,-0.040830,-0.031212,-0.029862
1771002509.850819,9.948328,2.513005,2.377819,-2.948493,-0.035462,-0.013367,-0.037344
1771002509.855804,9.953313,2.574901,1.444944,-2.758466,-0.026438,-0.007237,-0.028309
1771002509.861032,9.958540,2.638993,1.775505,-2.515258,-0.028684,-0.005708,-0.027273
1771002509.865741,9.963250,2.632870,1.691619,-2.695214,-0.029353,-0.008608,-0.025211
1771002509.870712,9.968221,2.663754,1.924799,-2.162385,-0.028871,-0.005410,-0.025485
1771002509.875718,9.973227,1.885686,2.287148,-1.846876,-0.038387,-0.011606,-0.027116
1771002509.880698,9.978207,0.859401,2.444653,-1.298350,-0.043042,-0.016702,-0.015893
1771002509.885684,9.983193,0.828741,2.456975,-1.128235,-0.044125,-0.015511,-0.015338
1771002509.890763,9.988271,0.609158,1.933800,-0.968504,-0.034211,-0.011709,-0.030924
1771002509.895671,9.993180,0.604309,1.887624,-0.811390,-0.032978,-0.012128,-0.029995
1771002509.901109,9.998618,0.589411,2.211074,-0.533354,-0.034569,-0.012406,-0.028607
1771002509.906085,10.003594,0.643390,2.462608,-0.380122,-0.035449,-0.011987,-0.027431
1771002509.910596,10.008105,0.893016,0.270976,-0.755184,-0.016218,-0.009328,-0.018625
1771002509.915932,10.013441,0.969690,-0.203180,-0.763310,-0.005384,-0.006278,-0.017290
1771002509.920702,10.018211,0.096497,0.212014,-0.178258,-0.008054,-0.012536,-0.006292
1771002509.925558,10.023067,0.809373,0.401013,0.047716,-0.009707,-0.002560,-0.008832
1771002509.930545,10.028054,0.828209,0.555472,0.218643,-0.009950,-0.002313,-0.007989
1771002509.935568,10.033077,0.856087,0.805182,0.440610,-0.011557,-0.002045,-0.007504
1771002509.940910,10.038419,0.918305,0.898848,0.513096,-0.011442,-0.001584,-0.006142
1771002509.945493,10.043002,0.952031,0.997183,0.620498,-0.011924,-0.001359,-0.006126
1771002509.950499,10.048008,0.993042,1.085451,0.709492,-0.012464,0.000580,-0.005963
1771002509.955830,10.053339,0.729174,1.094823,1.299516,-0.005861,-0.005909,-0.006162
1771002509.960829,10.058338,0.636051,1.162570,1.390312,-0.006785,-0.006273,-0.005516
1771002509.965806,10.063315,0.986117,1.707271,0.714572,-0.006687,0.005721,0.006525
1771002509.970525,10.068034,-0.119144,2.150774,1.226259,-0.011675,-0.001810,-0.006091
1771002509.975412,10.072921,0.750460,1.968980,1.301491,-0.011832,0.009213,-0.009007
1771002509.980388,10.077897,0.906016,1.610389,1.438559,0.002009,0.010808,-0.010332
1771002509.985371,10.082880,0.884027,1.685181,1.438979,0.000506,0.011350,-0.009847
1771002509.990370,10.087878,0.840739,1.751588,1.457111,-0.000678,0.011766,-0.009484
1771002509.995345,10.092854,0.845376,1.797978,1.466396,-0.002840,0.012129,-0.008944
1771002510.000436,10.097945,0.893998,1.746982,1.500176,-0.002086,0.012275,-0.007629
1771002510.005310,10.102819,0.865164,1.682673,1.517342,-0.001311,0.010823,-0.008427
1771002510.010288,10.107797,-0.430047,1.991291,1.510063,-0.002460,0.002542,0.003152
1771002510.015277,10.112786,0.809106,1.820262,1.406489,-0.001442,0.011683,-0.009834
1771002510.020270,10.117779,-0.409561,1.902243,1.563272,-0.002343,0.001820,0.003028
1771002510.025253,10.122762,0.761697,1.829863,1.425826,-0.001362,0.011710,-0.009152
1771002510.030241,10.127749,0.637482,1.818376,1.465748,0.001708,0.011069,-0.010451
1771002510.035324,10.132833,0.185023,2.365078,1.407367,-0.013578,0.007903,-0.010752
1771002510.040213,10.137721,-0.148696,2.408055,1.450443,-0.009205,0.005555,-0.013423
1771002510.045187,10.142696,-0.511947,2.533679,1.611820,-0.004973,0.003986,-0.017323
1771002510.050306,10.147814,0.019041,-0.264744,0.935616,0.014196,-0.011894,-0.020682
1771002510.055155,10.152664,-0.230767,-0.413282,0.834628,0.015444,-0.010478,-0.023220
1771002510.060136,10.157645,-0.600541,-0.777863,0.657816,0.017399,-0.009216,-0.027059
1771002510.065140,10.162649,-0.590875,-0.751272,0.659153,0.018069,-0.008350,-0.027676
1771002510.070253,10.167762,-0.608366,-0.754416,0.684004,0.017992,-0.009042,-0.027231
1771002510.075098,10.172606,-0.423567,-0.730797,0.689267,0.017596,-0.009833,-0.025518
1771002510.080079,10.177588,-0.178379,-0.393313,0.879317,0.015408,-0.010672,-0.023183
1771002510.085084,10.182593,-0.082590,-0.299784,0.932808,0.014870,-0.011592,-0.021880
1771002510.090552,10.188061,0.375787,2.954987,0.755604,-0.006202,0.007640,-0.013581
1771002510.095054,10.192563,-0.467468,2.528540,1.661782,-0.005704,0.003633,-0.017061
1771002510.100115,10.197624,-0.174548,2.563653,1.483697,-0.010261,0.006115,-0.013925
1771002510.105016,10.202525,0.364178,2.009166,1.495351,0.002337,0.010660,-0.012866
1771002510.109987,10.207496,-0.638468,2.024152,1.651586,-0.001603,0.000387,0.001439
1771002510.114982,10.212491,0.757211,1.885298,1.427323,-0.001402,0.012354,-0.008942
1771002510.119975,10.217484,-1.714088,3.145150,0.317029,-0.019001,-0.009124,-0.013869
1771002510.124949,10.222457,-0.056182,0.463080,-0.644615,-0.008624,-0.006146,-0.003970
1771002510.129935,10.227444,-0.009639,0.696802,-0.583045,-0.009858,-0.005560,-0.003303
1771002510.134930,10.232439,0.031742,0.656670,-0.524061,-0.009282,-0.005202,-0.003439
1771002510.139914,10.237423,-0.004436,0.584731,-0.597953,-0.009066,-0.005787,-0.003672
1771002510.144876,10.242385,-0.014657,0.481821,-0.569691,-0.008283,-0.005432,-0.003808
1771002510.149866,10.247375,-0.006038,0.658078,-0.556135,-0.009551,-0.005794,-0.003693
1771002510.154857,10.252366,0.021485,0.453130,-0.592815,-0.007959,-0.005102,-0.003221
1771002510.159848,10.257357,0.055729,0.267701,-0.839706,-0.005588,-0.003782,-0.002199
1771002510.164835,10.262343,-0.458726,2.022928,1.569272,-0.004050,0.002271,0.003230
1771002510.169870,10.267379,-0.436745,1.996759,1.569996,-0.003088,0.002746,0.004211
1771002510.174802,10.272310,-0.486931,1.999841,1.622760,-0.003086,0.001856,0.003317
1771002510.179771,10.277280,-0.470629,1.988852,1.581109,-0.002451,0.002055,0.003947
1771002510.184756,10.282265,-0.471413,2.022296,1.563538,-0.003154,0.002473,0.003969
1771002510.189735,10.287243,-0.438337,2.072209,1.531683,-0.004281,0.003327,0.003860
1771002510.194737,10.292246,-0.453766,1.978129,1.605192,-0.003499,0.001744,0.003930
1771002510.199716,10.297225,-0.461112,2.051239,1.592580,-0.003498,0.002877,0.003596
1771002510.204703,10.302212,-0.442919,1.974991,1.613233,-0.002653,0.002501,0.004490
1771002510.209681,10.307189,-0.439985,1.932717,1.656921,-0.002700,0.001890,0.003902
1771002510.214659,10.312168,-0.436736,1.991215,1.594522,-0.003366,0.002475,0.004341
1771002510.220232,10.317741,-0.390294,1.952284,1.603099,-0.002900,0.002820,0.004455
1771002510.224641,10.322149,-0.425624,1.981939,1.574232,-0.003526,0.002496,0.004706
1771002510.229621,10.327130,-0.425887,2.012872,1.586066,-0.003619,0.002679,0.004167
1771002510.234611,10.332120,-0.456122,1.941842,1.653024,-0.002810,0.001688,0.003287
1771002510.240213,10.337722,-0.438752,1.788774,1.773327,-0.000997,0.000618,0.004157
1771002510.245082,10.342591,-0.463037,1.894235,1.688621,-0.002055,0.001125,0.003679
1771002510.249573,10.347081,-0.430991,1.959273,1.612000,-0.002211,0.002323,0.004332
1771002510.254565,10.352074,-0.379027,1.865863,1.697518,-0.001214,0.002380,0.004556
1771002510.259545,10.357054,-0.404533,1.854623,1.723551,-0.001602,0.001699,0.003959
1771002510.264519,10.362027,-0.460651,2.037742,1.562387,-0.003781,0.002316,0.004075
1771002510.269507,10.367016,-0.430906,1.974798,1.613387,-0.003542,0.002034,0.004211
1771002510.274498,10.372006,-0.418546,1.963838,1.594701,-0.003031,0.002213,0.004028
1771002510.279461,10.376969,-0.470335,1.980097,1.627370,-0.003165,0.001674,0.003867
1771002510.284457,10.381966,-0.407781,1.995173,1.595391,-0.002809,0.002865,0.004426
1771002510.289442,10.386950,-0.415908,2.062978,1.545077,-0.004633,0.003193,0.003996
1771002510.294421,10.391930,-0.413520,1.971302,1.633195,-0.003167,0.002717,0.004473
1771002510.299415,10.396924,-0.423069,2.041218,1.565202,-0.003602,0.003115,0.004792
1771002510.304387,10.401895,-0.426290,1.999251,1.588629,-0.003694,0.002299,0.004125
1771002510.309369,10.406877,-0.424790,2.031919,1.617326,-0.003649,0.003021,0.003972
1771002510.314354,10.411863,-0.389100,1.974376,1.581943,-0.003058,0.002956,0.004860
1771002510.319358,10.416867,-0.465068,1.954383,1.646634,-0.003144,0.001479,0.003475
1771002510.324337,10.421845,-0.422748,1.981111,1.589703,-0.003298,0.002545,0.004556
1771002510.329317,10.426826,-0.465454,1.941466,1.687644,-0.002158,0.001758,0.003615
1771002510.334295,10.431804,-0.434084,1.987455,1.554459,-0.002850,0.002413,0.004163
1771002510.339287,10.436796,-0.446295,1.992183,1.598927,-0.003291,0.002151,0.003469
1771002510.344270,10.441778,-0.457205,2.050053,1.546687,-0.003553,0.002407,0.003650
1771002510.349246,10.446755,-0.432530,2.072429,1.528360,-0.004300,0.003051,0.004480
1771002510.354246,10.451755,-0.462121,2.047316,1.574798,-0.003565,0.002638,0.004182
1771002510.359225,10.456734,-0.452902,2.070121,1.557280,-0.003535,0.002971,0.003958
1771002510.364222,10.461731,-0.441765,2.054256,1.569661,-0.004111,0.002841,0.003827
1771002510.369200,10.466709,-0.427011,2.017393,1.575790,-0.004232,0.002357,0.004159
1771002510.374179,10.471688,-1.753865,2.292897,1.580906,-0.011532,-0.000235,-0.001235
1771002510.379163,10.476672,0.064652,0.295821,1.549582,0.010463,0.007752,0.014606
1771002510.384144,10.481652,-1.768140,2.341827,1.567407,-0.011954,-0.000812,-0.001753
1771002510.389152,10.486660,-0.443527,2.132816,1.528699,-0.004987,0.003544,0.004235
1771002510.394118,10.491627,-0.434913,1.973918,1.644304,-0.003409,0.002121,0.004764
1771002510.399089,10.496598,-0.257271,3.235102,-0.733427,-0.036567,0.007022,-0.001194
1771002510.404097,10.501606,0.078015,0.616625,-0.462927,-0.008663,-0.005921,-0.002772
1771002510.409065,10.506574,0.071529,0.704020,-0.441632,-0.009450,-0.006186,-0.002312
1771002510.414048,10.511557,0.083520,0.586816,-0.430617,-0.008511,-0.006573,-0.002921
1771002510.419030,10.516539,0.052482,0.735152,-0.552909,-0.009717,-0.005772,-0.003214
1771002510.424025,10.521533,0.078111,0.564049,-0.526661,-0.008518,-0.006284,-0.002771
1771002510.429019,10.526528,-1.836477,2.314989,0.364770,-0.022019,0.001349,-0.000127
1771002510.434007,10.531515,-0.410792,2.061943,1.549424,-0.004405,0.003102,0.004564
1771002510.438999,10.536507,-1.774374,2.331811,1.540322,-0.010863,-0.000226,-0.002128
1771002510.443967,10.541475,-0.452070,2.035247,1.597789,-0.003502,0.002645,0.004051
1771002510.448951,10.546460,-0.438089,2.112131,1.536068,-0.004980,0.003342,0.004297
1771002510.454189,10.551697,-0.432912,1.963732,1.624448,-0.002846,0.002061,0.004680
1771002510.458983,10.556492,-0.472794,1.918313,1.675794,-0.002550,0.000959,0.003831
1771002510.464244,10.561753,-0.469770,2.042939,1.586148,-0.003714,0.002196,0.004180
1771002510.469379,10.566888,-0.467079,2.051877,1.566741,-0.003694,0.002324,0.004071
1771002510.473856,10.571365,-0.526571,2.108582,1.536542,-0.004515,0.001782,0.003633
1771002510.478854,10.576362,-0.512408,2.136761,1.515225,-0.004420,0.002338,0.003688
1771002510.483850,10.581358,-0.520501,2.088852,1.574934,-0.004356,0.001821,0.003305
1771002510.488866,10.586375,-0.469939,1.973528,1.643626,-0.002719,0.001631,0.004067
1771002510.493826,10.591334,-0.450320,2.037863,1.596744,-0.003845,0.002565,0.004114
1771002510.498810,10.596319,0.013285,0.235605,1.528305,0.011498,0.007175,0.014395
1771002510.503794,10.601303,-0.425922,1.951312,1.667272,-0.003283,0.002007,0.004310
1771002510.508767,10.606276,-0.467063,2.003323,1.656382,-0.003908,0.001932,0.003922
1771002510.513745,10.611253,-0.404068,1.943806,1.645472,-0.002594,0.002458,0.004803
1771002510.518735,10.616243,-0.383099,1.898433,1.685794,-0.003014,0.002006,0.004895
1771002510.523756,10.621265,-0.457893,2.020531,1.625826,-0.004070,0.002005,0.003783
1771002510.528727,10.626236,-0.417154,2.034395,1.570151,-0.004092,0.002822,0.004790
1771002510.533701,10.631210,-0.430113,1.979473,1.634700,-0.003807,0.002018,0.004422
1771002510.538739,10.636247,-0.433441,1.959517,1.641890,-0.003379,0.001855,0.004051
1771002510.543666,10.641175,-1.774628,2.389345,1.544436,-0.011391,-0.000217,-0.001716
1771002510.548640,10.646148,-1.813411,2.522180,1.497186,-0.012314,-0.000561,-0.001807
1771002510.553622,10.651130,-1.777231,2.259751,1.565306,-0.011502,-0.001135,-0.001301
1771002510.558604,10.656113,-1.775800,2.371205,1.520961,-0.011929,-0.000531,-0.001286
1771002510.563603,10.661112,-0.388445,1.883232,1.714579,-0.002389,0.001938,0.004676
1771002510.568600,10.666109,-1.771231,2.373904,1.528293,-0.011920,-0.000465,-0.001487
1771002510.573572,10.671081,-1.749411,2.360806,1.547635,-0.011875,-0.000970,-0.001679
1771002510.578549,10.676058,-1.800661,2.318867,1.531158,-0.011282,-0.000652,-0.001712
1771002510.583532,10.681041,-1.764812,2.277011,1.491604,-0.011015,-0.000754,-0.001326
1771002510.588532,10.686041,-1.760725,2.424855,1.443380,-0.011574,0.000239,-0.000984
1771002510.593514,10.691023,-1.798407,2.285540,1.529004,-0.011067,-0.000778,-0.001117
1771002510.598507,10.696016,-1.771506,2.233157,1.555938,-0.010995,-0.000964,-0.001425
1771002510.603486,10.700994,-1.796820,2.318287,1.543503,-0.011618,-0.000774,-0.002007
1771002510.608465,10.705973,-1.798864,2.484287,1.512333,-0.012345,-0.000552,-0.001730
1771002510.613445,10.710954,-0.446419,2.001847,1.619964,-0.003671,0.002057,0.004719
1771002510.618430,10.715939,-0.478064,2.097733,1.533576,-0.004439,0.002425,0.004023
1771002510.623901,10.721410,-1.864583,2.423365,1.469855,-0.011697,-0.000973,-0.001776
1771002510.628744,10.726252,-0.424280,2.026827,1.554049,-0.003395,0.002589,0.004038
1771002510.633423,10.730932,-0.463398,2.013942,1.592542,-0.003534,0.002007,0.004237
1771002510.638388,10.735897,-1.814240,2.343373,1.512767,-0.011588,-0.000947,-0.002084
1771002510.643357,10.740866,-1.862662,2.335458,1.463038,-0.011348,-0.001387,-0.002230
1771002510.648332,10.745841,-1.835974,2.395308,1.413010,-0.011543,-0.000243,-0.001543
1771002510.653318,10.750827,-1.782304,2.318535,1.485178,-0.011408,-0.000326,-0.001761
1771002510.658304,10.755813,-1.805821,2.349355,1.431506,-0.011175,-0.000339,-0.001695
1771002510.663298,10.760807,-1.801761,2.294083,1.523131,-0.011224,-0.001093,-0.002574
1771002510.668282,10.765791,-1.818494,2.456777,1.380956,-0.011877,-0.000440,-0.001524
1771002510.673260,10.770769,-1.854307,2.448472,1.443385,-0.012048,-0.000910,-0.001774
1771002510.678240,10.775748,-1.844374,2.503328,1.441335,-0.012345,-0.000615,-0.001957
1771002510.683223,10.780731,-1.815987,2.478064,1.417577,-0.011983,-0.000432,-0.001759
1771002510.688211,10.785720,-1.875403,2.466367,1.438251,-0.012311,-0.000895,-0.001884
1771002510.693207,10.790715,-1.825689,2.501580,1.448990,-0.011878,-0.000710,-0.002158
1771002510.698995,10.796503,-1.853805,2.376230,1.443572,-0.011587,-0.001242,-0.002464
1771002510.703160,10.800669,-1.881095,2.394741,1.394972,-0.011745,-0.001626,-0.002933
1771002510.708158,10.805666,-1.840253,2.466640,1.409422,-0.011845,-0.000879,-0.002110
1771002510.713129,10.810637,-1.809806,2.413400,1.437307,-0.011889,-0.000724,-0.002042
1771002510.718727,10.816236,-1.843923,2.355810,1.443960,-0.011617,-0.001168,-0.002470
1771002510.723111,10.820620,-0.481223,2.253914,1.380472,-0.005888,0.003395,0.003739
1771002510.728115,10.825623,-1.845008,2.418072,1.383999,-0.011796,-0.001177,-0.002480
1771002510.733085,10.830594,0.451051,1.802963,0.594115,-0.007466,0.011213,0.006805
1771002510.738049,10.835558,-1.839828,2.532851,1.310964,-0.012462,-0.001163,-0.002620
1771002510.743064,10.840573,-1.803866,2.502925,1.332087,-0.012262,-0.000969,-0.002170
1771002510.748049,10.845558,-0.609392,2.434309,1.639989,-0.008938,0.006055,-0.014272
1771002510.753025,10.850533,-0.622126,2.544147,1.538217,-0.009929,0.006721,-0.014255
1771002510.758006,10.855515,-1.808238,2.619032,1.216101,-0.012729,-0.000844,-0.002169
1771002510.762993,10.860502,-0.605484,2.468871,1.547911,-0.009058,0.006306,-0.014004
1771002510.767981,10.865490,-0.584806,2.470769,1.538377,-0.009172,0.006416,-0.014173
1771002510.772962,10.870471,-1.798393,2.602498,1.219081,-0.012589,-0.000846,-0.001654
1771002510.777946,10.875454,-0.606228,2.509802,1.554402,-0.010017,0.006690,-0.013657
1771002510.782941,10.880450,-0.568431,2.397023,1.567984,-0.008316,0.006180,-0.014204
1771002510.787914,10.885423,-0.579042,2.482218,1.549152,-0.009506,0.007001,-0.013417
1771002510.792898,10.890407,-1.837850,2.574274,1.291941,-0.012979,-0.001294,-0.002518
1771002510.797884,10.895392,-1.815001,2.476354,1.327895,-0.012042,-0.001023,-0.002664
1771002510.802866,10.900374,-1.797073,2.429454,1.313322,-0.011691,-0.000857,-0.001820
1771002510.807851,10.905360,-1.798176,2.542368,1.271412,-0.012294,-0.000649,-0.001976
1771002510.812837,10.910346,-1.789711,2.513393,1.256587,-0.012247,-0.000730,-0.001679
1771002510.817855,10.915363,-1.861811,2.530870,1.352990,-0.012444,-0.001601,-0.002383
1771002510.822807,10.920316,-2.389935,3.920266,0.099192,-0.031168,-0.015572,-0.003518
1771002510.827790,10.925298,0.142598,0.946972,-0.887437,-0.009556,-0.005487,-0.002280
1771002510.832775,10.930284,0.048818,1.090427,-0.936297,-0.009363,-0.005657,-0.002742
1771002510.837764,10.935272,0.089637,0.921615,-0.872201,-0.009843,-0.006840,-0.003434
1771002510.842743,10.940252,-0.443347,3.083357,-1.024490,-0.027143,-0.002003,-0.013805
1771002510.847731,10.945240,-1.839902,2.482570,1.278198,-0.011714,-0.001045,-0.002087
1771002510.852719,10.950228,-1.819440,2.457944,1.305108,-0.011672,-0.000657,-0.000918
1771002510.857703,10.955211,-1.809911,2.384870,1.389798,-0.011632,-0.001058,-0.001533
1771002510.862680,10.960189,-1.871630,2.485395,1.329090,-0.012284,-0.001087,-0.002232
1771002510.867664,10.965172,-1.824234,2.528803,1.347965,-0.012305,-0.000625,-0.001601
1771002510.872646,10.970155,-1.823552,2.481954,1.287793,-0.011897,-0.000890,-0.001979
1771002510.877634,10.975142,-1.865035,2.565665,1.314529,-0.012290,-0.000951,-0.002010
1771002510.882781,10.980290,-1.822565,2.380404,1.400943,-0.011567,-0.001000,-0.002140
1771002510.887733,10.985241,-1.816299,2.418799,1.302387,-0.011658,-0.001197,-0.001630
1771002510.892596,10.990105,-1.812588,2.397630,1.345437,-0.011561,-0.001265,-0.001723
1771002510.897568,10.995077,-1.827340,2.346693,1.382524,-0.011379,-0.001058,-0.001870
1771002510.902933,11.000441,-1.839456,2.524963,1.281559,-0.012016,-0.000872,-0.002045
1771002510.907553,11.005061,-1.828189,2.415509,1.298695,-0.011490,-0.001154,-0.001992
1771002510.912512,11.010021,-1.821749,2.476520,1.341405,-0.012128,-0.000951,-0.002112
1771002510.917499,11.015007,-1.791481,2.452703,1.391477,-0.011965,-0.001632,-0.002205
1771002510.923224,11.020733,-1.774457,2.509997,1.310408,-0.012220,-0.000445,-0.001218
1771002510.927485,11.024994,-1.763788,2.504395,1.345790,-0.012483,-0.001271,-0.002008
1771002510.932470,11.029979,-1.884984,2.718958,1.289111,-0.013372,-0.001379,-0.002568
1771002510.937670,11.035179,-1.788376,2.514069,1.307111,-0.012086,-0.000852,-0.001751
1771002510.942438,11.039947,-1.812796,2.530379,1.326230,-0.012376,-0.001390,-0.001935
1771002510.947412,11.044921,-1.834891,2.651905,1.291886,-0.013182,-0.001174,-0.001747
1771002510.952389,11.049898,-1.831021,2.486556,1.360399,-0.012043,-0.001240,-0.002155
1771002510.957391,11.054900,-1.825093,2.464434,1.344272,-0.011866,-0.000765,-0.002621
1771002510.962369,11.059878,-1.785063,2.480732,1.370722,-0.012001,-0.000743,-0.001720
1771002510.967911,11.065420,-1.792774,2.460217,1.367118,-0.011863,-0.000805,-0.002179
1771002510.972346,11.069855,-1.823023,2.539194,1.363266,-0.012315,-0.000654,-0.001701
1771002510.977316,11.074825,-1.816760,2.572110,1.356774,-0.012738,-0.000873,-0.001696
1771002510.982295,11.079804,-1.853616,2.443333,1.381020,-0.011672,-0.000686,-0.001991
1771002510.987943,11.085452,-1.842508,2.454865,1.378572,-0.011911,-0.001254,-0.001887
1771002510.992270,11.089779,-1.867471,2.477421,1.323071,-0.011965,-0.000753,-0.001817
1771002510.997257,11.094766,-1.855956,2.455961,1.402887,-0.011978,-0.001663,-0.002659
1771002511.002259,11.099768,-1.822309,2.479159,1.354777,-0.011804,-0.000673,-0.001449
1771002511.007217,11.104726,-1.825196,2.495870,1.409633,-0.012350,-0.001278,-0.001961
1771002511.012199,11.109708,-1.815090,2.415402,1.440327,-0.011590,-0.001014,-0.002146
1771002511.017184,11.114692,-1.842471,2.496310,1.400462,-0.012107,-0.000873,-0.001853
1771002511.022186,11.119694,-1.826880,2.450141,1.456594,-0.012184,-0.001398,-0.002103
1771002511.027171,11.124680,-1.789705,2.534083,1.434308,-0.012706,-0.000209,-0.001207
1771002511.032144,11.129653,-1.836442,2.589240,1.416697,-0.012789,-0.000641,-0.001818
1771002511.037192,11.134701,-1.764455,2.490245,1.409564,-0.012204,-0.000679,-0.001497
1771002511.042112,11.139620,0.103483,-0.843766,-0.375987,0.010085,-0.003455,-0.000715
1771002511.047085,11.144594,0.155299,0.840623,-0.583427,-0.009551,-0.006244,-0.001880
1771002511.052070,11.149579,0.103993,0.796719,-0.577703,-0.009131,-0.006134,-0.001378
1771002511.057050,11.154559,0.044884,0.837431,-0.538267,-0.009331,-0.005986,-0.002396
1771002511.062042,11.159551,0.119175,0.634656,-0.562585,-0.008835,-0.006772,-0.002537
1771002511.067063,11.164571,0.072956,0.834558,-0.572987,-0.009052,-0.005935,-0.002188
1771002511.072014,11.169522,0.047011,0.951410,-0.640536,-0.009533,-0.005623,-0.002202
1771002511.076998,11.174506,0.041457,0.789017,-0.527320,-0.009273,-0.006341,-0.002061
1771002511.081976,11.179485,0.197259,0.701282,-0.680903,-0.007800,-0.005335,-0.000680
1771002511.086976,11.184485,-1.810122,2.416351,1.481753,-0.011979,-0.001015,-0.002113
1771002511.091953,11.189461,-1.830938,2.468518,1.437683,-0.011917,-0.000855,-0.001646
1771002511.096941,11.194450,-1.766038,2.388321,1.513159,-0.011563,-0.000571,-0.001797
1771002511.101918,11.199426,-1.835865,2.388551,1.514238,-0.011559,-0.001663,-0.002756
1771002511.106907,11.204415,-0.439425,2.150549,1.456361,-0.005182,0.003326,0.004532
1771002511.111884,11.209393,-1.830812,2.473217,1.507102,-0.012155,-0.001393,-0.001786
1771002511.116869,11.214378,-1.818515,2.396022,1.530552,-0.011769,-0.001189,-0.002224
1771002511.121902,11.219410,-1.804674,2.450838,1.509488,-0.012217,-0.000787,-0.001388
1771002511.126848,11.224357,-0.451815,2.009932,1.603208,-0.003775,0.002046,0.004689
1771002511.131837,11.229346,-1.794459,2.380028,1.558757,-0.011606,-0.000302,-0.001310
1771002511.136922,11.234431,-0.442223,1.976625,1.662556,-0.002842,0.002082,0.004354
1771002511.141805,11.239313,-0.463378,1.933183,1.688847,-0.002981,0.001162,0.003893
1771002511.146776,11.244285,0.064636,0.308894,1.616802,0.010281,0.007397,0.014813
1771002511.151757,11.249266,-1.329445,0.149960,1.307298,0.000937,0.008017,0.009056
1771002511.156745,11.254254,-1.793512,2.233753,1.612147,-0.010948,-0.000934,-0.000909
1771002511.161734,11.259243,-1.367933,0.358218,1.295638,0.001076,0.007744,0.008926
1771002511.166715,11.264223,0.059369,0.150886,1.599913,0.011224,0.007419,0.014242
1771002511.171789,11.269298,-1.758348,2.345917,1.589645,-0.011124,-0.000256,-0.001260
1771002511.176682,11.274191,-1.152733,0.409649,1.371375,0.000276,0.009217,0.010453
1771002511.181671,11.279180,-1.758901,2.337378,1.637128,-0.011531,-0.000905,-0.001590
1771002511.186651,11.284160,-0.384146,1.962391,1.653292,-0.003906,0.002278,0.004580
1771002511.191643,11.289151,-0.406350,2.148180,1.531495,-0.006604,0.003753,0.004702
1771002511.196638,11.294147,-0.417163,2.145886,1.535370,-0.005214,0.003711,0.004557
1771002511.201637,11.299145,0.071609,0.413180,1.590066,0.010754,0.007472,0.015177
1771002511.206620,11.304129,-0.427894,2.107332,1.583252,-0.005456,0.003069,0.004529
1771002511.211575,11.309083,0.076690,0.268936,1.636341,0.010537,0.006958,0.014424
1771002511.216562,11.314071,-0.442176,2.237264,1.472588,-0.007348,0.003799,0.003935
1771002511.221551,11.319060,0.076332,0.396772,1.652712,0.009540,0.007498,0.014916
1771002511.226542,11.324051,-0.417023,2.037053,1.644898,-0.005403,0.002508,0.004468
1771002511.231522,11.329031,0.058745,0.475152,1.649712,0.009312,0.007591,0.015018
1771002511.236517,11.334026,-0.494889,2.177292,1.555592,-0.006725,0.002626,0.003786
1771002511.241484,11.338993,-0.477484,1.942021,1.722475,-0.003088,0.001172,0.004260
1771002511.246487,11.343996,-0.500050,2.101428,1.639776,-0.005275,0.002310,0.004340
1771002511.251467,11.348976,-0.404233,2.030488,1.613752,-0.003912,0.003084,0.004939
1771002511.256438,11.353947,-0.467937,2.088821,1.617252,-0.005564,0.002457,0.004062
1771002511.261419,11.358927,-1.761472,2.418216,1.580577,-0.012052,-0.000845,-0.001264
1771002511.266408,11.363917,-0.402331,2.089678,1.562056,-0.005018,0.003401,0.004993
1771002511.271397,11.368906,-1.789922,2.461318,1.563410,-0.012243,-0.000845,-0.001816
1771002511.276375,11.373884,-1.789068,2.440810,1.580585,-0.012235,-0.001106,-0.001477
1771002511.281348,11.378857,-0.426121,2.092764,1.591893,-0.005529,0.002758,0.004305
1771002511.286332,11.383841,-0.435363,2.012544,1.620386,-0.004257,0.002253,0.004976
1771002511.291321,11.388830,-0.447798,2.057680,1.580862,-0.004679,0.002563,0.004629
1771002511.296755,11.394263,-0.450555,2.133338,1.555564,-0.006125,0.002939,0.004469
1771002511.301421,11.398930,-1.806789,2.430907,1.565528,-0.011984,-0.000909,-0.001857
1771002511.306278,11.403786,0.046063,0.317612,1.610197,0.009546,0.006852,0.014522
1771002511.311252,11.408760,-0.468814,1.998010,1.683739,-0.004317,0.001445,0.004299
1771002511.316237,11.413746,-0.466159,2.007193,1.613943,-0.003648,0.001723,0.004351
1771002511.321220,11.418729,0.059724,0.284891,1.603099,0.010713,0.007672,0.014979
1771002511.326212,11.423721,-1.814489,2.321047,1.590295,-0.011105,-0.001001,-0.001159
1771002511.331198,11.428706,0.053538,0.308518,1.615523,0.010329,0.006876,0.014588
1771002511.336201,11.433709,-1.794767,2.462653,1.612777,-0.012397,-0.000960,-0.001605
1771002511.341182,11.438691,-0.478654,2.083893,1.613212,-0.004873,0.002187,0.004329
1771002511.346141,11.443650,-1.776384,2.421683,1.589880,-0.012301,-0.000742,-0.001492
1771002511.351123,11.448631,-2.008609,0.984942,1.230768,-0.004650,-0.005935,-0.010123
1771002511.356108,11.453617,-0.425382,2.041913,1.641590,-0.005190,0.002478,0.004572
1771002511.361099,11.458607,-0.396677,2.077149,1.575692,-0.005280,0.003112,0.004852
1771002511.366085,11.463593,-1.750608,2.407786,1.601358,-0.011937,-0.000281,-0.001264
1771002511.371152,11.468661,0.020975,0.319851,1.605120,0.010156,0.006784,0.014319
1771002511.376051,11.473560,-1.754927,2.340913,1.631331,-0.011784,-0.000764,-0.001412
1771002511.381035,11.478544,0.031062,0.415683,1.608932,0.010046,0.007020,0.014802
1771002511.386008,11.483517,-0.443457,2.120572,1.576818,-0.005940,0.002946,0.004330
1771002511.391006,11.488514,0.081907,0.325834,1.600880,0.010268,0.007689,0.015277
1771002511.395982,11.493490,-1.765851,2.282467,1.605567,-0.011094,-0.000545,-0.001027
1771002511.400985,11.498493,-0.442301,2.098694,1.578221,-0.005325,0.002816,0.004716
1771002511.405956,11.503464,-0.462085,2.072419,1.589409,-0.005055,0.002260,0.004456
1771002511.410943,11.508451,-1.309436,0.289571,1.263764,0.001115,0.009026,0.009666
1771002511.415927,11.513435,0.054701,0.335685,1.583504,0.010790,0.007267,0.015233
1771002511.420902,11.518411,0.041247,0.225718,1.597730,0.010827,0.006654,0.013927
1771002511.425897,11.523406,-0.459425,2.147652,1.554900,-0.005389,0.003039,0.004536
1771002511.430877,11.528386,0.025934,0.310426,1.585773,0.010862,0.006867,0.014745
1771002511.435865,11.533374,0.026075,0.333923,1.612272,0.010637,0.007228,0.015045
1771002511.440837,11.538345,-1.797150,2.316644,1.610730,-0.011324,-0.000921,-0.001055
1771002511.445821,11.543329,-0.001398,0.221049,1.594127,0.011168,0.006618,0.014759
1771002511.450800,11.548309,-0.481241,1.950670,1.710218,-0.002946,0.001257,0.004836
1771002511.455788,11.553296,-1.311530,0.235799,1.351035,0.001074,0.007533,0.009738
1771002511.460773,11.558282,-1.302476,0.337709,1.351799,0.001000,0.007472,0.009395
1771002511.465758,11.563267,-0.373169,2.015611,1.640223,-0.004615,0.003012,0.005201
1771002511.470767,11.568276,-0.404170,1.971019,1.664205,-0.003573,0.002421,0.004829
1771002511.475732,11.573241,0.020142,0.374512,1.610695,0.010835,0.006620,0.015169
1771002511.480714,11.578223,-0.410387,1.878665,1.762243,-0.002712,0.001400,0.004491
1771002511.485698,11.583207,-1.288211,0.246742,1.363230,0.000726,0.008238,0.009451
1771002511.491171,11.588680,-0.454622,1.989699,1.698004,-0.003566,0.001897,0.005419
1771002511.495677,11.593185,-1.306651,0.210706,1.304306,0.001250,0.008327,0.009567
1771002511.500661,11.598169,-1.322957,0.170714,1.318682,0.001976,0.008648,0.009644
1771002511.505637,11.603146,-1.789544,2.335474,1.618923,-0.011319,-0.000877,-0.001253
1771002511.510617,11.608126,0.071501,0.327074,1.644426,0.010278,0.007167,0.015015
1771002511.515594,11.613103,-1.296658,0.267412,1.357742,0.000612,0.008097,0.009716
1771002511.520578,11.618087,-0.417762,1.998220,1.631329,-0.003934,0.002269,0.005086
1771002511.525576,11.623085,0.071359,0.304651,1.626814,0.010610,0.006918,0.014096
1771002511.530545,11.628054,0.053546,0.350696,1.615431,0.010885,0.007345,0.014890
1771002511.535545,11.633054,0.075424,0.230055,1.629345,0.010786,0.007476,0.014650
1771002511.540536,11.638045,0.049251,0.259474,1.608894,0.011016,0.007014,0.014368
1771002511.545512,11.643021,-0.406889,1.974985,1.664133,-0.003451,0.002312,0.005207
1771002511.550508,11.648016,-1.287552,0.187913,1.343349,0.001185,0.008527,0.009695
1771002511.555471,11.652979,-1.332327,0.296804,1.327949,0.001264,0.008516,0.009922
1771002511.560463,11.657972,-1.795380,2.278853,1.597958,-0.010986,-0.000791,-0.001388
1771002511.565449,11.662958,-1.278321,0.265122,1.358303,0.001010,0.008757,0.010362
1771002511.570417,11.667926,-1.287812,0.210092,1.343760,0.000808,0.007956,0.009408
1771002511.575415,11.672924,-1.313620,0.273145,1.340680,0.001134,0.008263,0.010180
1771002511.580395,11.677904,-0.401783,2.043849,1.622473,-0.003839,0.003267,0.005401
1771002511.585379,11.682888,-1.316381,0.289982,1.366576,0.000050,0.007990,0.009728
1771002511.590365,11.687874,-0.444579,1.957419,1.701161,-0.003085,0.001632,0.005503
1771002511.595348,11.692856,-1.211942,0.209103,1.359963,0.000906,0.008803,0.010280
1771002511.600336,11.697845,0.071213,0.312663,1.652592,0.010501,0.006839,0.014644
1771002511.605316,11.702825,-1.776230,2.285474,1.659499,-0.011165,-0.001154,-0.001370
1771002511.610296,11.707804,-1.286936,0.238653,1.384576,0.000085,0.007566,0.009666
1771002511.615275,11.712784,-0.398723,2.011118,1.638076,-0.004081,0.002655,0.004947
1771002511.620275,11.717783,0.047435,0.307463,1.658412,0.010048,0.007012,0.014666
1771002511.625252,11.722761,-0.405710,2.097001,1.550592,-0.005047,0.003437,0.005271
1771002511.630247,11.727756,0.075707,0.228554,1.613673,0.010951,0.007224,0.014868
1771002511.635286,11.732794,-1.780846,2.409331,1.606518,-0.011634,-0.000481,-0.001140
1771002511.640193,11.737702,-1.268070,0.250192,1.320281,0.000706,0.008684,0.010212
1771002511.645186,11.742695,0.018518,0.288285,1.633062,0.010604,0.006776,0.014783
1771002511.650171,11.747679,-1.317912,0.284609,1.325921,0.000979,0.008680,0.009925
1771002511.655166,11.752674,-1.391178,1.567273,0.900100,-0.017476,0.002865,0.006163
1771002511.660146,11.757655,-0.432583,1.962359,1.708670,-0.003603,0.001738,0.005022
1771002511.665141,11.762649,0.060408,0.118614,1.626072,0.011462,0.007461,0.014552
1771002511.670110,11.767619,-1.295324,0.346411,1.344743,0.000808,0.008400,0.010201
1771002511.675095,11.772603,-0.004652,0.248152,1.653779,0.010353,0.006282,0.013676
1771002511.680076,11.777585,0.040006,0.217973,1.606098,0.011056,0.007039,0.014601
1771002511.685060,11.782569,-1.827104,2.396718,1.559751,-0.011748,-0.000728,-0.001336
1771002511.690052,11.787560,-1.312344,0.298603,1.367114,0.000435,0.007850,0.009281
1771002511.695047,11.792556,0.051961,0.264086,1.631936,0.010811,0.007501,0.014427
1771002511.700032,11.797541,-0.413300,1.941158,1.722396,-0.003862,0.001753,0.005122
1771002511.704999,11.802508,-0.437276,2.072976,1.585229,-0.004470,0.002806,0.005224
1771002511.709984,11.807492,-0.421560,1.949423,1.705626,-0.003092,0.001946,0.005019
1771002511.714958,11.812467,0.032360,0.288447,1.612163,0.010426,0.006934,0.014354
1771002511.719947,11.817456,0.050979,0.297606,1.592513,0.010651,0.007163,0.014841
1771002511.724949,11.822458,0.066861,0.407143,1.639868,0.009829,0.007121,0.015051
1771002511.729927,11.827435,-0.427360,2.067169,1.598364,-0.004766,0.002678,0.004831
1771002511.734915,11.832424,-0.475749,2.164954,1.566554,-0.006112,0.002982,0.004493
1771002511.739881,11.837390,-1.767340,2.291308,1.645483,-0.011397,-0.000927,-0.001419
1771002511.744882,11.842391,0.069856,0.276818,1.663205,0.010287,0.006865,0.014583
1771002511.749853,11.847362,0.057972,0.432344,1.634267,0.009956,0.007035,0.015144
1771002511.754844,11.852353,0.024237,0.333902,1.633752,0.010095,0.007000,0.014608
1771002511.759846,11.857355,0.055797,0.399259,1.664708,0.009882,0.007582,0.015046
1771002511.764823,11.862332,0.058807,0.383416,1.625828,0.010028,0.006999,0.014599
1771002511.769786,11.867295,0.050578,0.241468,1.618796,0.010494,0.007130,0.014335
1771002511.774774,11.872283,0.084882,0.309751,1.630843,0.010689,0.007565,0.014961
1771002511.779757,11.877265,0.083254,0.339183,1.656753,0.010337,0.006982,0.014486
1771002511.784741,11.882249,0.092020,0.426126,1.646916,0.009504,0.007710,0.015149
1771002511.789731,11.887240,-1.721267,2.331258,1.661932,-0.011765,-0.000767,-0.001013
1771002511.794731,11.892240,0.034892,0.340960,1.657451,0.009748,0.006323,0.014445
1771002511.799716,11.897225,-1.704632,2.260460,1.686572,-0.010970,-0.000511,-0.000957
1771002511.804681,11.902190,0.049694,0.312065,1.648623,0.009889,0.006959,0.014788
1771002511.809665,11.907174,0.074985,0.418114,1.674555,0.009790,0.006885,0.014857
1771002511.814648,11.912157,0.072072,0.273093,1.637833,0.010663,0.007013,0.014599
1771002511.819691,11.917200,-0.405682,1.920900,1.710844,-0.002361,0.001995,0.005399
1771002511.824634,11.922143,0.213734,0.204986,-0.506128,-0.004754,-0.003604,0.001145
1771002511.829618,11.927127,0.056464,0.785257,-0.293152,-0.009684,-0.006888,-0.001911
1771002511.834609,11.932117,0.063708,0.642011,-0.307739,-0.008879,-0.006803,-0.002441
1771002511.839592,11.937100,0.112191,0.785439,-0.356226,-0.008965,-0.006303,-0.001721
1771002511.844563,11.942072,0.359450,-0.389149,0.183742,0.013288,0.004650,0.017308
1771002511.849562,11.947071,-1.762573,2.137676,1.645479,-0.010268,-0.000927,-0.000552
1771002511.854534,11.952043,-1.266614,0.288188,1.357802,0.000834,0.008718,0.010290
1771002511.859518,11.957027,-1.748852,2.287497,1.651873,-0.011142,-0.000879,-0.001082
1771002511.864505,11.962014,0.091899,0.267676,1.648857,0.010727,0.007628,0.015582
1771002511.869567,11.967075,-1.290104,0.263155,1.398138,0.000085,0.007558,0.009484
1771002511.874475,11.971984,-1.282705,0.206802,1.366167,0.000715,0.008064,0.009229
1771002511.879446,11.976955,-1.764732,2.372365,1.613481,-0.011370,-0.000599,-0.001118
1771002511.884429,11.981937,-1.795247,2.256255,1.629707,-0.011043,-0.001026,-0.001122
1771002511.889470,11.986978,0.035250,0.308909,1.594215,0.011012,0.007121,0.015043
1771002511.894393,11.991901,-1.326074,0.431160,1.345639,0.000628,0.008396,0.010227
1771002511.899371,11.996880,-1.808152,2.417977,1.567649,-0.011946,-0.000499,-0.001252
1771002511.904605,12.002113,-1.748465,2.183067,1.636643,-0.009884,-0.000284,-0.000966
1771002511.909361,12.006869,-1.251345,0.241713,1.338977,0.000814,0.008845,0.010141
1771002511.914385,12.011894,-1.318805,0.210858,1.326359,0.001196,0.008273,0.009336
1771002511.919346,12.016855,0.094861,0.200761,1.606686,0.010763,0.007603,0.015317
1771002511.924316,12.021825,-0.475734,2.121571,1.567594,-0.005365,0.002358,0.004476
1771002511.929283,12.026792,0.012037,0.217231,1.604768,0.011011,0.007545,0.014899
1771002511.934902,12.032410,-1.343061,0.304376,1.331661,0.000840,0.007914,0.009212
1771002511.940413,12.037921,-0.466576,2.025395,1.678169,-0.004422,0.001801,0.004925
1771002511.944915,12.042423,-1.303704,0.241447,1.336589,0.000784,0.008550,0.009917
1771002511.950054,12.047563,0.028201,0.369714,1.618245,0.010527,0.007099,0.015114
1771002511.954897,12.052406,-1.335348,0.536524,1.341217,0.000415,0.008789,0.010340
1771002511.959389,12.056898,0.034967,0.259322,1.601665,0.010943,0.006790,0.014728
1771002511.964388,12.061897,-0.348006,3.503621,-0.054546,-0.024759,-0.001305,-0.023523
1771002511.969937,12.067446,0.092519,0.729432,-0.419275,-0.008600,-0.006516,-0.001833
1771002511.974410,12.071919,0.011218,0.730090,-0.306662,-0.008823,-0.006351,-0.002769
1771002511.979562,12.077071,0.017802,0.798011,-0.330932,-0.009309,-0.006674,-0.002153
1771002511.984135,12.081644,0.009128,0.764880,-0.390443,-0.008880,-0.006064,-0.002063
1771002511.990005,12.087513,0.028444,0.752966,-0.303438,-0.009147,-0.006416,-0.002638
1771002511.994186,12.091695,0.047320,0.722669,-0.335512,-0.008855,-0.006515,-0.001638
1771002511.999231,12.096739,0.047294,0.716638,-0.328631,-0.008838,-0.006533,-0.002304
1771002512.004496,12.102005,0.089690,0.691327,-0.421748,-0.009016,-0.006114,-0.002369
1771002512.009383,12.106892,-0.020211,0.424973,1.627378,0.010027,0.005695,0.013931
1771002512.014183,12.111691,-1.350621,0.292816,1.330231,0.000773,0.008190,0.009730
1771002512.019326,12.116835,0.020198,0.302685,1.637711,0.010777,0.006696,0.014480
1771002512.024203,12.121711,-1.339949,0.385605,1.353546,0.000347,0.008032,0.009734
1771002512.029192,12.126701,0.046594,0.237721,1.624682,0.011015,0.006953,0.014640
1771002512.034537,12.132046,-1.259331,0.187229,1.366841,0.000955,0.008323,0.009724
1771002512.039464,12.136973,0.064386,0.333667,1.642817,0.010363,0.006799,0.014600
1771002512.044304,12.141813,-1.267769,0.338443,1.344312,0.000951,0.008618,0.010510
1771002512.049269,12.146778,-1.296464,0.266378,1.328708,0.000907,0.008177,0.009406
1771002512.054078,12.151587,-1.742756,2.397136,1.635744,-0.011480,-0.000363,-0.000949
1771002512.059012,12.156521,-1.754751,2.419733,1.602363,-0.011887,-0.000707,-0.001010
1771002512.063917,12.161426,-1.760054,2.367835,1.637973,-0.011382,-0.000294,-0.001095
1771002512.069189,12.166697,0.058981,0.320107,1.632159,0.010512,0.006929,0.014567
1771002512.074117,12.171626,0.054605,0.292448,1.634045,0.010603,0.007163,0.014967
1771002512.079246,12.176755,-1.720920,2.382387,1.676781,-0.012041,-0.000307,-0.000412
1771002512.084233,12.181741,-1.718812,2.357691,1.633355,-0.011545,-0.000493,-0.000506
1771002512.089298,12.186806,-1.276184,0.185854,1.325824,0.001071,0.008302,0.009543
1771002512.094270,12.191779,-1.791961,2.475509,1.595564,-0.011944,-0.000835,-0.001313
1771002512.099182,12.196691,-1.762174,2.456033,1.553503,-0.011819,-0.000675,-0.000987
1771002512.104332,12.201841,-1.317351,0.328451,1.316632,0.001016,0.008931,0.010195
1771002512.109196,12.206704,-1.287478,0.330486,1.396276,-0.000065,0.007257,0.008877
1771002512.114278,12.211787,-1.305386,0.358331,1.390476,0.000103,0.007187,0.009574
1771002512.119041,12.216550,-1.294809,0.268648,1.365345,0.000519,0.008217,0.009752
1771002512.123890,12.221398,-1.277838,0.329001,1.354428,0.000759,0.008653,0.010164
1771002512.129279,12.226788,-1.784360,2.380419,1.617191,-0.011780,-0.000826,-0.001259
1771002512.134089,12.231598,0.045830,0.408861,1.621002,0.010297,0.007218,0.014791
1771002512.139025,12.236534,-1.328801,0.442329,1.347910,-0.000109,0.007249,0.009137
1771002512.143839,12.241347,0.050203,0.384109,1.625889,0.010510,0.006929,0.014862
1771002512.148913,12.246422,0.026402,0.362179,1.645824,0.010300,0.006535,0.014608
1771002512.154144,12.251653,0.085973,0.279980,1.625385,0.010661,0.007611,0.015321
1771002512.158957,12.256465,0.083541,0.334663,1.619284,0.010855,0.007540,0.014976
1771002512.163892,12.261400,-1.298081,0.288108,1.320422,0.001162,0.008587,0.009853
1771002512.169137,12.266646,0.038269,0.288096,1.619590,0.011235,0.007479,0.014912
1771002512.174111,12.271619,0.038194,0.274536,1.662869,0.011139,0.007272,0.015282
1771002512.178801,12.276310,0.078946,0.393977,1.654860,0.010197,0.007046,0.015117
1771002512.183635,12.281144,0.023002,0.315300,1.637480,0.010649,0.006788,0.014743
1771002512.188857,12.286366,-1.740834,2.461763,1.633990,-0.012079,-0.000487,-0.001107
1771002512.193447,12.290956,-1.819237,2.376531,1.612703,-0.011973,-0.001150,-0.001465
1771002512.198426,12.295934,-1.765652,2.425469,1.591370,-0.011656,-0.000464,-0.001126
1771002512.203533,12.301042,-1.752169,2.255639,1.609682,-0.010619,-0.000214,-0.000400
1771002512.208416,12.305924,-0.425196,1.992485,1.667692,-0.003809,0.002544,0.005632
1771002512.213377,12.310886,0.059827,0.390480,1.648059,0.009566,0.007221,0.015038
1771002512.218361,12.315869,-0.450025,2.120765,1.586358,-0.005350,0.003200,0.004619
1771002512.223360,12.320869,0.069144,0.295508,1.617512,0.009907,0.007206,0.014525
1771002512.228334,12.325843,0.076301,0.339506,1.645035,0.010084,0.007203,0.015135
1771002512.233318,12.330827,-1.776741,2.486331,1.608593,-0.012324,-0.000310,-0.000476
1771002512.238300,12.335809,0.105207,0.385479,1.654334,0.009748,0.007390,0.015458
1771002512.243280,12.340788,-1.720477,2.496886,1.624292,-0.012168,0.000558,-0.000699
1771002512.248269,12.345777,-1.340660,0.444898,1.382916,-0.000483,0.007526,0.009733
1771002512.253247,12.350756,-0.402975,1.924953,1.708340,-0.003061,0.001863,0.005027
1771002512.258236,12.355745,-1.308834,0.311784,1.338085,0.000590,0.008085,0.009577
1771002512.263210,12.360718,0.050723,0.334332,1.614554,0.010293,0.006984,0.015094
1771002512.268197,12.365705,-0.415903,2.051247,1.625975,-0.005114,0.002619,0.005377
1771002512.273182,12.370691,1.880940,0.405071,0.565850,0.007551,0.017626,0.014413
1771002512.278167,12.375675,0.053004,0.328359,1.638871,0.010079,0.006826,0.014639
1771002512.283150,12.380659,-1.791285,2.497594,1.598026,-0.012616,-0.000436,-0.001150
1771002512.288131,12.385640,0.063924,0.330882,1.619705,0.010457,0.007001,0.014838
1771002512.293128,12.390637,0.070383,0.364608,1.625609,0.009840,0.006691,0.014686
1771002512.298099,12.395607,0.078014,0.406892,1.654631,0.010043,0.007367,0.015122
1771002512.303080,12.400589,-1.785808,2.420157,1.614768,-0.012221,-0.000513,-0.000951
1771002512.308066,12.405575,0.060650,0.386344,1.635024,0.010081,0.006978,0.015032
1771002512.313053,12.410562,-1.254501,0.333451,1.364057,-0.000002,0.008335,0.010036
1771002512.318038,12.415547,0.070343,0.385684,1.633711,0.010030,0.007617,0.015866
1771002512.323020,12.420529,-1.715480,2.410475,1.647384,-0.011918,-0.000348,-0.000813
1771002512.328015,12.425523,-1.277374,0.273416,1.373448,0.000076,0.007928,0.009361
1771002512.332985,12.430493,-1.752387,2.381220,1.650972,-0.012047,-0.000744,-0.001178
1771002512.337969,12.435478,-1.720812,2.349969,1.630556,-0.011825,-0.000480,-0.000585
1771002512.342953,12.440462,-0.398458,2.047468,1.628636,-0.005475,0.002950,0.005410
1771002512.347947,12.445456,0.097179,0.393974,1.646434,0.009534,0.007415,0.015184
1771002512.352924,12.450433,-0.414453,1.979233,1.672641,-0.003276,0.002497,0.005316
1771002512.357920,12.455429,-0.405905,2.070138,1.598253,-0.004927,0.003161,0.005382
1771002512.362903,12.460411,-0.438556,2.174834,1.533930,-0.006619,0.003403,0.005181
1771002512.367870,12.465379,-0.421954,2.115543,1.591267,-0.006161,0.003057,0.005493
1771002512.372864,12.470373,0.062174,0.307179,1.657891,0.009778,0.007068,0.014709
1771002512.377852,12.475360,0.057160,0.328983,1.650362,0.009810,0.006904,0.014640
1771002512.382829,12.480337,-1.274139,0.281491,1.377694,0.000659,0.008096,0.009475
1771002512.387814,12.485323,0.080072,0.362106,1.648312,0.010254,0.007338,0.015200
1771002512.392813,12.490321,-1.296401,0.409529,1.352009,-0.000116,0.007990,0.009942
1771002512.397791,12.495300,0.049597,0.366788,1.656518,0.010166,0.007111,0.015018
1771002512.402781,12.500289,0.036788,0.331848,1.612025,0.010510,0.006835,0.015089
1771002512.407754,12.505263,-1.303560,0.287563,1.295270,0.000685,0.008535,0.009351
1771002512.413158,12.510667,-1.317656,0.350548,1.306707,0.000368,0.007782,0.009278
1771002512.418158,12.515667,0.013524,1.984478,0.721652,-0.015371,0.004875,0.001370
1771002512.422705,12.520214,0.047129,0.776340,-0.307259,-0.008788,-0.006338,-0.001279
1771002512.427709,12.525218,0.108957,0.878875,-0.343043,-0.009318,-0.005830,-0.000524
1771002512.432666,12.530175,-0.012148,0.561083,-0.254864,-0.008200,-0.007009,-0.002501
1771002512.438029,12.535537,0.083527,0.808071,-0.260715,-0.009998,-0.007002,-0.001749
1771002512.443021,12.540529,0.040817,0.848932,-0.297406,-0.009506,-0.006410,-0.001785
1771002512.447638,12.545147,0.034981,0.879590,-0.259171,-0.010047,-0.007144,-0.002121
1771002512.452596,12.550105,0.122740,1.136691,-0.355209,-0.010521,-0.005987,-0.001649
1771002512.457583,12.555092,0.068601,0.989396,-0.297358,-0.010699,-0.006295,-0.001752
1771002512.462568,12.560077,0.072259,0.880922,-0.282701,-0.010013,-0.006483,-0.002149
1771002512.467562,12.565071,0.067675,0.913779,-0.359385,-0.010237,-0.006722,-0.002644
1771002512.472533,12.570041,0.098048,0.839905,-0.268983,-0.010538,-0.006472,-0.002116
1771002512.477518,12.575027,-0.601065,1.465089,1.118907,-0.010211,-0.007864,-0.007162
1771002512.482513,12.580022,-0.440515,2.148012,1.574047,-0.006950,0.003230,0.004523
1771002512.487487,12.584996,-0.039335,1.522928,1.917185,0.004123,0.006276,0.005470
1771002512.492474,12.589983,-0.405382,2.042267,1.621603,-0.005606,0.002973,0.003878
1771002512.497450,12.594959,-0.369354,2.034076,1.604324,-0.005494,0.003067,0.005186
1771002512.502433,12.599941,-1.753069,2.579561,1.581618,-0.013229,-0.000140,-0.000986
1771002512.507446,12.604954,-0.434928,2.152876,1.558719,-0.006399,0.003431,0.004401
1771002512.512414,12.609923,-1.735794,2.649817,1.586496,-0.013504,-0.000131,-0.001109
1771002512.517401,12.614910,-0.437793,2.139934,1.541943,-0.006868,0.002899,0.003655
1771002512.522385,12.619894,0.055124,0.445390,1.615705,0.010277,0.007427,0.015736
1771002512.527373,12.624881,0.085023,0.388301,1.622479,0.010123,0.007242,0.014928
1771002512.532355,12.629864,-1.753641,2.457352,1.580678,-0.012216,-0.000361,-0.001667
1771002512.537334,12.634842,-0.406879,2.114270,1.578850,-0.005639,0.003504,0.004566
1771002512.542315,12.639824,-0.424909,2.238814,1.468987,-0.007462,0.004142,0.004641
1771002512.547302,12.644811,-0.415184,2.107682,1.627466,-0.006605,0.003218,0.004602
1771002512.552288,12.649797,0.100771,0.400803,1.661894,0.009106,0.007136,0.014713
1771002512.557252,12.654761,-0.388071,2.169023,1.523006,-0.006794,0.004147,0.005609
1771002512.562256,12.659764,0.067183,0.486954,1.668177,0.008962,0.007464,0.015019
1771002512.567230,12.664738,0.081911,0.416860,1.679557,0.009241,0.007150,0.014907
1771002512.572228,12.669737,0.112594,0.269918,1.684001,0.009619,0.007478,0.014960
1771002512.577199,12.674707,-1.090871,2.311205,1.024354,-0.005185,0.003379,0.007000
1771002512.582188,12.679697,0.110552,0.355788,1.685926,0.009192,0.007643,0.015137
1771002512.587173,12.684681,0.119272,0.460626,1.662868,0.009288,0.007929,0.015463
1771002512.592545,12.690054,0.120205,0.528481,1.686057,0.009134,0.008309,0.015526
1771002512.597142,12.694650,0.112987,0.457049,1.670445,0.008800,0.007337,0.014943
1771002512.602107,12.699616,0.121129,0.421353,1.677106,0.009344,0.007529,0.015054
1771002512.607120,12.704628,-0.383462,1.997874,1.671568,-0.005305,0.002622,0.004620
1771002512.612093,12.709601,-0.388869,2.116641,1.611805,-0.006724,0.003735,0.005075
1771002512.617088,12.714597,-0.368191,2.056798,1.619776,-0.005677,0.003455,0.005451
1771002512.622071,12.719579,-0.381167,2.130482,1.595717,-0.006828,0.003837,0.004662
1771002512.627028,12.724537,0.095522,0.341420,1.659671,0.009818,0.007612,0.014844
1771002512.632035,12.729543,-1.381959,1.487060,1.739543,-0.004822,0.004414,-0.000407
1771002512.636995,12.734504,-1.705299,2.420053,1.663003,-0.012362,0.000145,-0.000391
1771002512.642037,12.739545,-0.401649,2.072542,1.646120,-0.006183,0.002995,0.004685
1771002512.646988,12.744497,-0.394792,2.066410,1.622540,-0.006260,0.002968,0.004789
1771002512.651970,12.749479,0.113521,0.350078,1.668553,0.009353,0.007109,0.015152
1771002512.656930,12.754438,-1.759098,2.500725,1.642513,-0.012475,-0.000788,-0.001493
1771002512.662510,12.760019,0.093032,0.459845,1.648518,0.009219,0.007371,0.015302
1771002512.667398,12.764907,-0.381749,2.156814,1.522084,-0.006584,0.004181,0.005116
1771002512.672292,12.769801,0.091298,0.440902,1.631401,0.009729,0.007372,0.015085
1771002512.676887,12.774396,-0.366121,2.115151,1.558942,-0.006703,0.003745,0.005430
1771002512.681875,12.779383,0.100256,0.448987,1.629044,0.009168,0.007335,0.015235
1771002512.686833,12.784342,0.092481,0.435324,1.630296,0.010074,0.007693,0.015147
1771002512.691842,12.789351,-0.436239,2.189144,1.540381,-0.006783,0.003675,0.004576
1771002512.696817,12.794325,-0.391257,2.058343,1.607981,-0.004628,0.003370,0.004770
1771002512.701807,12.799316,-0.384263,2.173220,1.531306,-0.006512,0.004312,0.005452
1771002512.706780,12.804289,-0.417430,2.205424,1.502116,-0.007219,0.003986,0.004883
1771002512.711769,12.809278,-0.399915,2.073567,1.591101,-0.005422,0.003128,0.004681
1771002512.716753,12.814261,0.087726,0.510600,1.688513,0.009129,0.007681,0.015229
1771002512.721743,12.819252,0.075220,0.307637,1.613402,0.010179,0.007406,0.014369
1771002512.726709,12.824218,-0.421267,2.107775,1.637473,-0.006330,0.003088,0.004101
1771002512.731705,12.829214,-0.387327,2.040845,1.611214,-0.005585,0.002723,0.004645
1771002512.736944,12.834452,-0.398739,2.239405,1.500226,-0.007640,0.004718,0.005030
1771002512.741676,12.839185,-0.357878,2.070536,1.593004,-0.005761,0.003860,0.005546
1771002512.746640,12.844149,-0.390834,2.144636,1.553888,-0.005880,0.003932,0.004740
1771002512.751629,12.849137,0.139955,0.434017,1.666838,0.009157,0.007617,0.015289
1771002512.756625,12.854134,-0.413014,2.129150,1.591852,-0.006327,0.003419,0.004543
1771002512.762130,12.859638,0.057190,0.411298,1.682106,0.009044,0.006986,0.014777
1771002512.766579,12.864088,-0.392712,2.066113,1.620636,-0.005812,0.003153,0.004754
1771002512.771682,12.869191,-0.429394,2.204629,1.525162,-0.007470,0.003783,0.004501
1771002512.776555,12.874063,-0.394870,2.006994,1.656868,-0.004417,0.002878,0.004661
1771002512.781537,12.879046,-0.413001,2.220468,1.517426,-0.007863,0.004109,0.004857
1771002512.786552,12.884061,-0.434350,2.238174,1.520406,-0.008039,0.003934,0.004102
1771002512.791512,12.889020,-1.717671,2.416343,1.652987,-0.012410,-0.000266,-0.001243
1771002512.796507,12.894016,-0.402944,2.201855,1.529646,-0.007375,0.004168,0.005165
1771002512.801499,12.899008,-0.400887,2.229102,1.428857,-0.007927,0.004263,0.004612
1771002512.806475,12.903984,0.097629,0.360834,1.671311,0.009676,0.007208,0.014828
1771002512.811443,12.908952,0.120592,0.363719,1.636520,0.010577,0.007887,0.015348
1771002512.816425,12.913933,-0.392224,2.068500,1.602526,-0.006255,0.003021,0.004669
1771002512.821425,12.918934,0.110097,0.476506,1.686788,0.008770,0.007327,0.015317
1771002512.826405,12.923913,0.161199,0.838771,-0.389671,-0.010801,-0.005969,-0.002506
1771002512.831384,12.928893,0.156706,0.780288,-0.318953,-0.010716,-0.006233,-0.002223
1771002512.836368,12.933876,0.105671,1.064608,-0.400928,-0.011295,-0.006222,-0.002987
1771002512.841351,12.938859,0.111996,0.912336,-0.452416,-0.010514,-0.006248,-0.002057
1771002512.846331,12.943840,-2.073542,3.488281,1.235925,-0.015301,-0.008668,-0.016167
1771002512.851314,12.948822,-0.394033,2.063644,1.538311,-0.005785,0.002860,0.004155
1771002512.856300,12.953809,-0.425766,2.331683,1.334202,-0.008040,0.004933,0.004571
1771002512.861289,12.958797,-1.723909,2.520494,1.528750,-0.012998,-0.000387,-0.001827
1771002512.866275,12.963784,-1.711664,2.609360,1.508870,-0.013610,-0.000063,-0.001099
1771002512.871245,12.968754,-1.712058,2.071001,1.486045,-0.009730,-0.001535,-0.002777
1771002512.876245,12.973753,-0.280922,2.529840,1.404482,-0.043840,-0.012211,-0.019150
1771002512.881216,12.978724,-1.707227,4.033671,0.782111,-0.076984,-0.051494,-0.014657
1771002512.886200,12.983709,-2.380231,7.445995,-0.192371,-0.131455,-0.098203,-0.018000
1771002512.891214,12.988723,-2.287435,9.422489,-1.193410,-0.188313,-0.134185,-0.011262
1771002512.896190,12.993699,-2.710955,10.150132,0.479294,-0.221950,-0.131427,-0.012088
1771002512.901158,12.998667,-4.801398,12.210332,1.737586,-0.254885,-0.154422,0.004043
1771002512.906136,13.003644,-3.812612,9.019985,5.323587,-0.229158,-0.148366,-0.010208
1771002512.911121,13.008630,-3.068745,11.167247,4.138591,-0.263121,-0.143525,0.000507
1771002512.916099,13.013608,-3.588028,11.033319,7.639330,-0.265187,-0.144289,-0.006448
1771002512.921105,13.018614,-3.885414,8.411608,7.602063,-0.241995,-0.145444,-0.002644
1771002512.926211,13.023720,-4.417816,10.287582,7.600528,-0.267540,-0.154303,-0.015723
1771002512.931162,13.028671,-4.603381,10.197322,7.597547,-0.265643,-0.155588,-0.017343
1771002512.936051,13.033560,-4.416859,10.532440,7.369158,-0.269580,-0.154597,-0.014231
1771002512.941049,13.038558,-4.310969,9.009813,7.270735,-0.243355,-0.148574,-0.006568
1771002512.945995,13.043504,-4.527143,9.909504,6.534430,-0.256959,-0.157519,-0.006271
1771002512.950999,13.048507,-4.340511,8.804569,7.255322,-0.233886,-0.158217,-0.034165
1771002512.955981,13.053489,-2.650485,8.003015,6.084487,-0.227391,-0.134625,-0.010426
1771002512.961414,13.058923,-2.536774,8.268756,5.882354,-0.230856,-0.135336,-0.008680
1771002512.967023,13.064532,-3.072069,9.331153,4.966783,-0.251913,-0.130723,-0.000807
1771002512.970906,13.068415,-3.307194,9.298501,5.428538,-0.235733,-0.126572,-0.002295
1771002512.975912,13.073421,-4.357779,8.207952,4.793532,-0.234414,-0.153235,-0.010967
1771002512.980895,13.078403,-4.349133,9.917240,3.761970,-0.240684,-0.153025,-0.005402
1771002512.985874,13.083383,-5.029027,7.485430,4.806947,-0.204161,-0.159944,-0.015238
1771002512.990848,13.088357,-0.960069,9.293396,2.457236,-0.205695,-0.100655,0.002713
1771002512.995848,13.093357,-3.054459,8.080775,2.725689,-0.208888,-0.126569,-0.007128
1771002513.000817,13.098326,-3.145531,8.791169,2.192356,-0.210340,-0.130253,-0.003198
1771002513.005826,13.103335,-3.302465,8.926674,2.447299,-0.197210,-0.127279,-0.001154
1771002513.010801,13.108310,-3.194853,8.328264,3.145141,-0.186792,-0.122680,-0.002668
1771002513.015784,13.113293,-2.989337,8.203196,3.238292,-0.186762,-0.120006,-0.003222
1771002513.020773,13.118282,-2.725583,8.166868,3.032350,-0.202602,-0.122509,-0.003855
1771002513.025759,13.123267,-3.588477,7.269791,3.681888,-0.203645,-0.132853,0.008219
1771002513.030737,13.128246,-2.812687,9.419340,2.939770,-0.221753,-0.119692,0.017115
1771002513.035804,13.133313,-3.949756,7.812506,4.193123,-0.219769,-0.143931,0.006656
1771002513.040695,13.138204,-3.303905,9.343509,3.491940,-0.240526,-0.132742,0.012520
1771002513.045696,13.143205,-4.365715,7.962324,5.175674,-0.226227,-0.145918,-0.005512
1771002513.050746,13.148255,-4.895395,10.647080,4.467399,-0.254258,-0.144672,0.018515
1771002513.055644,13.153152,-3.660905,9.962568,5.089245,-0.242287,-0.136965,0.021104
1771002513.060637,13.158146,-3.177037,11.939218,0.599905,-0.258521,-0.146552,0.017739
1771002513.065618,13.163127,-3.347877,12.159981,0.367268,-0.254909,-0.149231,0.018643
1771002513.071063,13.168571,-2.895013,9.306599,2.040921,-0.216335,-0.135573,-0.003541
1771002513.075585,13.173094,-2.840975,9.737640,1.815722,-0.217904,-0.136137,-0.002513
1771002513.080561,13.178069,-2.974767,10.011154,3.999251,-0.227789,-0.125052,0.005051
1771002513.085549,13.183058,-2.873733,8.747717,4.205358,-0.230744,-0.124311,0.011993
1771002513.090646,13.188154,-2.893710,8.937578,4.066500,-0.229824,-0.125405,0.012457
1771002513.095506,13.193015,-3.016319,9.656250,3.572711,-0.240823,-0.133038,0.013376
1771002513.100530,13.198038,-3.063410,9.544248,3.642374,-0.240146,-0.133114,0.012925
1771002513.105491,13.203000,-3.294600,10.331793,2.891893,-0.251959,-0.140192,0.013859
1771002513.110497,13.208005,-3.008248,9.697395,3.601400,-0.241860,-0.133304,0.014065
1771002513.115444,13.212953,-2.925967,9.891236,3.415312,-0.241417,-0.132905,0.015176
1771002513.120501,13.218009,-3.771830,7.973973,3.647284,-0.232931,-0.149605,0.006919
1771002513.125431,13.222940,-3.919129,7.995611,3.847110,-0.218207,-0.146448,0.008346
1771002513.130409,13.227918,-3.070192,9.601837,2.581692,-0.221069,-0.126439,0.017461
1771002513.135509,13.233018,-2.712851,7.447211,3.627065,-0.187342,-0.118953,-0.002753
1771002513.140371,13.237880,-2.067308,6.982434,2.821396,-0.178791,-0.107024,0.003972
1771002513.145348,13.242857,-3.704820,5.445766,2.425656,-0.173837,-0.122452,-0.003498
1771002513.150332,13.247841,-1.611161,7.102888,1.667228,-0.166057,-0.085161,0.019380
1771002513.155344,13.252853,-2.369363,5.310361,2.037498,-0.151623,-0.100124,0.016595
1771002513.160309,13.257818,-2.244437,3.417612,1.586618,-0.120994,-0.094339,0.019459
1771002513.165294,13.262803,-2.025439,5.222530,1.091790,-0.136009,-0.085866,0.033775
1771002513.170313,13.267822,-1.111026,4.646964,1.219981,-0.127330,-0.077263,0.010970
1771002513.175262,13.272771,-1.451346,5.110939,1.160614,-0.118030,-0.076194,0.014164
1771002513.180237,13.277746,-1.597037,5.237909,1.030185,-0.115183,-0.074076,0.017327
1771002513.185218,13.282727,-1.185299,3.191007,1.237806,-0.099730,-0.068625,0.008985
1771002513.190213,13.287722,-1.208627,2.756636,0.631564,-0.093631,-0.045531,0.024436
1771002513.195188,13.292696,-0.524147,3.927404,-1.085108,-0.091872,-0.060753,0.012238
1771002513.200180,13.297689,-0.628733,4.163787,-1.273730,-0.092189,-0.061086,0.013036
1771002513.205212,13.302721,-0.637124,4.235066,-1.327872,-0.092830,-0.060498,0.012651
1771002513.210172,13.307680,-1.658483,3.772628,0.553691,-0.093900,-0.061407,0.016925
1771002513.215127,13.312635,-1.262569,3.702624,0.550325,-0.100373,-0.045831,0.025546
1771002513.220131,13.317640,-1.205816,3.048148,0.583010,-0.096193,-0.046115,0.023610
1771002513.225110,13.322618,-2.060503,4.083953,0.983054,-0.102447,-0.061680,0.017910
1771002513.230085,13.327594,-2.433274,3.090519,1.247407,-0.108007,-0.080691,0.006647
1771002513.235121,13.332630,-1.880161,6.260602,0.544678,-0.139583,-0.070410,0.013785
1771002513.240052,13.337561,-2.141075,4.935572,1.058604,-0.125931,-0.077366,0.014962
1771002513.245017,13.342526,-1.876649,4.177686,1.148884,-0.123809,-0.074512,0.014448
1771002513.250024,13.347533,-2.479364,3.665035,0.854751,-0.132532,-0.084377,0.024941
1771002513.255010,13.352519,-2.823653,5.600956,0.987528,-0.139573,-0.086087,0.034076
1771002513.259980,13.357488,-2.582207,4.811436,1.159914,-0.135348,-0.083821,0.032325
1771002513.264960,13.362468,-2.350492,3.955515,1.321198,-0.130707,-0.080862,0.029571
1771002513.269959,13.367468,-2.013528,6.917269,1.393000,-0.155342,-0.096882,0.025019
1771002513.274930,13.372439,-1.798220,6.166799,1.654299,-0.153634,-0.093536,0.023333
1771002513.279906,13.377415,-2.733188,5.212162,2.349213,-0.154764,-0.102882,0.005881
1771002513.284890,13.382399,-2.049938,7.130821,1.994324,-0.171106,-0.090949,0.012908
1771002513.289882,13.387391,-2.516786,7.070966,1.732964,-0.186150,-0.105785,0.015923
1771002513.294860,13.392369,-3.062173,9.068432,0.837406,-0.209246,-0.107541,0.035001
1771002513.299868,13.397377,-3.238024,7.438537,2.377923,-0.203217,-0.117262,0.021212
1771002513.304882,13.402390,-4.219349,6.776180,3.181297,-0.196345,-0.137514,0.023847
1771002513.309812,13.407321,-3.824994,5.827975,3.438608,-0.191850,-0.130998,0.022318
1771002513.314832,13.412341,-3.204535,8.372231,2.893913,-0.218745,-0.120725,0.029653
1771002513.319770,13.417279,-3.287730,9.447983,3.365233,-0.224786,-0.123496,0.019008
1771002513.324764,13.422273,-3.323887,9.135509,3.641392,-0.224456,-0.122955,0.017644
1771002513.329759,13.427268,-3.289617,8.761103,3.857548,-0.222786,-0.122057,0.018182
1771002513.334763,13.432272,-3.192147,8.152778,4.124977,-0.211895,-0.114071,0.016753
1771002513.339731,13.437240,-3.136185,8.072184,4.196010,-0.211294,-0.113382,0.016579
1771002513.344706,13.442215,-3.137627,8.006521,4.234376,-0.210744,-0.113260,0.016513
1771002513.349685,13.447194,-3.131246,8.154352,4.172985,-0.212101,-0.113842,0.016284
1771002513.355225,13.452734,-3.139797,8.014776,4.247428,-0.211277,-0.113944,0.016756
1771002513.359648,13.457156,-3.148561,8.116152,4.112538,-0.211439,-0.113853,0.017285
1771002513.364629,13.462138,-3.290640,8.829173,3.749242,-0.222823,-0.121769,0.017655
1771002513.369623,13.467131,-3.398384,8.871739,3.661929,-0.222691,-0.123841,0.018089
1771002513.374583,13.472091,-3.332663,9.101788,3.484172,-0.223247,-0.123323,0.019042
1771002513.379589,13.477097,-3.340640,9.218477,3.396996,-0.224395,-0.124036,0.019787
1771002513.384563,13.482072,-3.348537,9.323473,3.273323,-0.223300,-0.124976,0.019859
1771002513.389566,13.487075,-3.423518,9.533877,3.182626,-0.224261,-0.125570,0.019460
1771002513.394550,13.492059,-3.399085,9.597057,3.104595,-0.224613,-0.125413,0.019371
1771002513.399520,13.497028,-3.650048,10.515197,2.259862,-0.235862,-0.132341,0.020889
1771002513.404515,13.502023,-3.626090,10.275762,2.399834,-0.234739,-0.131627,0.020274
1771002513.409485,13.506994,-3.461031,9.310610,3.305292,-0.223473,-0.125568,0.019430
1771002513.414488,13.511997,-3.402228,9.295664,3.294271,-0.222969,-0.124522,0.019151
1771002513.419446,13.516955,-3.366695,9.363428,3.273447,-0.224127,-0.124480,0.019609
1771002513.424446,13.521954,-3.323688,9.471430,3.169198,-0.224337,-0.124571,0.020267
1771002513.429417,13.526926,-3.219818,8.318411,2.782193,-0.219768,-0.121941,0.030582
1771002513.434400,13.531908,-3.299776,8.529686,2.573079,-0.220002,-0.123729,0.031322
1771002513.439391,13.536900,-4.086504,6.706051,2.820398,-0.209810,-0.139718,0.023897
1771002513.444367,13.541876,-4.170035,6.646847,3.128785,-0.196498,-0.136563,0.024754
1771002513.449350,13.546859,-3.901459,7.135148,2.306948,-0.205828,-0.130295,0.025929
1771002513.454320,13.551829,-2.952272,6.634313,3.047478,-0.194061,-0.111056,0.022340
1771002513.459327,13.556835,-2.864655,7.068916,2.886969,-0.194543,-0.111031,0.024094
1771002513.464301,13.561810,-2.837392,7.354331,2.748777,-0.195135,-0.111249,0.024783
1771002513.469278,13.566787,-2.883766,7.357037,2.730536,-0.195659,-0.112134,0.025197
1771002513.474272,13.571781,-2.888971,7.396512,2.667051,-0.195551,-0.112320,0.025417
1771002513.479248,13.576757,-2.929089,7.270361,2.773102,-0.194850,-0.112358,0.025100
1771002513.484235,13.581743,-2.960817,7.186801,2.803161,-0.194099,-0.112375,0.024549
1771002513.489260,13.586769,-2.894308,7.209655,2.791564,-0.194492,-0.111061,0.024593
1771002513.494266,13.591775,-2.902698,7.139955,2.797732,-0.194284,-0.111665,0.025178
1771002513.499183,13.596692,-3.519791,7.306901,1.624895,-0.194081,-0.127077,0.024362
1771002513.504258,13.601766,-2.948864,7.461175,2.603648,-0.195915,-0.113224,0.025543
1771002513.509151,13.606660,-2.429387,8.506944,1.467787,-0.199879,-0.099793,0.037470
1771002513.514225,13.611734,-3.323396,6.399425,2.213817,-0.189893,-0.116121,0.029436
1771002513.519116,13.616624,-2.238793,7.354899,1.662120,-0.187645,-0.102140,0.017434
1771002513.524111,13.621619,-2.397297,7.677377,1.447610,-0.188932,-0.104465,0.017133
1771002513.529095,13.626604,-2.522832,7.517332,1.860597,-0.174641,-0.101499,0.017454
1771002513.534705,13.632214,-2.566404,7.969020,1.570212,-0.177074,-0.102820,0.018859
1771002513.539065,13.636574,-1.911333,7.854036,1.568390,-0.180546,-0.087192,0.023605
1771002513.544041,13.641550,-3.083394,8.271213,1.543164,-0.187777,-0.096925,0.013260
1771002513.549024,13.646533,-2.090611,8.126053,1.490615,-0.177523,-0.091061,0.015976
1771002513.554029,13.651537,-2.507505,5.377528,2.362111,-0.157207,-0.100464,0.006429
1771002513.559012,13.656521,-2.556209,5.311977,2.400809,-0.156327,-0.100346,0.005014
1771002513.563974,13.661482,-1.984331,7.882328,1.649901,-0.175352,-0.089298,0.014080
1771002513.568966,13.666475,-2.685592,7.862093,1.534630,-0.175800,-0.103612,0.018734
1771002513.573963,13.671472,-2.582786,7.536335,1.777684,-0.174675,-0.101555,0.017749
1771002513.578944,13.676453,-2.487953,7.436542,1.534647,-0.187687,-0.106524,0.017442
1771002513.583915,13.681424,-2.260214,7.027824,1.824975,-0.185700,-0.102960,0.016802
1771002513.588904,13.686413,-3.417305,6.299225,2.226519,-0.188919,-0.115995,0.028852
1771002513.594352,13.691860,-3.373247,8.145454,1.912954,-0.204854,-0.120067,0.023762
1771002513.598868,13.696377,-3.256317,7.506420,2.311603,-0.202158,-0.117297,0.022106
1771002513.603857,13.701366,-3.262689,7.127927,2.589457,-0.202770,-0.116299,0.019364
1771002513.608832,13.706341,-4.126539,6.679812,3.152717,-0.195374,-0.134646,0.023193
1771002513.613818,13.711326,-4.162834,8.296647,3.162025,-0.215722,-0.141821,0.013415
1771002513.618799,13.716307,-3.595262,10.621042,2.146219,-0.234341,-0.132219,0.021465
1771002513.623799,13.721308,-3.524355,10.305636,2.489170,-0.234081,-0.129914,0.019381
1771002513.628771,13.726280,-3.483859,9.618756,2.916284,-0.232307,-0.127507,0.018780
1771002513.633740,13.731249,-3.411338,9.296705,3.184365,-0.230946,-0.125543,0.017410
1771002513.638752,13.736260,-3.390474,9.059867,3.330939,-0.225380,-0.128827,0.006923
1771002513.643720,13.741229,-3.394946,8.977052,3.467156,-0.225161,-0.128275,0.006217
1771002513.648698,13.746206,-3.360188,9.005054,3.468946,-0.225295,-0.128074,0.006055
1771002513.653704,13.751213,-3.282517,8.496155,3.794208,-0.214570,-0.120314,0.005425
1771002513.658684,13.756193,-3.311911,9.157337,3.290126,-0.225354,-0.128320,0.006991
1771002513.663663,13.761172,-3.298191,9.202466,3.295194,-0.229865,-0.125182,0.016915
1771002513.668634,13.766143,-3.358222,9.561811,3.001506,-0.231355,-0.127462,0.018563
1771002513.673636,13.771145,-3.346339,9.732459,2.788561,-0.231656,-0.128238,0.019335
1771002513.678616,13.776125,-3.416816,9.845707,2.720586,-0.231314,-0.127930,0.018819
1771002513.683596,13.781105,-3.499050,9.680837,2.849555,-0.230617,-0.128121,0.017688
1771002513.688589,13.786097,-3.536549,9.845948,2.680907,-0.231141,-0.130301,0.017562
1771002513.693568,13.791077,-3.550866,10.240133,2.402996,-0.232477,-0.131936,0.019469
1771002513.698526,13.796035,-3.825376,6.566589,3.052480,-0.206518,-0.134898,0.022288
1771002513.703524,13.801033,-3.904866,6.929338,3.177645,-0.195775,-0.132774,0.023783
1771002513.708506,13.806015,-3.788789,7.419217,2.144477,-0.202267,-0.128219,0.025038
1771002513.713493,13.811001,-3.176408,6.206503,2.407905,-0.184528,-0.110313,0.025342
1771002513.718475,13.815984,-2.525039,7.213746,1.625095,-0.183507,-0.103366,0.013482
1771002513.723468,13.820976,-2.893010,7.453981,1.699291,-0.170921,-0.102687,0.014715
1771002513.728442,13.825951,-2.924590,5.369674,2.253695,-0.153969,-0.104127,0.004989
1771002513.733425,13.830934,-3.313419,6.836751,1.734068,-0.164590,-0.112694,0.007374
1771002513.738426,13.835935,-3.380152,7.411383,1.517030,-0.166484,-0.114270,0.009275
1771002513.743390,13.840898,-2.385350,6.908320,1.244285,-0.149675,-0.097358,0.021883
1771002513.748376,13.845885,-3.269151,6.690777,1.879841,-0.144794,-0.104632,0.009118
1771002513.753365,13.850873,-2.398377,7.029513,1.124548,-0.150298,-0.096708,0.022280
1771002513.758387,13.855895,-2.432169,7.051706,1.095017,-0.150289,-0.097068,0.022004
1771002513.763328,13.860837,-2.389577,6.993645,1.141468,-0.149962,-0.096895,0.022490
1771002513.768312,13.865821,-2.282340,7.302667,1.078434,-0.160524,-0.103920,0.022777
1771002513.773316,13.870824,-3.072016,6.494066,1.916819,-0.156910,-0.107813,0.009130
1771002513.778273,13.875782,-2.860338,6.067776,2.076983,-0.155596,-0.105364,0.007494
1771002513.783255,13.880764,-2.729996,5.591986,2.255265,-0.154180,-0.103130,0.005572
1771002513.788243,13.885751,-3.198146,4.955899,2.245615,-0.151531,-0.112663,0.008001
1771002513.793228,13.890737,-2.530773,7.459674,1.761039,-0.171197,-0.100807,0.014484
1771002513.798212,13.895721,-2.273324,7.117770,1.795606,-0.183323,-0.100944,0.013349
1771002513.803199,13.900708,-3.200562,6.042370,2.427966,-0.184766,-0.111229,0.025006
1771002513.808167,13.905676,-2.030840,7.215789,1.750671,-0.188826,-0.112924,0.023735
1771002513.813162,13.910671,-3.847864,6.834383,2.859375,-0.208123,-0.135643,0.024783
1771002513.818146,13.915655,-3.409316,9.620616,2.677019,-0.228864,-0.130558,0.020145
1771002513.823171,13.920679,-2.997752,7.335842,4.434869,-0.206081,-0.112944,0.016413
1771002513.828532,13.926041,-3.880027,10.680552,1.345670,-0.232297,-0.148864,0.011891
1771002513.833104,13.930613,-3.696416,10.156073,2.061224,-0.232956,-0.144383,0.009575
1771002513.838089,13.935597,-2.802203,11.411738,2.110491,-0.241638,-0.127138,0.016088
1771002513.843064,13.940573,-2.626221,11.079800,2.318711,-0.246488,-0.121524,0.013908
1771002513.848050,13.945558,-3.746835,10.203528,4.617552,-0.256932,-0.137214,0.016995
1771002513.853035,13.950544,-3.843166,9.154217,5.985564,-0.255486,-0.137634,0.022665
1771002513.858019,13.955528,-3.816046,8.748764,6.200539,-0.255763,-0.136541,0.022385
1771002513.863007,13.960516,-3.954135,8.470595,5.935111,-0.250710,-0.139352,0.020645
1771002513.868006,13.965515,-4.575427,10.221393,4.866698,-0.251258,-0.145076,0.019607
1771002513.872968,13.970477,-5.101293,7.283708,5.593421,-0.219560,-0.155301,0.008615
1771002513.877963,13.975471,-4.902914,8.119016,4.057892,-0.222393,-0.154213,-0.009207
1771002513.882938,13.980446,-3.307945,7.776897,4.343378,-0.216291,-0.131778,-0.000132
1771002513.887946,13.985454,-2.652109,9.258874,3.171540,-0.218279,-0.118253,0.015299
1771002513.892905,13.990413,-2.822688,9.003362,3.157832,-0.218608,-0.121245,0.016458
1771002513.897884,13.995393,-3.040929,7.622270,4.427608,-0.214107,-0.130311,0.002006
1771002513.902961,14.000469,-3.773684,7.322670,4.405213,-0.213012,-0.143661,0.005672
1771002513.907857,14.005366,-4.203908,10.242727,2.982303,-0.255101,-0.149402,0.001454
1771002513.912839,14.010348,-3.872507,8.706702,4.347236,-0.233657,-0.133758,-0.002731
1771002513.917824,14.015333,-4.168821,8.436876,5.181698,-0.226418,-0.141973,-0.004401
1771002513.922817,14.020325,-4.163536,8.178803,5.239385,-0.224591,-0.142556,-0.004338
1771002513.927786,14.025295,-4.198936,8.374877,5.150703,-0.225030,-0.142814,-0.004947
1771002513.932769,14.030278,-4.472654,9.306351,4.264503,-0.235405,-0.150053,-0.003369
1771002513.937752,14.035261,-4.582761,10.214798,3.628482,-0.247418,-0.158363,-0.000578
1771002513.942739,14.040248,-4.284979,10.332057,2.870452,-0.255765,-0.150729,0.000341
1771002513.947788,14.045297,-4.197845,10.497366,2.654001,-0.254493,-0.151026,0.002285
1771002513.952910,14.050418,-4.736062,7.835897,3.718689,-0.231671,-0.159164,-0.009685
1771002513.957857,14.055366,-3.793759,7.136248,4.373677,-0.209306,-0.142424,0.004980
1771002513.962696,14.060205,-3.809310,7.235670,4.361587,-0.210823,-0.142687,0.004278
1771002513.967669,14.065178,-3.759224,7.223909,4.420948,-0.210661,-0.141923,0.004452
1771002513.972657,14.070165,-3.019061,10.482517,2.745296,-0.247899,-0.138565,0.014416
1771002513.977635,14.075144,-3.707666,8.988622,4.219278,-0.234555,-0.133469,-0.000565
1771002513.982629,14.080137,-5.091854,8.524651,4.988493,-0.229123,-0.155486,0.012786
1771002513.987601,14.085109,-5.108493,8.191282,5.155857,-0.228206,-0.155477,0.012203
1771002513.992584,14.090092,-5.118311,8.097985,5.247300,-0.227557,-0.155333,0.011726
1771002513.997565,14.095074,-5.149242,8.336852,5.099814,-0.228239,-0.155754,0.011333
1771002514.002984,14.100492,-4.145524,8.826699,4.902274,-0.227194,-0.141925,-0.003739
1771002514.007952,14.105461,-4.296183,10.324122,2.969142,-0.254660,-0.150166,-0.000344
1771002514.012952,14.110461,-4.871867,7.628335,3.726657,-0.228482,-0.159453,-0.011371
1771002514.017928,14.115437,-4.008662,7.315820,4.269425,-0.212822,-0.144025,0.004538
1771002514.023010,14.120518,-3.383576,7.776863,4.245421,-0.213795,-0.131896,-0.000048
1771002514.027893,14.125402,-3.154236,9.049338,3.047121,-0.216284,-0.123126,0.014696
1771002514.032581,14.130090,-3.307196,9.478832,2.753721,-0.217132,-0.124923,0.015069
1771002514.037873,14.135381,-3.006203,7.770557,2.845653,-0.206223,-0.127342,-0.006297
1771002514.042949,14.140457,-3.129562,8.100231,2.700713,-0.207748,-0.128092,-0.006016
1771002514.047930,14.145438,-3.263921,8.206270,2.588620,-0.207179,-0.129787,-0.005969
1771002514.052964,14.150473,-3.363618,8.016546,3.112767,-0.192866,-0.125037,-0.006149
1771002514.057802,14.155311,-3.353807,8.160010,3.054022,-0.193577,-0.125233,-0.005984
1771002514.062899,14.160408,-3.363322,8.063601,3.004567,-0.193275,-0.125689,-0.005368
1771002514.067941,14.165450,-3.309481,8.170508,2.986990,-0.193622,-0.125493,-0.004596
1771002514.072753,14.170262,-3.207826,8.487464,2.426722,-0.209511,-0.130547,-0.004668
1771002514.077727,14.175235,-3.189316,8.460433,2.480155,-0.209482,-0.129904,-0.004844
1771002514.082721,14.180229,-3.135422,8.313214,2.555968,-0.209067,-0.128856,-0.004559
1771002514.087287,14.184795,-3.124785,8.279455,2.604620,-0.209277,-0.128544,-0.005213
1771002514.092346,14.189854,-2.965175,7.376639,3.383467,-0.198200,-0.122336,-0.006103
1771002514.097731,14.195239,-2.902743,7.332757,3.426086,-0.198890,-0.121900,-0.006711
1771002514.102576,14.200084,-2.876454,7.421964,3.404378,-0.199810,-0.122191,-0.006554
1771002514.107222,14.204731,-2.838429,7.208992,3.532182,-0.198755,-0.121123,-0.006289
1771002514.112705,14.210214,-2.791877,7.154335,3.574643,-0.198718,-0.119827,-0.007225
1771002514.117531,14.215039,-2.467121,9.810542,0.660832,-0.201356,-0.138756,0.000366
1771002514.122583,14.220091,-2.557678,9.455938,1.186757,-0.199203,-0.138190,0.001106
1771002514.127202,14.224710,-3.556480,9.715613,0.787200,-0.220210,-0.154295,-0.012203
1771002514.133237,14.230746,-3.434767,8.974695,1.329864,-0.209190,-0.145191,-0.013652
1771002514.138024,14.235533,-2.765215,11.297187,0.080603,-0.226471,-0.138759,-0.003904
1771002514.142427,14.239935,-2.685617,11.023955,0.390894,-0.226633,-0.136764,-0.004703
1771002514.147561,14.245070,-2.582134,10.730831,0.711196,-0.226229,-0.133281,-0.005665
1771002514.152384,14.249892,-2.568909,10.627506,0.933291,-0.226549,-0.132103,-0.007034
1771002514.157393,14.254902,-4.048153,10.959885,2.586689,-0.237897,-0.155635,0.010518
1771002514.162390,14.259899,-3.887663,9.707027,3.884503,-0.238588,-0.152003,-0.001263
1771002514.167618,14.265126,-3.767381,8.818490,4.602442,-0.226644,-0.141158,-0.003247
1771002514.172333,14.269842,-3.728279,8.685643,4.741503,-0.225903,-0.140936,-0.003645
1771002514.177607,14.275115,-3.702539,8.373405,4.942271,-0.225669,-0.141014,-0.004627
1771002514.182745,14.280253,-3.657748,8.261841,5.055322,-0.225465,-0.140183,-0.004109
1771002514.186954,14.284463,-3.544134,7.340851,5.647766,-0.208032,-0.136038,-0.005477
1771002514.191932,14.289441,-3.554693,7.248367,5.772132,-0.206304,-0.135882,-0.005709
1771002514.196918,14.294426,-3.472274,7.176282,5.750134,-0.205970,-0.134975,-0.005118
1771002514.202040,14.299549,-3.458489,7.128196,5.797229,-0.204566,-0.134795,-0.005381
1771002514.206915,14.304424,-3.389013,7.170829,5.788937,-0.205460,-0.134254,-0.005407
1771002514.211842,14.309350,-3.365845,7.196030,5.798857,-0.206150,-0.133951,-0.004535
1771002514.216838,14.314347,-3.321752,7.260897,5.757607,-0.206536,-0.134210,-0.004357
1771002514.221821,14.319330,-3.340116,7.395247,5.689574,-0.208735,-0.134420,-0.003745
1771002514.226802,14.324311,-3.401266,7.510641,5.617066,-0.210468,-0.135690,-0.004705
1771002514.231780,14.329288,-3.344494,7.835524,5.479388,-0.213877,-0.134872,-0.003273
1771002514.237133,14.334642,-3.307601,8.209022,5.332725,-0.216602,-0.134000,-0.002154
1771002514.241750,14.339259,-3.583845,9.443992,4.158774,-0.229264,-0.142528,-0.000537
1771002514.246737,14.344246,-3.761000,10.035368,3.514540,-0.237741,-0.153011,0.001066
1771002514.251787,14.349295,-3.468598,10.158644,2.827399,-0.244885,-0.144822,0.002032
1771002514.256700,14.354209,-4.145637,7.585987,3.810458,-0.222083,-0.152912,-0.007737
1771002514.262339,14.359848,-4.262834,7.194257,4.377745,-0.213791,-0.145357,0.003687
1771002514.266816,14.364325,-3.548103,7.498674,4.420236,-0.215727,-0.132464,-0.000643
1771002514.271776,14.369285,-3.630415,7.806198,4.323397,-0.217989,-0.133976,-0.000615
1771002514.276655,14.374164,-3.664607,7.951029,4.057667,-0.215727,-0.135121,0.000224
1771002514.281630,14.379138,-3.291722,9.060051,3.056983,-0.218081,-0.124020,0.013671
1771002514.286648,14.384156,-2.108972,9.615040,2.434264,-0.217442,-0.112293,0.002350
1771002514.291595,14.389103,-2.210752,9.764229,2.275942,-0.217257,-0.113482,0.002929
1771002514.296572,14.394081,-2.700758,7.383684,3.429687,-0.199882,-0.119729,-0.005651
1771002514.301571,14.399080,-2.852036,7.684112,3.250277,-0.199393,-0.121991,-0.006009
1771002514.306617,14.404125,-2.830017,7.962096,3.033988,-0.199677,-0.122751,-0.004023
1771002514.311536,14.409044,-2.931424,7.844994,3.488056,-0.184949,-0.118167,-0.003941
1771002514.316518,14.414026,-3.217592,8.874688,2.530306,-0.195935,-0.126489,-0.001104
1771002514.321488,14.418997,-3.280472,9.120986,2.318037,-0.195971,-0.127466,0.000391
1771002514.326483,14.423992,-2.626988,9.318217,2.312039,-0.195438,-0.115654,-0.003038
1771002514.331457,14.428966,-3.223407,6.690136,3.255553,-0.177588,-0.124556,-0.012896
1771002514.336619,14.434128,-3.265926,6.938870,3.173513,-0.177736,-0.125804,-0.012423
1771002514.341424,14.438933,-3.305611,7.218439,3.088230,-0.178416,-0.126728,-0.011411
1771002514.346418,14.443927,-3.201813,6.101394,2.778079,-0.172452,-0.124961,-0.003698
1771002514.351396,14.448904,-3.197275,6.170545,2.757651,-0.173002,-0.124974,-0.003413
1771002514.356391,14.453900,-3.169770,6.235031,2.727218,-0.173343,-0.124775,-0.002748
1771002514.361367,14.458876,-2.859858,6.130098,2.174863,-0.179913,-0.116624,-0.002878
1771002514.366346,14.463854,-3.164170,5.996719,2.774036,-0.172067,-0.125264,-0.003093
1771002514.371505,14.469013,-3.059402,6.086475,2.788421,-0.173046,-0.123845,-0.002870
1771002514.376309,14.473818,-3.046306,6.063981,2.810149,-0.172240,-0.123474,-0.002739
1771002514.381310,14.478819,-3.026040,6.017685,2.809030,-0.172159,-0.123264,-0.002376
1771002514.386282,14.483791,-2.999176,6.069596,2.819953,-0.172265,-0.123161,-0.002588
1771002514.391290,14.488798,-3.058892,6.074793,2.786067,-0.172517,-0.123966,-0.002960
1771002514.396263,14.493772,-3.078232,6.216088,2.773293,-0.174359,-0.124105,-0.002905
1771002514.401236,14.498744,-3.110550,6.188577,2.787041,-0.173320,-0.124248,-0.002788
1771002514.406216,14.503725,-3.124898,6.108996,2.823260,-0.173159,-0.124459,-0.003495
1771002514.411210,14.508718,-3.062212,6.030206,2.824035,-0.171932,-0.123614,-0.003515
1771002514.416188,14.513697,-3.114968,5.878178,2.853447,-0.170464,-0.124625,-0.003810
1771002514.421164,14.518673,-2.533856,9.206519,1.305299,-0.186835,-0.113636,0.005231
1771002514.426164,14.523673,-3.054948,5.748872,2.889212,-0.169037,-0.122991,-0.004351
1771002514.431132,14.528641,-3.060278,9.307739,0.634417,-0.201082,-0.120714,0.002571
1771002514.436176,14.533685,-1.812904,8.520324,-0.384308,-0.181171,-0.108504,0.002107
1771002514.441097,14.538606,-1.678372,8.716766,-0.900058,-0.194438,-0.113573,0.001380
1771002514.446089,14.543598,-1.565518,8.668854,-0.880923,-0.195136,-0.111505,0.000886
1771002514.451076,14.548585,-1.609881,9.667268,-0.437821,-0.200623,-0.113429,-0.006658
1771002514.456062,14.553570,-1.587278,9.470147,-0.207436,-0.200529,-0.112371,-0.007366
1771002514.461035,14.558544,-2.687279,9.269281,0.103719,-0.201399,-0.125403,0.002912
1771002514.466020,14.563529,-2.672486,9.089304,0.230660,-0.201394,-0.124427,0.002836
1771002514.471037,14.568546,-3.489506,8.961312,0.127365,-0.200832,-0.138670,0.006584
1771002514.475993,14.573502,-3.033082,11.116022,-0.972513,-0.220408,-0.133784,0.015874
1771002514.480963,14.578471,-2.967093,11.009727,-0.940821,-0.220366,-0.132212,0.015549
1771002514.485956,14.583465,-2.947908,10.958937,-0.844333,-0.220608,-0.131492,0.014747
1771002514.490966,14.588474,-3.350528,10.209422,0.069532,-0.217862,-0.141460,0.002560
1771002514.495918,14.593426,-2.188834,10.008713,0.112763,-0.206058,-0.132458,0.003315
1771002514.500992,14.598500,-2.149561,9.945006,0.247994,-0.206503,-0.131511,0.003765
1771002514.505930,14.603438,-3.475764,10.068497,0.883090,-0.205370,-0.149012,-0.008282
1771002514.510886,14.608394,-3.446650,10.041407,0.860036,-0.205481,-0.148966,-0.008663
1771002514.515860,14.613369,-3.426718,9.948210,0.950470,-0.205034,-0.148254,-0.008637
1771002514.520834,14.618343,-3.498179,9.965976,0.993679,-0.205520,-0.149044,-0.009090
1771002514.525818,14.623327,-2.771231,9.118801,2.037270,-0.208955,-0.129300,-0.003582
1771002514.531312,14.628820,-3.178427,9.437193,2.791004,-0.219796,-0.123290,0.015795
1771002514.535856,14.633364,-3.220367,9.438113,2.859285,-0.219580,-0.124249,0.014975
1771002514.540787,14.638296,-3.238909,9.451453,2.864473,-0.220136,-0.124380,0.015299
1771002514.545751,14.643260,-3.222263,9.522569,2.810064,-0.220078,-0.124718,0.015704
1771002514.550790,14.648299,-3.137775,9.534027,2.767477,-0.219972,-0.123532,0.016122
1771002514.555736,14.653244,-3.154503,9.554227,2.750057,-0.220024,-0.124086,0.015746
1771002514.561111,14.658620,-3.140086,9.660129,2.649102,-0.220220,-0.124259,0.016498
1771002514.566089,14.663598,-3.182055,9.604704,2.679229,-0.219557,-0.124864,0.016455
1771002514.570814,14.668323,-3.151683,9.673787,2.583541,-0.219943,-0.124670,0.016714
1771002514.575686,14.673195,-3.109967,9.729805,2.520864,-0.220079,-0.124337,0.017235
1771002514.580662,14.678170,-3.160290,9.712294,2.541627,-0.219769,-0.125254,0.017089
1771002514.585644,14.683153,-3.143668,9.768648,2.478332,-0.219440,-0.125166,0.017449
1771002514.590705,14.688214,-3.178949,9.863343,2.442479,-0.219498,-0.125856,0.017095
1771002514.595601,14.693109,-3.626269,6.938428,3.748792,-0.199609,-0.132785,0.009117
1771002514.600578,14.698087,-3.643964,7.208253,3.599216,-0.200373,-0.133137,0.009131
1771002514.605574,14.703083,-2.551850,7.656753,3.266153,-0.199477,-0.120345,-0.003840
1771002514.610558,14.708066,-2.577551,7.838885,3.110327,-0.198759,-0.121193,-0.003298
1771002514.615531,14.713040,-2.629183,8.110953,2.948769,-0.199450,-0.122113,-0.001876
1771002514.620528,14.718037,-2.698767,7.925460,3.357538,-0.185031,-0.117640,-0.001823
1771002514.625491,14.723000,-2.795884,8.153425,3.191492,-0.184502,-0.119554,-0.000101
1771002514.630519,14.728028,-2.844326,8.357151,3.031269,-0.185431,-0.120974,0.000611
1771002514.635474,14.732983,-2.098469,8.512502,2.902354,-0.186172,-0.106186,-0.003379
1771002514.640497,14.738006,-2.140538,8.618180,2.751861,-0.186733,-0.106617,-0.002485
1771002514.645468,14.742977,-2.863179,6.852321,3.158649,-0.177525,-0.123570,-0.011582
1771002514.651294,14.748802,-2.870709,5.710985,2.793455,-0.167052,-0.122114,-0.003461
1771002514.655407,14.752916,-2.494070,6.121211,2.214240,-0.178397,-0.113204,-0.001944
1771002514.660371,14.757879,-2.563110,6.343685,2.092812,-0.179254,-0.114536,-0.002482
1771002514.665363,14.762872,-2.586461,6.361658,2.018364,-0.178731,-0.115149,-0.001410
1771002514.670350,14.767858,-2.165086,7.416212,1.073908,-0.181790,-0.103739,0.013180
1771002514.675344,14.772853,-2.189758,7.518449,0.977321,-0.182162,-0.104161,0.013314
1771002514.680326,14.777834,-3.384091,7.643086,0.982207,-0.194467,-0.112955,0.010849
1771002514.685307,14.782815,-3.404907,7.728772,0.966898,-0.194317,-0.113318,0.010464
1771002514.690284,14.787793,-3.318167,7.677497,0.911678,-0.193974,-0.112202,0.010773
1771002514.695275,14.792784,-3.284247,7.591869,1.020861,-0.194414,-0.112016,0.010124
1771002514.700255,14.797764,-3.751297,6.478096,1.889494,-0.190918,-0.125386,-0.004103
1771002514.705256,14.802765,-3.633817,6.436573,1.970925,-0.191724,-0.123571,-0.004375
1771002514.710210,14.807718,-3.581447,6.259943,2.097157,-0.189689,-0.122084,-0.004321
1771002514.715205,14.812713,-3.595282,6.103408,2.106212,-0.187666,-0.122251,-0.006146
1771002514.720207,14.817716,-2.462727,5.784344,2.227289,-0.173333,-0.112569,-0.001971
1771002514.725158,14.822667,-2.778100,5.835687,2.815445,-0.168439,-0.121641,-0.003647
1771002514.730143,14.827652,-2.201606,9.325143,1.120754,-0.197901,-0.115842,-0.000532
1771002514.735156,14.832665,-2.812874,6.891804,3.149706,-0.176160,-0.122899,-0.010447
1771002514.740118,14.837627,-2.750841,5.636795,2.772954,-0.165623,-0.120576,-0.003441
1771002514.745111,14.842620,-2.865515,6.895503,3.139552,-0.176789,-0.123742,-0.011186
1771002514.750081,14.847589,-2.774986,5.555895,2.767475,-0.164370,-0.120950,-0.003358
1771002514.755076,14.852585,-2.831118,6.976153,3.125135,-0.177406,-0.123313,-0.011154
1771002514.760058,14.857567,-2.770125,6.823508,3.127605,-0.176494,-0.122454,-0.010917
1771002514.765047,14.862555,-2.751830,6.920120,3.127541,-0.177519,-0.122336,-0.011034
1771002514.770014,14.867523,-2.573938,6.137908,3.381524,-0.166325,-0.116214,-0.011461
1771002514.775000,14.872508,-2.749926,6.765575,3.167673,-0.177277,-0.122525,-0.011257
1771002514.780004,14.877512,-2.555395,6.055285,3.408335,-0.165855,-0.115994,-0.011475
1771002514.784977,14.882486,-2.047342,8.598969,2.732322,-0.186490,-0.105667,-0.002018
1771002514.789967,14.887475,-2.229752,9.473370,1.989535,-0.196659,-0.113014,-0.000371
1771002514.794969,14.892478,-2.767864,6.753479,3.223002,-0.176993,-0.122055,-0.011863
1771002514.799930,14.897438,-2.761666,6.724347,3.219547,-0.177197,-0.121677,-0.011666
1771002514.804919,14.902427,-2.826797,6.741026,3.140353,-0.176255,-0.122906,-0.011776
1771002514.809884,14.907392,-2.887066,6.908645,3.137409,-0.177353,-0.123368,-0.011398
1771002514.814924,14.912432,-2.932793,7.032281,3.121457,-0.177298,-0.123660,-0.010489
1771002514.819860,14.917368,-2.721196,7.048383,2.604995,-0.183116,-0.117306,-0.010630
1771002514.824859,14.922368,-1.890888,9.426623,-2.102973,-0.190006,-0.119203,0.004891
1771002514.830380,14.927889,-2.506169,7.093874,-0.355904,-0.171647,-0.124553,-0.005766
1771002514.834867,14.932375,-2.593687,8.757225,-0.315191,-0.178861,-0.127107,-0.011197
1771002514.839811,14.937320,-2.539594,7.239280,-0.386286,-0.171636,-0.124847,-0.004814
1771002514.844785,14.942294,-2.562644,7.416764,-0.484997,-0.172734,-0.125157,-0.004611
1771002514.849770,14.947279,-2.573792,7.498894,-0.503141,-0.172758,-0.125225,-0.004069
1771002514.854746,14.952254,-2.626392,7.562050,-0.544271,-0.173029,-0.125888,-0.003957
1771002514.859725,14.957233,-2.660479,7.511199,-0.573679,-0.172073,-0.126032,-0.003980
1771002514.864717,14.962225,-2.897518,9.518379,0.696604,-0.192297,-0.123624,-0.000249
1771002514.869702,14.967210,-2.996011,6.436550,1.948614,-0.178952,-0.118257,-0.002120
1771002514.874909,14.972418,-2.738712,9.104218,0.941684,-0.195971,-0.117732,0.004975
1771002514.879654,14.977162,-2.735522,7.385865,1.385029,-0.176289,-0.108972,0.010956
1771002514.884646,14.982155,-3.129382,7.009199,1.620833,-0.188866,-0.126356,-0.000330
1771002514.889632,14.987140,-2.754924,9.210736,0.937003,-0.196861,-0.117459,0.004984
1771002514.894623,14.992132,-2.095605,7.121915,-0.151880,-0.161393,-0.118853,-0.005555
1771002514.899598,14.997106,-2.892897,7.366645,-0.553065,-0.170746,-0.127558,-0.005559
1771002514.904657,15.002166,-2.842565,7.303208,-0.485002,-0.171289,-0.127050,-0.006814
1771002514.909577,15.007086,-2.908667,8.410995,-0.188010,-0.176549,-0.129466,-0.014016
1771002514.914542,15.012050,-2.858154,8.234066,-0.051234,-0.176226,-0.128296,-0.014441
1771002514.919534,15.017043,-2.800401,8.193651,-0.048002,-0.177024,-0.127885,-0.014929
1771002514.924514,15.022023,-2.254192,10.518756,-1.287284,-0.195717,-0.122904,-0.004781
1771002514.929495,15.027004,-2.203378,10.441723,-1.183841,-0.195592,-0.122225,-0.004829
1771002514.934555,15.032064,-2.331656,9.486095,-0.586534,-0.190205,-0.122582,0.006950
1771002514.939478,15.036987,-3.140913,6.868127,3.147583,-0.175593,-0.123974,-0.013813
1771002514.944454,15.041963,-3.121047,6.661141,3.192128,-0.174989,-0.123350,-0.014386
1771002514.949430,15.046939,-3.045550,6.469842,3.186330,-0.174041,-0.121882,-0.014350
1771002514.954422,15.051930,-2.568338,9.141458,2.393728,-0.191973,-0.114485,-0.004859
1771002514.959404,15.056912,-3.274086,9.208392,2.157575,-0.193024,-0.128298,0.000240
1771002514.964386,15.061895,-3.242544,9.275609,2.158051,-0.193869,-0.128224,0.000049
1771002514.969372,15.066880,-3.243643,9.209817,2.157281,-0.193514,-0.128365,0.000248
1771002514.974398,15.071907,-3.233735,9.140028,2.207897,-0.193107,-0.127980,-0.000344
1771002514.979374,15.076883,-3.192302,9.129340,2.220334,-0.193467,-0.127472,-0.000104
1771002514.984312,15.081820,-3.203336,9.084932,2.255888,-0.192612,-0.127596,-0.000585
1771002514.989306,15.086815,-3.188924,9.209728,2.194108,-0.193566,-0.127897,-0.000443
1771002514.994301,15.091809,-3.158460,9.153790,2.148280,-0.192812,-0.127589,0.000507
1771002514.999268,15.096776,-3.174374,9.241646,2.136598,-0.193600,-0.127731,0.000643
1771002515.004240,15.101748,-3.200060,9.239825,2.127905,-0.192836,-0.127907,-0.000078
1771002515.009231,15.106740,-3.360770,9.648110,1.744016,-0.200406,-0.136684,-0.001717
1771002515.014217,15.111726,-4.001589,6.598396,2.948759,-0.176363,-0.143108,-0.015675
1771002515.019195,15.116703,-3.094544,6.501007,2.845894,-0.169019,-0.132956,-0.006867
1771002515.024186,15.121695,-2.535919,6.994944,2.369930,-0.161553,-0.131787,-0.009414
1771002515.029166,15.126674,-2.900324,7.562810,2.068048,-0.168890,-0.141263,-0.012592
1771002515.034166,15.131674,-3.353323,8.281822,1.134960,-0.175757,-0.150889,-0.015110
1771002515.039123,15.136632,-3.564268,8.302318,0.528326,-0.165566,-0.155137,-0.021942
1771002515.044114,15.141623,-3.002400,8.174548,1.382234,-0.150534,-0.154467,-0.018394
1771002515.049101,15.146610,-2.489144,7.764932,1.680542,-0.148023,-0.141476,-0.024443
1771002515.054083,15.151592,-2.516816,7.789539,1.658080,-0.146476,-0.140677,-0.024723
1771002515.059071,15.156579,-2.655017,7.370769,2.318746,-0.130039,-0.133764,-0.025746
1771002515.064036,15.161545,-2.133564,4.989247,2.314077,-0.115391,-0.136923,-0.023816
1771002515.069036,15.166545,-2.438153,5.812545,2.131872,-0.125464,-0.142647,-0.024862
1771002515.074583,15.172091,-2.679399,6.042942,2.017303,-0.123153,-0.143233,-0.026066
1771002515.079088,15.176597,-2.442796,7.206481,1.295868,-0.123513,-0.136356,-0.016388
1771002515.084494,15.182003,-1.950037,7.922521,-0.144919,-0.121279,-0.142994,-0.015607
1771002515.089421,15.186929,-2.132088,8.160556,-0.448344,-0.121061,-0.144820,-0.015647
1771002515.093956,15.191465,-2.778398,5.291430,1.072270,-0.098303,-0.145610,-0.027106
1771002515.098967,15.196475,-2.939772,5.511312,0.993445,-0.098618,-0.147171,-0.026416
1771002515.103937,15.201446,-3.174651,6.452816,0.349045,-0.109194,-0.160915,-0.024944
1771002515.108919,15.206427,-3.240152,6.217848,0.790047,-0.095105,-0.151442,-0.024956
1771002515.114357,15.211866,-1.072825,4.344078,-1.091095,-0.080794,-0.133629,-0.023845
1771002515.119225,15.216734,-2.188245,5.903418,-2.336477,-0.087699,-0.146511,-0.027644
1771002515.124399,15.221907,-2.194072,5.932487,-2.408785,-0.087381,-0.146747,-0.028564
1771002515.128970,15.226479,-2.202173,5.584961,-2.245330,-0.085258,-0.145885,-0.030887
1771002515.133970,15.231478,-3.133048,8.530416,-3.373502,-0.113422,-0.168932,-0.011505
1771002515.139133,15.236642,-2.141043,5.667081,0.667830,-0.095718,-0.144192,-0.021131
1771002515.144169,15.241678,-2.508492,5.473886,1.119007,-0.087663,-0.151349,-0.024689
1771002515.149105,15.246614,-2.420154,5.332701,1.191142,-0.087327,-0.149947,-0.025266
1771002515.154091,15.251600,-3.129605,8.249107,-0.313704,-0.112402,-0.158629,-0.004017
1771002515.159078,15.256587,-3.031656,8.048609,-0.140997,-0.111253,-0.157709,-0.004013
1771002515.164155,15.261663,-2.906300,8.128882,-0.279638,-0.112653,-0.156175,-0.003307
1771002515.169650,15.267159,-3.933328,8.200448,0.151337,-0.112549,-0.173753,-0.015211
1771002515.173772,15.271281,-2.779477,8.114528,-0.227718,-0.114924,-0.156698,-0.001231
1771002515.178701,15.276210,-3.443336,8.170533,-0.061803,-0.122678,-0.165261,-0.010839
1771002515.183672,15.281180,-3.409411,8.103881,-0.044482,-0.122661,-0.165411,-0.011588
1771002515.188645,15.286154,-3.258809,7.935259,0.037452,-0.122608,-0.163609,-0.010823
1771002515.193620,15.291129,-3.261199,7.727936,0.201921,-0.120504,-0.163365,-0.011992
1771002515.198601,15.296110,-3.192770,7.547669,0.365458,-0.120480,-0.162550,-0.012604
1771002515.203729,15.301238,-3.101820,7.557077,0.378814,-0.121812,-0.161948,-0.011851
1771002515.208578,15.306086,-3.331992,5.845081,1.823883,-0.110535,-0.155347,-0.024676
1771002515.213558,15.311067,-3.648664,7.022974,0.738199,-0.113571,-0.163690,-0.007807
1771002515.218539,15.316047,-3.723217,4.810268,2.075098,-0.102023,-0.161361,-0.021232
1771002515.223519,15.321028,-3.649106,4.733970,2.161974,-0.102739,-0.160359,-0.020889
1771002515.228515,15.326023,-4.752756,4.902371,2.311464,-0.114329,-0.169026,-0.023422
1771002515.233505,15.331014,-4.703447,5.235369,2.337795,-0.119256,-0.170214,-0.020015
1771002515.238516,15.336025,-4.694170,5.364964,2.370743,-0.120868,-0.170596,-0.018691
1771002515.243477,15.340985,-4.571054,5.605611,2.354720,-0.123136,-0.169376,-0.016924
1771002515.248449,15.345958,-4.601389,5.595086,2.359618,-0.123930,-0.169668,-0.016788
1771002515.253429,15.350938,-4.531118,5.689503,2.429938,-0.126289,-0.169177,-0.015740
1771002515.258418,15.355926,-4.466604,5.577497,2.502790,-0.126538,-0.168604,-0.016533
1771002515.263402,15.360911,-4.455427,5.682560,2.537010,-0.127780,-0.168083,-0.016210
1771002515.268394,15.365903,-4.352057,5.944001,2.544503,-0.130556,-0.167720,-0.015094
1771002515.273427,15.370936,-4.935302,8.839477,1.530255,-0.155831,-0.176157,-0.016850
1771002515.278358,15.375866,-4.546502,7.740960,2.610293,-0.137218,-0.155199,-0.018121
1771002515.283329,15.380837,-4.328074,7.997662,2.271639,-0.153206,-0.160559,-0.016124
1771002515.288311,15.385819,-4.271925,7.981772,2.343119,-0.155011,-0.160155,-0.016457
1771002515.293294,15.390803,-4.063834,7.933902,2.377163,-0.158577,-0.159848,-0.014321
1771002515.298274,15.395783,-3.896824,8.001821,2.438923,-0.160222,-0.159140,-0.012608
1771002515.303266,15.400775,-3.727731,7.906003,2.417212,-0.162508,-0.158430,-0.009728
1771002515.308250,15.405759,-3.322401,7.001134,3.193853,-0.153620,-0.149967,-0.007599
1771002515.313231,15.410739,-3.129944,6.147791,3.404396,-0.143929,-0.142610,-0.007402
1771002515.318211,15.415720,-4.147681,6.355557,3.541745,-0.157047,-0.151165,-0.009233
1771002515.323205,15.420714,-3.364145,9.210768,2.268587,-0.180829,-0.140983,0.005704
1771002515.328179,15.425688,-3.294269,9.300731,2.238762,-0.183442,-0.141067,0.008261
1771002515.333150,15.430659,-3.007475,8.363583,3.067403,-0.173752,-0.132127,0.006413
1771002515.338140,15.435649,-2.934942,8.216596,3.153385,-0.172900,-0.132644,0.007881
1771002515.343145,15.440654,-2.290317,8.606914,1.742743,-0.177013,-0.134554,-0.001623
1771002515.348111,15.445620,-3.279420,10.084964,-0.632896,-0.192572,-0.153188,-0.005214
1771002515.353091,15.450600,-3.179853,9.529101,-0.179187,-0.182137,-0.143312,-0.004506
1771002515.358079,15.455587,-3.255847,9.877983,-0.553282,-0.192936,-0.151730,-0.003157
1771002515.363105,15.460613,-3.285010,9.816867,-0.468240,-0.192388,-0.151324,-0.004299
1771002515.368052,15.465561,-3.207686,9.374704,-0.050333,-0.182756,-0.141839,-0.004999
1771002515.373184,15.470693,-3.437454,9.687202,-0.367428,-0.192169,-0.151778,-0.005131
1771002515.378018,15.475527,-3.389900,9.758802,-0.436197,-0.191955,-0.151458,-0.005832
1771002515.382993,15.480501,-3.512530,9.715919,-0.375133,-0.191039,-0.151838,-0.006930
1771002515.387973,15.485481,-2.969640,8.744357,0.945380,-0.183124,-0.146015,-0.004110
1771002515.393000,15.490509,-3.399120,8.642731,2.779260,-0.177997,-0.140730,0.004827
1771002515.397945,15.495454,-3.409328,8.600115,2.735946,-0.177279,-0.140758,0.005217
1771002515.402922,15.500431,-3.445238,8.606338,2.754675,-0.175945,-0.140649,0.004469
1771002515.407912,15.505421,-3.549878,8.728902,2.665251,-0.175612,-0.141644,0.003094
1771002515.412909,15.510418,-3.544271,8.598213,2.718491,-0.173339,-0.140895,0.002185
1771002515.417881,15.515390,-3.629151,8.597157,2.737906,-0.172103,-0.141246,0.000275
1771002515.423343,15.520852,-3.694418,8.924415,2.457420,-0.180446,-0.149183,0.000204
1771002515.427868,15.525377,-3.750020,8.884080,2.466240,-0.179933,-0.149195,-0.001309
1771002515.433155,15.530664,-2.608994,8.501757,2.341520,-0.166085,-0.140871,-0.000646
1771002515.438380,15.535889,-2.661716,8.239030,2.614653,-0.162106,-0.141072,-0.002615
1771002515.443164,15.540673,-2.882904,8.893316,1.690128,-0.170807,-0.149979,-0.004842
1771002515.448250,15.545759,-2.919494,8.737638,1.832016,-0.168953,-0.149391,-0.006147
1771002515.452761,15.550270,-2.935419,8.459296,2.085352,-0.166200,-0.149002,-0.009877
1771002515.457991,15.555500,-2.936809,8.273643,2.206920,-0.164191,-0.148534,-0.010987
1771002515.462736,15.560245,-2.863875,8.549848,1.520643,-0.179771,-0.154514,-0.010476
1771002515.467715,15.565224,-3.744329,8.666756,1.261919,-0.179780,-0.168985,-0.005813
1771002515.472693,15.570202,-3.698264,8.534354,1.405471,-0.179294,-0.168072,-0.005846
1771002515.477683,15.575192,-3.712630,8.585508,1.429215,-0.179977,-0.168137,-0.006669
1771002515.482751,15.580259,-3.612608,8.426635,1.373859,-0.179622,-0.167405,-0.005657
1771002515.488010,15.585519,-3.629806,8.415215,1.525578,-0.179702,-0.167090,-0.005132
1771002515.492646,15.590154,-3.587711,8.424291,1.401853,-0.180315,-0.167823,-0.005042
1771002515.497627,15.595136,-3.513271,8.492696,1.433412,-0.181256,-0.166496,-0.004181
1771002515.502652,15.600161,-3.375498,7.596313,2.504249,-0.172189,-0.158675,-0.004669
1771002515.507571,15.605080,-3.338094,7.647150,2.516425,-0.172638,-0.158012,-0.004912
1771002515.512566,15.610075,-3.262181,7.812124,2.467560,-0.173985,-0.157414,-0.003260
1771002515.517542,15.615051,-3.172070,7.822072,2.487491,-0.175970,-0.156700,-0.001841
1771002515.522566,15.620075,-3.177941,8.013584,2.300524,-0.177657,-0.157442,0.000082
1771002515.527519,15.625028,-3.077351,8.050626,2.345231,-0.179236,-0.156814,0.001768
1771002515.532497,15.630006,-2.968737,7.811943,2.641315,-0.172339,-0.149090,0.003191
1771002515.537510,15.635019,-2.907443,7.947721,2.560904,-0.175467,-0.149333,0.005321
1771002515.542484,15.639993,-3.223814,8.133633,2.906388,-0.188938,-0.142253,-0.000407
1771002515.547445,15.644953,-4.320871,8.251175,2.657425,-0.195808,-0.156376,-0.012231
1771002515.552436,15.649945,-4.006072,7.480480,3.538903,-0.187486,-0.148233,-0.010908
1771002515.557430,15.654938,-3.900294,7.628559,3.510061,-0.189588,-0.147861,-0.008111
1771002515.562393,15.659902,-3.658640,7.849174,3.387855,-0.193057,-0.146560,-0.003563
1771002515.567382,15.664891,-3.534595,7.916997,3.454314,-0.194690,-0.146360,-0.002441
1771002515.572407,15.669915,-2.974704,7.486723,3.140208,-0.193360,-0.128759,-0.000717
1771002515.577360,15.674869,-4.023149,7.478507,3.168251,-0.205320,-0.137634,-0.001380
1771002515.582347,15.679855,-4.038520,7.498952,3.261130,-0.205193,-0.137668,-0.001323
1771002515.587332,15.684840,-3.666295,6.627703,3.916391,-0.193882,-0.129821,-0.000268
1771002515.592305,15.689813,-3.575319,6.698956,3.990459,-0.195317,-0.129195,0.001699
1771002515.597278,15.694787,-3.570802,6.667215,3.986252,-0.195079,-0.129043,0.001821
1771002515.602272,15.699781,-3.028944,9.463668,2.834559,-0.216143,-0.120673,0.012108
1771002515.607292,15.704801,-3.137006,9.392637,2.931571,-0.216137,-0.121313,0.010928
1771002515.612236,15.709744,-3.120690,9.202917,3.085525,-0.217319,-0.120651,0.010700
1771002515.617222,15.714731,-3.159400,9.044826,3.240721,-0.216775,-0.120466,0.010725
1771002515.622192,15.719701,-3.140504,9.018571,3.245471,-0.218671,-0.120492,0.011194
1771002515.628077,15.725585,-4.176086,9.163248,3.123627,-0.225209,-0.130331,-0.000558
1771002515.632163,15.729672,-3.021065,9.138352,3.163891,-0.215492,-0.123929,0.001853
1771002515.637199,15.734708,-4.094791,8.790089,3.431852,-0.220201,-0.130335,-0.003434
1771002515.642146,15.739654,-2.554979,9.811157,1.581617,-0.223324,-0.124736,-0.011306
1771002515.647570,15.745078,-2.418127,9.940772,1.401518,-0.219930,-0.124373,-0.010663
1771002515.652104,15.749613,-3.082383,7.006914,2.586648,-0.198472,-0.126395,-0.006553
1771002515.657081,15.754590,-3.417804,7.142714,3.083176,-0.196551,-0.129459,-0.024518
1771002515.662078,15.759587,-3.398784,7.315894,3.055863,-0.196980,-0.128546,-0.023726
1771002515.667066,15.764574,-3.435482,7.256787,3.016281,-0.198039,-0.129153,-0.024117
1771002515.672054,15.769563,-3.404335,7.494577,3.057503,-0.202348,-0.128535,-0.023473
1771002515.677014,15.774523,-3.427248,7.298839,3.116910,-0.202931,-0.130116,-0.023818
1771002515.682005,15.779513,-2.302420,9.022578,2.830198,-0.214671,-0.114728,-0.013574
1771002515.687611,15.785120,-2.778902,8.030636,3.983025,-0.210873,-0.123198,-0.024116
1771002515.691973,15.789482,-4.231169,7.532763,4.228920,-0.209338,-0.149313,-0.009876
1771002515.696955,15.794464,-4.113229,7.598084,4.369724,-0.210453,-0.147211,-0.009354
1771002515.702598,15.800107,-4.932598,7.573545,4.435120,-0.207889,-0.165542,-0.014317
1771002515.706922,15.804430,-3.779073,7.983083,3.519002,-0.217919,-0.143257,-0.024335
1771002515.711897,15.809406,-3.700674,8.719743,3.889194,-0.215112,-0.134689,-0.036175
1771002515.717649,15.815158,-3.894173,7.872050,3.495721,-0.203389,-0.133271,-0.032916
1771002515.721864,15.819372,-2.834321,9.804815,1.551392,-0.221299,-0.126910,-0.012476
1771002515.726845,15.824353,-2.738864,9.898223,1.475301,-0.223120,-0.125654,-0.011905
1771002515.731909,15.829418,-3.330826,7.396290,3.051083,-0.203333,-0.129931,-0.023472
1771002515.737597,15.835105,-1.528907,9.953283,1.588839,-0.217056,-0.112727,0.000550
1771002515.741811,15.839320,-2.765382,9.660267,1.682843,-0.223026,-0.125568,-0.013018
1771002515.747607,15.845116,-3.068000,10.376396,2.316020,-0.225223,-0.129590,-0.023327
1771002515.751760,15.849269,-2.979697,9.812143,3.956699,-0.206311,-0.138065,-0.032924
1771002515.756752,15.854261,-3.362846,9.176844,4.355637,-0.202759,-0.137551,-0.035177
1771002515.761817,15.859326,-3.178991,10.850083,2.097420,-0.215894,-0.141696,-0.023498
1771002515.766708,15.864217,-3.919579,8.368640,3.529456,-0.196833,-0.144106,-0.034226
1771002515.771730,15.869239,-3.867106,8.579679,3.420427,-0.196947,-0.143820,-0.033494
1771002515.776850,15.874359,-3.662858,8.782705,3.234351,-0.196642,-0.144079,-0.031870
1771002515.781662,15.879171,-3.644695,9.202641,3.108820,-0.201905,-0.145472,-0.031703
1771002515.786647,15.884156,-3.141558,8.642490,3.328082,-0.201901,-0.129452,-0.029068
1771002515.791710,15.889219,-2.414148,9.194013,2.365733,-0.193343,-0.123083,-0.037130
1771002515.796618,15.894126,-2.581023,9.292275,2.225168,-0.192669,-0.126595,-0.038014
1771002515.801586,15.899095,-2.612201,9.940895,1.678199,-0.203223,-0.136304,-0.037050
1771002515.806571,15.904079,-3.339584,7.326791,2.722274,-0.181546,-0.137970,-0.048467
1771002515.811565,15.909073,-3.721944,7.192535,2.758249,-0.182899,-0.140864,-0.050130
1771002515.816546,15.914055,-3.943887,7.198687,2.834549,-0.183879,-0.141274,-0.050885
1771002515.821539,15.919048,-3.887436,7.238505,2.717765,-0.183915,-0.140781,-0.051566
1771002515.826535,15.924043,-1.406294,10.229015,-0.667458,-0.180414,-0.125324,-0.043149
1771002515.831511,15.929020,-2.948732,10.953108,-0.746053,-0.187188,-0.141177,-0.067297
1771002515.836493,15.934001,-1.866214,11.213893,-0.482290,-0.184060,-0.129847,-0.052407
1771002515.841470,15.938979,-4.197027,8.935671,-0.383166,-0.176381,-0.154055,-0.078512
1771002515.846446,15.943955,-4.824539,8.583903,1.854642,-0.177187,-0.167817,-0.080878
1771002515.851415,15.948924,-3.267490,8.955629,1.978218,-0.177910,-0.151579,-0.069218
1771002515.856423,15.953932,-3.386789,8.931479,2.049561,-0.178332,-0.151859,-0.069356
1771002515.861388,15.958896,-2.487230,8.730545,2.040731,-0.167612,-0.147201,-0.069400
1771002515.866390,15.963898,-2.929097,10.137539,2.185042,-0.174820,-0.152495,-0.077361
1771002515.871423,15.968931,-3.670908,9.628597,2.056179,-0.178407,-0.152983,-0.096545
1771002515.876350,15.973858,-3.895225,10.258896,1.269558,-0.188813,-0.162176,-0.095819
1771002515.881322,15.978831,-4.170043,10.274365,1.217209,-0.188750,-0.164903,-0.097388
1771002515.886310,15.983819,-4.190232,10.283765,1.141875,-0.189246,-0.164674,-0.098224
1771002515.891329,15.988838,-3.075810,10.142728,1.267615,-0.178741,-0.158561,-0.095325
1771002515.896288,15.993796,-3.071009,10.017572,1.367816,-0.179376,-0.158040,-0.095728
1771002515.901317,15.998825,-3.043896,10.003563,1.396242,-0.179787,-0.157260,-0.095966
1771002515.906247,16.003756,-3.070598,9.909351,1.526546,-0.180900,-0.156712,-0.095976
1771002515.911298,16.008806,-3.610903,9.195157,2.423963,-0.171787,-0.159356,-0.093296
1771002515.916217,16.013726,-3.635536,9.112543,2.588707,-0.172463,-0.158929,-0.093886
1771002515.921200,16.018709,-3.503954,9.134463,2.684772,-0.174885,-0.157663,-0.093472
1771002515.926188,16.023696,-3.390733,8.946613,2.845459,-0.175729,-0.156341,-0.092679
1771002515.931170,16.028678,-3.299582,8.319669,3.499465,-0.165232,-0.146314,-0.095547
1771002515.936143,16.033652,-3.248129,8.300816,3.557831,-0.166156,-0.145704,-0.095492
1771002515.941137,16.038646,-2.550412,11.007380,2.481780,-0.188298,-0.144446,-0.086070
1771002515.946116,16.043625,-2.547443,10.831324,2.598470,-0.187909,-0.143965,-0.085671
1771002515.951099,16.048608,-2.238850,10.025249,3.531536,-0.176926,-0.132715,-0.085721
1771002515.956070,16.053578,-2.244503,9.821082,3.677625,-0.175474,-0.132563,-0.085174
1771002515.961087,16.058595,-3.413995,9.177652,1.302181,-0.183077,-0.163758,-0.080548
1771002515.966046,16.063555,-3.501073,10.429852,1.775955,-0.189313,-0.166139,-0.085906
1771002515.971050,16.068559,-2.981184,12.672526,0.765712,-0.210640,-0.167145,-0.076786
1771002515.976027,16.073535,-2.933705,11.484424,0.478895,-0.205756,-0.165148,-0.068704
1771002515.981093,16.078601,-2.060689,9.875317,2.247069,-0.184702,-0.148231,-0.073896
1771002515.985981,16.083490,-1.518867,12.006142,2.393266,-0.212757,-0.137491,-0.074264
1771002515.990948,16.088457,-1.847058,9.643375,2.975253,-0.201176,-0.141309,-0.079110
1771002515.995953,16.093462,-1.837862,9.583436,3.010605,-0.200732,-0.141543,-0.079000
1771002516.001034,16.098543,-1.779740,9.720403,3.503511,-0.208802,-0.133160,-0.068344
1771002516.005977,16.103485,-2.750307,9.968252,4.039571,-0.210808,-0.140443,-0.057261
1771002516.010920,16.108429,-2.448343,9.205287,4.852629,-0.198515,-0.131055,-0.056651
1771002516.015885,16.113394,-2.390596,9.178619,4.870830,-0.199446,-0.131274,-0.055175
1771002516.020863,16.118371,-2.315759,9.396855,4.802918,-0.202247,-0.131671,-0.055114
1771002516.025841,16.123350,-2.302543,9.439361,4.778440,-0.203066,-0.131548,-0.054344
1771002516.030827,16.128336,-2.033408,8.367970,4.399323,-0.196183,-0.128816,-0.046988
1771002516.035851,16.133359,-1.995513,8.377152,4.334352,-0.196715,-0.129137,-0.046395
1771002516.040893,16.138402,-2.009243,8.365443,4.271583,-0.195937,-0.129916,-0.046710
1771002516.045780,16.143289,-2.013150,8.333302,4.281555,-0.194741,-0.129708,-0.046639
1771002516.050763,16.148271,-1.051603,8.072789,3.596134,-0.189772,-0.122703,-0.057660
1771002516.055745,16.153254,-1.040574,8.266871,3.538067,-0.191710,-0.122772,-0.056695
1771002516.060727,16.158236,-1.106513,8.302392,3.390676,-0.192077,-0.124277,-0.055872
1771002516.065715,16.163223,-1.072202,8.468252,3.318366,-0.193240,-0.124644,-0.055175
1771002516.070702,16.168211,0.101616,8.757380,3.452691,-0.190590,-0.110688,-0.041328
1771002516.075683,16.173191,0.067250,8.912790,3.389003,-0.191340,-0.111149,-0.040159
1771002516.080671,16.178180,-0.143898,8.953548,3.264833,-0.190109,-0.113202,-0.040704
1771002516.085644,16.183152,-0.193525,9.266591,2.996709,-0.190683,-0.114535,-0.039801
1771002516.090678,16.188187,-0.780881,6.725098,3.599231,-0.164481,-0.120202,-0.049636
1771002516.095623,16.193132,-1.010068,7.765349,2.720740,-0.192258,-0.108701,-0.038737
1771002516.100601,16.198110,-0.927584,7.864908,2.661295,-0.193101,-0.108633,-0.037218
1771002516.105612,16.203120,-1.455171,7.033434,3.227411,-0.186761,-0.119033,-0.048145
1771002516.110570,16.208079,-0.813974,9.730333,2.376872,-0.214526,-0.114852,-0.037458
1771002516.115641,16.213149,-0.767480,9.632160,2.417082,-0.214740,-0.114484,-0.037591
1771002516.120524,16.218033,-0.649491,9.320077,2.618785,-0.212380,-0.112307,-0.038221
1771002516.125516,16.223024,-0.428796,8.502709,3.484738,-0.199680,-0.103079,-0.038645
1771002516.130524,16.228032,-0.409035,8.365580,3.575294,-0.198226,-0.102981,-0.038985
1771002516.135631,16.233140,-0.356318,8.318411,3.597149,-0.197720,-0.102637,-0.039151
1771002516.140448,16.237957,-0.322002,8.124021,3.621392,-0.196044,-0.102770,-0.039567
1771002516.145434,16.242943,-0.196267,8.098384,3.655813,-0.196080,-0.101513,-0.038931
1771002516.150426,16.247935,-0.181480,8.332546,3.034036,-0.209901,-0.110000,-0.039689
1771002516.155468,16.252976,-0.141450,8.185309,3.051352,-0.209078,-0.110270,-0.039681
1771002516.160395,16.257904,-0.221286,9.743254,1.905084,-0.232585,-0.108155,-0.011418
1771002516.165368,16.262877,-0.128489,9.675034,1.916484,-0.232887,-0.108106,-0.011280
1771002516.170385,16.267894,-0.067762,9.629313,1.885443,-0.233595,-0.108298,-0.010913
1771002516.175433,16.272941,0.007437,8.963811,2.841838,-0.221221,-0.101724,-0.012203
1771002516.180314,16.277823,0.059090,8.762119,2.889326,-0.219560,-0.101883,-0.011911
1771002516.185313,16.282822,0.161380,8.861173,2.910324,-0.220774,-0.101097,-0.011777
1771002516.190294,16.287803,-0.818986,8.812501,3.206374,-0.231656,-0.105561,-0.014278
1771002516.195282,16.292791,-0.784387,8.770888,3.284881,-0.231776,-0.105163,-0.014452
1771002516.200254,16.297762,-0.743949,8.685334,3.257831,-0.231545,-0.105424,-0.013981
1771002516.205354,16.302862,-0.660941,8.689950,3.261826,-0.231354,-0.105129,-0.013732
1771002516.210333,16.307842,-0.648783,8.654409,3.324764,-0.231109,-0.105509,-0.013785
1771002516.215203,16.312712,-0.594386,8.666928,3.260655,-0.232039,-0.105372,-0.012755
1771002516.220188,16.317696,-0.537057,8.639627,3.233378,-0.231916,-0.105504,-0.012475
1771002516.225172,16.322681,-0.494753,8.716955,3.198243,-0.232528,-0.105230,-0.012033
1771002516.230159,16.327668,-0.460262,8.747317,3.146022,-0.232564,-0.105515,-0.012540
1771002516.235172,16.332680,-0.450448,8.752834,3.092777,-0.232834,-0.105690,-0.011700
1771002516.240124,16.337632,-0.363869,8.085304,3.978332,-0.219650,-0.098767,-0.010599
1771002516.245106,16.342615,0.528840,8.604630,3.021387,-0.225380,-0.095733,0.001914
1771002516.250091,16.347600,0.576565,8.754141,3.002321,-0.226806,-0.095785,0.001398
1771002516.255087,16.352595,0.565052,8.672632,3.014632,-0.225581,-0.095804,0.001901
1771002516.260065,16.357574,0.604922,7.871081,3.854753,-0.211090,-0.089369,0.002378
1771002516.265048,16.362557,0.590407,8.539835,4.051626,-0.215792,-0.091565,-0.001836
1771002516.270034,16.367543,0.587035,8.507127,3.118733,-0.224072,-0.095674,0.001491
1771002516.275123,16.372632,0.594586,7.184052,4.143284,-0.198203,-0.082241,0.001745
1771002516.279978,16.377487,-0.313360,8.334325,3.250313,-0.226388,-0.104496,-0.010901
1771002516.284972,16.382481,-0.007875,10.533608,1.136223,-0.238760,-0.109079,-0.014755
1771002516.290345,16.387854,-0.947013,10.641996,1.459281,-0.239069,-0.118182,-0.004724
1771002516.294940,16.392449,0.032420,10.579538,1.058939,-0.238721,-0.108686,-0.014609
1771002516.299927,16.397436,-0.984867,10.730270,1.379816,-0.239042,-0.118458,-0.004334
1771002516.305023,16.402532,-0.536427,9.273082,3.129381,-0.230172,-0.108354,-0.017345
1771002516.309981,16.407490,0.504069,8.376105,3.154335,-0.222084,-0.095678,0.000764
1771002516.314870,16.412378,-0.421381,8.613051,3.103975,-0.229896,-0.105266,-0.011710
1771002516.319854,16.417363,0.489185,8.535781,3.085917,-0.223197,-0.095851,0.000746
1771002516.324855,16.422363,0.473872,8.550367,3.012326,-0.223406,-0.096505,0.000807
1771002516.329845,16.427353,0.528581,8.822626,2.910133,-0.224988,-0.095768,0.001342
1771002516.334881,16.432390,0.524157,9.031302,2.682280,-0.227209,-0.096688,0.002188
1771002516.339778,16.437287,0.548922,9.092041,2.627741,-0.226950,-0.096944,0.003133
1771002516.344772,16.442281,0.537331,9.289840,2.489447,-0.228555,-0.097270,0.003843
1771002516.349752,16.447260,0.460731,9.316653,2.426108,-0.229349,-0.098457,0.003791
1771002516.354759,16.452268,0.404535,9.536686,2.378476,-0.229708,-0.099430,0.004262
1771002516.359724,16.457232,0.397140,9.677257,2.228033,-0.230824,-0.100197,0.005124
1771002516.364716,16.462225,0.389512,9.767164,2.109193,-0.230850,-0.100595,0.006351
1771002516.369886,16.467395,0.295363,9.933861,2.021743,-0.230931,-0.102008,0.006311
1771002516.374687,16.472196,-0.318432,7.420062,3.478268,-0.207280,-0.106146,0.000043
1771002516.379679,16.477188,-0.322080,7.634827,3.381386,-0.209694,-0.106541,0.000735
1771002516.384647,16.482156,-0.323427,7.744877,3.320885,-0.210471,-0.106570,0.001330
1771002516.389620,16.487129,-0.398615,6.197988,3.163531,-0.181687,-0.101391,0.007526
1771002516.394606,16.492115,-0.373401,6.374855,3.137029,-0.184707,-0.101616,0.007792
1771002516.399630,16.497139,-0.379295,6.378872,3.135782,-0.184454,-0.101480,0.008262
1771002516.404644,16.502153,-0.355835,6.389132,3.084925,-0.184884,-0.101211,0.008313
1771002516.409562,16.507071,-0.334384,6.427240,3.081030,-0.185503,-0.101127,0.008547
1771002516.414562,16.512070,-0.337104,6.472802,3.087533,-0.185984,-0.101084,0.007885
1771002516.419595,16.517104,-0.348130,6.418244,3.119447,-0.185089,-0.101168,0.007989
1771002516.424516,16.522024,-0.369470,6.403111,3.085387,-0.185071,-0.101354,0.008658
1771002516.429497,16.527006,-0.342164,6.429531,3.148381,-0.185150,-0.100770,0.007536
1771002516.434541,16.532050,-0.337962,6.347234,3.084863,-0.184491,-0.101274,0.007666
1771002516.439523,16.537032,-0.320180,6.350489,3.143173,-0.184455,-0.100416,0.007914
1771002516.444445,16.541954,-0.301920,6.568982,3.210539,-0.187640,-0.101050,0.007468
1771002516.449423,16.546932,1.504233,9.212105,-0.662804,-0.206259,-0.079195,0.007916
1771002516.454425,16.551934,1.524764,9.243967,-0.682966,-0.206878,-0.079061,0.007874
1771002516.459549,16.557058,1.531166,9.298362,-0.737768,-0.207673,-0.079195,0.007906
1771002516.464371,16.561879,1.532644,9.273743,-0.722286,-0.207546,-0.078953,0.008089
1771002516.469419,16.566927,1.499588,9.153909,-0.638071,-0.206082,-0.079564,0.007942
1771002516.474347,16.571855,1.550640,9.171234,-0.712039,-0.206834,-0.079032,0.008440
1771002516.479333,16.576841,1.549985,9.271669,-0.768588,-0.207375,-0.079302,0.008466
1771002516.484306,16.581815,1.566566,9.387730,-0.862036,-0.208377,-0.079821,0.009247
1771002516.489287,16.586796,1.577411,9.401033,-0.924241,-0.208296,-0.080495,0.009165
1771002516.494288,16.591796,0.993771,6.851876,0.534430,-0.187060,-0.083727,0.000494
1771002516.499263,16.596771,0.983983,6.857863,0.483553,-0.187547,-0.084235,0.001158
1771002516.504266,16.601775,1.606683,9.596705,-0.996055,-0.210251,-0.081155,0.010101
1771002516.509218,16.606726,1.619411,9.525190,-1.081053,-0.209135,-0.081535,0.011479
1771002516.514198,16.611707,1.006142,7.021481,0.484977,-0.188636,-0.084783,0.002724
1771002516.519202,16.616711,1.019889,7.084992,0.416662,-0.188438,-0.085048,0.003722
1771002516.524177,16.621686,0.974046,7.033793,0.423197,-0.188160,-0.085779,0.003402
1771002516.529183,16.626692,0.966308,7.159949,0.387643,-0.187612,-0.085929,0.003666
1771002516.534141,16.631649,0.954505,7.285682,0.318858,-0.188643,-0.086499,0.003992
1771002516.539143,16.636652,0.914256,7.499889,0.284415,-0.189491,-0.087532,0.005138
1771002516.544100,16.641609,0.869901,7.549041,0.286360,-0.189244,-0.087922,0.005492
1771002516.549080,16.646588,-0.082901,7.915350,0.536648,-0.196844,-0.094534,0.002619
1771002516.554076,16.651585,0.733056,8.017320,0.296917,-0.185549,-0.090548,0.006309
1771002516.559073,16.656582,0.701324,8.231315,0.200141,-0.185907,-0.091356,0.006935
1771002516.564042,16.661550,0.649189,8.366699,0.102125,-0.187154,-0.091784,0.006856
1771002516.569038,16.666547,-0.322797,8.759553,0.170027,-0.198748,-0.097727,0.005523
1771002516.573998,16.671506,0.559197,8.811715,-0.423070,-0.189819,-0.092075,0.008650
1771002516.578991,16.676500,0.639264,6.468471,0.497658,-0.179379,-0.085191,-0.017938
1771002516.583999,16.681508,0.651249,6.674052,0.466434,-0.180791,-0.084856,-0.016707
1771002516.588944,16.686453,0.588880,6.949443,0.439890,-0.182704,-0.085780,-0.016107
1771002516.593945,16.691453,0.550937,7.180763,0.399351,-0.184352,-0.085905,-0.014354
1771002516.598926,16.696434,1.525375,8.060123,-0.649122,-0.178084,-0.072800,0.007104
1771002516.603916,16.701424,1.483451,8.213113,-0.821092,-0.179017,-0.072672,0.007612
1771002516.608938,16.706447,1.436067,8.342154,-0.961934,-0.179767,-0.072878,0.008236
1771002516.614289,16.711797,1.436979,8.481267,-1.072640,-0.181081,-0.072640,0.009000
1771002516.619089,16.716598,1.230387,8.018481,-0.812659,-0.169928,-0.064506,0.008890
1771002516.624299,16.721808,1.196306,8.165525,-0.955156,-0.170738,-0.064647,0.009431
1771002516.629245,16.726754,2.004875,7.410288,-1.130235,-0.161735,-0.055983,0.012370
1771002516.634244,16.731752,1.962282,7.488206,-1.174112,-0.162728,-0.056325,0.012773
1771002516.639088,16.736597,1.346102,5.040345,-0.562047,-0.141050,-0.066917,0.005461
1771002516.643787,16.741296,1.305953,5.036033,-0.555779,-0.141156,-0.067456,0.005829
1771002516.648760,16.746269,1.614509,5.052469,-1.050286,-0.147604,-0.059015,0.006091
1771002516.653754,16.751262,1.576878,5.179904,-1.066947,-0.148691,-0.059485,0.006006
1771002516.658712,16.756221,1.507989,5.174877,-1.069181,-0.148325,-0.060536,0.006528
1771002516.663694,16.761203,1.460065,5.340934,-0.988353,-0.149359,-0.060970,0.006756
1771002516.668709,16.766217,1.431876,5.591670,-0.976470,-0.150954,-0.061421,0.006082
1771002516.673668,16.771177,1.402710,5.555673,-0.989231,-0.150349,-0.061120,0.006622
1771002516.678653,16.776162,1.307174,5.781094,-1.022287,-0.151777,-0.063471,0.007005
1771002516.683647,16.781156,1.270081,5.963212,-0.982517,-0.152943,-0.063838,0.007402
1771002516.688628,16.786137,1.202834,7.021076,-1.389444,-0.164834,-0.067189,0.009934
1771002516.693608,16.791116,1.200598,7.229043,-1.432131,-0.165339,-0.066859,0.010574
1771002516.698608,16.796117,1.166861,7.462759,-1.507119,-0.165988,-0.068131,0.011949
1771002516.703565,16.801074,1.139958,7.501588,-1.539181,-0.165120,-0.068380,0.011742
1771002516.708562,16.806071,1.834545,7.633095,-1.698629,-0.167450,-0.055841,0.008310
1771002516.713539,16.811048,1.079240,4.952149,-1.030698,-0.145889,-0.068581,-0.001278
1771002516.718533,16.816041,1.063326,5.049140,-0.993891,-0.145763,-0.069211,-0.000816
1771002516.723515,16.821023,1.023176,4.754958,-0.734385,-0.133258,-0.063506,-0.000550
1771002516.728493,16.826002,0.963095,4.815538,-0.740129,-0.133021,-0.064478,-0.000384
1771002516.734226,16.831734,0.953323,4.904301,-0.748814,-0.133314,-0.064628,-0.000032
1771002516.738574,16.836083,0.893766,5.175868,-0.657586,-0.135013,-0.065613,-0.000611
1771002516.743435,16.840944,0.857226,5.325016,-0.692211,-0.135320,-0.065795,0.000067
1771002516.749106,16.846615,2.239064,6.550255,-1.823081,-0.141530,-0.039427,0.003497
1771002516.754120,16.851629,2.199262,6.735839,-1.960095,-0.143328,-0.039524,0.004368
1771002516.758392,16.855900,2.073322,6.720659,-1.879022,-0.143302,-0.040607,0.003957
1771002516.763367,16.860876,2.077462,6.897285,-2.056885,-0.144418,-0.039902,0.005036
1771002516.768376,16.865885,2.046730,6.916261,-2.137420,-0.143734,-0.039901,0.005968
1771002516.773351,16.870860,2.710549,7.126245,-2.314812,-0.146940,-0.029509,0.003526
1771002516.778328,16.875836,2.045087,4.850330,-1.250036,-0.123085,-0.042986,-0.007617
1771002516.783296,16.880805,1.950782,5.033093,-1.141941,-0.124909,-0.044426,-0.007244
1771002516.788279,16.885788,1.939418,5.267910,-1.111011,-0.125980,-0.044547,-0.006906
1771002516.793261,16.890770,1.900251,5.385564,-1.117627,-0.126507,-0.045075,-0.005885
1771002516.798248,16.895757,1.808180,5.513081,-1.067091,-0.127758,-0.047106,-0.006260
1771002516.803245,16.900754,1.837542,3.930891,-1.432196,-0.105250,-0.037944,0.001164
1771002516.808214,16.905722,1.847147,4.295914,-1.407016,-0.107445,-0.036828,0.002183
1771002516.813200,16.910708,1.793719,4.497470,-1.334069,-0.108252,-0.037936,0.002658
1771002516.818178,16.915687,2.485632,4.674335,-1.459138,-0.110420,-0.024201,0.000248
1771002516.823167,16.920676,2.483868,4.726656,-1.467949,-0.110747,-0.024112,0.001066
1771002516.828160,16.925669,2.357755,4.964968,-1.567255,-0.113727,-0.026060,0.002823
1771002516.833177,16.930686,2.424598,5.139326,-1.475494,-0.114269,-0.024671,0.002585
1771002516.838107,16.935615,2.327732,5.096930,-1.447189,-0.113282,-0.025870,0.002842
1771002516.843100,16.940608,2.325399,5.249252,-1.488525,-0.115370,-0.024484,0.003945
1771002516.848082,16.945591,2.308760,5.307209,-1.554089,-0.115987,-0.024647,0.004415
1771002516.853068,16.950576,2.255208,5.336608,-1.532236,-0.116429,-0.025327,0.004126
1771002516.858049,16.955557,2.248805,5.296563,-1.512637,-0.116074,-0.025646,0.003996
1771002516.863036,16.960545,2.259465,5.408330,-1.594086,-0.117154,-0.025112,0.004775
1771002516.868012,16.965521,2.236960,5.529152,-1.635703,-0.118879,-0.024220,0.005214
1771002516.873010,16.970519,2.206714,5.473934,-1.652467,-0.117950,-0.025517,0.005461
1771002516.877983,16.975492,2.188866,5.539483,-1.661168,-0.118663,-0.025245,0.005616
1771002516.882964,16.980473,2.166144,5.494618,-1.643240,-0.118069,-0.025644,0.005825
1771002516.887960,16.985468,2.108347,5.606284,-1.686583,-0.119280,-0.026379,0.006335
1771002516.892938,16.990446,2.089660,5.645878,-1.688953,-0.119971,-0.026532,0.006865
1771002516.897923,16.995432,2.086048,5.704365,-1.668944,-0.120634,-0.026058,0.007467
1771002516.902908,17.000417,2.096828,5.677051,-1.671605,-0.120203,-0.026297,0.007724
1771002516.907888,17.005397,2.084645,5.720268,-1.628416,-0.121382,-0.026845,0.007591
1771002516.912862,17.010371,2.293054,4.986141,-1.226390,-0.109707,-0.023732,0.007299
1771002516.917848,17.015356,2.340353,5.087515,-1.272351,-0.111256,-0.023250,0.008520
1771002516.922902,17.020411,2.330988,5.014814,-1.202317,-0.110509,-0.024712,0.008499
1771002516.928420,17.025928,2.370513,4.949412,-1.106936,-0.109989,-0.025240,0.008972
1771002516.933391,17.030899,2.379084,5.037737,-1.179203,-0.110928,-0.024706,0.009297
1771002516.937915,17.035423,2.396523,5.111359,-1.184112,-0.112149,-0.024383,0.009658
1771002516.942790,17.040298,2.369402,5.102322,-1.131907,-0.112594,-0.025544,0.010153
1771002516.947752,17.045261,2.331300,5.151177,-1.170105,-0.113109,-0.025739,0.010085
1771002516.952737,17.050246,2.328703,5.100758,-1.068857,-0.112991,-0.025746,0.010106
1771002516.957718,17.055227,2.254051,5.125045,-1.087840,-0.113283,-0.026962,0.010681
1771002516.962735,17.060244,3.019428,5.496917,-1.376250,-0.117408,-0.012545,0.009073
1771002516.967686,17.065195,2.930574,5.550611,-1.369858,-0.117941,-0.012946,0.008753
1771002516.973174,17.070682,2.220105,3.243780,-0.671874,-0.088540,-0.029369,0.000681
1771002516.977825,17.075333,2.236974,3.716134,-0.637439,-0.092508,-0.028908,0.001746
1771002516.982658,17.080167,2.204177,3.688704,-0.670112,-0.091115,-0.028308,0.000495
1771002516.987651,17.085160,2.095441,3.864083,-0.527491,-0.094440,-0.028518,-0.000541
1771002516.992612,17.090120,2.525136,4.815073,-1.343202,-0.102864,-0.012947,0.013502
1771002516.997605,17.095114,2.446976,4.818452,-1.388231,-0.102532,-0.013363,0.012425
1771002517.002586,17.100095,2.501053,3.471637,-1.478597,-0.080543,-0.007384,0.020258
1771002517.007568,17.105077,3.111614,3.603843,-1.681344,-0.081501,0.004684,0.017037
1771002517.012560,17.110069,3.017038,3.790076,-1.593282,-0.083402,0.003551,0.017755
1771002517.017535,17.115044,2.926906,3.905041,-1.545789,-0.084038,0.002704,0.017828
1771002517.022534,17.120043,2.363526,1.271002,-1.365868,-0.053705,-0.008231,0.009894
1771002517.027506,17.125015,2.363695,1.560675,-1.278824,-0.057708,-0.008568,0.009634
1771002517.032614,17.130123,2.136773,2.522243,-1.243697,-0.070288,-0.013495,0.011687
1771002517.037476,17.134984,2.110691,2.889881,-1.117396,-0.073124,-0.014457,0.012243
1771002517.042448,17.139956,2.240925,2.049678,-1.138529,-0.061209,-0.010521,0.010634
1771002517.047433,17.144942,2.116203,2.706945,-1.185451,-0.071565,-0.013337,0.012580
1771002517.052425,17.149934,2.111096,2.753644,-1.166385,-0.072618,-0.012956,0.011335
1771002517.057397,17.154906,2.209497,3.289109,-1.141792,-0.076581,-0.012574,0.013341
1771002517.062383,17.159892,2.022709,3.102434,-1.048754,-0.074435,-0.014971,0.012315
1771002517.067364,17.164873,1.146597,3.444043,-0.472875,-0.083567,-0.022192,0.000633
1771002517.072345,17.169854,1.134284,3.573941,-0.538003,-0.085546,-0.021789,0.002298
1771002517.077331,17.174839,1.061875,3.624602,-0.552224,-0.086215,-0.022319,0.002551
1771002517.082318,17.179826,0.985296,3.545189,-0.486807,-0.085088,-0.023585,0.002531
1771002517.087288,17.184797,1.780451,3.832038,-0.698935,-0.088731,-0.008785,0.000609
1771002517.092278,17.189787,1.689453,3.884279,-0.619928,-0.089749,-0.009108,0.001312
1771002517.097289,17.194797,1.659016,3.976443,-0.667693,-0.090812,-0.009062,0.001189
1771002517.102248,17.199756,1.628119,4.086040,-0.682269,-0.092183,-0.009651,0.002064
1771002517.107238,17.204746,1.605893,4.183722,-0.761845,-0.092880,-0.009529,0.002652
1771002517.112443,17.209952,1.607894,4.144757,-0.727509,-0.092803,-0.008882,0.002810
1771002517.117211,17.214720,1.660869,4.361165,-0.891109,-0.095125,-0.008049,0.004289
1771002517.122183,17.219692,1.484357,3.903967,-0.760808,-0.082111,-0.002422,0.003530
1771002517.127178,17.224687,1.168122,1.844632,-0.120327,-0.053679,-0.017432,-0.007894
1771002517.132158,17.229667,1.428850,3.986876,-0.730060,-0.083697,-0.002573,0.003731
1771002517.137388,17.234897,0.998491,1.937100,0.011944,-0.054381,-0.019307,-0.006767
1771002517.142105,17.239614,0.949709,2.413167,0.413638,-0.058686,-0.015315,-0.005868
1771002517.147089,17.244598,0.803664,2.469411,0.413875,-0.059644,-0.015294,-0.005521
1771002517.152070,17.249579,1.937192,3.118136,-0.306098,-0.067919,0.009740,0.003889
1771002517.157067,17.254576,2.658612,3.126201,-0.664121,-0.061550,0.014391,0.005058
1771002517.162042,17.259551,2.547826,3.234120,-0.641893,-0.063204,0.013646,0.004806
1771002517.167181,17.264690,2.426003,3.461818,-0.859625,-0.064769,0.013744,0.007512
1771002517.172013,17.269521,2.456308,3.615882,-0.904156,-0.066131,0.015256,0.007540
1771002517.176984,17.274492,2.311339,3.829148,-1.011160,-0.068171,0.013873,0.008861
1771002517.181970,17.279479,2.238021,3.918391,-1.057724,-0.068993,0.014258,0.008992
1771002517.186973,17.284481,3.219045,4.027110,-1.278051,-0.069428,0.022703,-0.000357
1771002517.191924,17.289433,1.706408,2.186702,0.153438,-0.045108,0.001247,-0.004019
1771002517.196917,17.294426,2.211634,1.866344,0.123867,-0.035263,0.013886,-0.006050
1771002517.201916,17.299425,2.160417,1.850043,0.142386,-0.034949,0.013775,-0.006304
1771002517.206906,17.304414,2.278060,0.810166,-0.511053,-0.022160,0.010917,0.000840
1771002517.211867,17.309375,2.997828,2.094344,-0.121760,-0.032109,0.019437,-0.014593
1771002517.216852,17.314360,3.029589,0.806468,-0.873006,-0.019715,0.017473,-0.009080
1771002517.221837,17.319345,2.937499,2.093302,-0.128788,-0.032244,0.019530,-0.014612
1771002517.226829,17.324337,2.905456,2.087556,-0.154336,-0.032304,0.018999,-0.014548
1771002517.231863,17.329372,2.838997,2.090635,-0.116578,-0.032508,0.018889,-0.014692
1771002517.236888,17.334396,2.825319,2.122048,-0.136529,-0.032933,0.019259,-0.014886
1771002517.241774,17.339283,2.815896,2.101430,-0.133865,-0.032715,0.019336,-0.014294
1771002517.246752,17.344260,2.938428,1.272665,-0.605292,-0.022683,0.019337,-0.008514
1771002517.251741,17.349250,2.024800,1.479798,-0.042073,-0.026101,0.011523,0.001909
1771002517.256725,17.354233,1.998195,1.487127,-0.038170,-0.025911,0.010998,0.003443
1771002517.261704,17.359213,1.941978,1.494330,0.007692,-0.026045,0.010262,0.003150
1771002517.266712,17.364221,1.948779,1.650352,-0.021886,-0.029016,0.011760,0.003822
1771002517.271677,17.369186,1.897458,1.669225,0.017357,-0.029232,0.011766,0.003510
1771002517.276659,17.374167,1.908763,1.709845,0.002229,-0.029785,0.011946,0.003788
1771002517.281653,17.379161,1.864029,1.764100,-0.028431,-0.031047,0.011555,0.003583
1771002517.286627,17.384135,2.548842,1.808152,-0.085015,-0.030146,0.021729,0.001018
1771002517.291618,17.389127,1.906141,1.782507,-0.043447,-0.030961,0.012127,0.004193
1771002517.296593,17.394102,2.545591,1.879267,-0.110617,-0.031526,0.022122,0.000739
1771002517.301569,17.399078,2.600749,1.801382,-0.139469,-0.029352,0.021781,0.001951
1771002517.306574,17.404082,2.569376,1.807594,-0.105113,-0.029929,0.021434,0.000915
1771002517.311540,17.409048,2.561855,1.730445,-0.078517,-0.028474,0.020906,0.001241
1771002517.316525,17.414034,2.626964,1.735927,-0.109675,-0.028261,0.021112,0.001326
1771002517.321508,17.419016,1.994936,1.659180,0.000429,-0.028117,0.011248,0.004523
1771002517.326518,17.424026,2.033724,1.652448,-0.022886,-0.027922,0.011401,0.005251
1771002517.331472,17.428980,2.110267,1.622370,-0.020578,-0.027314,0.011526,0.005548
1771002517.336535,17.434044,2.137980,1.361155,-0.025147,-0.023510,0.009632,0.005805
1771002517.341457,17.438966,2.200800,1.372986,-0.068789,-0.023677,0.010203,0.005429
1771002517.346426,17.443935,2.252598,1.306110,-0.105737,-0.023316,0.010402,0.005275
1771002517.351410,17.448918,1.438889,1.329316,0.143723,-0.030649,0.005110,0.004086
1771002517.356387,17.453895,1.473878,1.342329,0.161046,-0.030855,0.005653,0.004880
1771002517.361381,17.458889,1.478349,1.343205,0.182957,-0.030922,0.005676,0.005067
1771002517.366348,17.463856,1.467695,1.260672,0.182888,-0.030706,0.005098,0.005047
1771002517.371346,17.468855,2.242589,0.798014,-0.304597,-0.020276,0.008774,0.005427
1771002517.376326,17.473834,2.342668,0.577630,-0.524662,-0.019012,0.009279,0.004624
1771002517.381300,17.478809,2.302330,0.852049,-0.321743,-0.021232,0.009930,0.005457
1771002517.386286,17.483794,2.242205,0.899280,-0.266955,-0.021716,0.009742,0.006071
1771002517.391257,17.488765,2.237951,0.948023,-0.236147,-0.022060,0.010260,0.005744
1771002517.396261,17.493770,2.098600,1.171421,0.036778,-0.023993,0.008817,0.006201
1771002517.401258,17.498766,2.118542,1.321413,0.074952,-0.024970,0.009505,0.006847
1771002517.406300,17.503809,2.048428,1.555188,0.203547,-0.027052,0.010287,0.006449
1771002517.411208,17.508716,2.638213,1.959669,0.064223,-0.033115,0.022649,0.003612
1771002517.416194,17.513703,1.823947,1.623116,0.384189,-0.028447,0.016883,-0.004144
1771002517.421174,17.518683,1.866580,1.632357,0.369280,-0.028479,0.017329,-0.004026
1771002517.426170,17.523679,1.898996,1.681795,0.328600,-0.029566,0.018339,-0.003498
1771002517.431136,17.528644,1.849476,1.664956,0.413454,-0.029336,0.017308,-0.004015
1771002517.436145,17.533654,1.888470,1.689630,0.399007,-0.029751,0.018237,-0.003635
1771002517.441103,17.538611,1.900981,1.680946,0.388052,-0.029712,0.018251,-0.003381
1771002517.446086,17.543595,1.888448,1.664377,0.384920,-0.029519,0.018010,-0.002889
1771002517.451069,17.548577,1.898355,1.642918,0.419659,-0.029007,0.017730,-0.003423
1771002517.456067,17.553576,1.930704,1.688747,0.383307,-0.029833,0.018415,-0.003393
1771002517.461053,17.558562,1.941755,1.664636,0.388693,-0.029315,0.018460,-0.003075
1771002517.466030,17.563539,1.876788,1.676736,0.417510,-0.029537,0.017723,-0.003564
1771002517.470995,17.568504,1.900403,1.695482,0.388813,-0.029936,0.018204,-0.003263
1771002517.475987,17.573496,1.888357,1.659708,0.400652,-0.029280,0.017523,-0.003598
1771002517.480969,17.578477,1.901473,1.699425,0.407562,-0.029896,0.018302,-0.003444
1771002517.485955,17.583464,1.933071,1.696266,0.378737,-0.029643,0.018449,-0.003430
1771002517.490957,17.588465,1.900649,1.682697,0.409728,-0.029480,0.018015,-0.003546
1771002517.495977,17.593486,1.925626,1.681524,0.374590,-0.029416,0.018143,-0.003503
1771002517.500909,17.598417,1.910719,1.699496,0.380986,-0.030152,0.018067,-0.003355
1771002517.505913,17.603422,1.955997,1.773754,0.302046,-0.030999,0.019233,-0.004267
1771002517.510886,17.608395,1.914906,1.835818,0.399735,-0.032411,0.019433,-0.004578
1771002517.515858,17.613366,2.007322,1.840162,0.313307,-0.032038,0.020290,-0.003977
1771002517.520840,17.618349,1.928464,1.851841,0.380588,-0.032757,0.019826,-0.003357
1771002517.525834,17.623343,1.936042,1.854232,0.391439,-0.032584,0.019828,-0.003920
1771002517.530815,17.628323,1.966084,1.864554,0.358554,-0.032759,0.020165,-0.003687
1771002517.535803,17.633311,1.935251,1.849378,0.347503,-0.032457,0.019680,-0.003759
1771002517.540778,17.638286,1.943926,1.872773,0.339635,-0.033044,0.020008,-0.003360
1771002517.545751,17.643259,1.924908,1.876989,0.378821,-0.033124,0.019944,-0.003623
1771002517.550734,17.648242,1.966726,1.885750,0.363164,-0.033017,0.020510,-0.003408
1771002517.555722,17.653231,1.950452,1.875719,0.405478,-0.032936,0.020170,-0.003916
1771002517.560707,17.658216,2.007476,1.903414,0.347081,-0.033120,0.021137,-0.003315
1771002517.565708,17.663216,1.953921,1.892288,0.392438,-0.033375,0.020234,-0.003598
1771002517.570700,17.668209,1.978038,1.929844,0.373990,-0.034037,0.020771,-0.003212
1771002517.575663,17.673172,1.951708,1.883823,0.385499,-0.033222,0.020221,-0.003176
1771002517.580643,17.678152,1.972941,1.911112,0.402625,-0.033677,0.021015,-0.002920
1771002517.585632,17.683141,1.964084,1.879916,0.404365,-0.033546,0.020193,-0.002900
1771002517.590650,17.688159,1.969939,1.866419,0.397676,-0.033273,0.020324,-0.002426
1771002517.595597,17.693105,1.981976,1.930564,0.413140,-0.034375,0.021021,-0.002191
1771002517.600574,17.698083,2.008343,1.930103,0.397890,-0.034404,0.021081,-0.002113
1771002517.605556,17.703065,2.005600,1.921541,0.402169,-0.034193,0.020975,-0.002250
1771002517.610568,17.708077,1.997918,1.922678,0.414174,-0.034284,0.020824,-0.002739
1771002517.615525,17.713034,2.012132,1.881103,0.432595,-0.033677,0.020586,-0.002413
1771002517.620509,17.718018,2.028021,1.934487,0.415965,-0.034537,0.021108,-0.002189
1771002517.625487,17.722996,2.050805,1.930795,0.402380,-0.034356,0.021422,-0.001629
1771002517.630495,17.728004,2.042664,1.933819,0.438826,-0.034549,0.021257,-0.001888
1771002517.635449,17.732958,2.059812,1.888239,0.427077,-0.033757,0.020959,-0.002150
1771002517.640454,17.737963,2.062023,1.928417,0.430937,-0.034469,0.021420,-0.001974
1771002517.645421,17.742930,2.047371,1.905001,0.427592,-0.034179,0.021001,-0.002518
1771002517.650402,17.747911,2.038490,1.877251,0.445780,-0.033876,0.020546,-0.001934
1771002517.655391,17.752900,2.057129,1.962718,0.412989,-0.034927,0.021517,-0.001803
1771002517.660375,17.757884,1.174765,1.940703,0.804295,-0.039983,0.014264,-0.002887
1771002517.665357,17.762866,2.097571,1.924746,0.411284,-0.034070,0.021759,-0.001773
1771002517.670363,17.767872,1.180653,1.921316,0.829144,-0.039662,0.014342,-0.002377
1771002517.675322,17.772831,1.181358,1.943206,0.872164,-0.040201,0.014159,-0.003005
1771002517.680303,17.777812,2.068825,1.893700,0.428697,-0.033806,0.021169,-0.001866
1771002517.685288,17.782797,1.162168,1.916719,0.861852,-0.039632,0.013883,-0.002892
1771002517.690269,17.787778,1.200545,1.972474,0.800442,-0.040588,0.014636,-0.002996
1771002517.695259,17.792767,2.094620,1.888565,0.428727,-0.033465,0.021477,-0.002182
1771002517.700241,17.797750,1.214348,1.975921,0.798613,-0.040431,0.014986,-0.002973
1771002517.705233,17.802742,2.085357,2.012489,0.421513,-0.035525,0.022148,-0.002144
1771002517.710206,17.807714,1.195610,2.009374,0.813047,-0.041188,0.015154,-0.002669
1771002517.715186,17.812695,2.091154,1.994749,0.428106,-0.035272,0.022117,-0.001916
1771002517.720170,17.817679,2.080188,1.945802,0.451264,-0.034644,0.021598,-0.001962
1771002517.725161,17.822670,1.226877,1.965874,0.859282,-0.040415,0.015128,-0.002349
1771002517.730146,17.827655,1.218284,1.967366,0.855939,-0.040657,0.014646,-0.002372
1771002517.735126,17.832635,1.232390,1.946384,0.848427,-0.040243,0.014950,-0.002070
1771002517.740109,17.837618,1.210771,1.951530,0.860209,-0.040563,0.014691,-0.001842
1771002517.745084,17.842593,1.226609,1.979915,0.854934,-0.040972,0.015064,-0.001837
1771002517.750068,17.847577,1.208368,1.956019,0.867519,-0.040573,0.014468,-0.002186
1771002517.755061,17.852570,1.245526,1.995565,0.890809,-0.041419,0.015309,-0.001590
1771002517.760038,17.857547,1.235573,1.946141,0.912429,-0.040662,0.014803,-0.001191
1771002517.765020,17.862529,1.250071,1.905760,0.971484,-0.040226,0.014496,-0.000675
1771002517.770032,17.867541,1.252354,1.877312,0.998765,-0.039691,0.014012,-0.000995
1771002517.774990,17.872499,1.396534,1.469667,1.023814,-0.029986,0.013289,-0.000670
1771002517.779966,17.877475,1.317554,1.467762,1.075422,-0.030281,0.012154,-0.001308
1771002517.784960,17.882468,1.374221,1.423204,1.076075,-0.029891,0.012475,-0.000664
1771002517.789941,17.887450,1.402660,1.350272,1.084436,-0.028922,0.012775,0.000209
1771002517.794939,17.892448,1.402994,1.495420,1.107722,-0.031262,0.013070,0.000170
1771002517.799923,17.897432,1.432340,1.235497,1.076443,-0.028520,0.012594,0.001347
1771002517.804883,17.902392,1.443529,1.337718,1.125749,-0.029718,0.012874,0.001866
1771002517.809878,17.907387,1.446922,1.332412,1.148702,-0.029960,0.012885,0.001525
1771002517.814860,17.912369,1.483663,1.206186,1.104661,-0.029149,0.012909,0.002112
1771002517.819839,17.917348,1.475889,1.268863,1.148890,-0.029951,0.013080,0.002674
1771002517.824825,17.922334,1.441025,1.326131,1.215626,-0.030779,0.011871,0.001603
1771002517.829800,17.927309,1.455301,1.143931,1.133515,-0.029189,0.012409,0.004130
1771002517.834795,17.932304,1.561234,1.066893,1.157295,-0.028398,0.013187,0.004272
1771002517.839770,17.937279,1.534035,1.036583,1.156405,-0.028595,0.012914,0.004718
1771002517.844754,17.942262,2.009527,2.996483,0.457648,-0.055402,0.029175,0.013043
1771002517.849738,17.947247,1.580546,0.883436,1.118060,-0.027512,0.012829,0.005782
1771002517.854720,17.952229,2.031888,2.972122,0.484986,-0.054841,0.029123,0.013805
1771002517.859701,17.957210,1.567289,0.984273,1.173307,-0.028628,0.012880,0.005640
1771002517.864684,17.962193,2.099581,3.530732,0.444587,-0.068044,0.027558,0.014853
1771002517.869688,17.967197,2.066055,3.029131,0.476336,-0.055897,0.029457,0.014063
1771002517.874661,17.972170,1.969748,2.987589,0.443346,-0.055566,0.028069,0.014271
1771002517.879638,17.977147,2.147467,3.460440,0.460704,-0.067086,0.027659,0.014860
1771002517.884620,17.982129,1.651041,1.000849,1.096071,-0.028947,0.013980,0.006349
1771002517.889624,17.987132,2.070046,2.967169,0.513956,-0.054911,0.029357,0.013911
1771002517.894606,17.992115,2.070971,2.933112,0.549550,-0.054335,0.029133,0.013752
1771002517.899579,17.997087,2.056508,3.008574,0.504752,-0.055440,0.029270,0.014163
1771002517.904551,18.002060,2.085652,3.036419,0.455701,-0.055587,0.029718,0.014437
1771002517.909541,18.007050,1.637095,1.051078,1.185293,-0.029374,0.014400,0.006681
1771002517.914524,18.012032,1.611667,0.944692,1.165750,-0.028196,0.013485,0.006646
1771002517.919506,18.017015,2.075010,3.071972,0.493360,-0.056440,0.029960,0.013992
1771002517.924487,18.021995,1.645601,0.995491,1.162652,-0.028950,0.013993,0.006681
1771002517.929475,18.026983,1.592151,1.067014,1.235603,-0.029384,0.013549,0.005747
1771002517.934454,18.031963,0.761114,1.072968,1.756112,-0.031903,0.002993,-0.005115
1771002517.939465,18.036973,1.623565,1.081451,1.200037,-0.029570,0.013948,0.006142
1771002517.944424,18.041933,1.644424,1.076615,1.197019,-0.029601,0.014004,0.006060
1771002517.949411,18.046920,1.632645,0.990735,1.173413,-0.028891,0.013760,0.006290
1771002517.954391,18.051899,0.806121,1.124905,1.742400,-0.031956,0.003691,-0.004569
1771002517.959379,18.056888,1.660483,0.994057,1.175486,-0.028952,0.014075,0.006102
1771002517.964364,18.061873,0.943923,0.505651,1.445896,-0.023789,0.008038,-0.005771
1771002517.969336,18.066844,1.330626,3.119569,1.077653,-0.062871,0.024244,0.003889
1771002517.974341,18.071850,1.340345,3.099769,1.060797,-0.062533,0.024095,0.004168
1771002517.979312,18.076821,0.808053,1.148715,1.772994,-0.032795,0.003527,-0.004952
1771002517.984288,18.081796,0.953425,0.530116,1.453524,-0.024329,0.008401,-0.005668
1771002517.989275,18.086784,0.966215,0.478972,1.429635,-0.023481,0.008136,-0.005522
1771002517.994253,18.091762,1.352678,3.086850,1.045382,-0.062309,0.024107,0.003733
1771002517.999242,18.096751,1.360011,3.116973,1.009189,-0.062686,0.024206,0.004121
1771002518.004245,18.101754,0.830108,1.152262,1.757970,-0.032335,0.003929,-0.004719
1771002518.009211,18.106720,1.374988,3.131918,0.995614,-0.062961,0.024446,0.003968
1771002518.014192,18.111701,1.438432,2.592194,1.063887,-0.051622,0.026493,0.003477
1771002518.019170,18.116678,0.953053,0.477135,1.429921,-0.023393,0.008012,-0.006011
1771002518.024154,18.121663,1.398848,2.672154,1.041451,-0.052770,0.026456,0.003686
1771002518.029147,18.126656,1.417213,2.663196,1.034559,-0.052607,0.026504,0.003477
1771002518.034231,18.131739,1.435676,2.669420,1.020705,-0.052851,0.026705,0.003085
1771002518.039289,18.136797,0.968388,0.484262,1.451384,-0.023457,0.008204,-0.005478
1771002518.044174,18.141683,1.350712,3.141962,1.025687,-0.062951,0.024309,0.003948
1771002518.049226,18.146735,0.938372,0.520142,1.488634,-0.024181,0.008018,-0.005800
1771002518.054173,18.151682,0.966079,0.547311,1.493838,-0.024270,0.008224,-0.005627
1771002518.059104,18.156612,0.963638,0.515924,1.493803,-0.023780,0.007990,-0.005833
1771002518.064030,18.161539,1.469018,2.724410,1.034605,-0.053477,0.027336,0.003753
1771002518.069095,18.166604,0.991259,0.521556,1.493201,-0.024082,0.008362,-0.006012
1771002518.073996,18.171505,1.449541,2.710778,1.040777,-0.053373,0.027096,0.003926
1771002518.079000,18.176508,0.989894,0.590305,1.525052,-0.024628,0.008770,-0.005023
1771002518.083967,18.181476,0.990124,0.652735,1.563206,-0.025616,0.008931,-0.004987
1771002518.088963,18.186471,1.048091,0.544748,1.491422,-0.024064,0.009162,-0.005178
1771002518.093940,18.191449,1.003880,0.583099,1.502042,-0.024806,0.008656,-0.005532
1771002518.098920,18.196429,1.032152,0.540491,1.491805,-0.024149,0.008759,-0.005197
1771002518.103889,18.201398,1.522525,2.726832,1.023260,-0.053819,0.027961,0.004302
1771002518.108896,18.206404,0.985557,0.508928,1.475852,-0.023612,0.008248,-0.005709
1771002518.113866,18.211375,1.502226,2.720080,1.030934,-0.053655,0.027740,0.003915
1771002518.118844,18.216353,1.013799,0.601376,1.524799,-0.024641,0.008877,-0.005228
1771002518.123831,18.221339,1.493390,2.739411,0.991183,-0.053798,0.027688,0.003696
1771002518.128825,18.226334,0.977977,0.563427,1.508591,-0.024708,0.008285,-0.005677
1771002518.133798,18.231307,1.014071,0.627116,1.533928,-0.025025,0.009086,-0.005126
1771002518.138925,18.236433,1.506313,2.801327,0.977239,-0.054623,0.028027,0.003940
1771002518.143768,18.241277,0.964068,0.627939,1.541902,-0.025612,0.008299,-0.005668
1771002518.148761,18.246270,1.464137,2.777259,1.007723,-0.054309,0.027515,0.004034
1771002518.153750,18.251259,0.951684,0.539625,1.486531,-0.024426,0.008126,-0.005800
1771002518.158711,18.256220,1.437556,2.748926,1.027136,-0.054090,0.026945,0.003944
1771002518.163711,18.261220,0.979629,0.612178,1.527038,-0.025068,0.008685,-0.005092
1771002518.168847,18.266356,0.992650,0.589150,1.496642,-0.024693,0.008283,-0.005875
1771002518.173677,18.271185,0.954896,0.557774,1.501592,-0.024854,0.008322,-0.005447
1771002518.178652,18.276160,0.971418,0.688204,1.586530,-0.025913,0.008729,-0.005548
1771002518.183635,18.281144,0.970924,0.592277,1.516479,-0.024985,0.008510,-0.005557
1771002518.188625,18.286134,1.444552,2.712978,1.068587,-0.053511,0.027033,0.003334
1771002518.193653,18.291162,0.986756,0.603603,1.565156,-0.024894,0.008924,-0.005080
1771002518.198572,18.296081,0.993112,0.729956,1.632659,-0.026036,0.009210,-0.005235
1771002518.203566,18.301075,0.958223,0.684481,1.566709,-0.026100,0.008637,-0.005714
1771002518.208552,18.306061,0.965769,0.574214,1.515562,-0.025136,0.008551,-0.005421
1771002518.213526,18.311034,0.971106,0.697935,1.590614,-0.026245,0.008858,-0.005298
1771002518.218538,18.316047,1.495571,2.819424,1.008447,-0.055233,0.028118,0.003925
1771002518.223531,18.321040,1.464607,2.835447,1.005349,-0.055425,0.027752,0.003978
1771002518.228501,18.326010,1.039497,0.625050,1.558498,-0.025232,0.009207,-0.005149
1771002518.233473,18.330982,1.477636,2.814013,1.042808,-0.055352,0.027716,0.004050
1771002518.238514,18.336023,1.470816,2.798970,1.007814,-0.054995,0.027634,0.003666
1771002518.243432,18.340941,1.537010,2.773114,0.999259,-0.054435,0.028311,0.004410
1771002518.248423,18.345932,1.510164,2.851549,0.990237,-0.055811,0.028279,0.004331
1771002518.253401,18.350910,1.020672,0.624319,1.530483,-0.025183,0.009064,-0.005350
1771002518.258386,18.355895,1.030462,0.630771,1.525118,-0.025133,0.009031,-0.005188
1771002518.263384,18.360893,0.987715,0.593667,1.492689,-0.025257,0.008499,-0.005199
1771002518.268451,18.365960,0.999516,0.619539,1.509434,-0.025408,0.008608,-0.005287
1771002518.273329,18.370838,1.011972,0.609240,1.504731,-0.025016,0.009181,-0.004916
1771002518.278328,18.375836,0.988472,0.722661,1.574685,-0.026298,0.008822,-0.005547
1771002518.283316,18.380824,1.465105,2.800981,1.000440,-0.055041,0.027540,0.003905
1771002518.288327,18.385836,0.977939,0.633139,1.564003,-0.025719,0.008598,-0.005566
1771002518.293292,18.390801,0.988505,0.702459,1.565404,-0.026183,0.008850,-0.005481
1771002518.298263,18.395771,1.009880,0.735162,1.596036,-0.026520,0.009236,-0.004998
1771002518.303258,18.400767,1.001557,0.689008,1.575155,-0.025876,0.009156,-0.005355
1771002518.308282,18.405791,1.004353,0.636271,1.525174,-0.025304,0.008879,-0.005344
1771002518.313313,18.410822,1.011263,0.552710,1.489018,-0.024476,0.008625,-0.005822
1771002518.318196,18.415705,1.021453,0.670877,1.561967,-0.025907,0.009601,-0.004737
1771002518.323171,18.420679,1.502331,2.782576,0.982736,-0.054619,0.027931,0.003863
1771002518.328231,18.425740,1.049599,0.583710,1.512695,-0.024898,0.009193,-0.005301
1771002518.333149,18.430658,1.014965,0.693157,1.582025,-0.026071,0.009112,-0.004946
1771002518.338264,18.435772,1.017873,0.583468,1.524344,-0.024916,0.008813,-0.005306
1771002518.343129,18.440638,1.010479,0.635648,1.534325,-0.025340,0.009043,-0.004793
1771002518.348094,18.445603,1.500738,2.804178,0.975030,-0.054495,0.027924,0.004165
1771002518.353074,18.450583,1.488446,2.755307,1.014586,-0.054154,0.027607,0.004567
1771002518.358065,18.455574,1.501409,2.762242,1.011866,-0.054092,0.027902,0.004136
1771002518.363043,18.460552,0.983920,0.615188,1.562150,-0.025386,0.008596,-0.004876
1771002518.368249,18.465758,1.532823,2.678869,1.036196,-0.053095,0.027721,0.004295
1771002518.373003,18.470512,1.448460,3.044445,1.159419,-0.064950,0.024132,0.003999
1771002518.377988,18.475497,1.518502,2.748762,1.027183,-0.054156,0.027865,0.004520
1771002518.382990,18.480499,1.493732,3.194828,1.046064,-0.066370,0.025648,0.005352
1771002518.387946,18.485455,1.494133,2.674274,1.096888,-0.053515,0.027237,0.005020
1771002518.392945,18.490453,1.505607,2.670711,1.050052,-0.053286,0.027131,0.005221
1771002518.397928,18.495436,1.504263,2.620970,1.112528,-0.052588,0.026953,0.004752
1771002518.402922,18.500430,1.506757,2.723584,1.031247,-0.053896,0.027511,0.004724
1771002518.407911,18.505419,1.504266,2.646513,1.064230,-0.053114,0.026980,0.004652
1771002518.412875,18.510383,1.437369,3.051553,1.153508,-0.064988,0.024012,0.004573
1771002518.417874,18.515382,1.504475,2.687274,1.066319,-0.053632,0.027093,0.004639
1771002518.422849,18.520358,1.482882,2.712210,1.060826,-0.053706,0.027269,0.004942
1771002518.427834,18.525343,1.499314,2.697259,1.102315,-0.053844,0.027398,0.005152
1771002518.432803,18.530311,1.421015,3.152440,1.116798,-0.066159,0.024432,0.005079
1771002518.437848,18.535357,1.435166,3.033319,1.151666,-0.064692,0.024019,0.004786
1771002518.442780,18.540288,1.508437,2.685080,1.031170,-0.053067,0.027453,0.005455
1771002518.447763,18.545272,1.464630,3.138886,1.075273,-0.065782,0.024859,0.005239
1771002518.452738,18.550246,1.497693,3.095629,1.077192,-0.065262,0.025072,0.005448
1771002518.457718,18.555227,1.441289,3.028125,1.162006,-0.064861,0.023846,0.004582
1771002518.462716,18.560225,1.488927,2.697479,0.986895,-0.053459,0.027168,0.005413
1771002518.467688,18.565197,1.421867,3.043578,1.159710,-0.064700,0.024024,0.005013
1771002518.472674,18.570183,1.452344,2.716125,1.107314,-0.053985,0.026887,0.004699
1771002518.477650,18.575159,1.447839,2.690560,1.092039,-0.053421,0.026907,0.005243
1771002518.482627,18.580136,1.451040,3.115667,1.126315,-0.065612,0.024613,0.004726
1771002518.487621,18.585129,0.976732,0.601654,1.573219,-0.024955,0.008966,-0.003798
1771002518.492612,18.590121,1.451603,2.761548,1.055923,-0.054324,0.027249,0.004819
1771002518.497682,18.595190,1.454165,2.688289,1.102798,-0.053428,0.027016,0.004521
1771002518.502594,18.600103,1.439344,2.708432,1.046100,-0.053338,0.026718,0.004828
1771002518.507578,18.605087,1.471849,2.717279,1.064808,-0.053709,0.027312,0.004925
1771002518.512551,18.610059,1.444470,2.686939,1.084965,-0.053155,0.026962,0.004883
1771002518.517525,18.615034,1.473605,2.695270,1.068915,-0.053156,0.027239,0.005136
1771002518.522537,18.620045,2.376107,1.641446,2.613425,-0.041375,0.031131,-0.001841
1771002518.527493,18.625001,1.870831,0.076910,2.670040,-0.022330,0.013545,-0.012201
1771002518.532480,18.629988,1.859371,0.044492,2.700716,-0.022162,0.013190,-0.012050
1771002518.537451,18.634959,1.913207,0.055039,2.695195,-0.022218,0.013675,-0.011802
1771002518.542447,18.639956,1.826242,-0.239934,2.733336,-0.018933,0.011556,-0.012608
1771002518.547421,18.644930,1.925467,-0.231107,2.672300,-0.019487,0.013201,-0.010676
1771002518.552394,18.649903,1.938229,-0.234171,2.696559,-0.019815,0.013195,-0.010216
1771002518.557385,18.654893,1.932289,-0.271342,2.694330,-0.019489,0.012842,-0.010056
1771002518.562368,18.659877,1.990305,-0.450380,2.676347,-0.017870,0.013475,-0.008806
1771002518.567353,18.664862,2.736354,2.502549,2.770643,-0.058321,0.037325,0.004327
1771002518.572393,18.669901,2.757729,2.374772,2.736966,-0.057686,0.037086,0.004440
1771002518.577320,18.674829,2.966456,1.940382,2.508617,-0.049591,0.043215,0.004230
1771002518.582312,18.679821,2.967566,1.897391,2.544130,-0.050077,0.043412,0.004559
1771002518.587283,18.684792,2.972093,1.909349,2.523203,-0.050881,0.043349,0.004813
1771002518.592276,18.689785,2.979505,1.774983,2.540722,-0.050088,0.043111,0.005621
1771002518.597261,18.694770,3.026714,1.922189,2.541457,-0.051845,0.043865,0.005602
1771002518.602237,18.699746,2.223513,2.347708,2.701036,-0.063348,0.027098,0.009165
1771002518.607210,18.704719,3.011596,2.240099,2.532992,-0.063888,0.040187,0.006676
1771002518.612209,18.709717,3.025167,2.104317,2.528147,-0.062870,0.039859,0.006894
1771002518.617193,18.714701,2.015661,1.520433,2.910017,-0.060266,0.031627,0.004905
1771002518.622174,18.719683,1.441484,1.416996,3.283810,-0.052111,0.014038,-0.008195
1771002518.627157,18.724666,2.048230,1.589349,2.971681,-0.061727,0.031859,0.004906
1771002518.632140,18.729649,2.001130,1.395735,2.936992,-0.059354,0.031270,0.006054
1771002518.637114,18.734622,2.031220,1.453882,2.986373,-0.060160,0.031860,0.006463
1771002518.642111,18.739620,2.039420,1.491145,2.952103,-0.061085,0.032030,0.007027
1771002518.647093,18.744601,2.061532,1.495321,2.963478,-0.061296,0.032359,0.006940
1771002518.652064,18.749573,2.067808,1.344666,2.922419,-0.058975,0.031948,0.007446
1771002518.657077,18.754585,2.049090,1.423589,2.946901,-0.060169,0.032033,0.007472
1771002518.662056,18.759565,2.044416,1.323975,2.980356,-0.058774,0.031302,0.007694
1771002518.667017,18.764526,2.078604,1.442771,2.944259,-0.060333,0.032115,0.007367
1771002518.672012,18.769520,2.042356,1.381809,2.962153,-0.059712,0.031660,0.007512
1771002518.676986,18.774494,2.084052,1.447257,2.919917,-0.060613,0.032441,0.008108
1771002518.681957,18.779465,2.089755,1.458010,2.922839,-0.060273,0.032528,0.007810
1771002518.686958,18.784467,2.073902,1.406132,2.943467,-0.060409,0.032054,0.007642
1771002518.691932,18.789440,2.090788,1.360111,2.911370,-0.059499,0.032327,0.007930
1771002518.696908,18.794417,2.097584,1.502498,2.935707,-0.061003,0.032498,0.007504
1771002518.701890,18.799399,2.068446,1.324382,2.919589,-0.058805,0.031799,0.008252
1771002518.706985,18.804493,2.081199,1.422295,2.940553,-0.059975,0.031843,0.007371
1771002518.711871,18.809380,2.107828,1.421888,2.933851,-0.060159,0.032587,0.007510
1771002518.716848,18.814357,2.085913,1.333986,2.910162,-0.058554,0.032119,0.007574
1771002518.721837,18.819345,2.077455,1.387581,2.938816,-0.059634,0.032073,0.007707
1771002518.726811,18.824320,1.706362,1.338160,1.891769,-0.058545,0.022916,0.027809
1771002518.731794,18.829303,2.098522,1.432909,2.901246,-0.060087,0.032431,0.008163
1771002518.736777,18.834285,2.104738,1.350711,2.901644,-0.058727,0.032152,0.007680
1771002518.741757,18.839266,2.074483,1.326406,2.930900,-0.058506,0.031735,0.007925
1771002518.746738,18.844246,2.073576,1.338152,2.886397,-0.058635,0.032134,0.007805
1771002518.751747,18.849256,2.074181,1.354594,2.920708,-0.058738,0.031872,0.007328
1771002518.756711,18.854220,2.100201,1.402702,2.924703,-0.059787,0.032308,0.008058
1771002518.761696,18.859205,2.104273,1.412690,2.922669,-0.059724,0.032440,0.007785
1771002518.766690,18.864199,2.112757,1.418734,2.907933,-0.059642,0.032449,0.007474
1771002518.771669,18.869178,2.076013,1.373860,2.915853,-0.059203,0.032059,0.007801
1771002518.776644,18.874153,2.072865,1.317104,2.939621,-0.058630,0.031933,0.008241
1771002518.781620,18.879128,2.087280,1.368174,2.910099,-0.059093,0.032000,0.007950
1771002518.786638,18.884146,2.051778,1.336042,2.940378,-0.058736,0.031439,0.008103
1771002518.791595,18.889103,2.087571,1.337230,2.912092,-0.058426,0.031931,0.008275
1771002518.796583,18.894092,2.089300,1.290504,2.924954,-0.058002,0.031765,0.008113
1771002518.801557,18.899065,2.058950,1.289413,2.914542,-0.057967,0.031524,0.008275
1771002518.806550,18.904058,2.060006,1.381101,2.928605,-0.059032,0.031265,0.007720
1771002518.811529,18.909037,2.032316,1.212807,2.932434,-0.056911,0.031088,0.008511
1771002518.816514,18.914023,2.087694,1.339787,2.913218,-0.058539,0.031715,0.007975
1771002518.821508,18.919017,2.058771,1.241235,2.913344,-0.057112,0.031279,0.008519
1771002518.826511,18.924020,1.785050,1.035505,1.707432,-0.058795,0.027258,0.007396
1771002518.831471,18.928980,2.209366,2.000978,0.691383,-0.056627,0.030616,0.015803
1771002518.836492,18.934001,2.221601,1.878269,0.658943,-0.054732,0.030104,0.016151
1771002518.841433,18.938941,2.230035,1.996748,0.693985,-0.056395,0.030745,0.015828
1771002518.846404,18.943913,2.267736,1.959519,0.569335,-0.055150,0.030994,0.016192
1771002518.851384,18.948893,2.091583,1.285227,2.922644,-0.057612,0.031791,0.007606
1771002518.856362,18.953871,2.090935,1.262765,2.884813,-0.057210,0.031869,0.008090
1771002518.861366,18.958874,2.114232,1.299033,2.858054,-0.057338,0.032115,0.008061
1771002518.866338,18.963846,2.064494,1.405847,2.949674,-0.059035,0.031539,0.007289
1771002518.871346,18.968854,2.054895,1.268257,2.923212,-0.057308,0.031186,0.007457
1771002518.876305,18.973814,2.075135,1.400677,2.908449,-0.058949,0.031897,0.007896
1771002518.881291,18.978800,2.035800,1.325116,2.923831,-0.058153,0.031170,0.007529
1771002518.886291,18.983799,2.077285,1.375989,2.931290,-0.058823,0.031898,0.008079
1771002518.891249,18.988758,2.093548,1.367557,2.919154,-0.058978,0.032513,0.008172
1771002518.896238,18.993747,2.124199,1.424060,2.870064,-0.059537,0.032818,0.008220
1771002518.901220,18.998729,2.052747,1.362112,2.895134,-0.058895,0.031709,0.007833
1771002518.906222,19.003730,2.084383,1.417523,2.914545,-0.059392,0.031954,0.007545
1771002518.911186,19.008694,2.070542,1.398996,2.902797,-0.058993,0.031493,0.007505
1771002518.916180,19.013689,2.024700,1.323699,2.956478,-0.058191,0.030944,0.007162
1771002518.921167,19.018676,2.098037,1.409224,2.896969,-0.059033,0.032409,0.008010
1771002518.926137,19.023646,2.067843,1.398946,2.923629,-0.058887,0.031917,0.007533
1771002518.931116,19.028625,2.099144,1.350142,2.883477,-0.058180,0.032188,0.007810
1771002518.936108,19.033617,2.067471,1.332370,2.890140,-0.057825,0.031554,0.007634
1771002518.941091,19.038599,2.090899,1.381553,2.896042,-0.058580,0.032065,0.007624
1771002518.946080,19.043589,2.078626,1.290567,2.902140,-0.057269,0.031505,0.007524
1771002518.951061,19.048570,2.084623,1.300615,2.910734,-0.057567,0.031290,0.007653
1771002518.956041,19.053549,2.082102,1.325784,2.879124,-0.057623,0.031700,0.007547
1771002518.961017,19.058526,2.098537,1.324671,2.901754,-0.057907,0.031999,0.008085
1771002518.965999,19.063508,2.109768,1.330541,2.883190,-0.057765,0.032248,0.008359
1771002518.970975,19.068484,2.071465,1.376745,2.905539,-0.058498,0.031752,0.007415
1771002518.975975,19.073483,2.094642,1.329704,2.850882,-0.057711,0.032299,0.008277
1771002518.980954,19.078462,2.097024,1.374388,2.880583,-0.058598,0.032061,0.007682
1771002518.985936,19.083445,2.062890,1.378920,2.922587,-0.058875,0.031767,0.007628
1771002518.990915,19.088424,2.064695,1.389503,2.900174,-0.058716,0.031612,0.007602
1771002518.995905,19.093414,2.094633,1.313725,2.878057,-0.057439,0.031839,0.007755
1771002519.000879,19.098388,2.068087,1.383666,2.930826,-0.058351,0.031286,0.007004
1771002519.005881,19.103390,2.026206,1.245708,2.935603,-0.056569,0.030930,0.007192
1771002519.010853,19.108362,2.065246,1.294042,2.895601,-0.057136,0.031518,0.007926
1771002519.015833,19.113342,2.072783,1.250522,2.863312,-0.056737,0.031715,0.007882
1771002519.020810,19.118318,2.065725,1.222137,2.893016,-0.055855,0.030902,0.007286
1771002519.025831,19.123340,2.094313,1.306175,2.865718,-0.057609,0.032133,0.007858
1771002519.030779,19.128288,2.195370,3.069364,3.024461,-0.073152,0.031731,0.004329
1771002519.035843,19.133352,2.318546,1.749028,0.330557,-0.051934,0.030256,0.014022
1771002519.040772,19.138281,2.222826,1.959975,0.661705,-0.055299,0.030658,0.015767
1771002519.045742,19.143251,1.426634,1.824011,0.673165,-0.066007,0.024509,0.014974
1771002519.050722,19.148231,2.227030,1.937067,0.654906,-0.054853,0.030465,0.016087
1771002519.055694,19.153202,2.872638,3.360003,1.249856,-0.089869,0.052171,0.016127
1771002519.060685,19.158194,2.107087,1.302003,2.873993,-0.057026,0.031956,0.007670
1771002519.065670,19.163178,2.130112,1.245753,2.833851,-0.056382,0.032281,0.008518
1771002519.070853,19.168361,2.072189,1.225330,2.874256,-0.056045,0.031361,0.008026
1771002519.075671,19.173180,2.086244,1.273981,2.864573,-0.056977,0.031707,0.008669
1771002519.080673,19.178181,2.098629,1.288687,2.854316,-0.057113,0.032075,0.008067
1771002519.085612,19.183121,2.075731,1.239450,2.868490,-0.056570,0.031629,0.008045
1771002519.090568,19.188076,2.051627,1.360660,2.917216,-0.057917,0.031205,0.007702
1771002519.095561,19.193069,2.073823,1.318113,2.903343,-0.057503,0.031583,0.007606
1771002519.100559,19.198067,2.082743,1.312588,2.907045,-0.057466,0.031415,0.007499
1771002519.105526,19.203035,2.129327,1.335111,2.870852,-0.057625,0.032746,0.008128
1771002519.110544,19.208053,2.084671,1.273989,2.870941,-0.057065,0.031915,0.008416
1771002519.115494,19.213003,2.102156,1.412854,2.885703,-0.058755,0.032080,0.007317
1771002519.120478,19.217987,2.093163,1.287367,2.877966,-0.057132,0.032004,0.008164
1771002519.125461,19.222970,2.059063,1.338477,2.906328,-0.057901,0.031446,0.007509
1771002519.130449,19.227957,2.052349,1.319671,2.900347,-0.057689,0.031409,0.007556
1771002519.135420,19.232929,2.064602,1.303123,2.885324,-0.057463,0.031510,0.007571
1771002519.140439,19.237948,2.057280,1.410598,2.918135,-0.058620,0.031600,0.007447
1771002519.145393,19.242902,2.080259,1.357375,2.896513,-0.057786,0.031902,0.007552
1771002519.150789,19.248298,2.080978,1.307661,2.862611,-0.057520,0.031898,0.007982
1771002519.155713,19.253221,2.091818,1.328096,2.873865,-0.057413,0.032026,0.007623
1771002519.160807,19.258316,2.101259,1.353716,2.875619,-0.057743,0.032365,0.007962
1771002519.165780,19.263289,2.103944,1.379919,2.890235,-0.057985,0.031909,0.007485
1771002519.170594,19.268102,2.073366,1.322346,2.900827,-0.057644,0.031744,0.007234
1771002519.175299,19.272808,2.060524,1.358499,2.921439,-0.058030,0.031438,0.007058
1771002519.180281,19.277790,2.041187,1.308975,2.900022,-0.057333,0.031166,0.007528
1771002519.185260,19.282768,2.107658,1.403897,2.878203,-0.058502,0.032410,0.007851
1771002519.190238,19.287747,2.114511,1.359387,2.899367,-0.057760,0.032357,0.007560
1771002519.195216,19.292725,2.105516,1.371625,2.875138,-0.058182,0.032044,0.007521
1771002519.200211,19.297720,2.082011,1.297973,2.911603,-0.056589,0.031449,0.007305
1771002519.205203,19.302712,2.091642,1.312068,2.860741,-0.057126,0.031755,0.007856
1771002519.210176,19.307685,2.104926,1.339273,2.859278,-0.057870,0.032294,0.007886
1771002519.215153,19.312661,2.081781,1.316023,2.870707,-0.057390,0.031808,0.008170
1771002519.220133,19.317642,2.116919,1.380458,2.887253,-0.057994,0.032110,0.007425
1771002519.225117,19.322625,2.083204,1.347448,2.874173,-0.057894,0.032089,0.007970
1771002519.230099,19.327608,2.119056,1.299958,2.850027,-0.056957,0.032320,0.007800
1771002519.235098,19.332607,2.068905,1.363909,2.876642,-0.057785,0.031503,0.007378
1771002519.240075,19.337584,2.089442,1.360769,2.875578,-0.057835,0.032131,0.007799
1771002519.245048,19.342556,2.079597,1.329091,2.874265,-0.057523,0.031653,0.007078
1771002519.250029,19.347538,2.102761,1.338462,2.863142,-0.057655,0.032233,0.007938
1771002519.255017,19.352526,2.152445,1.398435,2.851709,-0.058515,0.032804,0.008342
1771002519.260005,19.357513,2.100113,1.333054,2.861013,-0.057163,0.031767,0.007285
1771002519.264981,19.362490,2.109296,1.377153,2.851758,-0.058644,0.032572,0.008368
1771002519.269973,19.367482,2.076015,1.308437,2.868276,-0.056786,0.031362,0.007378
1771002519.274962,19.372471,2.098608,1.474520,2.872276,-0.059498,0.032448,0.007679
1771002519.279931,19.377439,2.075179,1.388915,2.902597,-0.058755,0.032114,0.007678
1771002519.284918,19.382427,2.102101,1.352028,2.880007,-0.057470,0.032148,0.007761
1771002519.289900,19.387408,2.086456,1.382956,2.886889,-0.057855,0.031950,0.007591
1771002519.294881,19.392390,2.083915,1.344779,2.886095,-0.057503,0.031917,0.007851
1771002519.299863,19.397372,2.047797,1.398623,2.926017,-0.058419,0.031635,0.007454
1771002519.304837,19.402345,2.112370,1.324093,2.858874,-0.057121,0.032513,0.008472
1771002519.309846,19.407355,2.091862,1.344177,2.886155,-0.057556,0.031687,0.007596
1771002519.314821,19.412329,2.072651,1.373266,2.901504,-0.057750,0.031443,0.007228
1771002519.319796,19.417305,2.087575,1.350307,2.890781,-0.057515,0.031929,0.007303
1771002519.324780,19.422288,2.108583,1.424564,2.899544,-0.058327,0.032266,0.007250
1771002519.329771,19.427280,2.072576,1.343860,2.903724,-0.057642,0.031769,0.007769
1771002519.334747,19.432256,2.093015,1.354224,2.877545,-0.057487,0.032169,0.008131
1771002519.339734,19.437242,1.959207,1.219825,2.430019,-0.046177,0.021270,0.009021
1771002519.344721,19.442230,2.211335,1.891237,0.696098,-0.054286,0.030096,0.015811
1771002519.349697,19.447206,2.253919,1.948604,0.669792,-0.055069,0.030866,0.015588
1771002519.354681,19.452190,1.861224,2.670012,1.635667,-0.075111,0.029151,0.007615
1771002519.359657,19.457166,2.092150,1.297817,2.884989,-0.056924,0.031667,0.007856
1771002519.364640,19.462148,2.080991,1.195421,2.866687,-0.055308,0.031353,0.007765
1771002519.369751,19.467260,2.149678,1.423095,2.870856,-0.058551,0.032932,0.007981
1771002519.374596,19.472105,2.088251,1.339392,2.877995,-0.057549,0.031974,0.008028
1771002519.379588,19.477097,2.102813,1.334565,2.874002,-0.057201,0.031871,0.007861
1771002519.384573,19.482081,2.088667,1.409165,2.898434,-0.058329,0.031915,0.007440
1771002519.389554,19.487062,2.124926,1.399374,2.870468,-0.058174,0.032471,0.007649
1771002519.394543,19.492052,2.041754,1.278170,2.920949,-0.056305,0.030809,0.007008
1771002519.399523,19.497032,2.071663,2.165798,2.895179,-0.074066,0.032440,0.007894
1771002519.404549,19.502058,2.064109,1.327184,2.865503,-0.057450,0.031986,0.007972
1771002519.409498,19.507007,2.080808,1.342155,2.879610,-0.057283,0.031631,0.007498
1771002519.414498,19.512007,2.078183,1.390710,2.877632,-0.058387,0.031942,0.007692
1771002519.419466,19.516974,2.073272,1.374144,2.864379,-0.057783,0.031648,0.007429
1771002519.424432,19.521941,2.099075,1.337689,2.870467,-0.057084,0.032207,0.007887
1771002519.429417,19.526926,2.027890,1.299169,2.925334,-0.056735,0.030612,0.007201
1771002519.434402,19.531911,2.071772,1.336951,2.883173,-0.057448,0.031632,0.007624
1771002519.439393,19.536901,2.108661,1.337008,2.855240,-0.057486,0.032051,0.007960
1771002519.444386,19.541895,2.109512,1.354685,2.855058,-0.057395,0.032479,0.007826
1771002519.449359,19.546868,2.104483,1.395700,2.850579,-0.058389,0.032502,0.007787
1771002519.454345,19.551854,2.095488,1.403332,2.877229,-0.058325,0.032346,0.007637
1771002519.459320,19.556829,2.118975,1.422780,2.867734,-0.058577,0.032738,0.008004
1771002519.464302,19.561811,2.089144,1.386531,2.894052,-0.057688,0.032094,0.007321
1771002519.469313,19.566821,2.070781,1.285012,2.907475,-0.056557,0.031467,0.007470
1771002519.474275,19.571783,2.092467,1.423873,2.882253,-0.058291,0.032067,0.007443
1771002519.479257,19.576766,2.080897,1.369613,2.873274,-0.057415,0.031794,0.007688
1771002519.484240,19.581748,2.083441,1.345978,2.873318,-0.057554,0.032025,0.007693
1771002519.489214,19.586723,2.245522,2.027475,0.656198,-0.055840,0.031125,0.015411
1771002519.494205,19.591714,2.248426,1.998526,0.653795,-0.055476,0.031159,0.015695
1771002519.499187,19.596696,2.256116,2.065623,0.656136,-0.056261,0.031582,0.015343
1771002519.504213,19.601721,2.240897,2.007044,0.667980,-0.055390,0.031049,0.014915
1771002519.509161,19.606670,2.374247,1.736543,1.813004,-0.063771,0.035149,0.020468
1771002519.514139,19.611648,2.088492,1.396795,2.890735,-0.057989,0.031907,0.006831
1771002519.519512,19.617021,2.100611,1.398550,2.877020,-0.058181,0.032421,0.007636
1771002519.524474,19.621983,2.096515,1.395117,2.876973,-0.057986,0.032409,0.007556
1771002519.529440,19.626949,2.064498,1.451660,2.882929,-0.058546,0.031642,0.007294
1771002519.534071,19.631579,2.074064,1.364150,2.894085,-0.057620,0.031724,0.007137
1771002519.539049,19.636558,2.061438,1.363231,2.874153,-0.057592,0.031576,0.007559
1771002519.544050,19.641558,2.086943,1.343486,2.871234,-0.057195,0.031838,0.007422
1771002519.549021,19.646530,2.089811,1.391323,2.855466,-0.057937,0.032192,0.007484
1771002519.554003,19.651511,2.111142,1.334889,2.815324,-0.057406,0.032516,0.008548
1771002519.558993,19.656502,2.085662,1.379070,2.872517,-0.057875,0.032006,0.007525
1771002519.563976,19.661485,2.096782,1.339741,2.838466,-0.057290,0.032097,0.007601
1771002519.568956,19.666465,2.086425,1.350275,2.872586,-0.057303,0.031986,0.007689
1771002519.573947,19.671455,2.091905,2.075444,2.835171,-0.072471,0.032506,0.008031
1771002519.578934,19.676442,2.078161,1.318220,2.886523,-0.057001,0.031375,0.007388
1771002519.583910,19.681419,2.062198,1.374760,2.896616,-0.057928,0.031432,0.007427
1771002519.588893,19.686402,2.100775,1.435119,2.893504,-0.058484,0.032537,0.007919
1771002519.593867,19.691375,2.086570,1.448472,2.876134,-0.058506,0.032150,0.007351
1771002519.598854,19.696362,2.109751,1.299094,2.805549,-0.056528,0.032119,0.008101
1771002519.603845,19.701354,2.100549,1.414727,2.868183,-0.057822,0.032224,0.007470
1771002519.608823,19.706332,2.034460,2.057616,2.881083,-0.072193,0.031317,0.007605
1771002519.613812,19.711321,2.077428,1.404602,2.877960,-0.058019,0.032128,0.007720
1771002519.618787,19.716296,2.041029,2.007059,2.823143,-0.071382,0.031681,0.007746
1771002519.623767,19.721276,2.067430,1.406992,2.880955,-0.058233,0.031681,0.007364
1771002519.628753,19.726262,2.075495,2.101972,2.839749,-0.072957,0.032326,0.008170
1771002519.633736,19.731245,2.106701,2.009296,2.788766,-0.071731,0.032926,0.008481
1771002519.638727,19.736235,2.114549,1.431312,2.848117,-0.058259,0.032337,0.007582
1771002519.643723,19.741231,2.082160,1.397303,2.868659,-0.058059,0.031987,0.007391
1771002519.648720,19.746228,2.247669,2.013560,0.708237,-0.056032,0.030936,0.015634
1771002519.653684,19.751193,2.240902,2.097388,0.693028,-0.056377,0.031516,0.014680
1771002519.658803,19.756312,2.240875,2.000188,0.626094,-0.055328,0.030961,0.015109
1771002519.663646,19.761155,2.280482,2.018128,0.486015,-0.054575,0.031375,0.015565
1771002519.668672,19.766181,2.248485,1.986399,0.600538,-0.054776,0.031030,0.015235
1771002519.673620,19.771129,2.243484,2.003343,0.625659,-0.055007,0.030920,0.014699
1771002519.678581,19.776090,2.292112,2.047009,0.612905,-0.055509,0.031906,0.014882
1771002519.683583,19.781092,2.140939,0.513807,0.963232,-0.036939,0.025963,0.023178
1771002519.688556,19.786065,2.087634,1.361625,2.862847,-0.057454,0.032293,0.007795
1771002519.693537,19.791045,2.070715,2.068280,2.822089,-0.072097,0.032288,0.007615
1771002519.698538,19.796046,2.052463,2.028697,2.847584,-0.071760,0.031676,0.007111
1771002519.703508,19.801017,2.059026,1.412140,2.888340,-0.058139,0.031458,0.006696
1771002519.708478,19.805987,2.053013,2.074029,2.844822,-0.072395,0.032049,0.007723
1771002519.713475,19.810983,2.070088,2.096629,2.838951,-0.072653,0.032138,0.007722
1771002519.718454,19.815962,2.100254,2.060180,2.814891,-0.072045,0.032596,0.008274
1771002519.723436,19.820945,2.076098,2.091544,2.809803,-0.072781,0.032493,0.007916
1771002519.728418,19.825926,2.113879,1.356489,2.842206,-0.057500,0.032612,0.008042
1771002519.733401,19.830909,2.060673,2.066969,2.838048,-0.072382,0.032259,0.007976
1771002519.738408,19.835917,2.069528,2.000154,2.829250,-0.071213,0.031938,0.008067
1771002519.743372,19.840880,2.079769,1.362675,2.827673,-0.057297,0.031892,0.007631
1771002519.748352,19.845860,2.056474,2.093380,2.853329,-0.072564,0.032119,0.007556
1771002519.753335,19.850843,2.068982,1.348555,2.861587,-0.057187,0.031759,0.007572
1771002519.758316,19.855824,2.089183,2.129932,2.841614,-0.073229,0.032835,0.008521
1771002519.763302,19.860811,2.094957,1.273663,2.864686,-0.056088,0.031421,0.006981
1771002519.768292,19.865801,2.106957,1.341890,2.859457,-0.056977,0.032149,0.007601
1771002519.773272,19.870781,2.152183,1.376327,2.841434,-0.057481,0.032659,0.007606
1771002519.778252,19.875761,2.018525,2.091841,2.873559,-0.072773,0.031396,0.007461
1771002519.783231,19.880740,2.124431,1.352598,2.859931,-0.056938,0.032443,0.007567
1771002519.788218,19.885727,2.051953,2.055319,2.873548,-0.072222,0.031612,0.007403
1771002519.793198,19.890707,2.029430,2.090984,2.884842,-0.072409,0.031366,0.007348
1771002519.798186,19.895695,2.117746,1.457015,2.859202,-0.058622,0.032683,0.007949
1771002519.803179,19.900687,2.076390,1.343801,2.882497,-0.057044,0.031724,0.007351
1771002519.808146,19.905655,2.049895,2.055068,2.857832,-0.071927,0.031713,0.007716
1771002519.813129,19.910638,2.075666,1.355413,2.881990,-0.057420,0.031676,0.007835
1771002519.818105,19.915614,2.045525,1.983548,2.828918,-0.070965,0.031727,0.007879
1771002519.823099,19.920607,2.227864,1.923590,0.614841,-0.053737,0.030520,0.015945
1771002519.828082,19.925591,2.264257,2.033100,0.657753,-0.055259,0.031262,0.015158
1771002519.833064,19.930572,2.265255,1.926948,0.625035,-0.053923,0.030815,0.015328
1771002519.838044,19.935553,2.246181,1.993392,0.615345,-0.054900,0.030909,0.015471
1771002519.843033,19.940542,1.904950,2.554447,2.453901,-0.062454,0.030005,0.007111
1771002519.848017,19.945526,2.100420,1.431021,2.896255,-0.058079,0.032054,0.007176
1771002519.853357,19.950866,2.094459,1.454960,2.864072,-0.058621,0.032338,0.007868
1771002519.858437,19.955945,2.071848,1.440599,2.903477,-0.058110,0.031574,0.006724
1771002519.863408,19.960917,2.039151,2.042741,2.873213,-0.072033,0.031681,0.007993
1771002519.868328,19.965837,2.099623,1.412361,2.889773,-0.057746,0.031755,0.007171
1771002519.873363,19.970871,2.098393,1.488437,2.855031,-0.058978,0.032373,0.007246
1771002519.878356,19.975865,2.078585,2.121315,2.839110,-0.073211,0.032527,0.008041
1771002519.883132,19.980641,2.116369,1.453400,2.853422,-0.058508,0.032754,0.007857
1771002519.888332,19.985841,2.116299,1.412057,2.848378,-0.057774,0.032656,0.007734
1771002519.893413,19.990921,2.095002,1.358191,2.878185,-0.057060,0.031609,0.007204
1771002519.898291,19.995800,2.139932,1.377577,2.823927,-0.057337,0.032767,0.007667
1771002519.903202,20.000710,2.090289,1.355922,2.851294,-0.057085,0.032211,0.007939
1771002519.908259,20.005768,2.009764,2.115843,2.909867,-0.072918,0.031283,0.007376
1771002519.913351,20.010859,2.053623,2.058867,2.833588,-0.072113,0.031936,0.007915
1771002519.918267,20.015776,2.094546,1.382863,2.856458,-0.057490,0.032289,0.007722
1771002519.922736,20.020245,2.021067,2.056184,2.885420,-0.072066,0.031322,0.007345
1771002519.928211,20.025720,2.099192,1.431870,2.863586,-0.058099,0.032216,0.007208
1771002519.933302,20.030810,2.041157,2.082294,2.863832,-0.072382,0.031575,0.007214
1771002519.938274,20.035783,2.066968,2.050792,2.845973,-0.072134,0.032357,0.007538
1771002519.943156,20.040665,2.048365,2.048342,2.849609,-0.072133,0.031881,0.007955
1771002519.948159,20.045668,2.059352,2.063806,2.859637,-0.072009,0.031995,0.007855
1771002519.952647,20.050156,1.554276,1.616990,2.677100,-0.061978,0.025342,0.006691
1771002519.957675,20.055184,2.279377,2.267808,0.622545,-0.057907,0.032404,0.015054
1771002519.962633,20.060142,2.260085,2.002157,0.604695,-0.055029,0.031315,0.015433
1771002519.967606,20.065115,2.221008,1.975637,0.652064,-0.054588,0.030763,0.015434
1771002519.972612,20.070121,2.266631,2.035544,0.610602,-0.055231,0.031318,0.015140
1771002519.977577,20.075086,2.245003,1.983602,0.619756,-0.054592,0.031103,0.015337
1771002519.982548,20.080057,2.273699,1.956969,0.596277,-0.054365,0.031193,0.015174
1771002519.987539,20.085047,2.253192,1.958256,0.606088,-0.054570,0.030883,0.015502
1771002519.992531,20.090039,2.259193,1.950979,0.605587,-0.053984,0.031053,0.015292
1771002519.997511,20.095020,1.884333,2.142795,1.668138,-0.077750,0.028631,0.004704
1771002520.002540,20.100048,2.034481,2.131708,2.878475,-0.073392,0.032013,0.007534
1771002520.007483,20.104991,2.095253,1.486318,2.878845,-0.058930,0.032114,0.007100
1771002520.012466,20.109974,2.047003,2.065633,2.855090,-0.072238,0.031912,0.007693
1771002520.017444,20.114953,2.032597,2.097952,2.858850,-0.072635,0.031580,0.006914
1771002520.022428,20.119937,2.030047,2.115047,2.852145,-0.072761,0.031724,0.007780
1771002520.027411,20.124920,2.033562,2.076915,2.850543,-0.072427,0.031949,0.007766
1771002520.032395,20.129903,2.068825,2.121890,2.867287,-0.072851,0.032434,0.007594
1771002520.037372,20.134881,2.038960,2.082658,2.871373,-0.072472,0.031885,0.007533
1771002520.042367,20.139875,2.086820,2.109921,2.823059,-0.072793,0.032699,0.007883
1771002520.047349,20.144858,2.062267,2.072461,2.835939,-0.072098,0.032151,0.007694
1771002520.052334,20.149843,2.112987,1.466565,2.839347,-0.058720,0.032520,0.007052
1771002520.057313,20.154822,2.104090,2.135657,2.814921,-0.073019,0.032954,0.008142
1771002520.062304,20.159813,2.067193,2.105385,2.834407,-0.072991,0.032384,0.007970
1771002520.067276,20.164785,2.077801,2.083197,2.817479,-0.072669,0.032301,0.008161
1771002520.072276,20.169785,2.086738,2.126995,2.818523,-0.072980,0.032499,0.008102
1771002520.077250,20.174759,2.032319,2.058480,2.823634,-0.072103,0.031557,0.008014
1771002520.082211,20.179719,2.071779,2.109109,2.829716,-0.072636,0.032447,0.007574
1771002520.087213,20.184722,2.051768,2.153727,2.886884,-0.073244,0.031945,0.007366
1771002520.092195,20.189703,2.069480,2.147329,2.842959,-0.073216,0.032094,0.007717
1771002520.097629,20.195138,2.069110,2.122538,2.844796,-0.072593,0.032318,0.007928
1771002520.102407,20.199915,2.047137,2.101431,2.839082,-0.072492,0.031666,0.007363
1771002520.107232,20.204741,2.021494,2.051193,2.879766,-0.071772,0.031280,0.007346
1771002520.112336,20.209845,2.013169,2.156070,2.899885,-0.073733,0.031474,0.007417
1771002520.117119,20.214628,2.062452,2.119227,2.838789,-0.072888,0.032098,0.007754
1771002520.122101,20.219610,2.042164,2.102351,2.868186,-0.072467,0.031690,0.007604
1771002520.127084,20.224593,2.064527,2.102203,2.831852,-0.072728,0.031991,0.007907
1771002520.132051,20.229560,2.019974,2.043814,2.860878,-0.071836,0.031311,0.007220
1771002520.137126,20.234635,2.145513,1.509941,2.845495,-0.059036,0.032877,0.007627
1771002520.142048,20.239557,2.047331,2.045667,2.868085,-0.071764,0.031921,0.007676
1771002520.147020,20.244528,2.073030,2.059215,2.824178,-0.072175,0.032354,0.008179
1771002520.152007,20.249516,2.045784,2.057252,2.825699,-0.071954,0.032008,0.007736
1771002520.156974,20.254482,2.090810,2.210416,2.839145,-0.074200,0.032838,0.008013
1771002520.161972,20.259480,2.125020,1.498622,2.855698,-0.058843,0.032635,0.007770
1771002520.167089,20.264598,2.085382,1.443251,2.853568,-0.058114,0.032246,0.007188
1771002520.171963,20.269472,2.117498,1.456728,2.839950,-0.058188,0.032148,0.007340
1771002520.176943,20.274451,2.076679,2.106445,2.816303,-0.072703,0.032154,0.007796
1771002520.181897,20.279405,2.013489,2.093963,2.871975,-0.072502,0.031317,0.007551
1771002520.187302,20.284811,2.070302,2.165694,2.861436,-0.073553,0.032442,0.007511
1771002520.191871,20.289380,2.130795,1.636666,1.427750,-0.043755,0.030927,0.016715
1771002520.196844,20.294352,2.243049,2.012747,0.608152,-0.054986,0.030847,0.014848
1771002520.201900,20.299409,2.281654,1.998668,0.585903,-0.054447,0.031294,0.015207
1771002520.206820,20.304329,2.278424,2.147623,0.640912,-0.056596,0.032004,0.015132
1771002520.211790,20.309298,1.324990,0.087153,2.102070,-0.027042,0.012512,0.017698
1771002520.216772,20.314280,2.046098,2.095429,2.843302,-0.072472,0.031724,0.007405
1771002520.221756,20.319265,2.086917,2.141320,2.834536,-0.073447,0.032697,0.007982
1771002520.226737,20.324245,2.028653,2.109004,2.861783,-0.072467,0.031419,0.007499
1771002520.231718,20.329227,2.015429,1.987279,2.847101,-0.070473,0.031153,0.007581
1771002520.236708,20.334217,2.066867,2.126201,2.862140,-0.072992,0.032268,0.007630
1771002520.241701,20.339209,2.051949,2.121812,2.866471,-0.072962,0.032116,0.007726
1771002520.246686,20.344195,2.019118,2.058664,2.877115,-0.071956,0.031395,0.007206
1771002520.251662,20.349170,2.055411,2.119451,2.839793,-0.072630,0.031958,0.007739
1771002520.256644,20.354153,2.065260,2.143850,2.861500,-0.073168,0.031905,0.007580
1771002520.261628,20.359137,2.272777,1.581104,0.407484,-0.062179,0.030644,0.019598
1771002520.266606,20.364115,2.232067,2.069464,0.675397,-0.055467,0.031065,0.014920
1771002520.271591,20.369100,2.218723,2.085747,0.684742,-0.056009,0.030994,0.015005
1771002520.276575,20.374084,2.289765,1.231927,0.262758,-0.051801,0.026902,0.019767
1771002520.281556,20.379065,2.060978,2.094543,2.845032,-0.072378,0.032205,0.008052
1771002520.286548,20.384057,2.097800,2.157904,2.821133,-0.073320,0.032530,0.007998
1771002520.291523,20.389032,2.054517,2.122367,2.839613,-0.072483,0.031900,0.007411
1771002520.296505,20.394013,2.071055,2.118395,2.825959,-0.072479,0.032216,0.007903
1771002520.301485,20.398993,2.062223,2.097949,2.847715,-0.072211,0.032043,0.007538
1771002520.306496,20.404005,2.062606,2.112601,2.841735,-0.072025,0.031779,0.007532
1771002520.311460,20.408968,2.079313,2.112209,2.835370,-0.072940,0.032460,0.008095
1771002520.316441,20.413949,2.073243,2.127348,2.854853,-0.072436,0.031876,0.007826
1771002520.321422,20.418930,2.038283,2.155808,2.863362,-0.073202,0.031975,0.007876
1771002520.326405,20.423913,2.058333,2.161273,2.844127,-0.073286,0.031923,0.007604
1771002520.331382,20.428890,2.023695,2.092846,2.854459,-0.072192,0.031556,0.007778
1771002520.336362,20.433871,2.033804,2.072160,2.824329,-0.072306,0.031926,0.007654
1771002520.341458,20.438967,2.070350,2.063502,2.813495,-0.071673,0.032184,0.007866
1771002520.346332,20.443841,2.076993,2.050280,2.806822,-0.071768,0.032495,0.008033
1771002520.351320,20.448829,2.098757,2.166258,2.825498,-0.073480,0.032735,0.007635
1771002520.356305,20.453813,2.068768,2.166485,2.836749,-0.073477,0.032196,0.007815
1771002520.361286,20.458795,2.050077,2.159719,2.865818,-0.073438,0.032016,0.007562
1771002520.366282,20.463791,2.013167,2.061376,2.886560,-0.071769,0.031355,0.007268
1771002520.371438,20.468947,2.036582,2.120293,2.878725,-0.072816,0.031850,0.007455
1771002520.376257,20.473766,2.130141,2.162040,2.812296,-0.073268,0.033323,0.008212
1771002520.381224,20.478733,2.062141,2.090716,2.830118,-0.072366,0.032230,0.007901
1771002520.386225,20.483734,2.106963,2.101172,2.803274,-0.072749,0.032911,0.008405
1771002520.391186,20.488695,2.104397,2.092760,2.794156,-0.072383,0.032853,0.008207
1771002520.396176,20.493685,2.073502,2.100786,2.825685,-0.072520,0.032598,0.008435
1771002520.401164,20.498672,2.109548,2.094397,2.793738,-0.072679,0.033041,0.008671
1771002520.406142,20.503650,2.113792,2.067441,2.811199,-0.071719,0.032487,0.007840
1771002520.411124,20.508633,2.070539,2.096776,2.825632,-0.072243,0.031994,0.007540
1771002520.416099,20.513607,2.091479,2.038945,2.792905,-0.071412,0.032370,0.008274
1771002520.421084,20.518593,2.080623,1.389742,2.839628,-0.057370,0.031700,0.006793
1771002520.426066,20.523574,2.088346,2.104737,2.828488,-0.072520,0.032633,0.007797
1771002520.431055,20.528563,2.086870,2.193753,2.830939,-0.073616,0.032441,0.007555
1771002520.436024,20.533532,2.077841,2.100814,2.841710,-0.072718,0.032398,0.007711
1771002520.441011,20.538520,2.074385,2.125624,2.832655,-0.072412,0.032183,0.007660
1771002520.446008,20.543517,2.103445,2.068080,2.773671,-0.072332,0.032843,0.007877
1771002520.450984,20.548493,2.054421,2.180946,2.843498,-0.073765,0.032090,0.007523
1771002520.455980,20.553488,2.039254,2.082156,2.875879,-0.072213,0.031449,0.007039
1771002520.460951,20.558460,2.111126,2.127467,2.814890,-0.072657,0.032925,0.007663
1771002520.465934,20.563442,2.037094,2.119219,2.838610,-0.072803,0.031658,0.007409
1771002520.470935,20.568443,2.050355,2.201438,2.858381,-0.073826,0.032192,0.007650
1771002520.475899,20.573408,2.086770,2.111840,2.817303,-0.072458,0.032560,0.008045
1771002520.481369,20.578878,1.608366,1.975499,2.649313,-0.074025,0.027794,0.009659
1771002520.485866,20.583375,2.272051,2.090932,0.631220,-0.055685,0.031728,0.014994
1771002520.490864,20.588372,2.255150,1.974437,0.644037,-0.054325,0.030894,0.014985
1771002520.495835,20.593344,2.249029,2.088543,0.657053,-0.055680,0.031359,0.014507
1771002520.500809,20.598318,2.255776,2.038081,0.635056,-0.055035,0.031254,0.014756
1771002520.505802,20.603310,2.251803,2.026605,0.622365,-0.054876,0.031219,0.014673
1771002520.510835,20.608343,2.249742,1.993720,0.614272,-0.054522,0.030972,0.014899
1771002520.516368,20.613877,2.276845,2.097114,0.620929,-0.055746,0.031804,0.014960
1771002520.520767,20.618276,2.244557,2.026411,0.632702,-0.055064,0.031095,0.014681
1771002520.525743,20.623252,2.281957,2.119839,0.643154,-0.056148,0.031863,0.014289
1771002520.530727,20.628236,2.226133,2.038917,0.643958,-0.054868,0.030981,0.014442
1771002520.535711,20.633220,2.216784,2.065114,0.674448,-0.055270,0.031058,0.014178
1771002520.540672,20.638181,2.257248,2.114340,0.672855,-0.056143,0.031642,0.014521
1771002520.545673,20.643182,2.256959,2.135820,0.660153,-0.056098,0.031588,0.014510
1771002520.550653,20.648162,2.245629,2.005536,0.620529,-0.054854,0.031135,0.014785
1771002520.555626,20.653135,2.250406,2.133715,0.657877,-0.056198,0.031696,0.014540
1771002520.560612,20.658120,2.266233,2.062908,0.619791,-0.055361,0.031282,0.014757
1771002520.565595,20.663104,2.272262,2.093017,0.619412,-0.056213,0.031869,0.014775
1771002520.570612,20.668120,2.267076,1.955640,0.554844,-0.053306,0.031121,0.015551
1771002520.575564,20.673073,2.277280,2.069335,0.636607,-0.055386,0.031718,0.014370
1771002520.580541,20.678050,2.246388,2.068060,0.643775,-0.055401,0.031241,0.014636
1771002520.585524,20.683033,2.270624,2.083989,0.628707,-0.055506,0.031786,0.014529
1771002520.590521,20.688030,2.252719,2.073693,0.665411,-0.055476,0.031300,0.014238
1771002520.595543,20.693051,2.269489,2.064747,0.635695,-0.055203,0.031497,0.014922
1771002520.601078,20.698587,2.254646,2.095098,0.674925,-0.055890,0.031752,0.014660
1771002520.605457,20.702965,2.248771,2.014826,0.653026,-0.054717,0.031288,0.014295
1771002520.610455,20.707963,2.224125,1.999137,0.636426,-0.054621,0.030786,0.015058
1771002520.615430,20.712938,2.248408,2.019424,0.618809,-0.054650,0.031163,0.014610
1771002520.620413,20.717921,2.229017,2.086372,0.691374,-0.055762,0.031143,0.014049
1771002520.625391,20.722900,2.287655,2.020651,0.561225,-0.054439,0.031635,0.014898
1771002520.630378,20.727886,2.232420,2.034114,0.667519,-0.054734,0.031007,0.014480
1771002520.635357,20.732866,2.264104,2.043688,0.615376,-0.054887,0.031639,0.014739
1771002520.640356,20.737864,2.263391,2.043842,0.608648,-0.054816,0.031358,0.014966
1771002520.645324,20.742833,2.259902,2.053141,0.654265,-0.054915,0.031460,0.014205
1771002520.650330,20.747839,2.243914,2.095169,0.642663,-0.055806,0.031183,0.014560
1771002520.655288,20.752796,2.238167,2.015661,0.612776,-0.054726,0.031008,0.014921
1771002520.660271,20.757780,2.248964,2.047387,0.595751,-0.055030,0.031021,0.014753
1771002520.665254,20.762763,2.286044,2.110843,0.600077,-0.055203,0.032065,0.014453
1771002520.670230,20.767738,2.271070,2.032165,0.590041,-0.054843,0.031382,0.014402
1771002520.675222,20.772730,2.274491,1.989905,0.592164,-0.054095,0.031091,0.014654
1771002520.680216,20.777725,2.254841,2.103673,0.663722,-0.055845,0.031576,0.014476
1771002520.685184,20.782692,2.262864,2.067406,0.591669,-0.055217,0.031596,0.015035
1771002520.690170,20.787679,2.260829,2.105894,0.647033,-0.055825,0.031723,0.014654
1771002520.695159,20.792668,2.278793,2.119292,0.656238,-0.056027,0.032020,0.014239
1771002520.700152,20.797661,2.265847,2.157169,0.654661,-0.056581,0.031931,0.014050
1771002520.705139,20.802648,2.278444,1.995537,0.591976,-0.054207,0.031385,0.014439
1771002520.710491,20.808000,2.261831,2.078888,0.578858,-0.055432,0.031626,0.014605
1771002520.715516,20.813025,2.252867,2.075941,0.630491,-0.055270,0.031486,0.014691
1771002520.720100,20.817609,2.245870,2.098614,0.665732,-0.055837,0.031333,0.013957
1771002520.725665,20.823174,2.266723,2.133016,0.611708,-0.055878,0.031827,0.014814
1771002520.730064,20.827573,2.250705,2.021016,0.616847,-0.054295,0.031154,0.014643
1771002520.735739,20.833248,2.275404,2.032100,0.593397,-0.055032,0.031444,0.015147
1771002520.740001,20.837509,2.236093,2.078393,0.666080,-0.055636,0.031281,0.014409
1771002520.745049,20.842558,2.277527,2.057984,0.663917,-0.055205,0.031602,0.014491
1771002520.750705,20.848213,2.291023,2.040498,0.609437,-0.054754,0.031642,0.014199
1771002520.754962,20.852470,2.272216,2.074634,0.649568,-0.055239,0.031605,0.014269
1771002520.759941,20.857450,2.253671,2.014202,0.599072,-0.054546,0.031207,0.014736
1771002520.764920,20.862428,2.272333,2.057757,0.609905,-0.054841,0.031526,0.014588
1771002520.769895,20.867404,2.258099,2.034705,0.604640,-0.054767,0.031276,0.014382
1771002520.774893,20.872402,2.270290,2.061792,0.573694,-0.054548,0.031514,0.014694
1771002520.779923,20.877432,2.271357,2.094982,0.633885,-0.055651,0.031805,0.014750
1771002520.785517,20.883026,2.244677,2.084975,0.639208,-0.055701,0.031332,0.014573
1771002520.789852,20.887361,2.248996,2.061223,0.625352,-0.054975,0.031284,0.014791
1771002520.794809,20.892318,2.268051,2.081056,0.616514,-0.055142,0.031584,0.014436
1771002520.799811,20.897320,2.279734,2.069802,0.568645,-0.054959,0.031637,0.014613
1771002520.804800,20.902309,2.254512,2.046676,0.635464,-0.054938,0.031326,0.014638
1771002520.809777,20.907286,2.263463,2.097118,0.643998,-0.055569,0.031634,0.014411
1771002520.814750,20.912258,2.248107,2.071774,0.655868,-0.055227,0.031286,0.014212
1771002520.820175,20.917684,2.474583,2.178432,0.301562,-0.057717,0.033866,0.011126
1771002520.825212,20.922721,2.256201,2.084449,0.644609,-0.055373,0.031253,0.014381
1771002520.829708,20.927217,2.272379,1.993703,0.537963,-0.053999,0.031284,0.014137
1771002520.834758,20.932266,2.262783,2.085424,0.586490,-0.055383,0.031599,0.014884
1771002520.839692,20.937201,2.272821,2.077681,0.611999,-0.055027,0.031618,0.014124
1771002520.844651,20.942159,2.237943,2.054488,0.604607,-0.055083,0.031125,0.014470
1771002520.849633,20.947141,2.293293,2.223634,0.627539,-0.056853,0.032289,0.014105
1771002520.854630,20.952139,2.278842,2.188042,0.618916,-0.056206,0.032256,0.014318
1771002520.859600,20.957109,2.290321,2.107046,0.604489,-0.055689,0.031751,0.014200
1771002520.864581,20.962090,2.219886,2.035435,0.673524,-0.054706,0.030601,0.014253
1771002520.869617,20.967126,2.260863,2.088961,0.581985,-0.055483,0.031504,0.014774
1771002520.874575,20.972084,2.310880,2.159055,0.562763,-0.056012,0.032467,0.014587
1771002520.879552,20.977061,2.258581,2.053338,0.603526,-0.055000,0.031343,0.014896
1771002520.884507,20.982016,2.272328,2.045785,0.628729,-0.054740,0.031414,0.014402
1771002520.889491,20.986999,2.236567,2.021330,0.657002,-0.054232,0.030943,0.014319
1771002520.894499,20.992008,2.283862,2.150200,0.567449,-0.056065,0.032009,0.014773
1771002520.899466,20.996974,2.280751,2.141317,0.614635,-0.055939,0.031914,0.014346
1771002520.904449,21.001957,2.253853,2.071540,0.634355,-0.055216,0.031220,0.014032
1771002520.909420,21.006929,2.251692,2.050683,0.582861,-0.054833,0.031462,0.014450
1771002520.914491,21.011999,2.280110,2.076273,0.596713,-0.055041,0.031552,0.014637
1771002520.919386,21.016894,2.283185,2.110847,0.583011,-0.055408,0.031851,0.014607
1771002520.924380,21.021888,2.248439,2.059111,0.636886,-0.055078,0.031292,0.014358
1771002520.929357,21.026865,2.262000,2.095630,0.575948,-0.055335,0.031669,0.014381
1771002520.934355,21.031863,2.256063,2.102368,0.596406,-0.055684,0.031427,0.014524
1771002520.939385,21.036894,2.254189,2.117074,0.631471,-0.055881,0.031669,0.014025
1771002520.944304,21.041812,2.275465,2.036508,0.550103,-0.054729,0.031280,0.014795
1771002520.949311,21.046820,2.258091,2.105551,0.605543,-0.055254,0.031447,0.013849
1771002520.954277,21.051786,2.250811,2.131377,0.627392,-0.055912,0.031371,0.014161
1771002520.959263,21.056771,2.296454,2.258772,0.634087,-0.057802,0.032665,0.014357
1771002520.964240,21.061748,2.248359,2.040756,0.579494,-0.054782,0.031113,0.014399
1771002520.969342,21.066850,2.228526,2.018034,0.612456,-0.054205,0.030658,0.014149
1771002520.974224,21.071733,2.268907,2.032249,0.563326,-0.054641,0.031460,0.014552
1771002520.979193,21.076701,2.263400,2.061547,0.561960,-0.054377,0.031395,0.014453
1771002520.984167,21.081676,2.263596,2.109815,0.636264,-0.055519,0.031738,0.014502
1771002520.989215,21.086724,2.283594,2.099644,0.601834,-0.055308,0.032012,0.014476
1771002520.994142,21.091650,2.275914,2.143389,0.605501,-0.055862,0.031769,0.014387
1771002520.999111,21.096619,2.276100,2.025592,0.556632,-0.054258,0.031534,0.014786
1771002521.004137,21.101645,2.253969,2.040806,0.605776,-0.054671,0.031254,0.014617
1771002521.009164,21.106672,2.287501,2.150806,0.557374,-0.056011,0.032134,0.014347
1771002521.014070,21.111578,2.264689,2.059126,0.583898,-0.055207,0.031493,0.014594
1771002521.019069,21.116578,2.251131,2.066474,0.628283,-0.055046,0.031287,0.014084
1771002521.024076,21.121585,2.233947,2.012861,0.613228,-0.054741,0.030752,0.014705
1771002521.029019,21.126528,2.251346,2.079303,0.651801,-0.055506,0.031422,0.014436
1771002521.034002,21.131510,2.266041,2.049925,0.628829,-0.054857,0.031286,0.014078
1771002521.039006,21.136514,2.259534,2.082150,0.608006,-0.055054,0.031492,0.013707
1771002521.043975,21.141484,2.259074,2.090025,0.582227,-0.055174,0.031751,0.014336
1771002521.048965,21.146474,2.246323,2.064173,0.619482,-0.054847,0.031073,0.014381
1771002521.053932,21.151441,2.250003,1.959708,0.531892,-0.053513,0.031062,0.014762
1771002521.058923,21.156432,2.245835,2.007683,0.550018,-0.054309,0.030971,0.014819
1771002521.063902,21.161410,2.238116,2.045487,0.633316,-0.054638,0.030941,0.014581
1771002521.068898,21.166407,2.248809,2.041334,0.602921,-0.054976,0.031112,0.014980
1771002521.073870,21.171379,2.275155,2.071398,0.630410,-0.055149,0.031412,0.014520
1771002521.079015,21.176524,2.266514,2.042263,0.578363,-0.054759,0.031328,0.015478
1771002521.083859,21.181368,2.258855,1.990142,0.601625,-0.053838,0.030971,0.015194
1771002521.088827,21.186336,2.263688,1.996051,0.545602,-0.054120,0.031276,0.015723
1771002521.093804,21.191313,2.249825,2.034858,0.609909,-0.054985,0.031190,0.015779
1771002521.098836,21.196345,2.235334,2.013228,0.586366,-0.054616,0.030793,0.015613
1771002521.103763,21.201271,2.289141,1.977664,0.543338,-0.054073,0.031442,0.015817
1771002521.108742,21.206251,2.284506,2.050203,0.579035,-0.055236,0.031584,0.015633
1771002521.113725,21.211234,2.292018,2.045721,0.594721,-0.055116,0.031745,0.015856
1771002521.118755,21.216264,1.435233,2.078746,0.760655,-0.068247,0.025395,0.014518
1771002521.123725,21.221234,2.264867,1.994205,0.566396,-0.054542,0.031091,0.016084
1771002521.128693,21.226201,1.446601,2.098495,0.779860,-0.069038,0.025476,0.014306
1771002521.133678,21.231187,1.475036,2.147110,0.798721,-0.069058,0.026081,0.014211
1771002521.138794,21.236302,2.289259,2.053333,0.643122,-0.055639,0.031332,0.015995
1771002521.143656,21.241164,2.261831,2.025460,0.626324,-0.055074,0.031031,0.015345
1771002521.148628,21.246137,2.268216,1.980233,0.604725,-0.054147,0.030917,0.015754
1771002521.153599,21.251107,2.299200,2.043589,0.584141,-0.055127,0.031730,0.015811
1771002521.158814,21.256322,2.276754,1.972040,0.590658,-0.053773,0.031287,0.015548
1771002521.163567,21.261076,2.257503,1.966729,0.596292,-0.054502,0.030840,0.015966
1771002521.168571,21.266080,2.268972,1.945521,0.585820,-0.053965,0.030839,0.016013
1771002521.173531,21.271040,1.458612,2.140814,0.807975,-0.069142,0.025766,0.014050
1771002521.178525,21.276033,1.478393,2.112621,0.784402,-0.068448,0.025740,0.014495
1771002521.183487,21.280995,2.271914,2.055710,0.619856,-0.055113,0.031342,0.015434
1771002521.188470,21.285978,2.284531,2.020646,0.594313,-0.054860,0.031400,0.015845
1771002521.193452,21.290961,1.464804,2.223891,0.869636,-0.070003,0.026206,0.013939
1771002521.198435,21.295944,2.293866,1.982176,0.594611,-0.054495,0.031377,0.016127
1771002521.203521,21.301029,2.241400,1.994946,0.701054,-0.054678,0.030561,0.015304
1771002521.208402,21.305910,2.286807,2.053403,0.635323,-0.055601,0.031550,0.015787
1771002521.213394,21.310903,2.268041,2.050380,0.645141,-0.055358,0.031267,0.015745
1771002521.218426,21.315935,2.267171,1.965275,0.604236,-0.053913,0.030993,0.015915
1771002521.223351,21.320860,1.495127,2.171999,0.796186,-0.069389,0.026294,0.014285
1771002521.228334,21.325842,2.289499,1.991378,0.590367,-0.054219,0.031210,0.015683
1771002521.233346,21.330854,2.242198,1.905818,0.622159,-0.053629,0.030337,0.016073
1771002521.238317,21.335826,2.251018,2.066705,0.680411,-0.055622,0.030960,0.015384
1771002521.243351,21.340860,2.289274,1.985951,0.627615,-0.054649,0.031170,0.015922
1771002521.248939,21.346448,1.505592,2.179781,0.776309,-0.069095,0.026570,0.014778
1771002521.253296,21.350805,2.272292,1.962461,0.614705,-0.054040,0.030897,0.015987
1771002521.258248,21.355757,2.306988,2.111224,0.624334,-0.056059,0.031986,0.015609
1771002521.263217,21.360726,2.273347,2.044119,0.671805,-0.055172,0.031175,0.015755
1771002521.268205,21.365714,2.304146,2.007516,0.605208,-0.054745,0.031347,0.015827
1771002521.273179,21.370687,2.293503,2.028865,0.608063,-0.055012,0.031475,0.016033
1771002521.278169,21.375678,1.468675,2.152141,0.811686,-0.068742,0.025863,0.014270
1771002521.283148,21.380657,2.264218,2.040571,0.641328,-0.055275,0.031071,0.015760
1771002521.288128,21.385637,2.286181,2.034577,0.564191,-0.054819,0.031400,0.016038
1771002521.293111,21.390620,2.271620,1.933853,0.588351,-0.053762,0.030863,0.016260
1771002521.298094,21.395603,1.487452,2.139185,0.785884,-0.069107,0.026097,0.014491
1771002521.303099,21.400608,1.447894,2.070765,0.812125,-0.068394,0.025452,0.014407
1771002521.308077,21.405585,2.305104,1.993757,0.583935,-0.054633,0.031454,0.015584
1771002521.313046,21.410554,2.275725,2.007512,0.609798,-0.054617,0.030999,0.015410
1771002521.318041,21.415549,2.277081,1.943812,0.611496,-0.053833,0.030917,0.015716
1771002521.323017,21.420526,2.290772,1.964272,0.581123,-0.053676,0.031365,0.015936
1771002521.327995,21.425503,2.268500,1.974388,0.601443,-0.054416,0.030801,0.015810
1771002521.332986,21.430495,2.267107,1.992971,0.642786,-0.054597,0.030958,0.016022
1771002521.337989,21.435497,2.260727,1.939922,0.615708,-0.053608,0.030781,0.015845
1771002521.342948,21.440457,2.257742,1.971403,0.635877,-0.054172,0.030868,0.015500
1771002521.347926,21.445435,2.271165,1.999458,0.617880,-0.054607,0.031053,0.015411
1771002521.352908,21.450417,2.254960,1.981452,0.604201,-0.054325,0.030969,0.015435
1771002521.357893,21.455402,2.274717,2.027651,0.627348,-0.055094,0.031207,0.015759
1771002521.362870,21.460379,1.507026,2.145452,0.789723,-0.068901,0.026398,0.014481
1771002521.367853,21.465362,2.260126,1.944480,0.569998,-0.053836,0.030692,0.016131
1771002521.372954,21.470463,2.293256,2.042078,0.602085,-0.054899,0.031508,0.015891
1771002521.377834,21.475343,1.468700,2.144889,0.787838,-0.069110,0.025942,0.014172
1771002521.382810,21.480319,2.287999,1.980360,0.556379,-0.054183,0.031394,0.015983
1771002521.387782,21.485291,2.246995,1.898796,0.559002,-0.053259,0.030318,0.015826
1771002521.392766,21.490275,2.310045,2.009191,0.589479,-0.054513,0.031659,0.015742
1771002521.397765,21.495274,2.271890,2.061083,0.640963,-0.055338,0.031323,0.015650
1771002521.402824,21.500333,2.290922,2.034845,0.611019,-0.055298,0.031365,0.015717
1771002521.407721,21.505230,2.281437,2.062361,0.632117,-0.055323,0.031455,0.015545
1771002521.412715,21.510224,2.261345,2.017973,0.645253,-0.054624,0.030993,0.015374
1771002521.417696,21.515205,2.278993,1.972021,0.596863,-0.054137,0.031197,0.015339
1771002521.422681,21.520190,2.296065,2.056637,0.614831,-0.055209,0.031766,0.015316
1771002521.427664,21.525173,2.252201,1.945192,0.615780,-0.053638,0.030488,0.015389
1771002521.432647,21.530156,2.281215,1.909514,0.573954,-0.053172,0.030805,0.015518
1771002521.437668,21.535177,2.266111,1.957213,0.563370,-0.054045,0.030788,0.015717
1771002521.442600,21.540109,1.471633,2.088845,0.730069,-0.068641,0.025826,0.014071
1771002521.447594,21.545102,2.311520,2.041055,0.581595,-0.054969,0.031596,0.015341
1771002521.452564,21.550073,2.257145,2.010757,0.604865,-0.054781,0.030904,0.015498
1771002521.457562,21.555071,2.272356,1.979023,0.586191,-0.054030,0.031002,0.015354
1771002521.462538,21.560046,2.292562,2.022850,0.575880,-0.054744,0.031650,0.015746
1771002521.467537,21.565045,2.275946,2.048891,0.570729,-0.055397,0.031226,0.015274
1771002521.472519,21.570027,2.273681,2.018015,0.618253,-0.055012,0.031159,0.015386
1771002521.477474,21.574983,2.279489,2.021542,0.631928,-0.054968,0.031227,0.015431
1771002521.482507,21.580016,2.328577,2.082205,0.591678,-0.055557,0.032036,0.015103
1771002521.487459,21.584968,2.271284,1.943497,0.573733,-0.053817,0.030943,0.015596
1771002521.492435,21.589943,2.347822,2.105786,0.550809,-0.055928,0.032467,0.015062
1771002521.497426,21.594935,2.278335,2.024783,0.628824,-0.054669,0.031177,0.015233
1771002521.502414,21.599922,2.312032,1.973275,0.556327,-0.054041,0.031509,0.015735
1771002521.507397,21.604905,2.324908,2.036794,0.580696,-0.054970,0.031795,0.015533
1771002521.512368,21.609877,2.293684,1.949070,0.532505,-0.053720,0.031298,0.016080
1771002521.517390,21.614898,2.320371,2.030756,0.587341,-0.054858,0.031754,0.015339
1771002521.522337,21.619845,2.310967,2.094435,0.607022,-0.055810,0.031840,0.015373
1771002521.527317,21.624825,2.304319,2.054667,0.594325,-0.055287,0.031597,0.015554
1771002521.532294,21.629802,2.312327,2.066646,0.585082,-0.055666,0.031698,0.015509
1771002521.537274,21.634783,2.312225,1.996887,0.543113,-0.054253,0.031652,0.015325
1771002521.542272,21.639781,2.267074,1.987496,0.578725,-0.054410,0.031122,0.015762
1771002521.547244,21.644753,2.296273,1.962016,0.574186,-0.054135,0.031025,0.015468
1771002521.552248,21.649757,2.312922,2.059432,0.604037,-0.055252,0.031816,0.015096
1771002521.557213,21.654721,1.490565,2.145145,0.794309,-0.068908,0.026135,0.013970
1771002521.562200,21.659708,2.282582,1.976403,0.607753,-0.054133,0.031044,0.015519
1771002521.567178,21.664687,2.293634,1.996247,0.568145,-0.054448,0.031461,0.015618
1771002521.572161,21.669670,2.314868,2.027657,0.554009,-0.055217,0.031625,0.015981
1771002521.577153,21.674662,2.295034,2.023220,0.614894,-0.055253,0.031484,0.015244
1771002521.582133,21.679642,2.289708,2.094504,0.661937,-0.055703,0.031583,0.014790
1771002521.587117,21.684625,2.310015,2.035555,0.580563,-0.054747,0.031785,0.015404
1771002521.592099,21.689608,2.259326,2.180936,0.707514,-0.056972,0.031638,0.014778
1771002521.597076,21.694585,2.312495,2.070387,0.597770,-0.055547,0.031920,0.015467
1771002521.602091,21.699600,2.304896,2.025841,0.578496,-0.055069,0.031465,0.015310
1771002521.607091,21.704600,2.307693,2.067610,0.611433,-0.055302,0.031796,0.015155
1771002521.612033,21.709541,2.317867,2.018903,0.558793,-0.055090,0.031786,0.015517
1771002521.617027,21.714536,2.325379,2.028203,0.578941,-0.055026,0.031686,0.015198
1771002521.622008,21.719517,1.507234,2.153569,0.745206,-0.068941,0.026287,0.013922
1771002521.626983,21.724491,2.312697,2.039426,0.584900,-0.054962,0.031602,0.015549
1771002521.631963,21.729472,2.316197,2.088874,0.572050,-0.055506,0.031996,0.015220
1771002521.636944,21.734452,2.306695,2.075832,0.588600,-0.055385,0.031790,0.015099
1771002521.641932,21.739441,2.285477,2.025168,0.587369,-0.054741,0.031154,0.015465
1771002521.646922,21.744431,2.277358,1.971370,0.605170,-0.054391,0.031104,0.015161
1771002521.651905,21.749414,2.325909,2.010346,0.554740,-0.054294,0.031863,0.015543
1771002521.656924,21.754433,2.312260,2.089790,0.620173,-0.055952,0.031800,0.014957
1771002521.661868,21.759377,2.284199,2.014087,0.610851,-0.055011,0.031318,0.015487
1771002521.666843,21.764352,2.291357,1.998520,0.600511,-0.054472,0.031313,0.015545
1771002521.671824,21.769333,1.494011,2.203429,0.788095,-0.069698,0.026288,0.013670
1771002521.676816,21.774325,2.288139,2.042363,0.625446,-0.055094,0.031400,0.015103
1771002521.681795,21.779303,2.300442,2.071427,0.639642,-0.055486,0.031602,0.015464
1771002521.686779,21.784287,2.314007,2.060825,0.635464,-0.055354,0.031765,0.015061
1771002521.691760,21.789269,2.298367,1.999707,0.583249,-0.054839,0.031211,0.015423
1771002521.696745,21.794254,1.510559,2.133418,0.766162,-0.068452,0.026440,0.014009
1771002521.701748,21.799257,2.322583,2.043787,0.571908,-0.054981,0.031788,0.015330
1771002521.706712,21.804221,2.294723,2.041255,0.599916,-0.055130,0.031368,0.015234
1771002521.711694,21.809202,2.302998,2.024781,0.609633,-0.055000,0.031577,0.015601
1771002521.716681,21.814189,2.316278,1.916042,0.547036,-0.053248,0.031376,0.015800
1771002521.721659,21.819167,2.329568,2.070394,0.579117,-0.055168,0.032036,0.015488
1771002521.727087,21.824595,2.288328,2.050886,0.642723,-0.054996,0.031376,0.015024
1771002521.731637,21.829146,2.289860,2.047573,0.650407,-0.055394,0.031588,0.015403
1771002521.736622,21.834131,2.327073,2.077577,0.644338,-0.055459,0.031999,0.014992
1771002521.741604,21.839113,2.307565,2.027876,0.605524,-0.054994,0.031570,0.015550
1771002521.746569,21.844078,2.346131,2.083800,0.607952,-0.055841,0.032245,0.015581
1771002521.751572,21.849080,2.288766,2.005919,0.603578,-0.054962,0.031242,0.015550
1771002521.756543,21.854052,2.274571,1.995291,0.636503,-0.054805,0.031112,0.015419
1771002521.761526,21.859035,1.509470,2.055047,0.724062,-0.068182,0.026022,0.014532
1771002521.766532,21.864041,2.287321,2.043858,0.657814,-0.055406,0.031509,0.015380
1771002521.771499,21.869008,2.276634,2.006032,0.648177,-0.055335,0.031302,0.015568
1771002521.776563,21.874072,2.290176,1.970447,0.596603,-0.054178,0.031074,0.015449
1771002521.782053,21.879561,2.316864,2.098575,0.663425,-0.056183,0.032010,0.015317
1771002521.786447,21.883955,1.518383,2.106886,0.759976,-0.068402,0.026430,0.014288
1771002521.791439,21.888948,2.322046,1.966200,0.586975,-0.054092,0.031516,0.015528
1771002521.796411,21.893920,2.279114,1.998830,0.566589,-0.054549,0.031235,0.015580
1771002521.801393,21.898901,2.298474,1.983004,0.609619,-0.054278,0.031321,0.015398
1771002521.806387,21.903896,2.294604,1.962676,0.553789,-0.054147,0.031188,0.015895
1771002521.811361,21.908870,2.310771,2.056338,0.566743,-0.055442,0.031726,0.015396
1771002521.816341,21.913850,1.487900,2.079389,0.774861,-0.068490,0.025889,0.014064
1771002521.821327,21.918836,2.331929,2.177629,0.564871,-0.056768,0.032632,0.015189
1771002521.826310,21.923819,2.315631,1.994163,0.538360,-0.054177,0.031563,0.014915
1771002521.831290,21.928799,2.278339,1.992345,0.602032,-0.054492,0.031090,0.015170
1771002521.836288,21.933797,2.302469,2.008854,0.588245,-0.054551,0.031534,0.015236
1771002521.841262,21.938771,2.295367,1.977377,0.560638,-0.054222,0.031255,0.015431
1771002521.846252,21.943760,2.304248,1.928210,0.583500,-0.053712,0.030971,0.015096
1771002521.851218,21.948726,2.300647,2.009188,0.609745,-0.054712,0.031595,0.015141
1771002521.856216,21.953725,2.316519,1.999332,0.556046,-0.054581,0.031756,0.015541
1771002521.861192,21.958701,2.302171,2.031580,0.599743,-0.054974,0.031485,0.015533
1771002521.866170,21.963679,2.340760,1.954164,0.566555,-0.053792,0.031730,0.015283
1771002521.871171,21.968680,2.315399,2.001036,0.582968,-0.054685,0.031616,0.015478
1771002521.876141,21.973650,2.363151,2.027794,0.516626,-0.054673,0.032292,0.014991
1771002521.881129,21.978637,2.280802,2.120514,0.587447,-0.055774,0.031500,0.013843
1771002521.886102,21.983611,2.292350,2.109379,0.652637,-0.056127,0.031699,0.014565
1771002521.891093,21.988602,2.314675,2.010335,0.552694,-0.054685,0.031534,0.015005
1771002521.896076,21.993585,2.298939,2.117589,0.664863,-0.056234,0.032021,0.014903
1771002521.901045,21.998554,2.332561,2.039342,0.574386,-0.054799,0.032062,0.014885
1771002521.906045,22.003554,2.319399,2.021122,0.577776,-0.054775,0.031792,0.015408
1771002521.911023,22.008532,2.299044,1.985557,0.562934,-0.054485,0.031415,0.015580
1771002521.916005,22.013513,2.318490,2.027679,0.571231,-0.055016,0.031843,0.015075
1771002521.920990,22.018498,2.353562,2.023746,0.546785,-0.055008,0.032152,0.015033
1771002521.925979,22.023488,2.345606,2.034332,0.537159,-0.055283,0.032245,0.015140
1771002521.930954,22.028462,2.358945,2.054308,0.568174,-0.055635,0.032235,0.015121
1771002521.935950,22.033459,2.354419,2.092593,0.550342,-0.056140,0.032418,0.014748
1771002521.940930,22.038439,2.360549,2.158668,0.603135,-0.056931,0.032918,0.014983
1771002521.945912,22.043421,2.326521,2.056004,0.560061,-0.056115,0.031909,0.015188
1771002521.950905,22.048413,2.352499,2.076638,0.569291,-0.056058,0.032545,0.015065
1771002521.955869,22.053378,2.340285,2.116338,0.594454,-0.056677,0.032489,0.014759
1771002521.960851,22.058360,2.323004,2.051901,0.615140,-0.055519,0.031759,0.014991
1771002521.965829,22.063338,2.332484,1.973435,0.541069,-0.054565,0.031753,0.015410
1771002521.970808,22.068317,2.363966,2.077151,0.541353,-0.056012,0.032432,0.015414
1771002521.975800,22.073309,2.339600,2.135112,0.619128,-0.056717,0.032567,0.014970
1771002521.980854,22.078363,2.326394,2.117610,0.594724,-0.056709,0.032217,0.014787
1771002521.986367,22.083876,2.350786,2.050086,0.545169,-0.055837,0.032187,0.015304
1771002521.990753,22.088262,2.348411,2.033747,0.524098,-0.055578,0.032125,0.015384
1771002521.995730,22.093239,2.343941,2.111514,0.584134,-0.056195,0.032436,0.014967
1771002522.000847,22.098355,2.317730,2.098778,0.607368,-0.056280,0.032000,0.014844
1771002522.005709,22.103218,2.324610,2.087270,0.572336,-0.056127,0.031973,0.015173
1771002522.010681,22.108189,2.326174,2.000520,0.602378,-0.055069,0.031559,0.014870
1771002522.015658,22.113167,2.318556,2.015569,0.563416,-0.055144,0.031738,0.015166
1771002522.020646,22.118155,2.341086,2.078398,0.575788,-0.056241,0.032292,0.015354
1771002522.025606,22.123114,2.334302,2.042614,0.559534,-0.055776,0.032025,0.015061
1771002522.030615,22.128124,2.323332,2.067585,0.595407,-0.056231,0.031830,0.014828
1771002522.035600,22.133109,2.336712,2.063068,0.590652,-0.055991,0.032085,0.015486
1771002522.040580,22.138088,2.337383,2.119905,0.596082,-0.056810,0.032480,0.014914
1771002522.045563,22.143071,2.345110,2.043730,0.567814,-0.055337,0.032320,0.015132
1771002522.050625,22.148134,2.311658,1.902037,0.509292,-0.053722,0.031144,0.015477
1771002522.055609,22.153118,2.354745,2.063280,0.569931,-0.055640,0.032409,0.015407
1771002522.060888,22.158397,2.319170,1.999674,0.553446,-0.055095,0.031575,0.015214
1771002522.065485,22.162993,2.334779,2.106293,0.578943,-0.056511,0.032262,0.015136
1771002522.070515,22.168024,2.352540,2.130929,0.589209,-0.056442,0.032541,0.014854
1771002522.075469,22.172977,2.334315,2.131370,0.605189,-0.056611,0.032354,0.015194
1771002522.080445,22.177953,2.369035,2.114525,0.521378,-0.055937,0.032821,0.015401
1771002522.085433,22.182942,2.302719,2.032117,0.593458,-0.055767,0.031564,0.015124
1771002522.090420,22.187929,2.333055,2.061435,0.536696,-0.055790,0.032156,0.015469
1771002522.095397,22.192905,2.343919,1.983646,0.524484,-0.054597,0.031897,0.015600
1771002522.100392,22.197900,2.326523,1.987109,0.589643,-0.054539,0.031666,0.015568
1771002522.105364,22.202873,2.344942,2.011001,0.536710,-0.054767,0.032181,0.015805
1771002522.110347,22.207856,2.347482,2.059333,0.611347,-0.055763,0.032194,0.015392
1771002522.115328,22.212836,2.353768,2.087538,0.561158,-0.056006,0.032435,0.015077
1771002522.120310,22.217818,2.315370,2.026140,0.608587,-0.055313,0.031594,0.014929
1771002522.125295,22.222804,2.309910,2.040785,0.590412,-0.055663,0.031779,0.015206
1771002522.130272,22.227780,2.311703,2.017141,0.586312,-0.055331,0.031623,0.015131
1771002522.135253,22.232762,2.336318,2.067515,0.559403,-0.055948,0.032270,0.015279
1771002522.140264,22.237773,2.330595,2.074733,0.616312,-0.055949,0.032046,0.015124
1771002522.145334,22.242843,2.348590,2.134421,0.630801,-0.056834,0.032682,0.015041
1771002522.150346,22.247854,2.319805,1.981195,0.558006,-0.054458,0.031645,0.015455
1771002522.155239,22.252747,2.310211,2.065004,0.587958,-0.055758,0.031712,0.015265
1771002522.160178,22.257686,2.347463,2.059417,0.557765,-0.055600,0.032232,0.015424
1771002522.165146,22.262655,2.328719,2.077589,0.603640,-0.056049,0.032062,0.015205
1771002522.170274,22.267783,2.332113,2.018854,0.587109,-0.055104,0.031887,0.015452
1771002522.175121,22.272630,2.308658,1.999554,0.586548,-0.055171,0.031494,0.015140
1771002522.180110,22.277619,2.320001,2.000884,0.595797,-0.055008,0.031497,0.014832
1771002522.185083,22.282591,2.329578,2.023332,0.582122,-0.055068,0.031808,0.014988
1771002522.190069,22.287578,2.355064,2.089638,0.550662,-0.055915,0.032282,0.015249
1771002522.195048,22.292557,2.359487,2.092168,0.546603,-0.056033,0.032603,0.015242
1771002522.200062,22.297570,2.317611,2.061655,0.551648,-0.055854,0.031945,0.015207
1771002522.205069,22.302577,2.309441,2.044103,0.562992,-0.055555,0.031699,0.014925
1771002522.210050,22.307559,2.349488,2.066018,0.554004,-0.055322,0.032310,0.014674
1771002522.214979,22.312488,2.326284,2.004679,0.545786,-0.055093,0.031843,0.015171
1771002522.219958,22.317466,2.326412,2.056387,0.570104,-0.055463,0.031929,0.014549
1771002522.224939,22.322448,2.339211,2.150886,0.607917,-0.056895,0.032348,0.014958
1771002522.229937,22.327445,2.330197,1.992042,0.566945,-0.054884,0.031643,0.015375
1771002522.234908,22.332417,2.337764,2.061736,0.564571,-0.055558,0.032044,0.015140
1771002522.240017,22.337525,2.310235,2.068200,0.623163,-0.055797,0.031912,0.014791
1771002522.244884,22.342393,2.339705,2.014763,0.556544,-0.054738,0.032064,0.015117
1771002522.249868,22.347377,2.318105,2.008614,0.580518,-0.055097,0.031605,0.015372
1771002522.254849,22.352358,2.341888,2.069952,0.568996,-0.055731,0.032301,0.015113
1771002522.259839,22.357347,2.358496,2.113081,0.552608,-0.055758,0.032651,0.014698
1771002522.264909,22.362417,2.321060,2.084096,0.586520,-0.056029,0.031954,0.014872
1771002522.269860,22.367369,1.528280,2.107912,0.656509,-0.068777,0.026474,0.014092
1771002522.274832,22.372340,2.335711,2.063047,0.546386,-0.055503,0.032312,0.015305
1771002522.279763,22.377272,2.338026,1.981800,0.490978,-0.054395,0.031810,0.015504
1771002522.284742,22.382251,2.340728,2.052633,0.548847,-0.055540,0.032233,0.014665
1771002522.289738,22.387246,1.506714,2.084891,0.725250,-0.068556,0.026273,0.013931
1771002522.294726,22.392235,2.320574,2.060860,0.576942,-0.055228,0.032002,0.015079
1771002522.299701,22.397210,2.333684,2.113382,0.583382,-0.056209,0.032092,0.014554
1771002522.304689,22.402198,2.311709,2.052577,0.547790,-0.055527,0.031922,0.014949
1771002522.309725,22.407234,2.315878,2.068080,0.571487,-0.055156,0.031977,0.014634
1771002522.314640,22.412149,2.355878,2.077159,0.557051,-0.055488,0.032387,0.015186
1771002522.319617,22.417126,2.316130,2.008710,0.554723,-0.054714,0.031611,0.014753
1771002522.324615,22.422124,2.348692,2.134460,0.572750,-0.056282,0.032454,0.014851
1771002522.329654,22.427163,2.306961,2.062894,0.581850,-0.055770,0.031858,0.014990
1771002522.334579,22.432088,2.330872,2.085169,0.638757,-0.055864,0.031996,0.014863
1771002522.339628,22.437137,2.296962,2.095172,0.618014,-0.055965,0.031659,0.015019
1771002522.344543,22.442052,2.348695,1.992986,0.574612,-0.054651,0.031962,0.014784
1771002522.349594,22.447103,2.332947,2.088132,0.578624,-0.055693,0.032114,0.014784
1771002522.354524,22.452033,2.287936,2.008865,0.549792,-0.054862,0.031280,0.015086
1771002522.359503,22.457011,2.335115,2.051497,0.522673,-0.055360,0.032145,0.015215
1771002522.364465,22.461974,1.520760,2.236028,0.770641,-0.070286,0.026720,0.013496
1771002522.369673,22.467182,2.340683,2.074672,0.539106,-0.055092,0.032341,0.014933
1771002522.374434,22.471943,2.319193,2.063374,0.583189,-0.055279,0.031943,0.014764
1771002522.379425,22.476934,2.324503,2.066650,0.613493,-0.055582,0.031892,0.014930
1771002522.384397,22.481905,2.318167,2.024602,0.554129,-0.055043,0.031748,0.014819
1771002522.389391,22.486900,2.326350,2.046070,0.564341,-0.055018,0.031875,0.014612
1771002522.394378,22.491887,2.341929,1.978489,0.523473,-0.054321,0.031772,0.015254
1771002522.399358,22.496867,2.362909,2.119467,0.531713,-0.055653,0.032720,0.014793
1771002522.404461,22.501970,2.326903,2.143121,0.554294,-0.056012,0.032445,0.014531
1771002522.409336,22.506845,2.332043,2.104018,0.561493,-0.055695,0.032370,0.014773
1771002522.414315,22.511824,2.343957,2.184977,0.538240,-0.056998,0.032712,0.014684
1771002522.419292,22.516800,2.309727,2.057022,0.575287,-0.055358,0.031898,0.014628
1771002522.424266,22.521775,2.366605,2.129828,0.553168,-0.055993,0.032756,0.014825
1771002522.429238,22.526746,2.323256,2.164176,0.580705,-0.056590,0.032387,0.014690
1771002522.434225,22.531734,2.298182,2.013759,0.534577,-0.054859,0.031617,0.015133
1771002522.439300,22.536809,2.321218,2.087088,0.563365,-0.055576,0.032044,0.014558
1771002522.444202,22.541711,2.338431,2.082985,0.585756,-0.055696,0.032041,0.014685
1771002522.449182,22.546690,2.344637,2.126163,0.560443,-0.056434,0.032431,0.015000
1771002522.454154,22.551663,2.344753,2.085816,0.536032,-0.055468,0.032406,0.014952
1771002522.459144,22.556653,2.313298,1.984219,0.534060,-0.054507,0.031526,0.015089
1771002522.464133,22.561641,2.294767,2.035028,0.552992,-0.055227,0.031436,0.014943
1771002522.469128,22.566636,2.298928,2.046546,0.590511,-0.055345,0.031586,0.014682
1771002522.474095,22.571604,2.317105,1.973055,0.513352,-0.054246,0.031590,0.015254
1771002522.479100,22.576609,2.312011,2.007520,0.551154,-0.054806,0.031768,0.014937
1771002522.484054,22.581562,2.317807,2.051889,0.572958,-0.055122,0.031932,0.015075
1771002522.489050,22.586559,2.324252,2.070737,0.559915,-0.055432,0.032072,0.014976
1771002522.494033,22.591542,2.330095,2.102980,0.570622,-0.055877,0.032082,0.014676
1771002522.499013,22.596521,2.269846,2.164107,0.662565,-0.056802,0.031514,0.013820
1771002522.504040,22.601549,2.325122,2.011647,0.532980,-0.054380,0.031690,0.014861
1771002522.508971,22.606480,2.302072,2.009313,0.569594,-0.054910,0.031477,0.014880
1771002522.513946,22.611455,2.325505,2.042687,0.544881,-0.054913,0.031950,0.014654
1771002522.518955,22.616464,2.215515,1.428105,2.729116,-0.057506,0.033772,0.008127
1771002522.523926,22.621434,2.225096,2.159810,2.707815,-0.073089,0.034174,0.008521
1771002522.528914,22.626423,2.144114,2.062910,2.768562,-0.071874,0.032982,0.008074
1771002522.533882,22.631391,2.183179,1.390722,2.766747,-0.056849,0.032916,0.007721
1771002522.538907,22.636416,2.168405,1.470069,2.807884,-0.058359,0.033258,0.007714
1771002522.543859,22.641368,2.171464,2.171267,2.755911,-0.073321,0.033474,0.008485
1771002522.548851,22.646359,2.180529,1.457786,2.776932,-0.058105,0.033138,0.008182
1771002522.553826,22.651335,2.190652,2.104439,2.761909,-0.072196,0.033528,0.007908
1771002522.558809,22.656318,2.174591,1.449993,2.781171,-0.058023,0.033072,0.007404
1771002522.563797,22.661305,2.187718,2.108602,2.751836,-0.072345,0.033853,0.008649
1771002522.568763,22.666272,2.164336,1.444460,2.786076,-0.058085,0.033008,0.007452
1771002522.573801,22.671310,2.182700,2.137741,2.759323,-0.072554,0.033369,0.007971
1771002522.578798,22.676306,2.154820,2.137112,2.800967,-0.072774,0.033256,0.008190
1771002522.583725,22.681234,2.153439,1.380155,2.774271,-0.057011,0.032543,0.008025
1771002522.588707,22.686216,2.195156,1.451282,2.767544,-0.058078,0.033601,0.008025
1771002522.593713,22.691221,2.188558,2.174082,2.769721,-0.073273,0.033707,0.008387
1771002522.598665,22.696174,2.153715,2.068826,2.758684,-0.072064,0.033450,0.008402
1771002522.603673,22.701182,2.187578,2.161032,2.759955,-0.073045,0.033823,0.008347
1771002522.608628,22.706137,2.163814,2.146738,2.793683,-0.073067,0.033482,0.008021
1771002522.613688,22.711196,2.164890,2.232353,2.803869,-0.073587,0.033399,0.007991
1771002522.618611,22.716120,1.490329,1.428275,2.675816,-0.054921,0.019036,0.005772
1771002522.623598,22.721107,2.130699,2.095272,2.784616,-0.072312,0.032768,0.007877
1771002522.628580,22.726089,2.204675,1.461791,2.788965,-0.058248,0.033682,0.007813
1771002522.633554,22.731063,2.147180,2.097630,2.780961,-0.072227,0.033220,0.008296
1771002522.638569,22.736078,2.154807,2.114356,2.772848,-0.072235,0.033033,0.008333
1771002522.643533,22.741041,2.136815,2.113754,2.790238,-0.072425,0.032752,0.007835
1771002522.648510,22.746019,2.168514,2.116354,2.802571,-0.072114,0.033332,0.008154
1771002522.653491,22.751000,2.191190,1.408195,2.762668,-0.057385,0.033489,0.008143
1771002522.658501,22.756010,2.213453,1.463242,2.807916,-0.058048,0.033703,0.007802
1771002522.663453,22.760962,2.180833,1.442011,2.794078,-0.057937,0.033486,0.007874
1771002522.668432,22.765941,2.229709,1.437966,2.762288,-0.057908,0.034124,0.008206
1771002522.673419,22.770928,2.184261,2.115495,2.746023,-0.072723,0.033888,0.008696
1771002522.678394,22.775902,2.204829,1.483617,2.778562,-0.058206,0.033554,0.007659
1771002522.683380,22.780889,2.136058,2.103838,2.787982,-0.072515,0.032906,0.008206
1771002522.688361,22.785869,2.184520,1.480342,2.809963,-0.058720,0.033359,0.007597
1771002522.693354,22.790862,2.198498,1.369716,2.790895,-0.056657,0.033192,0.007602
1771002522.698341,22.795850,2.154159,2.088476,2.730215,-0.072123,0.033429,0.008604
1771002522.703344,22.800853,2.171939,2.087619,2.772641,-0.071880,0.033503,0.008448
1771002522.708294,22.805803,2.118986,2.123100,2.824135,-0.072660,0.032561,0.007698
1771002522.713292,22.810801,2.201061,1.525637,2.809625,-0.058694,0.033396,0.007900
1771002522.718272,22.815781,2.720007,2.488493,2.118491,-0.068517,0.048588,0.015289
1771002522.723252,22.820760,2.291519,1.736799,2.680104,-0.062078,0.035915,0.009056
1771002522.728249,22.825758,2.184182,1.467993,2.817653,-0.058089,0.033490,0.007787
1771002522.733218,22.830726,2.154676,2.186218,2.818730,-0.073595,0.033420,0.008220
1771002522.738241,22.835750,2.192342,1.491815,2.818815,-0.058724,0.033259,0.007393
1771002522.743180,22.840688,2.183679,1.497802,2.828144,-0.058436,0.033007,0.007217
1771002522.748169,22.845678,2.185819,1.532816,2.836391,-0.059128,0.033027,0.006918
1771002522.753174,22.850682,2.258257,1.452226,2.747559,-0.057905,0.034287,0.008317
1771002522.758151,22.855659,2.183583,1.379952,2.787113,-0.057097,0.032994,0.007835
1771002522.763124,22.860633,2.187194,1.466171,2.807361,-0.058165,0.033156,0.007537
1771002522.768096,22.865605,2.155797,2.160979,2.783237,-0.073114,0.033286,0.008137
1771002522.773086,22.870594,2.149482,2.221233,2.793531,-0.073902,0.033164,0.007952
1771002522.778074,22.875582,2.136440,2.110567,2.786400,-0.072535,0.032977,0.007748
1771002522.783045,22.880554,2.127166,2.087242,2.794124,-0.072517,0.033018,0.008048
1771002522.788054,22.885562,2.173965,2.125933,2.768170,-0.072358,0.033690,0.008544
1771002522.793021,22.890529,2.207060,1.449777,2.780363,-0.057640,0.033302,0.007536
1771002522.797994,22.895503,2.180746,1.437559,2.752184,-0.058073,0.033502,0.008184
1771002522.803008,22.900517,2.158360,2.089261,2.790734,-0.071986,0.033066,0.007831
1771002522.807963,22.905471,2.190220,2.149505,2.719463,-0.072891,0.033994,0.008897
1771002522.812968,22.910477,2.183924,1.512674,2.803567,-0.058788,0.033280,0.007547
1771002522.817924,22.915432,2.214311,1.422473,2.760776,-0.057250,0.033587,0.007797
1771002522.822925,22.920434,0.746712,-0.018129,1.812099,-0.036602,0.007249,0.010118
1771002522.827910,22.925419,2.317198,2.142784,0.640676,-0.056505,0.032325,0.014716
1771002522.832882,22.930391,2.326254,2.138806,0.608261,-0.056465,0.032535,0.014930
1771002522.837959,22.935468,2.293880,2.039211,0.576240,-0.054878,0.031668,0.015028
1771002522.842855,22.940364,1.760919,0.287502,1.653126,-0.029954,0.016896,0.010718
1771002522.847832,22.945340,2.207532,1.426345,2.766388,-0.057578,0.033754,0.008560
1771002522.852817,22.950325,2.239891,1.497587,2.762046,-0.058047,0.033805,0.007776
1771002522.857835,22.955343,2.230539,1.528362,2.784907,-0.058858,0.034147,0.007669
1771002522.862781,22.960289,2.161625,2.126659,2.767892,-0.072706,0.033551,0.008216
1771002522.867768,22.965277,2.198491,2.194150,2.786870,-0.073595,0.034043,0.008277
1771002522.872739,22.970248,2.147773,2.173938,2.800143,-0.073169,0.032980,0.007709
1771002522.877783,22.975291,2.147885,2.069808,2.765559,-0.071674,0.033204,0.008402
1771002522.883144,22.980652,2.215445,1.512103,2.786756,-0.058584,0.033693,0.007833
1771002522.888295,22.985803,2.176340,2.080698,2.747701,-0.072177,0.033641,0.008691
1771002522.893238,22.990746,2.205492,1.424476,2.776159,-0.057505,0.033689,0.007999
1771002522.898270,22.995779,2.157147,2.125045,2.785303,-0.072313,0.033126,0.007977
1771002522.902721,23.000229,2.217504,1.569753,2.800477,-0.059726,0.034113,0.007780
1771002522.908293,23.005801,2.173861,2.125459,2.773201,-0.072811,0.033494,0.008103
1771002522.913277,23.010785,2.154747,2.093494,2.787389,-0.071981,0.032815,0.008024
1771002522.918131,23.015639,2.152934,2.075522,2.791885,-0.071822,0.032928,0.007794
1771002522.922621,23.020130,2.166419,2.152694,2.815573,-0.073204,0.033501,0.007732
1771002522.928087,23.025595,2.130367,2.147690,2.806646,-0.073107,0.032917,0.007715
1771002522.933095,23.030604,2.151212,2.121140,2.808315,-0.072390,0.033312,0.008015
1771002522.938241,23.035749,2.152592,2.071063,2.776659,-0.071736,0.032909,0.007942
1771002522.942539,23.040048,2.126538,2.163545,2.851962,-0.072967,0.032687,0.007417
1771002522.948101,23.045610,2.200281,1.459560,2.793836,-0.057707,0.033396,0.007763
1771002522.953034,23.050543,2.169978,1.467747,2.807618,-0.058262,0.033349,0.008066
1771002522.957484,23.054992,2.207459,2.225591,2.781866,-0.073927,0.034148,0.008588
1771002522.963014,23.060522,2.167981,1.454951,2.823561,-0.058185,0.033156,0.007615
1771002522.967419,23.064928,2.159847,2.125710,2.793774,-0.072773,0.033389,0.008262
1771002522.972414,23.069923,2.190446,1.516523,2.837319,-0.058840,0.033354,0.007438
1771002522.978053,23.075562,2.164389,2.167617,2.803255,-0.073377,0.033584,0.008269
1771002522.982384,23.079893,2.229054,2.233598,2.749708,-0.074028,0.034972,0.008962
1771002522.987353,23.084862,2.140050,2.126908,2.804334,-0.072703,0.033055,0.007712
1771002522.992337,23.089846,2.152978,2.163556,2.808479,-0.072806,0.033019,0.007803
1771002522.997319,23.094828,2.146541,2.127344,2.783990,-0.072773,0.033188,0.008252
1771002523.002304,23.099813,2.183537,1.452937,2.809289,-0.058008,0.033518,0.007922
1771002523.007293,23.104802,2.186957,1.425318,2.804878,-0.057560,0.033046,0.007450
1771002523.012274,23.109782,2.203770,2.164247,2.779586,-0.072887,0.033844,0.008344
1771002523.017249,23.114758,2.190909,1.364462,2.781442,-0.056842,0.033331,0.008214
1771002523.022233,23.119742,2.161137,1.460979,2.838995,-0.057923,0.032654,0.007457
1771002523.027214,23.124723,1.815020,2.781880,1.959247,-0.067868,0.031069,0.003497
1771002523.032302,23.129811,2.307456,2.043778,0.604556,-0.054939,0.031653,0.014840
1771002523.037169,23.134678,2.306461,2.016567,0.581063,-0.054826,0.031640,0.015679
1771002523.042168,23.139677,2.303190,1.973132,0.578128,-0.054155,0.031470,0.015228
1771002523.047153,23.144662,2.340622,2.153462,0.602034,-0.056210,0.032553,0.015037
1771002523.052132,23.149641,2.321730,2.054340,0.572806,-0.055196,0.032106,0.015327
1771002523.057113,23.154622,2.296998,2.063077,0.625254,-0.055135,0.031734,0.014420
1771002523.062111,23.159620,2.314053,2.067716,0.635581,-0.055144,0.031729,0.014766
1771002523.067460,23.164969,2.317295,2.058212,0.552740,-0.054856,0.031906,0.014468
1771002523.072497,23.170006,2.051534,2.462215,2.953306,-0.075177,0.030837,0.005575
1771002523.077429,23.174937,2.164054,2.146497,2.801408,-0.072877,0.033439,0.008015
1771002523.082286,23.179795,2.194458,1.520048,2.803545,-0.058645,0.033152,0.007380
1771002523.087341,23.184850,2.167569,2.176126,2.808636,-0.073336,0.033533,0.008063
1771002523.092330,23.189839,2.185769,2.271653,2.790213,-0.074119,0.033945,0.008213
1771002523.097328,23.194837,2.203959,2.121249,2.765339,-0.072617,0.033917,0.008340
1771002523.102558,23.200067,2.179402,2.195932,2.777061,-0.073872,0.033867,0.008582
1771002523.107251,23.204760,2.177961,2.108269,2.753603,-0.071834,0.033510,0.008698
1771002523.112308,23.209817,2.196425,2.213200,2.759790,-0.073745,0.034227,0.008484
1771002523.117249,23.214758,2.152026,2.118588,2.797365,-0.072658,0.033283,0.008151
1771002523.122363,23.219872,2.166164,2.153990,2.771802,-0.072921,0.033490,0.008305
1771002523.127205,23.224714,2.181418,2.136182,2.761277,-0.072611,0.033517,0.008099
1771002523.132238,23.229747,2.160036,2.228820,2.789997,-0.073806,0.033407,0.008086
1771002523.137245,23.234754,2.173614,2.135119,2.775087,-0.072542,0.033560,0.008306
1771002523.142175,23.239684,2.151833,2.102551,2.788083,-0.072268,0.033157,0.007901
1771002523.147022,23.244530,2.201672,2.232670,2.769967,-0.073588,0.034162,0.008787
1771002523.152140,23.249649,2.214189,1.484645,2.771685,-0.058508,0.033805,0.007702
1771002523.157135,23.254643,2.132550,2.141010,2.812938,-0.072555,0.032728,0.007785
1771002523.162198,23.259706,2.171950,2.080782,2.794409,-0.071842,0.033278,0.008139
1771002523.167230,23.264738,2.167861,2.069011,2.770598,-0.071481,0.033302,0.008134
1771002523.172027,23.269536,2.177825,2.108855,2.759033,-0.072322,0.033660,0.008283
1771002523.176737,23.274245,2.181051,2.057829,2.740067,-0.071385,0.033567,0.008608
1771002523.181713,23.279221,2.178985,1.419632,2.797948,-0.057371,0.033022,0.008049
1771002523.186679,23.284188,2.149708,2.062366,2.746914,-0.071862,0.033210,0.008289
1771002523.191663,23.289172,2.182426,2.163624,2.757203,-0.072677,0.033710,0.008901
1771002523.196644,23.294153,2.114353,2.172790,2.822902,-0.073169,0.032531,0.007634
1771002523.201640,23.299149,2.185925,1.527917,2.829185,-0.058786,0.033293,0.007361
1771002523.206624,23.304133,2.210557,1.519637,2.793998,-0.058489,0.033561,0.007664
1771002523.211608,23.309116,2.140770,2.100554,2.773345,-0.072072,0.033032,0.008128
1771002523.216582,23.314091,2.176025,2.153515,2.762879,-0.073013,0.033789,0.008633
1771002523.221564,23.319072,2.171126,2.107486,2.773193,-0.071872,0.033235,0.008215
1771002523.226587,23.324095,2.147637,2.116607,2.781089,-0.072490,0.033104,0.008220
1771002523.231525,23.329034,2.137510,2.068045,2.766893,-0.071656,0.032967,0.008448
1771002523.236562,23.334071,2.171629,2.148272,2.787743,-0.072620,0.033280,0.007961
1771002523.241498,23.339006,2.162944,2.090678,2.791101,-0.071866,0.033488,0.008542
1771002523.246505,23.344014,2.151088,2.150459,2.775032,-0.072832,0.033481,0.008275
1771002523.251464,23.348972,2.108260,2.183158,2.836087,-0.073227,0.032629,0.007597
1771002523.256448,23.353956,2.160638,2.133375,2.782153,-0.072374,0.033370,0.008481
1771002523.261421,23.358930,2.134633,2.097066,2.779809,-0.072181,0.032913,0.008130
1771002523.266411,23.363919,2.180718,2.149354,2.739591,-0.072631,0.033642,0.008188
1771002523.271456,23.368965,2.180944,2.225247,2.773813,-0.073940,0.033822,0.008303
1771002523.276381,23.373889,2.214041,2.161484,2.752254,-0.072623,0.033817,0.007960
1771002523.281365,23.378874,2.184753,2.151346,2.756482,-0.072856,0.033499,0.008320
1771002523.286345,23.383853,2.183405,2.126039,2.760230,-0.072239,0.033847,0.008571
1771002523.291322,23.388831,2.118051,2.138818,2.798999,-0.072652,0.033043,0.007845
1771002523.296306,23.393815,2.201718,1.500016,2.773883,-0.058530,0.033756,0.007803
1771002523.301333,23.398841,2.164910,2.221904,2.789827,-0.073409,0.033499,0.007998
1771002523.306273,23.403781,2.165826,2.155200,2.760825,-0.072892,0.033459,0.008366
1771002523.311253,23.408762,2.150529,2.130891,2.762554,-0.072292,0.033058,0.008250
1771002523.316237,23.413746,2.144292,2.145551,2.772729,-0.072607,0.033026,0.007723
1771002523.321219,23.418728,2.198436,2.228666,2.769365,-0.073179,0.033898,0.008295
1771002523.326200,23.423709,2.193783,2.122622,2.756144,-0.071993,0.033617,0.008373
1771002523.331178,23.428687,2.213022,1.581599,2.806718,-0.059631,0.034037,0.007796
1771002523.336178,23.433686,1.337696,1.577408,2.363733,-0.063302,0.023273,0.007984
1771002523.341170,23.438679,2.147393,2.142570,2.778452,-0.072651,0.032882,0.007565
1771002523.346132,23.443640,2.135915,2.166126,2.816605,-0.072649,0.032912,0.007698
1771002523.351114,23.448622,2.187054,2.161122,2.760781,-0.072878,0.033779,0.008214
1771002523.356106,23.453614,2.212988,1.532045,2.782693,-0.058584,0.033762,0.007909
1771002523.361089,23.458597,2.137057,2.144211,2.796197,-0.072525,0.033035,0.007970
1771002523.366072,23.463581,2.176898,2.077251,2.745506,-0.071429,0.033557,0.008243
1771002523.371150,23.468658,2.184834,2.261626,2.789214,-0.073734,0.033837,0.007915
1771002523.376048,23.473557,2.142242,2.157863,2.773690,-0.072981,0.033322,0.008290
1771002523.381018,23.478527,2.164526,2.124652,2.759476,-0.071938,0.033226,0.008113
1771002523.386019,23.483528,2.185863,2.126226,2.744671,-0.072040,0.033548,0.008585
1771002523.390993,23.488502,2.186108,2.165262,2.775563,-0.072570,0.033302,0.007747
1771002523.395970,23.493479,2.178265,2.163536,2.745664,-0.072419,0.033771,0.008604
1771002523.400973,23.498482,2.164994,2.219062,2.785181,-0.072822,0.033301,0.007976
1771002523.405977,23.503486,2.150807,2.114121,2.779885,-0.072228,0.033150,0.007844
1771002523.410959,23.508468,2.177092,2.260446,2.766650,-0.073316,0.034001,0.008529
1771002523.415905,23.513413,2.158874,2.149335,2.791418,-0.072698,0.033419,0.008326
1771002523.420886,23.518395,2.179004,2.117817,2.765937,-0.071870,0.033680,0.008450
1771002523.425873,23.523381,2.141332,2.161328,2.805405,-0.072567,0.032944,0.007698
1771002523.430843,23.528351,2.118987,2.155604,2.815634,-0.072642,0.032690,0.007476
1771002523.435893,23.533401,2.203976,2.178291,2.756003,-0.072859,0.033804,0.008097
1771002523.440823,23.538331,2.180224,2.154627,2.746826,-0.072872,0.033741,0.008244
1771002523.445800,23.543309,2.175724,2.165907,2.765743,-0.072762,0.033559,0.008343
1771002523.450773,23.548281,2.144449,2.132817,2.785385,-0.072028,0.033115,0.007857
1771002523.455758,23.553267,2.141492,2.147244,2.779739,-0.072805,0.033111,0.007717
1771002523.460740,23.558249,2.143406,2.113201,2.782326,-0.071873,0.032778,0.007744
1771002523.465725,23.563233,2.171876,2.239466,2.787579,-0.073711,0.033155,0.007649
1771002523.470745,23.568254,2.115451,2.146127,2.802808,-0.072616,0.032489,0.008010
1771002523.475702,23.573211,2.219177,1.488145,2.747378,-0.058002,0.033855,0.008262
1771002523.480674,23.578182,2.151851,2.140715,2.776310,-0.072147,0.033019,0.008312
1771002523.485653,23.583162,2.191134,2.172792,2.790757,-0.072934,0.033854,0.008315
1771002523.490639,23.588148,2.167329,2.170809,2.752740,-0.072673,0.033340,0.007810
1771002523.495625,23.593134,2.161047,2.199540,2.777371,-0.073411,0.033379,0.008054
1771002523.500614,23.598122,2.184272,2.168530,2.753088,-0.072902,0.033802,0.008541
1771002523.505613,23.603122,2.123266,2.108597,2.779618,-0.072012,0.032727,0.007694
1771002523.510565,23.608073,2.175634,2.192114,2.760969,-0.073367,0.033646,0.008292
1771002523.515553,23.613061,2.202904,2.216359,2.728189,-0.072993,0.033868,0.008423
1771002523.520546,23.618055,2.142826,2.097961,2.754787,-0.071970,0.033076,0.008445
1771002523.525528,23.623037,2.182505,2.119228,2.725619,-0.071882,0.033623,0.008309
1771002523.530532,23.628041,2.197397,2.165260,2.750682,-0.073054,0.033848,0.008400
1771002523.535493,23.633002,2.145270,2.155471,2.796618,-0.072654,0.032811,0.007956
1771002523.540470,23.637979,2.131753,2.059384,2.749262,-0.071069,0.032602,0.008084
1771002523.545449,23.642958,2.161132,2.160272,2.752651,-0.073151,0.033713,0.008449
1771002523.550435,23.647943,2.144949,2.215235,2.803476,-0.073666,0.033039,0.007827
1771002523.555417,23.652925,2.165322,2.102938,2.749493,-0.071857,0.033366,0.008191
1771002523.560403,23.657912,2.192980,2.264271,2.770173,-0.073630,0.033957,0.008378
1771002523.565380,23.662889,2.166834,2.158669,2.786671,-0.072661,0.033247,0.007992
1771002523.570360,23.667869,2.132118,2.172395,2.802485,-0.072816,0.032696,0.007630
1771002523.575356,23.672864,2.183352,2.214714,2.777478,-0.073252,0.033615,0.008172
1771002523.580330,23.677839,2.142208,2.166140,2.792414,-0.073307,0.033499,0.008075
1771002523.585314,23.682823,2.122085,2.189678,2.814093,-0.073428,0.032831,0.007562
1771002523.590300,23.687809,2.201568,2.171885,2.765216,-0.072912,0.034046,0.008646
1771002523.595273,23.692782,2.121363,2.040908,2.796153,-0.070854,0.032481,0.007811
1771002523.600263,23.697771,2.208421,2.178874,2.750499,-0.072866,0.033992,0.008539
1771002523.605255,23.702764,2.139859,2.165048,2.810869,-0.072782,0.033029,0.007590
1771002523.610228,23.707736,2.189773,2.155236,2.745147,-0.072539,0.033916,0.008653
1771002523.615208,23.712717,2.145092,2.222481,2.779667,-0.073719,0.033193,0.007818
1771002523.620192,23.717700,2.208009,2.187366,2.756751,-0.072676,0.034075,0.008356
1771002523.625178,23.722687,2.131023,2.160379,2.777509,-0.072818,0.032974,0.007930
1771002523.630162,23.727670,2.150658,2.083345,2.765070,-0.071679,0.033258,0.008251
1771002523.635150,23.732658,2.155607,2.149108,2.784719,-0.072324,0.033049,0.008085
1771002523.640133,23.737642,2.367349,1.674720,2.412172,-0.060167,0.034249,0.011168
1771002523.645101,23.742610,2.139159,2.168813,2.783306,-0.072337,0.032938,0.007990
1771002523.650100,23.747609,2.161024,2.200115,2.782867,-0.072948,0.033262,0.008287
1771002523.655074,23.752583,2.174058,2.172396,2.772599,-0.072736,0.033442,0.008306
1771002523.660058,23.757566,2.161520,2.225501,2.802399,-0.073730,0.033260,0.008057
1771002523.665040,23.762549,2.160003,2.181682,2.762719,-0.072779,0.033461,0.008674
1771002523.670053,23.767562,2.157163,2.245485,2.765628,-0.074023,0.033671,0.008363
1771002523.675005,23.772514,2.138116,2.194872,2.812066,-0.073311,0.033192,0.007673
1771002523.679985,23.777493,2.125981,2.122205,2.780524,-0.072153,0.032698,0.007658
1771002523.684967,23.782475,2.178598,2.309000,2.764351,-0.073963,0.033884,0.008286
1771002523.689959,23.787467,2.138568,2.176725,2.750935,-0.072216,0.032911,0.007587
1771002523.694932,23.792440,2.150698,2.149373,2.747959,-0.072097,0.033128,0.007681
1771002523.699942,23.797451,2.137398,2.131192,2.780290,-0.071907,0.032786,0.007443
1771002523.704916,23.802425,2.175714,2.243223,2.744461,-0.073161,0.033872,0.007847
1771002523.709891,23.807399,2.122862,2.227174,2.805271,-0.073323,0.032756,0.007319
1771002523.714866,23.812375,2.173705,2.263685,2.734684,-0.073348,0.034099,0.008238
1771002523.719855,23.817363,2.122653,2.108596,2.797321,-0.071345,0.032709,0.007359
1771002523.724841,23.822349,2.178747,2.212952,2.758090,-0.072481,0.033937,0.007997
1771002523.729813,23.827322,2.190193,2.087985,2.723103,-0.071187,0.033582,0.008106
1771002523.734791,23.832299,2.179362,2.202099,2.744224,-0.073110,0.033717,0.007968
1771002523.739796,23.837305,2.167232,2.198167,2.775094,-0.072962,0.033260,0.007761
1771002523.744769,23.842278,2.172689,2.178010,2.769725,-0.072814,0.033348,0.008071
1771002523.749744,23.847253,2.159235,2.230388,2.772219,-0.072995,0.033406,0.007977
1771002523.754727,23.852236,2.111981,2.133514,2.797565,-0.072181,0.032528,0.007678
1771002523.759713,23.857221,2.175818,2.199874,2.759450,-0.072809,0.033711,0.008234
1771002523.764697,23.862206,2.121773,2.249878,2.789373,-0.073208,0.033012,0.007557
1771002523.769704,23.867212,2.178831,2.223712,2.746363,-0.073242,0.034018,0.007944
1771002523.775166,23.872674,2.176065,2.257796,2.746248,-0.073162,0.033433,0.007785
1771002523.780134,23.877642,2.192832,2.148752,2.727466,-0.072381,0.033819,0.008188
1771002523.784977,23.882486,2.156610,2.179827,2.771876,-0.072725,0.033247,0.007366
1771002523.789985,23.887493,2.208938,2.141715,2.734161,-0.071931,0.033879,0.008188
1771002523.794581,23.892090,2.159963,2.094426,2.732221,-0.071375,0.033018,0.008047
1771002523.799582,23.897091,2.134834,2.047197,2.765659,-0.070706,0.032657,0.007706
1771002523.804557,23.902066,2.168063,2.158205,2.751804,-0.072420,0.033094,0.008299
1771002523.809557,23.907065,2.143232,2.070828,2.763802,-0.071137,0.032625,0.007905
1771002523.814544,23.912053,2.144657,2.023011,2.747803,-0.069616,0.032553,0.008239
1771002523.819499,23.917008,0.608913,1.420699,3.277572,-0.055488,0.006685,-0.008255
1771002523.824493,23.922002,1.477546,2.075546,0.708078,-0.066353,0.026011,0.013282
1771002523.829473,23.926982,1.415670,1.976098,0.727752,-0.066038,0.024949,0.013198
1771002523.834541,23.932050,1.385756,2.052795,0.835783,-0.066856,0.024882,0.012415
1771002523.839449,23.936958,1.991681,1.917476,0.723932,-0.051385,0.027925,0.015715
1771002523.844431,23.941940,2.021253,2.123631,2.737040,-0.069273,0.031392,0.006919
1771002523.849401,23.946910,1.987582,1.452157,2.803704,-0.053660,0.033458,0.004947
1771002523.854403,23.951911,1.956176,2.048482,2.787613,-0.068270,0.030352,0.005822
1771002523.859367,23.956875,1.969994,1.497142,2.837472,-0.054276,0.033649,0.004566
1771002523.864349,23.961858,1.986679,1.512045,2.799878,-0.054107,0.034193,0.005664
1771002523.869355,23.966863,1.996931,1.530796,2.784759,-0.054729,0.034328,0.005409
1771002523.874327,23.971836,1.961126,1.513459,2.825220,-0.053956,0.033779,0.004533
1771002523.879298,23.976807,1.960487,1.483560,2.831944,-0.053909,0.033856,0.004157
1771002523.884284,23.981793,1.954435,1.544434,2.821370,-0.054525,0.034267,0.004754
1771002523.889269,23.986777,1.818851,2.171468,3.034001,-0.064451,0.028312,0.004706
1771002523.894256,23.991765,1.838457,2.223917,3.009134,-0.064353,0.028682,0.004586
1771002523.899227,23.996736,1.838867,2.244014,3.024520,-0.065023,0.028811,0.004917
1771002523.904216,24.001725,1.868076,2.191489,2.984916,-0.064427,0.029125,0.004863
1771002523.909210,24.006719,1.762238,2.155791,3.045055,-0.064015,0.027699,0.003955
1771002523.914193,24.011702,1.832472,2.231066,3.019480,-0.064567,0.028806,0.004484
1771002523.919165,24.016674,1.824281,2.243054,3.004398,-0.065066,0.028911,0.004535
1771002523.924155,24.021663,1.824672,2.275458,3.008221,-0.065591,0.029074,0.004843
1771002523.929156,24.026664,1.823268,2.334617,3.038153,-0.066132,0.028970,0.004446
1771002523.934119,24.031628,1.805726,2.262693,3.020310,-0.065132,0.028899,0.004518
1771002523.939085,24.036594,1.835742,2.343226,3.021019,-0.066185,0.029118,0.004035
1771002523.944078,24.041587,1.827694,2.337163,3.009726,-0.066321,0.029164,0.004174
1771002523.949060,24.046569,1.349629,1.753853,3.389228,-0.047756,0.013722,-0.009527
1771002523.954411,24.051919,1.805409,2.299049,2.988314,-0.066122,0.028802,0.003810
1771002523.959026,24.056535,1.015338,-0.532784,2.857441,-0.026422,0.007974,-0.010113
1771002523.964014,24.061523,1.070849,-0.333028,2.891300,-0.028792,0.008649,-0.009919
1771002523.969003,24.066512,1.026211,-0.495920,2.853236,-0.027115,0.007733,-0.011207
1771002523.973987,24.071496,0.493841,-1.068968,2.462969,-0.018778,0.003027,-0.007789
1771002523.978962,24.076471,0.456456,-1.105903,2.497179,-0.019254,0.002453,-0.008185
1771002523.983936,24.081445,1.274683,2.014048,2.946326,-0.061023,0.023099,0.007266
1771002523.988931,24.086440,1.288424,2.082565,2.963830,-0.062183,0.023269,0.007086
1771002523.993914,24.091423,1.323323,2.026204,2.952978,-0.063092,0.023695,0.008291
1771002523.998893,24.096402,1.451276,1.423833,2.979805,-0.052389,0.025547,0.009166
1771002524.003874,24.101383,1.510115,1.392912,2.928485,-0.052212,0.026138,0.009907
1771002524.008868,24.106377,1.540502,1.458642,2.961487,-0.053271,0.026376,0.009828
1771002524.013842,24.111351,1.553502,1.919780,2.898617,-0.066326,0.023445,0.011561
1771002524.018830,24.116338,1.634501,1.978174,2.931215,-0.067729,0.024434,0.012653
1771002524.023812,24.121320,1.736041,1.973030,2.915091,-0.068107,0.025708,0.013768
1771002524.028778,24.126287,1.713846,1.804518,2.912035,-0.066793,0.025152,0.014899
1771002524.033762,24.131271,1.765859,1.677725,2.923501,-0.065609,0.025506,0.015943
1771002524.038767,24.136276,1.809559,1.686094,2.886289,-0.066433,0.026517,0.016894
1771002524.043735,24.141244,1.840091,1.624040,2.947771,-0.065642,0.026311,0.016827
1771002524.048718,24.146227,1.879776,1.590269,2.918191,-0.065908,0.026725,0.018011
1771002524.053689,24.151198,1.970421,0.753878,2.913282,-0.050455,0.026979,0.020258
1771002524.058686,24.156194,2.020490,0.659963,2.885839,-0.049083,0.027807,0.021717
1771002524.063679,24.161187,2.077566,0.712317,2.856322,-0.049976,0.028376,0.022121
1771002524.068657,24.166166,2.284217,0.110983,2.461596,-0.039801,0.032905,0.021186
1771002524.073639,24.171148,2.318914,0.018243,2.460494,-0.038035,0.032816,0.022059
1771002524.078620,24.176128,2.321295,-0.057615,2.433574,-0.037460,0.032559,0.022868
1771002524.083605,24.181113,2.335928,-0.054317,2.483802,-0.037948,0.032539,0.024268
1771002524.088577,24.186085,2.891677,2.240595,2.262234,-0.066378,0.046453,0.027587
1771002524.093572,24.191081,2.891030,2.209644,2.311779,-0.066530,0.046187,0.027762
1771002524.098537,24.196046,2.899692,2.163619,2.301270,-0.065629,0.045609,0.028392
1771002524.103534,24.201042,2.488729,1.597982,3.182594,-0.063215,0.034654,0.020458
1771002524.108529,24.206038,2.910273,2.043118,2.300926,-0.064128,0.045011,0.029224
1771002524.113496,24.211005,2.473140,1.478371,3.203322,-0.062019,0.034181,0.021448
1771002524.118515,24.216023,2.461190,1.485739,3.187503,-0.062636,0.034296,0.022143
1771002524.123461,24.220970,0.362216,0.960241,4.006528,-0.063288,0.007224,0.024888
1771002524.128451,24.225960,1.495381,1.567526,3.878748,-0.067209,0.020632,0.008352
1771002524.133456,24.230964,1.438875,1.482102,3.901446,-0.066360,0.019897,0.008687
1771002524.138416,24.235924,1.397086,1.377603,3.894070,-0.064551,0.019389,0.008746
1771002524.143391,24.240900,0.343974,1.404880,4.071894,-0.074448,0.009118,0.005642
1771002524.148372,24.245881,1.433950,1.436297,3.891633,-0.065361,0.019760,0.009625
1771002524.153358,24.250866,1.381749,1.267052,3.933166,-0.062884,0.018173,0.008632
1771002524.158339,24.255848,1.378806,1.314947,3.885620,-0.063514,0.018916,0.009455
1771002524.163326,24.260834,2.307899,1.093119,3.287674,-0.057169,0.031601,0.023572
1771002524.168925,24.266433,2.282476,1.087038,3.312147,-0.057038,0.031396,0.023176
1771002524.173982,24.271490,3.114425,1.208092,3.095237,-0.058357,0.044604,0.018087
1771002524.178288,24.275797,2.268766,1.096662,3.293587,-0.057089,0.031052,0.022630
1771002524.183253,24.280761,2.238514,1.053435,3.302101,-0.056368,0.030322,0.022929
1771002524.188254,24.285763,3.088104,1.136799,3.104621,-0.056811,0.043919,0.017173
1771002524.193460,24.290969,3.121728,1.184445,3.058159,-0.057521,0.044580,0.017704
1771002524.198232,24.295741,3.092924,1.248133,3.128450,-0.058183,0.044026,0.017158
1771002524.203312,24.300820,3.070696,1.219802,3.119924,-0.057923,0.043852,0.017269
1771002524.208194,24.305702,3.070476,1.137899,3.061756,-0.056399,0.043806,0.017778
1771002524.213169,24.310678,3.046388,1.197971,3.133560,-0.057042,0.043283,0.016775
1771002524.218213,24.315722,3.016877,1.287583,3.165413,-0.058301,0.043422,0.016568
1771002524.223153,24.320662,2.521263,2.693676,2.147996,-0.077402,0.032585,0.005221
1771002524.228115,24.325624,1.245747,3.065245,2.020544,-0.092190,0.019742,0.008212
1771002524.233734,24.331243,1.200537,2.737241,2.025702,-0.089236,0.019234,0.009324
1771002524.238090,24.335599,1.202002,2.731695,2.011715,-0.089557,0.019257,0.009063
1771002524.243058,24.340567,1.175952,2.781886,2.018127,-0.089933,0.018928,0.008985
1771002524.248042,24.345551,1.156085,2.760574,2.011002,-0.090053,0.018300,0.008295
1771002524.253017,24.350526,1.144901,2.711758,2.019295,-0.089033,0.018128,0.008245
1771002524.258005,24.355514,1.910882,2.290499,1.436990,-0.076572,0.025582,0.019233
1771002524.262984,24.360493,1.460837,2.228720,2.823224,-0.074759,0.020098,0.025455
1771002524.267975,24.365484,2.810608,1.710524,3.250842,-0.064358,0.037239,0.015870
1771002524.272945,24.370453,2.757342,1.672445,3.290603,-0.063992,0.036270,0.015130
1771002524.277947,24.375456,2.723522,1.597801,3.282448,-0.063015,0.035811,0.014727
1771002524.282927,24.380435,3.306406,2.082184,2.307898,-0.066844,0.049854,0.024615
1771002524.287904,24.385412,1.923922,1.453628,3.463266,-0.061151,0.022237,0.019144
1771002524.292893,24.390402,3.278199,2.064058,2.397648,-0.066811,0.049497,0.023923
1771002524.297876,24.395384,1.823650,1.189053,3.461320,-0.057644,0.020870,0.017741
1771002524.302849,24.400357,1.980915,1.156638,3.310615,-0.057120,0.022653,0.016629
1771002524.307845,24.405354,2.020615,1.071270,3.293493,-0.055618,0.022993,0.017096
1771002524.312823,24.410331,2.141324,1.090645,3.178497,-0.056035,0.024559,0.015763
1771002524.317802,24.415311,2.147422,1.587389,3.088695,-0.067223,0.024866,0.012710
1771002524.322786,24.420295,2.389447,1.838220,2.846110,-0.076504,0.024599,0.012440
1771002524.327782,24.425291,-0.433114,0.879755,3.189179,-0.079323,-0.010453,0.030788
1771002524.332834,24.430343,-0.254949,0.569933,2.878157,-0.075166,-0.008615,0.030954
1771002524.337741,24.435250,0.556035,2.669800,2.890100,-0.106849,0.009312,0.032840
1771002524.342792,24.440301,0.600668,3.285703,3.347204,-0.112420,0.005871,0.019686
1771002524.348470,24.445979,0.041743,2.692055,3.270483,-0.104374,-0.005199,0.023709
1771002524.352730,24.450239,0.558463,2.554535,2.495158,-0.109048,0.005334,0.027734
1771002524.358283,24.455791,0.306022,2.052780,2.655987,-0.101255,-0.007213,0.024702
1771002524.362645,24.460154,0.196097,3.434046,2.998383,-0.123233,-0.014720,0.019600
1771002524.367661,24.465170,0.289206,2.882020,2.830601,-0.115776,-0.015212,0.020489
1771002524.373436,24.470945,0.226659,1.671628,2.127437,-0.101050,-0.021290,0.020186
1771002524.377630,24.475139,0.052084,4.933412,3.009768,-0.160481,-0.020892,0.026976
1771002524.382657,24.480166,-1.252151,4.324440,3.161299,-0.160402,-0.039058,0.026008
1771002524.388496,24.486005,-1.059898,3.355739,2.834062,-0.147186,-0.036513,0.024219
1771002524.392638,24.490147,-1.395389,4.509637,3.235356,-0.167134,-0.048218,0.022190
1771002524.398492,24.496001,-1.144980,4.143542,2.745210,-0.170290,-0.048485,0.020337
1771002524.402683,24.500192,-0.304716,6.550981,3.392101,-0.197913,-0.046741,0.019024
1771002524.407511,24.505020,-1.055198,6.353257,3.554546,-0.202304,-0.052158,0.015307
1771002524.412487,24.509995,-1.100888,5.463896,3.481176,-0.187008,-0.055192,0.029988
1771002524.417466,24.514974,-1.819001,5.409914,3.527112,-0.195128,-0.059872,0.027124
1771002524.422448,24.519957,-1.744053,5.245877,3.509306,-0.192440,-0.059336,0.027141
1771002524.427443,24.524952,-1.792920,5.157307,3.532759,-0.191143,-0.059999,0.025784
1771002524.432428,24.529937,-1.659907,5.630381,3.241224,-0.207564,-0.062213,0.027173
1771002524.437418,24.534926,-1.642956,5.518151,3.250938,-0.205311,-0.062548,0.026885
1771002524.442381,24.539890,-1.570701,5.475554,3.200519,-0.204347,-0.061500,0.026639
1771002524.447364,24.544873,-1.621492,5.365714,3.242990,-0.202493,-0.061758,0.025926
1771002524.452354,24.549863,-2.255589,5.175916,3.138669,-0.202555,-0.072843,0.031409
1771002524.457331,24.554840,-2.329576,5.124319,3.152409,-0.201667,-0.074266,0.030383
1771002524.462322,24.559831,-1.636560,5.490022,3.275717,-0.204470,-0.061691,0.025605
1771002524.467304,24.564812,-1.703443,5.634731,3.309155,-0.207068,-0.062919,0.026833
1771002524.472375,24.569883,-1.658645,5.917633,3.364916,-0.212387,-0.063266,0.029648
1771002524.477276,24.574784,-1.601306,4.925016,3.701464,-0.184663,-0.056332,0.030462
1771002524.482256,24.579765,-1.569828,4.908587,3.660957,-0.184354,-0.056075,0.031364
1771002524.487227,24.584736,-1.559068,5.000968,3.694340,-0.185946,-0.056019,0.032017
1771002524.492213,24.589721,-1.491195,5.036192,3.673950,-0.186550,-0.055550,0.033101
1771002524.497198,24.594707,-1.488834,5.041349,3.725122,-0.187074,-0.055992,0.032357
1771002524.502424,24.599932,-1.461759,5.084054,3.723309,-0.187934,-0.055579,0.032506
1771002524.507162,24.604670,-1.452907,5.411472,3.472501,-0.201337,-0.059978,0.033495
1771002524.512155,24.609663,-0.974538,5.905569,1.922326,-0.202731,-0.057212,0.026491
1771002524.517135,24.614644,-0.783166,7.508774,2.380914,-0.217172,-0.057774,0.016915
1771002524.522115,24.619623,-0.804921,7.061825,2.445259,-0.213705,-0.057912,0.015083
1771002524.527104,24.624613,-0.730250,6.932543,2.455946,-0.212799,-0.056431,0.014321
1771002524.532145,24.629653,0.286022,6.719567,2.137506,-0.199181,-0.049288,0.015978
1771002524.537056,24.634565,0.360696,6.689880,2.083686,-0.199356,-0.048045,0.016340
1771002524.542054,24.639563,0.439715,6.618321,2.049646,-0.199075,-0.047406,0.015129
1771002524.547033,24.644542,0.434350,6.467623,2.080050,-0.197552,-0.047044,0.015218
1771002524.552011,24.649520,-0.197761,6.343299,2.112568,-0.196026,-0.059257,0.019507
1771002524.557005,24.654514,-1.276354,5.892761,2.330442,-0.196116,-0.071704,0.034398
1771002524.561981,24.659490,-2.127501,5.898699,2.418766,-0.207229,-0.077235,0.032013
1771002524.566966,24.664474,-0.953122,6.398993,3.296506,-0.219886,-0.052670,0.035063
1771002524.571956,24.669464,-1.467970,5.576623,3.685635,-0.207170,-0.067283,0.025170
1771002524.576929,24.674438,-1.369905,5.476060,3.632355,-0.204753,-0.066079,0.024793
1771002524.581898,24.679407,-2.278037,4.531522,3.409479,-0.196925,-0.076774,0.037664
1771002524.586898,24.684407,-2.243276,4.363619,3.308200,-0.194456,-0.076466,0.036670
1771002524.591883,24.689392,-2.958952,3.877711,3.580603,-0.181067,-0.092439,0.040606
1771002524.596873,24.694382,-2.971417,3.671298,3.535424,-0.178007,-0.092785,0.039574
1771002524.601852,24.699361,-2.267474,6.663833,4.006321,-0.235238,-0.085248,0.044055
1771002524.606839,24.704347,-2.228070,6.434542,3.970906,-0.231902,-0.085269,0.043699
1771002524.611800,24.709308,-2.083102,6.407576,3.979000,-0.231311,-0.083189,0.043706
1771002524.616787,24.714295,-1.982122,6.382152,3.964081,-0.231328,-0.082474,0.043965
1771002524.621779,24.719288,-1.959635,6.016570,3.940952,-0.226353,-0.081960,0.043117
1771002524.626758,24.724267,-1.936069,5.917184,3.997876,-0.224806,-0.081400,0.040681
1771002524.631739,24.729248,-2.434194,6.244734,4.735574,-0.221824,-0.087915,0.035356
1771002524.636738,24.734247,-2.319529,4.894182,3.674419,-0.204880,-0.085378,0.045813
1771002524.641703,24.739212,-1.625886,8.174146,4.715921,-0.252583,-0.076686,0.040678
1771002524.646680,24.744189,-2.521026,7.452971,4.637233,-0.249814,-0.086826,0.053678
1771002524.651678,24.749186,-2.460453,7.165132,4.735113,-0.246016,-0.085079,0.052366
1771002524.656659,24.754167,-2.361649,7.436694,4.352053,-0.260313,-0.088861,0.052633
1771002524.661639,24.759148,-2.263249,7.333124,4.474512,-0.257855,-0.088154,0.051014
1771002524.666646,24.764155,-2.222890,7.017629,4.535165,-0.253254,-0.087103,0.049962
1771002524.671641,24.769150,-2.744212,8.985010,5.164873,-0.285535,-0.096776,0.030716
1771002524.676599,24.774108,-3.263392,8.053246,5.367330,-0.270592,-0.104221,0.036429
1771002524.681567,24.779076,-3.570278,7.778122,6.183825,-0.261763,-0.110714,0.035272
1771002524.686537,24.784046,-4.564496,7.053449,5.985867,-0.258301,-0.121943,0.047332
1771002524.691548,24.789056,-4.477458,6.920751,6.009267,-0.255910,-0.120293,0.047758
1771002524.696512,24.794021,-4.477001,6.751179,6.028478,-0.253967,-0.120180,0.047390
1771002524.701512,24.799021,-4.529583,6.851431,5.527044,-0.265898,-0.126540,0.047476
1771002524.706499,24.804008,-4.492946,6.808773,5.535174,-0.266175,-0.125841,0.047717
1771002524.711468,24.808977,-2.998302,9.068001,5.878831,-0.294378,-0.109488,0.055152
1771002524.716450,24.813959,-2.989819,9.101961,5.942893,-0.294934,-0.109049,0.054799
1771002524.721424,24.818932,-2.982526,8.947056,5.896306,-0.292371,-0.109151,0.054110
1771002524.726455,24.823963,-2.972475,8.993244,5.963814,-0.292631,-0.109094,0.053381
1771002524.731393,24.828902,-2.971996,8.914369,5.966830,-0.290968,-0.108894,0.053320
1771002524.736405,24.833914,-3.007042,8.880153,5.957561,-0.290589,-0.109060,0.053579
1771002524.741365,24.838874,-3.014173,8.789452,5.906150,-0.288736,-0.109294,0.053180
1771002524.746358,24.843866,-3.071428,8.865897,5.947468,-0.289758,-0.110042,0.052249
1771002524.751331,24.848840,-3.011049,8.823774,5.894352,-0.289039,-0.109260,0.052584
1771002524.756315,24.853823,-3.095244,8.763635,5.922642,-0.288070,-0.109768,0.051239
1771002524.761295,24.858804,-3.067887,8.677389,5.923729,-0.286402,-0.109366,0.051375
1771002524.766339,24.863848,-3.072749,8.646747,5.980009,-0.285259,-0.109197,0.049668
1771002524.771374,24.868883,-3.101409,8.528760,6.002133,-0.283573,-0.109065,0.049424
1771002524.776252,24.873761,-3.076693,8.521180,5.998580,-0.283318,-0.108552,0.049283
1771002524.781244,24.878752,-2.280968,8.220399,5.794810,-0.275766,-0.100581,0.061617
1771002524.786216,24.883725,-2.439173,9.154711,5.246055,-0.296449,-0.105359,0.062762
1771002524.791202,24.888711,-3.194095,6.845280,5.341828,-0.255355,-0.115587,0.054474
1771002524.796174,24.893682,-3.145143,6.721539,5.313708,-0.253220,-0.114983,0.054783
1771002524.801179,24.898688,-3.115171,6.709053,5.324986,-0.253680,-0.114284,0.054250
1771002524.806131,24.903640,-2.366715,9.014078,5.432896,-0.292000,-0.103522,0.059866
1771002524.811136,24.908644,-2.351532,7.957058,5.903694,-0.270566,-0.099651,0.058206
1771002524.816121,24.913630,-2.293283,7.911657,5.943458,-0.269435,-0.098891,0.056955
1771002524.821136,24.918645,-2.428968,7.512500,6.028835,-0.264041,-0.100456,0.055689
1771002524.826083,24.923592,-3.367411,8.485496,6.403361,-0.273304,-0.127995,0.038573
1771002524.831551,24.929060,-4.505260,8.346211,4.813576,-0.288396,-0.143350,0.039010
1771002524.836084,24.933593,-4.491430,8.228555,4.881118,-0.285960,-0.143100,0.038364
1771002524.841034,24.938542,-3.834774,11.086707,4.450018,-0.320040,-0.135530,0.046346
1771002524.846005,24.943514,-5.953322,8.471610,5.161119,-0.295796,-0.159061,0.036578
1771002524.851003,24.948512,-3.974752,7.219321,6.263682,-0.268041,-0.117022,0.055579
1771002524.855977,24.953486,-4.232084,7.216165,6.860291,-0.261786,-0.124320,0.056297
1771002524.860950,24.958458,-4.206914,7.295912,6.939139,-0.262930,-0.124330,0.056364
1771002524.865942,24.963450,-4.126868,7.242707,7.015738,-0.261962,-0.123477,0.056341
1771002524.870956,24.968465,-2.542710,7.257447,5.237480,-0.266139,-0.109228,0.056930
1771002524.875898,24.973407,-4.017744,7.122190,7.111094,-0.260199,-0.123378,0.056968
1771002524.880883,24.978392,-3.399750,9.350625,7.131081,-0.298931,-0.114627,0.062777
1771002524.885872,24.983381,-3.398897,9.462896,7.226248,-0.300987,-0.114684,0.062427
1771002524.890854,24.988363,-3.271423,9.388618,7.164013,-0.299979,-0.114454,0.064559
1771002524.895845,24.993353,-3.232698,9.847765,6.773130,-0.316807,-0.118230,0.064996
1771002524.901250,24.998759,-3.852183,9.795764,6.630265,-0.319203,-0.130040,0.070618
1771002524.905792,25.003301,-3.057588,8.629365,7.266871,-0.286836,-0.108274,0.064213
1771002524.910793,25.008302,-3.074367,9.252467,7.156533,-0.302162,-0.114246,0.066358
1771002524.915755,25.013263,-3.035643,8.429013,7.521929,-0.274597,-0.104382,0.063702
1771002524.920747,25.018255,-3.112902,8.972994,7.389185,-0.289425,-0.111084,0.065752
1771002524.925733,25.023242,-3.663436,9.144856,6.525289,-0.307785,-0.108887,0.065024
1771002524.930738,25.028247,-3.340168,6.466480,6.317891,-0.257501,-0.106759,0.071627
1771002524.935728,25.033237,-3.321523,6.617284,6.312790,-0.260087,-0.106496,0.071817
1771002524.940678,25.038187,-3.321136,6.635314,6.303824,-0.260147,-0.106440,0.072475
1771002524.945650,25.043159,-3.338449,6.627642,6.290818,-0.260216,-0.106506,0.073029
1771002524.950640,25.048149,-3.352804,6.659885,6.276790,-0.260920,-0.106668,0.072674
1771002524.955627,25.053136,-3.344123,6.678234,6.272656,-0.261121,-0.106075,0.072479
1771002524.960615,25.058123,-3.351889,6.588765,6.212002,-0.259690,-0.106669,0.072733
1771002524.965595,25.063103,-3.322296,6.642475,6.265253,-0.260423,-0.106062,0.073044
1771002524.970626,25.068135,-3.353958,6.541149,6.237056,-0.259084,-0.106720,0.072524
1771002524.975572,25.073080,-3.358274,6.561040,6.273606,-0.259190,-0.106548,0.072334
1771002524.980535,25.078043,-3.353775,6.523583,6.286511,-0.258616,-0.106636,0.072321
1771002524.985510,25.083019,-4.258178,6.966340,6.401373,-0.269969,-0.116587,0.058861
1771002524.990584,25.088092,-3.354285,6.474215,6.249911,-0.258178,-0.106785,0.072582
1771002524.995491,25.092999,-3.371908,6.579200,6.298002,-0.260232,-0.107107,0.072699
1771002525.000463,25.097972,-3.383285,6.503463,6.273403,-0.258267,-0.107272,0.072357
1771002525.005447,25.102956,-3.327137,6.546355,6.224545,-0.259369,-0.106369,0.073265
1771002525.010485,25.107994,-3.323869,6.588097,6.237082,-0.259709,-0.106183,0.073563
1771002525.015421,25.112930,-3.340909,6.623647,6.261233,-0.260268,-0.106683,0.073023
1771002525.020400,25.117909,-3.325967,6.556525,6.174770,-0.259487,-0.106295,0.073635
1771002525.025394,25.122903,-3.336795,6.466596,6.177845,-0.257816,-0.106501,0.073541
1771002525.030448,25.127957,-3.475121,7.323837,5.959739,-0.277263,-0.111008,0.072466
1771002525.035365,25.132873,-3.502758,7.340590,5.911674,-0.277821,-0.111312,0.072754
1771002525.040343,25.137851,-3.488488,7.327207,5.931106,-0.277122,-0.110938,0.072305
1771002525.045313,25.142822,-3.523936,7.368314,5.937044,-0.278310,-0.111422,0.072515
1771002525.050385,25.147894,-3.509351,7.413348,5.903346,-0.279077,-0.111294,0.072869
1771002525.055290,25.152798,-3.528594,7.424754,5.910124,-0.278885,-0.111271,0.073022
1771002525.060274,25.157783,-3.548764,7.420496,5.845534,-0.278757,-0.111618,0.072990
1771002525.065248,25.162757,-3.545910,7.482075,5.916347,-0.279363,-0.111544,0.072300
1771002525.070237,25.167746,-3.545416,7.461047,5.839115,-0.278797,-0.111233,0.072540
1771002525.075300,25.172808,-3.604018,7.483034,5.869833,-0.279580,-0.112390,0.071624
1771002525.080193,25.177702,-3.532583,7.441862,5.832256,-0.278503,-0.111172,0.072610
1771002525.085177,25.182686,-3.576521,7.484696,5.862274,-0.279668,-0.111733,0.072360
1771002525.090203,25.187711,-3.566345,7.422749,5.816675,-0.278311,-0.111742,0.071774
1771002525.095160,25.192669,-3.579681,7.323932,5.791455,-0.276940,-0.111477,0.072214
1771002525.100126,25.197634,-3.560795,7.459585,5.874531,-0.278694,-0.111367,0.071749
1771002525.105118,25.202627,-3.554617,7.390690,5.855378,-0.277693,-0.110951,0.072203
1771002525.110097,25.207606,-3.551138,7.408864,5.860659,-0.278514,-0.111262,0.072388
1771002525.115124,25.212633,-3.558923,7.360760,5.836580,-0.277404,-0.111359,0.072123
1771002525.120065,25.217574,-3.567544,7.367731,5.864325,-0.277742,-0.111324,0.072262
1771002525.125043,25.222552,-3.587701,7.405251,5.866471,-0.278242,-0.111747,0.072061
1771002525.130035,25.227544,-3.551906,7.414704,5.853145,-0.278259,-0.111329,0.072029
1771002525.135053,25.232561,-3.551082,7.411810,5.855258,-0.278052,-0.111310,0.072121
1771002525.139997,25.237506,-3.530560,7.435739,5.852593,-0.278702,-0.111248,0.072283
1771002525.144988,25.242497,-3.534494,7.503023,5.903044,-0.279765,-0.111208,0.072434
1771002525.149972,25.247480,-3.587546,7.418816,5.886955,-0.278358,-0.111889,0.071970
1771002525.154952,25.252461,-3.564978,7.400136,5.884653,-0.277983,-0.111499,0.072157
1771002525.159930,25.257439,-3.548668,7.426084,5.852414,-0.278363,-0.111548,0.072369
1771002525.164914,25.262423,-3.582813,7.434545,5.837108,-0.278878,-0.112327,0.072537
1771002525.169966,25.267475,-3.513339,7.519700,5.814016,-0.280012,-0.111533,0.073005
1771002525.174880,25.272389,-3.569636,7.457806,5.838045,-0.279167,-0.112045,0.073066
1771002525.179851,25.277359,-3.195492,11.005259,4.547105,-0.315237,-0.130220,0.051260
1771002525.184849,25.282357,-3.191364,8.137920,4.892403,-0.274348,-0.117371,0.056102
1771002525.189825,25.287333,-3.134540,10.080393,4.925875,-0.299970,-0.123717,0.051703
1771002525.194808,25.292317,-2.619048,11.035641,3.806588,-0.304266,-0.110846,0.064231
1771002525.199805,25.297314,-3.175026,10.108533,4.901917,-0.300254,-0.124069,0.051850
1771002525.204916,25.302425,-3.182088,8.146302,4.850980,-0.274868,-0.117370,0.056194
1771002525.209760,25.307269,-3.197447,8.122989,4.849934,-0.274326,-0.117182,0.055172
1771002525.214741,25.312249,-3.698410,7.443835,5.286395,-0.262937,-0.129512,0.045147
1771002525.219889,25.317398,-3.363602,8.247767,6.106806,-0.278025,-0.121048,0.045774
1771002525.224743,25.322251,-3.596637,7.397654,5.799662,-0.277784,-0.111702,0.071692
1771002525.229719,25.327227,-3.589688,7.431094,5.835830,-0.277981,-0.111607,0.071690
1771002525.234814,25.332323,-3.594307,7.424040,5.801781,-0.278215,-0.111638,0.071311
1771002525.239668,25.337177,-3.639511,7.297453,5.789171,-0.275909,-0.112380,0.071098
1771002525.244654,25.342163,-3.590931,7.260171,5.810921,-0.275139,-0.111453,0.071466
1771002525.249624,25.347133,-3.629899,7.301151,5.856396,-0.275739,-0.111891,0.070601
1771002525.254712,25.352221,-3.620252,7.168793,5.820999,-0.274032,-0.111784,0.071230
1771002525.259595,25.357104,-3.600582,7.212152,5.874382,-0.274126,-0.111596,0.070664
1771002525.264583,25.362092,-3.617188,7.192638,5.875193,-0.273712,-0.111968,0.070234
1771002525.269564,25.367072,-3.612887,7.214602,5.891435,-0.274442,-0.111741,0.070514
1771002525.274537,25.372046,-3.587528,7.208179,5.898819,-0.274390,-0.111281,0.070477
1771002525.279528,25.377037,-2.684044,7.025630,6.037530,-0.261130,-0.105114,0.073607
1771002525.284505,25.382014,-2.724719,7.028465,6.054363,-0.261598,-0.106025,0.073055
1771002525.289492,25.387001,-3.601110,7.131790,5.881678,-0.272597,-0.111560,0.069974
1771002525.294525,25.392034,-3.619474,7.200706,5.855618,-0.273821,-0.111996,0.070234
1771002525.299453,25.396961,-3.591648,7.398057,5.879550,-0.276888,-0.112065,0.070328
1771002525.304458,25.401967,-3.571186,7.332971,5.821829,-0.276043,-0.111480,0.071090
1771002525.309423,25.406932,-3.649385,7.191952,5.843396,-0.273419,-0.112036,0.069532
1771002525.314414,25.411922,-2.788103,7.025165,6.022903,-0.261040,-0.106369,0.072258
1771002525.319378,25.416887,-2.784480,6.923812,6.031660,-0.259193,-0.106032,0.071720
1771002525.324369,25.421878,-2.774956,6.887457,6.051992,-0.258610,-0.105516,0.071466
1771002525.329359,25.426868,-3.448661,6.769218,5.846171,-0.258265,-0.116924,0.074728
1771002525.334385,25.431894,-3.699115,6.659001,6.512509,-0.249866,-0.123426,0.074064
1771002525.339327,25.436836,-3.692134,6.584766,6.608645,-0.248344,-0.122415,0.073615
1771002525.344296,25.441805,-3.208071,8.869623,6.429374,-0.291447,-0.116638,0.080052
1771002525.349283,25.446791,-4.680501,9.061532,6.909841,-0.305087,-0.143321,0.056102
1771002525.354268,25.451777,-4.703844,8.968565,6.951942,-0.303678,-0.143551,0.054929
1771002525.359245,25.456753,-4.698117,8.722438,6.939966,-0.300571,-0.143304,0.055010
1771002525.364230,25.461739,-4.687879,8.688315,6.989401,-0.299702,-0.142839,0.055107
1771002525.369223,25.466732,-4.770062,8.659497,7.026445,-0.300114,-0.143924,0.053805
1771002525.374218,25.471726,-4.691433,8.715784,7.052650,-0.301273,-0.142654,0.055361
1771002525.379176,25.476685,-4.682422,8.636815,7.015898,-0.300109,-0.142829,0.055001
1771002525.384176,25.481684,-4.670279,8.731860,7.013890,-0.301570,-0.143046,0.054779
1771002525.389144,25.486653,-4.675460,8.699388,7.069867,-0.300616,-0.142935,0.054911
1771002525.394130,25.491639,-4.657141,8.810575,7.039461,-0.302911,-0.143251,0.055193
1771002525.399110,25.496619,-4.677795,8.674368,7.004343,-0.301384,-0.143765,0.055505
1771002525.404094,25.501603,-4.630651,8.760262,7.052539,-0.302356,-0.143089,0.055702
1771002525.409087,25.506596,-4.614901,8.752883,7.075191,-0.301633,-0.143381,0.055150
1771002525.414067,25.511575,-4.594521,8.735944,7.076523,-0.301579,-0.143105,0.055885
1771002525.419043,25.516551,-4.596058,8.727417,7.078500,-0.301601,-0.143528,0.055294
1771002525.424035,25.521544,-4.573233,8.819932,7.076224,-0.302512,-0.142968,0.055710
1771002525.429008,25.526516,-4.562841,8.785215,7.057878,-0.302036,-0.142976,0.055821
1771002525.433984,25.531492,-4.061873,9.532894,6.648753,-0.314489,-0.130561,0.067181
1771002525.438986,25.536494,-4.016295,9.646578,6.578403,-0.316288,-0.130706,0.067370
1771002525.443953,25.541462,-4.049679,9.655609,6.527481,-0.316619,-0.131093,0.068088
1771002525.448947,25.546455,-3.112125,9.450156,6.201040,-0.312057,-0.121560,0.081784
1771002525.453921,25.551430,-3.191365,8.882253,6.499796,-0.292256,-0.118167,0.080502
1771002525.458910,25.556418,-3.216931,9.023167,6.352781,-0.294466,-0.119374,0.081494
1771002525.463886,25.561395,-3.211959,9.090418,6.301972,-0.295209,-0.119964,0.081673
1771002525.468876,25.566385,-3.669632,6.741927,6.522826,-0.252018,-0.124448,0.075004
1771002525.473847,25.571356,-3.385132,6.761095,5.785697,-0.259323,-0.117040,0.075618
1771002525.478843,25.576351,-3.366807,6.850399,5.740494,-0.261091,-0.116581,0.076504
1771002525.483811,25.581319,-3.267022,8.994154,6.456553,-0.291334,-0.119246,0.069576
1771002525.488797,25.586306,-3.387451,6.907314,5.728499,-0.261562,-0.116820,0.076352
1771002525.493789,25.591298,-2.794335,7.016176,6.013368,-0.261545,-0.106151,0.071650
1771002525.498761,25.596270,-2.801935,6.998119,6.064804,-0.261173,-0.106109,0.071198
1771002525.503763,25.601271,-3.398883,6.970957,5.795155,-0.263207,-0.116862,0.075819
1771002525.508731,25.606240,-3.673522,6.863081,6.488728,-0.254275,-0.124591,0.075339
1771002525.513709,25.611217,-3.636190,6.895335,6.554002,-0.254748,-0.123427,0.075902
1771002525.518677,25.616186,-3.680742,6.778228,6.586267,-0.252908,-0.124046,0.074961
1771002525.523687,25.621196,-3.657495,6.779785,6.571841,-0.253137,-0.123764,0.074872
1771002525.528658,25.626167,-3.618279,6.713089,6.557992,-0.251969,-0.123202,0.075708
1771002525.533643,25.631152,-3.172454,9.201684,6.293085,-0.298178,-0.119175,0.082717
1771002525.538630,25.636139,-3.161303,9.032988,6.377690,-0.295627,-0.118558,0.082359
1771002525.543605,25.641114,-3.181643,8.990273,6.433030,-0.295184,-0.118452,0.081652
1771002525.548585,25.646094,-3.205182,8.889876,6.510964,-0.293383,-0.118114,0.080654
1771002525.553567,25.651076,-3.151948,9.355818,6.199512,-0.310502,-0.121655,0.081824
1771002525.558577,25.656085,-4.081304,9.755834,6.497946,-0.318096,-0.131590,0.067779
1771002525.563534,25.661042,-4.093059,9.608371,6.525510,-0.315590,-0.131077,0.067434
1771002525.568501,25.666009,-4.100506,9.579671,6.523273,-0.315046,-0.130968,0.067064
1771002525.573585,25.671093,-4.691462,8.829004,6.923553,-0.302605,-0.144038,0.055691
1771002525.578584,25.676093,-3.758678,8.578156,6.982303,-0.293992,-0.132498,0.067086
1771002525.583478,25.680987,-4.680553,8.793513,6.938601,-0.300975,-0.143425,0.054702
1771002525.588457,25.685966,-4.700299,8.768109,6.958464,-0.301010,-0.143350,0.054571
1771002525.593432,25.690941,-4.706940,8.692833,6.937368,-0.299115,-0.143310,0.053869
1771002525.598405,25.695914,-4.718448,8.596817,6.910128,-0.297875,-0.143132,0.054391
1771002525.603502,25.701010,-4.783045,8.569779,6.942613,-0.297061,-0.143894,0.052891
1771002525.608373,25.705881,-4.833501,8.438793,6.950065,-0.294618,-0.144263,0.051885
1771002525.613368,25.710877,-4.825148,8.458049,6.963988,-0.295066,-0.143840,0.051217
1771002525.618329,25.715838,-4.810523,8.373031,6.970790,-0.293556,-0.143909,0.050877
1771002525.623318,25.720826,-4.791300,8.365273,7.031700,-0.293241,-0.143461,0.050537
1771002525.628309,25.725818,-4.819820,8.254152,7.050036,-0.291593,-0.143930,0.049875
1771002525.633287,25.730795,-4.771847,8.361586,7.087205,-0.293332,-0.143324,0.050256
1771002525.638259,25.735768,-4.835550,8.213035,7.034032,-0.291281,-0.144094,0.049367
1771002525.643260,25.740769,-4.818971,8.218421,7.041352,-0.291142,-0.143986,0.049690
1771002525.648249,25.745757,-4.835188,8.257391,7.079611,-0.291536,-0.143994,0.049145
1771002525.653233,25.750742,-4.826796,8.293936,7.042024,-0.292006,-0.143866,0.049234
1771002525.658196,25.755704,-3.894463,7.995435,7.129290,-0.283263,-0.132311,0.061731
1771002525.663171,25.760680,-3.915586,8.065097,7.138643,-0.284243,-0.132197,0.062066
1771002525.668209,25.765718,-3.925916,7.987654,7.080250,-0.283123,-0.132545,0.061169
1771002525.673166,25.770675,-3.910151,8.112201,7.152119,-0.284543,-0.132020,0.061617
1771002525.678141,25.775650,-3.931831,7.967041,7.087042,-0.282273,-0.132323,0.061416
1771002525.683116,25.780624,-3.925845,7.979235,7.071625,-0.282654,-0.132341,0.060739
1771002525.688100,25.785609,-3.970527,7.967829,7.086414,-0.281850,-0.132889,0.059981
1771002525.693081,25.790590,-3.948804,7.964903,7.115743,-0.281681,-0.132534,0.060190
1771002525.698054,25.795563,-3.936881,7.877412,7.064258,-0.280549,-0.131986,0.060542
1771002525.703068,25.800576,-4.003800,7.830173,7.090317,-0.279855,-0.132961,0.060006
1771002525.708028,25.805536,-3.983570,7.801819,7.080736,-0.279322,-0.132943,0.059662
1771002525.712996,25.810505,-3.117161,7.616301,7.226171,-0.266227,-0.128065,0.062616
1771002525.718011,25.815519,-3.087941,7.694322,7.228366,-0.267699,-0.127638,0.062608
1771002525.723365,25.820873,-3.096079,7.729558,7.208057,-0.268147,-0.127590,0.062885
1771002525.727953,25.825462,-3.146468,7.708467,7.246999,-0.267750,-0.128148,0.061933
1771002525.732927,25.830435,-3.101179,7.762807,7.212953,-0.268633,-0.127450,0.062599
1771002525.737920,25.835428,-3.155781,7.720038,7.190716,-0.267996,-0.128000,0.062309
1771002525.742895,25.840404,-3.136252,7.712372,7.201857,-0.267708,-0.127580,0.062143
1771002525.747899,25.845408,-3.201009,7.746545,7.229330,-0.268458,-0.128442,0.061465
1771002525.752862,25.850371,-3.163224,7.702580,7.200817,-0.267804,-0.127968,0.062344
1771002525.757861,25.855370,-3.163156,7.839370,7.245516,-0.269816,-0.128280,0.061400
1771002525.762832,25.860340,-3.184628,7.750136,7.182746,-0.268462,-0.128728,0.061282
1771002525.767807,25.865316,-3.157823,7.815092,7.229169,-0.269314,-0.128281,0.061402
1771002525.772827,25.870336,-3.145944,7.773479,7.195585,-0.268553,-0.128183,0.061419
1771002525.777791,25.875300,-3.142618,7.738029,7.222132,-0.268111,-0.128168,0.061403
1771002525.782746,25.880254,-3.139271,7.811967,7.237277,-0.269291,-0.128584,0.061167
1771002525.787756,25.885265,-4.011803,7.965361,7.017477,-0.281908,-0.133166,0.058753
1771002525.792716,25.890224,-3.152335,8.530080,7.780151,-0.271554,-0.127329,0.053137
1771002525.797705,25.895214,-4.031259,8.044555,6.991531,-0.282637,-0.133108,0.059288
1771002525.802850,25.900358,-4.081767,7.987167,6.944270,-0.281540,-0.134193,0.058535
1771002525.807671,25.905180,-4.062833,8.083309,6.941115,-0.282665,-0.133965,0.058484
1771002525.812668,25.910176,-3.711801,9.388099,5.997919,-0.310009,-0.127600,0.069655
1771002525.817643,25.915151,-4.276614,8.881616,6.458153,-0.300017,-0.140198,0.058062
1771002525.822658,25.920166,-2.977382,8.812658,5.701442,-0.288191,-0.127070,0.055365
1771002525.827605,25.925114,-2.636260,9.304585,4.847877,-0.287858,-0.128451,0.054148
1771002525.833081,25.930589,-2.660610,9.306876,4.854688,-0.287230,-0.128864,0.053682
1771002525.838312,25.935820,-2.656167,9.444400,4.734711,-0.288251,-0.129400,0.053468
1771002525.843118,25.940627,-2.865839,10.324626,3.928804,-0.299717,-0.135015,0.054180
1771002525.847540,25.945048,-3.047569,9.397408,6.145793,-0.294706,-0.124612,0.069732
1771002525.852518,25.950027,-3.123823,9.279065,6.246667,-0.293614,-0.124892,0.069004
1771002525.857506,25.955014,-3.574778,9.076430,6.596668,-0.296818,-0.139091,0.058406
1771002525.862525,25.960033,-3.582144,8.940871,6.574473,-0.294516,-0.139043,0.057849
1771002525.867478,25.964987,-3.606337,8.964258,6.665269,-0.295036,-0.138662,0.057234
1771002525.872454,25.969963,-3.617491,8.854417,6.619799,-0.293363,-0.138830,0.057640
1771002525.877441,25.974949,-3.612389,8.800367,6.648335,-0.292572,-0.138783,0.056751
1771002525.882416,25.979925,-3.608825,8.839135,6.650743,-0.293060,-0.138431,0.056923
1771002525.888107,25.985616,-3.612408,8.783050,6.602093,-0.292043,-0.138682,0.056398
1771002525.892395,25.989903,-3.640392,8.766950,6.623299,-0.292310,-0.139140,0.056958
1771002525.897374,25.994883,-3.605733,8.795531,6.622492,-0.292362,-0.138739,0.056283
1771002525.902366,25.999875,-3.629393,8.732398,6.612316,-0.291568,-0.139155,0.056734
1771002525.907336,26.004844,-3.623564,8.752298,6.641842,-0.292202,-0.139255,0.056857
1771002525.912311,26.009819,-3.581511,8.777150,6.662511,-0.292202,-0.138946,0.056905
1771002525.917291,26.014800,-3.551951,8.762876,6.672291,-0.291859,-0.138636,0.056130
1771002525.922274,26.019783,-3.553536,8.648795,6.675590,-0.290142,-0.138993,0.056282
1771002525.927262,26.024770,-3.520845,8.071217,6.880376,-0.275273,-0.133481,0.054619
1771002525.932287,26.029796,-3.509982,8.107152,6.935817,-0.276064,-0.133273,0.054501
1771002525.937268,26.034777,-3.528532,7.980962,6.990521,-0.274323,-0.133544,0.054386
1771002525.942206,26.039714,-3.523966,7.889195,6.965876,-0.273346,-0.133678,0.053826
1771002525.947198,26.044707,-3.531816,7.840683,6.986174,-0.272317,-0.133489,0.053655
1771002525.952170,26.049679,-3.565202,7.730336,6.980098,-0.270936,-0.133842,0.053212
1771002525.957166,26.054675,-3.572559,7.770920,6.992861,-0.271324,-0.133513,0.052949
1771002525.962173,26.059682,-3.883763,7.675717,7.660437,-0.263114,-0.141319,0.051697
1771002525.967112,26.064620,-4.043436,8.074772,7.562591,-0.274796,-0.147553,0.051170
1771002525.972154,26.069662,-4.116152,8.027495,7.579808,-0.273652,-0.147819,0.050471
1771002525.977092,26.074601,-4.141293,8.128850,7.554026,-0.275410,-0.147693,0.050339
1771002525.982069,26.079578,-4.186771,8.145133,7.490523,-0.276310,-0.147981,0.050188
1771002525.987049,26.084558,-4.188648,8.251501,7.489216,-0.277759,-0.147685,0.049722
1771002525.992051,26.089560,-4.288781,8.142419,7.466265,-0.275582,-0.148556,0.048244
1771002525.997025,26.094534,-3.297349,7.965716,7.524674,-0.262243,-0.142639,0.050350
1771002526.002003,26.099512,-3.341726,8.075243,7.573008,-0.264316,-0.142485,0.050247
1771002526.007005,26.104513,-3.390126,7.922070,7.563004,-0.262530,-0.142812,0.049822
1771002526.011952,26.109461,-3.410574,7.883000,7.614967,-0.262172,-0.143048,0.049053
1771002526.016949,26.114458,-3.418004,7.822902,7.657741,-0.261349,-0.143258,0.049283
1771002526.021920,26.119429,-3.459279,7.854303,7.716063,-0.262639,-0.143438,0.048563
1771002526.027314,26.124822,-3.526063,7.777602,7.753740,-0.261849,-0.143313,0.047926
1771002526.031895,26.129403,-3.586813,7.638647,7.762818,-0.259281,-0.144053,0.047073
1771002526.036879,26.134388,-3.572833,7.698804,7.731550,-0.261228,-0.143722,0.047308
1771002526.041864,26.139373,-3.595822,7.748020,7.783497,-0.262100,-0.143483,0.046927
1771002526.046838,26.144346,-3.613378,7.663785,7.756516,-0.260800,-0.143643,0.046339
1771002526.051811,26.149319,-3.648177,7.718360,7.818422,-0.261774,-0.143479,0.046476
1771002526.056792,26.154301,-3.685581,7.603318,7.739917,-0.260044,-0.143783,0.046567
1771002526.061795,26.159303,-3.635667,9.046057,8.858620,-0.277306,-0.143039,0.037085
1771002526.066792,26.164300,-3.652643,8.974566,8.852912,-0.276099,-0.142950,0.037172
1771002526.071753,26.169261,-3.689386,8.970099,8.887014,-0.275929,-0.142914,0.036636
1771002526.076739,26.174248,-3.721426,8.859978,8.875932,-0.274276,-0.143086,0.035907
1771002526.081718,26.179227,-3.758366,8.738762,8.886279,-0.272984,-0.143190,0.035970
1771002526.086713,26.184222,-3.846400,8.678720,8.929952,-0.272166,-0.144063,0.033918
1771002526.091711,26.189219,-2.999860,9.224415,8.632606,-0.275187,-0.143506,0.034470
1771002526.096663,26.194171,-3.981529,9.315872,8.629662,-0.279708,-0.153306,0.020399
1771002526.101672,26.199181,-2.974464,10.131355,8.120352,-0.277366,-0.138118,0.015651
1771002526.106704,26.204213,-3.039580,12.871352,5.933607,-0.303084,-0.146215,0.022675
1771002526.111614,26.209123,-3.146844,12.424352,6.560386,-0.288143,-0.140741,0.021989
1771002526.116599,26.214108,-3.197245,12.315102,6.622728,-0.287103,-0.140723,0.021630
1771002526.121561,26.219069,-3.152209,12.822515,5.950903,-0.301755,-0.146272,0.021405
1771002526.126570,26.224078,-3.548455,13.001488,5.577225,-0.296476,-0.151246,0.021620
1771002526.131575,26.229083,-3.387871,13.578278,4.852499,-0.312931,-0.155758,0.021311
1771002526.136567,26.234076,-4.058277,10.598298,6.907019,-0.286077,-0.161205,0.012003
1771002526.141506,26.239015,-3.395243,10.769893,5.201973,-0.302234,-0.146940,0.025468
1771002526.146505,26.244014,-3.390064,8.864365,8.591902,-0.267252,-0.144080,0.030058
1771002526.151470,26.248979,-3.424060,8.780972,8.511474,-0.266057,-0.144658,0.030085
1771002526.156439,26.253948,-3.355510,8.761638,8.556632,-0.264671,-0.144603,0.028646
1771002526.161434,26.258942,-3.188401,8.805239,8.587070,-0.265722,-0.143952,0.029437
1771002526.166424,26.263933,-3.123081,8.612357,8.714887,-0.261993,-0.143925,0.029661
1771002526.171452,26.268961,-3.160905,8.556514,8.785950,-0.261413,-0.144384,0.028997
1771002526.176379,26.273887,-3.233933,8.398608,8.710963,-0.259315,-0.144300,0.028039
1771002526.181360,26.278869,-3.264702,8.397178,8.764581,-0.259346,-0.144199,0.028229
1771002526.186341,26.283850,-3.267986,8.344933,8.706108,-0.258421,-0.144698,0.028733
1771002526.191316,26.288825,-3.246179,8.403092,8.708196,-0.258917,-0.144104,0.028003
1771002526.196307,26.293816,-3.263628,8.449356,8.728428,-0.259141,-0.143451,0.027787
1771002526.201353,26.298862,-3.296812,8.409308,8.686887,-0.258970,-0.143646,0.027799
1771002526.206265,26.303774,-3.314416,8.366682,8.700210,-0.257812,-0.144099,0.027258
1771002526.211259,26.308768,-3.312913,8.294803,8.655457,-0.256983,-0.143895,0.027397
1771002526.216232,26.313740,-3.379681,8.340973,8.690867,-0.257637,-0.144051,0.027367
1771002526.221225,26.318734,-3.440747,8.361569,8.697387,-0.258219,-0.144508,0.027481
1771002526.226198,26.323707,-3.466070,8.270469,8.665959,-0.256814,-0.144567,0.027151
1771002526.231180,26.328689,-3.446243,8.315381,8.657044,-0.256927,-0.143942,0.025954
1771002526.236285,26.333794,-3.525755,8.350932,8.677081,-0.257410,-0.144523,0.026163
1771002526.241446,26.338954,-3.544167,8.210212,8.646525,-0.254888,-0.144666,0.025384
1771002526.246163,26.343672,-3.570218,8.249345,8.665282,-0.255660,-0.144489,0.024929
1771002526.251127,26.348636,-3.632664,8.195022,8.613861,-0.255104,-0.144689,0.025083
1771002526.256109,26.353618,-3.735684,9.034465,8.267328,-0.272628,-0.148700,0.024722
1771002526.261080,26.358589,-3.719454,9.138193,8.207814,-0.273530,-0.148735,0.024350
1771002526.266075,26.363583,-3.793662,9.211058,8.165651,-0.274808,-0.149541,0.024054
1771002526.271091,26.368600,-3.827805,9.297444,8.098959,-0.276229,-0.149648,0.023941
1771002526.276031,26.373540,-2.756510,9.436192,7.563057,-0.271034,-0.140996,0.007203
1771002526.281008,26.378516,-2.822945,9.491131,7.561755,-0.272040,-0.141346,0.007065
1771002526.285990,26.383499,-2.862373,9.405755,7.609903,-0.270590,-0.141323,0.007241
1771002526.290971,26.388479,-2.858393,9.489361,7.583107,-0.271738,-0.141533,0.006273
1771002526.295951,26.393460,-2.891754,9.448055,7.600122,-0.271861,-0.141273,0.006583
1771002526.300939,26.398447,-1.952745,9.318422,7.372745,-0.261763,-0.138200,0.007869
1771002526.305918,26.403427,-1.952559,9.321924,7.371352,-0.261688,-0.137958,0.007300
1771002526.310910,26.408419,-2.012301,9.294193,7.432659,-0.261340,-0.137919,0.007706
1771002526.315891,26.413399,-1.997335,9.269315,7.424412,-0.261452,-0.137754,0.007847
1771002526.320861,26.418370,-2.029667,9.349251,7.445022,-0.263244,-0.138047,0.007710
1771002526.325852,26.423360,-2.074676,9.364177,7.460154,-0.263617,-0.138459,0.007577
1771002526.330824,26.428333,-2.031214,9.401205,7.483420,-0.264514,-0.137892,0.007843
1771002526.335840,26.433349,-2.095628,9.378807,7.528658,-0.263981,-0.138113,0.007709
1771002526.340814,26.438323,-2.039484,9.412755,7.478648,-0.264855,-0.137672,0.008836
1771002526.345778,26.443287,-2.067592,9.464822,7.473758,-0.266063,-0.138058,0.008437
1771002526.350930,26.448439,-2.069225,9.496339,7.459223,-0.266814,-0.138127,0.008324
1771002526.355741,26.453250,-2.070466,9.494703,7.439250,-0.267044,-0.138011,0.009148
1771002526.360727,26.458235,-2.047410,9.583038,7.426961,-0.268470,-0.137924,0.009118
1771002526.365719,26.463227,-2.079891,9.508482,7.442417,-0.267292,-0.138108,0.009231
1771002526.370684,26.468193,-2.061445,9.650405,7.411960,-0.269842,-0.138257,0.008785
1771002526.375669,26.473178,-2.087459,9.637592,7.421538,-0.269433,-0.138334,0.008801
1771002526.380648,26.478157,-2.041551,9.667846,7.374616,-0.269943,-0.137857,0.009656
1771002526.385635,26.483143,-2.054968,9.591418,7.374434,-0.268824,-0.138134,0.009637
1771002526.390712,26.488220,-2.043775,9.727300,7.329143,-0.271204,-0.138073,0.009921
1771002526.395600,26.493108,-2.054343,9.740617,7.318288,-0.271114,-0.138247,0.009575
1771002526.400634,26.498142,-2.073538,9.782722,7.258317,-0.271853,-0.138675,0.009987
1771002526.405636,26.503145,-2.542114,9.364202,7.146879,-0.261362,-0.142051,0.010650
1771002526.410568,26.508076,-2.074423,10.234031,6.666824,-0.280829,-0.146864,0.010385
1771002526.415546,26.513055,-2.030454,9.826823,7.176080,-0.271582,-0.138420,0.010227
1771002526.420505,26.518013,-2.042619,9.923772,7.211947,-0.272310,-0.138660,0.009717
1771002526.425507,26.523015,-2.010695,9.867325,7.150978,-0.272013,-0.138048,0.010091
1771002526.430517,26.528026,-2.048726,9.797462,7.289346,-0.270775,-0.138426,0.009871
1771002526.435548,26.533056,-2.050339,9.816076,7.232808,-0.271065,-0.138312,0.010032
1771002526.440531,26.538040,-2.049153,9.806273,7.221417,-0.271208,-0.138000,0.010394
1771002526.445465,26.542974,-2.085387,9.807107,7.212312,-0.270944,-0.138575,0.009343
1771002526.451247,26.548755,-2.141202,9.689042,7.269727,-0.269486,-0.138721,0.009024
1771002526.455401,26.552910,-2.125492,9.803732,7.228224,-0.270456,-0.138554,0.008924
1771002526.460427,26.557935,-2.108104,9.770989,7.193580,-0.270204,-0.138365,0.009478
1771002526.466015,26.563524,-2.131212,9.748338,7.167858,-0.269942,-0.138388,0.009519
1771002526.470332,26.567841,-2.190137,10.316670,6.756069,-0.281863,-0.146529,0.010368
1771002526.475315,26.572823,-2.169319,10.239431,6.665364,-0.280946,-0.146619,0.010091
1771002526.480313,26.577821,-2.212461,10.211436,6.775392,-0.280712,-0.146348,0.009898
1771002526.485276,26.582785,-2.208423,10.204335,6.757231,-0.280608,-0.146401,0.010028
1771002526.490270,26.587779,-2.214661,10.276717,6.688721,-0.281417,-0.146581,0.009878
1771002526.495250,26.592759,-2.226669,10.331542,6.774167,-0.281773,-0.146688,0.009787
1771002526.500231,26.597740,-2.227803,10.248148,6.714854,-0.280790,-0.146417,0.009734
1771002526.505271,26.602780,-2.205082,10.273980,6.755238,-0.280890,-0.146224,0.009547
1771002526.510220,26.607728,-2.273618,10.238240,6.824505,-0.281159,-0.146599,0.009454
1771002526.515183,26.612692,-2.225259,10.239817,6.786679,-0.280145,-0.145911,0.009742
1771002526.520169,26.617678,-2.276616,10.203581,6.820726,-0.279823,-0.146545,0.009317
1771002526.525149,26.622658,-1.821015,9.848300,5.873572,-0.266270,-0.143667,-0.003310
1771002526.530128,26.627636,-2.049127,11.268775,5.163818,-0.269952,-0.144530,0.005242
1771002526.535165,26.632674,-2.055347,11.338856,5.063894,-0.269568,-0.144599,0.005489
1771002526.540086,26.637594,-2.067406,11.413436,5.007307,-0.269746,-0.144945,0.005958
1771002526.545081,26.642590,-2.127817,11.356334,5.008923,-0.269711,-0.145416,0.005112
1771002526.550043,26.647552,-2.093331,11.479802,4.900945,-0.269688,-0.145218,0.006083
1771002526.555040,26.652549,-1.824326,11.410652,4.322493,-0.277099,-0.136474,0.006868
1771002526.560681,26.658190,-1.889860,11.452265,4.274953,-0.276705,-0.137275,0.006720
1771002526.565019,26.662528,-1.923745,11.440013,4.262570,-0.276713,-0.137460,0.006638
1771002526.569979,26.667487,-1.942857,11.584529,4.085073,-0.276437,-0.137829,0.007398
1771002526.575583,26.673092,-1.990853,11.624478,3.989976,-0.276653,-0.138159,0.006967
1771002526.579946,26.677455,-2.033451,11.660993,3.928550,-0.276491,-0.138560,0.007860
1771002526.584931,26.682440,-2.138270,12.214459,3.371756,-0.286736,-0.148165,0.008346
1771002526.589918,26.687427,-2.729951,9.360716,4.781931,-0.263665,-0.153215,-0.000915
1771002526.594930,26.692439,-2.766273,9.351192,4.790646,-0.263208,-0.153317,-0.001299
1771002526.600542,26.698051,-2.875476,10.169561,3.742364,-0.277652,-0.161074,-0.001493
1771002526.604900,26.702409,-2.950921,10.163925,3.756776,-0.276914,-0.162166,-0.002959
1771002526.610322,26.707831,-2.994144,10.022449,3.814685,-0.275387,-0.161824,-0.002581
1771002526.615458,26.712967,-3.617767,9.254567,7.650187,-0.253557,-0.154566,-0.022388
1771002526.620432,26.717941,-2.670816,9.547241,7.594245,-0.249634,-0.149718,-0.021610
1771002526.624800,26.722309,-2.733624,9.438701,7.609940,-0.248445,-0.150250,-0.021902
1771002526.629772,26.727281,-2.772679,9.503404,7.566253,-0.248955,-0.150844,-0.023253
1771002526.635649,26.733158,-2.797768,9.467553,7.624355,-0.248474,-0.150506,-0.022587
1771002526.639747,26.737255,-2.852142,9.498718,7.536149,-0.248642,-0.151134,-0.022774
1771002526.645374,26.742883,-2.885423,9.539695,7.474849,-0.249529,-0.151502,-0.022837
1771002526.649713,26.747221,-2.951212,9.575890,7.484118,-0.249182,-0.151598,-0.022855
1771002526.654684,26.752192,-2.968974,9.606666,7.399719,-0.249410,-0.151770,-0.023373
1771002526.660558,26.758067,-2.950054,9.650003,7.369336,-0.249499,-0.151556,-0.022511
1771002526.664669,26.762177,-3.050228,9.581934,7.375922,-0.248095,-0.152692,-0.023599
1771002526.669640,26.767148,-3.035407,9.849759,7.353673,-0.250286,-0.152657,-0.023599
1771002526.675810,26.773318,-3.057864,9.918119,7.266452,-0.250889,-0.152526,-0.023625
1771002526.679603,26.777112,-2.528742,11.530596,5.078236,-0.268446,-0.148325,-0.013127
1771002526.684597,26.782105,-2.622728,12.068142,4.491864,-0.278580,-0.157658,-0.012230
1771002526.689569,26.787078,-2.687464,12.001055,4.404926,-0.278046,-0.158574,-0.012203
1771002526.694617,26.792125,-2.736392,12.149609,4.310029,-0.278479,-0.159053,-0.011439
1771002526.699545,26.797054,-3.435220,9.441689,5.488761,-0.253398,-0.166050,-0.021346
1771002526.704549,26.802057,-3.537742,9.441832,5.462515,-0.252240,-0.167200,-0.022060
1771002526.709495,26.807004,-3.565249,9.449238,5.422469,-0.253188,-0.167287,-0.021618
1771002526.714623,26.812132,-1.557698,9.185318,4.486978,-0.243578,-0.147670,-0.016403
1771002526.719464,26.816972,-3.592520,9.556288,5.340032,-0.253216,-0.167980,-0.021601
1771002526.724458,26.821966,-2.543305,9.743928,4.767306,-0.249311,-0.158723,-0.032239
1771002526.729436,26.826945,-1.436966,9.829073,4.984324,-0.245379,-0.145068,-0.018463
1771002526.734427,26.831936,-1.209510,9.923415,4.288336,-0.253701,-0.137550,-0.016788
1771002526.739391,26.836900,-1.249648,10.064910,4.261952,-0.254943,-0.137925,-0.016932
1771002526.744378,26.841887,-1.267374,10.118175,4.248555,-0.254979,-0.137645,-0.016288
1771002526.749351,26.846860,-1.300308,10.079603,4.186234,-0.254647,-0.138085,-0.015744
1771002526.754343,26.851851,-1.347799,10.276860,4.108689,-0.256148,-0.138415,-0.016243
1771002526.759322,26.856831,-1.445483,9.904957,4.852662,-0.240424,-0.132314,-0.016754
1771002526.764307,26.861816,-1.520928,9.876573,4.793839,-0.240287,-0.133216,-0.017056
1771002526.769312,26.866820,-1.503676,9.933823,4.736326,-0.241110,-0.133024,-0.016758
1771002526.774275,26.871784,-1.542637,9.997917,4.712181,-0.241023,-0.133634,-0.017002
1771002526.779245,26.876754,-1.527545,10.066460,4.628503,-0.241267,-0.133405,-0.015933
1771002526.784230,26.881739,-1.736156,10.948959,3.517079,-0.252759,-0.142828,-0.015201
1771002526.789216,26.886725,-1.753158,11.161280,3.316537,-0.253702,-0.143393,-0.014562
1771002526.794203,26.891711,-2.507363,8.543572,4.665914,-0.228823,-0.150485,-0.022683
1771002526.799181,26.896690,-2.503138,8.701265,4.563043,-0.230513,-0.150877,-0.022177
1771002526.804179,26.901687,-2.528299,8.828749,4.575545,-0.231226,-0.150982,-0.022034
1771002526.809154,26.906663,-2.559134,8.811204,4.517715,-0.231184,-0.151317,-0.021973
1771002526.814114,26.911623,-2.595954,8.913033,4.477467,-0.232531,-0.151846,-0.022024
1771002526.819115,26.916624,-2.627114,8.893944,4.493409,-0.232264,-0.152342,-0.021875
1771002526.824131,26.921640,-0.510837,8.618621,3.749259,-0.216730,-0.125228,-0.021899
1771002526.829085,26.926593,-0.949697,12.242107,1.185414,-0.241541,-0.135770,-0.015520
1771002526.834073,26.931581,-0.630816,12.202479,0.515370,-0.249395,-0.127973,-0.013602
1771002526.839042,26.936550,-0.600263,12.184152,0.601930,-0.248609,-0.127288,-0.013551
1771002526.844018,26.941527,-0.606883,12.294992,0.582934,-0.249127,-0.128177,-0.014112
1771002526.849380,26.946889,-2.349186,9.589634,3.892032,-0.239067,-0.151173,-0.018431
1771002526.854404,26.951913,-2.455604,9.192018,4.258606,-0.235621,-0.151758,-0.020316
1771002526.859354,26.956863,-2.413902,9.220572,4.234321,-0.236028,-0.151519,-0.020241
1771002526.864365,26.961874,-2.353630,8.499681,5.140625,-0.222936,-0.144799,-0.019891
1771002526.869579,26.967088,-2.289548,8.584343,5.110229,-0.223603,-0.144488,-0.019582
1771002526.873930,26.971439,-2.244685,8.459420,5.149662,-0.222158,-0.143958,-0.019042
1771002526.878917,26.976426,-2.236757,8.459089,5.166970,-0.222342,-0.143754,-0.019007
1771002526.883895,26.981404,-2.209524,8.385716,5.182134,-0.221647,-0.143156,-0.018770
1771002526.888868,26.986377,-2.163531,8.416595,5.191588,-0.221939,-0.143282,-0.019208
1771002526.893853,26.991362,-2.159174,8.356634,5.217411,-0.221273,-0.142826,-0.018706
1771002526.898834,26.996343,-2.168373,8.367705,5.224682,-0.221868,-0.143525,-0.019507
1771002526.903811,27.001319,-2.094288,8.402416,5.176627,-0.222350,-0.142651,-0.018667
1771002526.908816,27.006325,-2.075189,8.513448,5.184607,-0.223285,-0.142095,-0.018326
1771002526.913779,27.011288,-2.080342,8.448365,5.183053,-0.222256,-0.142323,-0.018710
1771002526.918771,27.016280,-2.041641,8.499508,5.153411,-0.222822,-0.142057,-0.018544
1771002526.923743,27.021252,-2.040372,8.497488,5.215130,-0.222906,-0.142167,-0.018297
1771002526.928728,27.026237,-2.020941,8.406957,5.235223,-0.222024,-0.141563,-0.018005
1771002526.933712,27.031221,-1.950997,8.493135,5.229516,-0.222560,-0.141285,-0.018065
1771002526.938708,27.036216,-1.955681,8.429505,5.254278,-0.222572,-0.141268,-0.017707
1771002526.943679,27.041188,-1.941467,8.372139,5.305316,-0.221483,-0.140909,-0.018086
1771002526.948663,27.046172,-1.917575,8.334824,5.325422,-0.221472,-0.140792,-0.017727
1771002526.953650,27.051158,-1.856920,8.380991,5.331182,-0.221622,-0.139846,-0.017991
1771002526.958637,27.056145,-1.918170,8.240538,5.416221,-0.220825,-0.140851,-0.018226
1771002526.963608,27.061116,-1.855415,8.224218,5.403669,-0.220822,-0.140183,-0.017916
1771002526.968627,27.066136,-1.824771,8.244671,5.436266,-0.220919,-0.139692,-0.018178
1771002526.973579,27.071088,-1.075288,10.960253,4.013054,-0.247625,-0.132719,-0.010410
1771002526.978560,27.076069,-1.048178,10.924399,4.083196,-0.248336,-0.132034,-0.010668
1771002526.983545,27.081053,-1.077243,10.815241,4.148355,-0.247520,-0.132113,-0.011058
1771002526.988520,27.086028,-1.078392,10.942311,4.073029,-0.248762,-0.132762,-0.010924
1771002526.993502,27.091011,-1.037793,10.877113,4.113488,-0.248418,-0.132238,-0.010759
1771002526.998508,27.096016,-1.045228,10.861855,4.143662,-0.248051,-0.131809,-0.010589
1771002527.003468,27.100976,-1.035543,10.932720,4.090325,-0.248638,-0.132484,-0.010853
1771002527.008456,27.105964,-1.016295,10.906730,4.082834,-0.248774,-0.131910,-0.010122
1771002527.013451,27.110960,-0.998282,10.915287,4.062150,-0.248767,-0.131973,-0.010334
1771002527.018420,27.115928,-1.029515,10.881104,4.066401,-0.247723,-0.131977,-0.010452
1771002527.023416,27.120924,-0.442767,10.401415,0.584116,-0.245342,-0.129802,-0.005632
1771002527.028380,27.125889,-0.964027,12.858253,0.265438,-0.260021,-0.150947,-0.008412
1771002527.033414,27.130922,-0.970953,12.774437,0.274474,-0.259309,-0.150675,-0.008138
1771002527.038366,27.135875,-0.626307,12.739267,-0.316218,-0.267342,-0.142433,-0.007133
1771002527.043329,27.140838,0.078769,12.526654,-0.093130,-0.266847,-0.129333,-0.011297
1771002527.048313,27.145822,-0.671927,12.711504,-0.354176,-0.267261,-0.143143,-0.007273
1771002527.053307,27.150815,0.112984,12.600521,-0.182375,-0.266570,-0.129078,-0.010853
1771002527.058292,27.155801,-0.706426,12.719811,-0.357648,-0.267044,-0.143181,-0.007319
1771002527.063255,27.160764,-1.214750,12.617894,0.678431,-0.265734,-0.142125,-0.019625
1771002527.068233,27.165741,-1.953406,8.318215,5.323024,-0.221925,-0.141586,-0.017922
1771002527.073217,27.170725,-1.978943,8.241776,5.288206,-0.221002,-0.141877,-0.017494
1771002527.078227,27.175735,-1.945001,8.344596,5.229172,-0.221434,-0.141508,-0.017552
1771002527.083184,27.180693,-1.957862,8.396575,5.194060,-0.222209,-0.141910,-0.017417
1771002527.088173,27.185682,-1.956539,8.402438,5.139354,-0.221983,-0.142086,-0.017597
1771002527.093152,27.190660,-1.941226,8.463912,5.093115,-0.223016,-0.141943,-0.017211
1771002527.098139,27.195648,-1.943050,8.455608,5.105920,-0.222490,-0.141842,-0.016785
1771002527.103201,27.200709,-1.921466,8.502944,5.091290,-0.223088,-0.142015,-0.017540
1771002527.108115,27.205624,-1.963668,8.405412,5.159147,-0.221555,-0.142241,-0.017647
1771002527.113086,27.210595,-1.982025,8.410810,5.166915,-0.222113,-0.142184,-0.017845
1771002527.118079,27.215588,-1.907580,8.407416,5.157722,-0.222570,-0.141447,-0.017041
1771002527.123041,27.220550,-1.899357,8.430311,5.202513,-0.222405,-0.141189,-0.018068
1771002527.128035,27.225543,-1.880674,8.363873,5.211397,-0.222048,-0.141020,-0.017030
1771002527.133025,27.230533,-1.907027,8.381597,5.291631,-0.222133,-0.140963,-0.017926
1771002527.138014,27.235522,-1.890624,8.274299,5.329106,-0.220566,-0.140832,-0.018114
1771002527.142998,27.240506,-1.948969,8.270838,5.335051,-0.220964,-0.141730,-0.018463
1771002527.147965,27.245474,-1.902394,8.322128,5.295561,-0.221784,-0.140921,-0.018074
1771002527.152949,27.250457,-1.876647,8.308549,5.356467,-0.221859,-0.140511,-0.018688
1771002527.157927,27.255436,-1.877144,8.192674,5.366998,-0.220752,-0.140473,-0.018115
1771002527.163007,27.260516,-1.861226,8.278588,5.370892,-0.221310,-0.140047,-0.018174
1771002527.167952,27.265461,-1.096436,10.984775,3.992771,-0.248608,-0.132457,-0.010636
1771002527.172880,27.270389,-1.121363,10.903837,4.021768,-0.247598,-0.132622,-0.011005
1771002527.177859,27.275368,-1.106974,10.945982,4.048080,-0.248423,-0.132787,-0.011007
1771002527.182853,27.280361,-1.055116,10.906270,4.089263,-0.248705,-0.132074,-0.010435
1771002527.187815,27.285324,-1.026667,10.969867,4.132940,-0.250491,-0.131880,-0.010659
1771002527.192806,27.290315,-0.983006,10.899452,4.171080,-0.250113,-0.131608,-0.010896
1771002527.197786,27.295295,-0.974280,10.844593,4.201062,-0.250205,-0.131717,-0.010355
1771002527.202792,27.300301,-0.884646,10.881899,4.162040,-0.251070,-0.130874,-0.009818
1771002527.207761,27.305269,-0.908445,10.780745,4.285062,-0.251073,-0.131289,-0.010568
1771002527.212745,27.310253,-0.863159,10.740891,4.317664,-0.251572,-0.131136,-0.010418
1771002527.217720,27.315228,-0.823355,10.702324,4.319657,-0.251788,-0.130936,-0.010355
1771002527.222695,27.320204,-0.720576,9.364179,3.669376,-0.242167,-0.129730,-0.003524
1771002527.227695,27.325203,-0.647208,9.479446,3.575976,-0.244153,-0.129702,-0.003421
1771002527.232678,27.330187,-0.674356,9.475255,3.641633,-0.244065,-0.130021,-0.003848
1771002527.237662,27.335171,-0.578709,8.815470,4.563586,-0.230999,-0.123473,-0.002436
1771002527.242625,27.340133,-1.519396,8.923059,4.724759,-0.243536,-0.126373,-0.004849
1771002527.247627,27.345135,-1.521414,8.921280,4.677045,-0.244173,-0.126587,-0.004812
1771002527.252605,27.350114,-0.520949,8.846545,4.511417,-0.231575,-0.123308,-0.001868
1771002527.257574,27.355082,-1.507699,8.935074,4.721847,-0.244590,-0.126750,-0.004748
1771002527.262574,27.360083,-0.504868,8.774438,4.455071,-0.232033,-0.123638,-0.001585
1771002527.267826,27.365335,-0.400504,9.166337,3.538052,-0.247896,-0.129316,-0.001010
1771002527.272519,27.370028,-0.444941,9.089120,3.630060,-0.246756,-0.129591,-0.001796
1771002527.277497,27.375005,-0.468552,9.026241,3.700644,-0.247090,-0.129536,-0.001957
1771002527.282526,27.380035,-0.443814,8.986432,3.658209,-0.246648,-0.129369,-0.001485
1771002527.287503,27.385012,-0.459664,8.908850,3.703050,-0.245905,-0.129200,-0.001810
1771002527.292462,27.389970,-0.491932,8.922097,3.734156,-0.246417,-0.129640,-0.002238
1771002527.297437,27.394946,-0.510489,8.840086,3.743916,-0.245327,-0.129808,-0.002299
1771002527.302418,27.399927,-0.448402,8.973613,3.733010,-0.246591,-0.128726,-0.002233
1771002527.307415,27.404924,-0.482663,8.905520,3.780056,-0.245674,-0.129089,-0.002539
1771002527.312407,27.409916,-0.495613,8.916969,3.752331,-0.246491,-0.129383,-0.002694
1771002527.317383,27.414892,-0.515521,8.839995,3.789748,-0.245066,-0.129217,-0.002538
1771002527.322357,27.419866,-0.535777,8.781105,3.816333,-0.244586,-0.129437,-0.002936
1771002527.327786,27.425295,-0.571738,9.418716,4.060167,-0.250236,-0.130524,-0.006176
1771002527.332311,27.429819,-0.246865,9.637179,2.164593,-0.236041,-0.126562,-0.004228
1771002527.337310,27.434819,-2.390023,9.747760,2.566813,-0.245882,-0.148519,-0.006395
1771002527.342298,27.439806,-2.434422,9.864701,2.459671,-0.246083,-0.149528,-0.006577
1771002527.347263,27.444772,-2.446639,9.921015,2.324247,-0.245774,-0.150005,-0.005991
1771002527.352261,27.449769,-1.090693,9.938154,4.122786,-0.243166,-0.134312,-0.011077
1771002527.357228,27.454736,-0.797045,10.840748,4.197754,-0.254512,-0.131331,-0.009338
1771002527.362233,27.459742,-0.706709,8.873264,4.432447,-0.231540,-0.124255,-0.002595
1771002527.367202,27.464711,-0.760414,9.669702,3.368484,-0.246331,-0.131401,-0.002539
1771002527.372183,27.469692,-0.897993,11.110438,3.912350,-0.254679,-0.133024,-0.008958
1771002527.377158,27.474666,-0.856669,9.805996,3.287504,-0.246907,-0.132140,-0.003073
1771002527.382126,27.479635,-1.013754,11.236912,3.738652,-0.253878,-0.134582,-0.008643
1771002527.387142,27.484650,-0.890625,9.873692,3.206207,-0.246252,-0.132491,-0.002695
1771002527.392101,27.489609,-1.729694,7.358130,4.327755,-0.213059,-0.139601,-0.008975
1771002527.397086,27.494595,-1.781762,7.439543,4.248087,-0.214455,-0.140136,-0.009404
1771002527.402063,27.499571,-1.812882,7.472572,4.218875,-0.214263,-0.140456,-0.009357
1771002527.407090,27.504599,-1.921664,8.948896,4.856230,-0.229555,-0.142539,-0.017080
1771002527.412046,27.509555,-1.990189,8.959378,4.817545,-0.229985,-0.143321,-0.017196
1771002527.417022,27.514531,-2.073391,8.966316,4.792655,-0.229899,-0.144469,-0.017330
1771002527.421995,27.519504,-2.082722,8.918668,4.812650,-0.229140,-0.144333,-0.016938
1771002527.427035,27.524543,-2.103498,8.923648,4.812974,-0.228535,-0.144565,-0.017542
1771002527.431957,27.529466,-2.153049,8.947618,4.825938,-0.228785,-0.144822,-0.017937
1771002527.436924,27.534433,-2.109086,8.907084,4.828493,-0.228269,-0.144058,-0.017481
1771002527.441928,27.539437,-2.127928,8.826911,4.869109,-0.227505,-0.144283,-0.017481
1771002527.446916,27.544425,-2.141495,8.888311,4.833530,-0.228053,-0.144390,-0.018099
1771002527.451899,27.549408,-2.093409,8.792433,4.861965,-0.226761,-0.143654,-0.017214
1771002527.456877,27.554386,-2.102296,8.794097,4.865535,-0.226532,-0.144278,-0.017498
1771002527.461845,27.559354,-1.969885,7.513571,4.226499,-0.213793,-0.141649,-0.010044
1771002527.466841,27.564350,-2.048902,8.867280,4.908511,-0.227368,-0.143410,-0.017742
1771002527.471823,27.569331,-2.057479,8.852721,4.897046,-0.227277,-0.143786,-0.017876
1771002527.476799,27.574308,-1.957679,8.852863,4.889278,-0.227120,-0.142670,-0.017145
1771002527.481769,27.579278,-1.945883,8.803341,4.934665,-0.226536,-0.142286,-0.016792
1771002527.486747,27.584256,-1.961362,8.760616,4.943092,-0.226041,-0.142651,-0.017957
1771002527.491829,27.589337,-1.916000,8.816109,4.898987,-0.226622,-0.142208,-0.017245
1771002527.496726,27.594234,-1.929767,8.862866,4.925743,-0.227239,-0.142478,-0.017552
1771002527.501717,27.599226,-1.899089,8.773286,4.961102,-0.226008,-0.142176,-0.017256
1771002527.506692,27.604201,-1.882341,8.813869,4.930745,-0.226832,-0.141840,-0.016958
1771002527.511687,27.609196,-1.833036,7.407149,4.275789,-0.211797,-0.140434,-0.009722
1771002527.516660,27.614169,-1.889748,8.760445,4.982217,-0.226013,-0.142070,-0.017076
1771002527.521646,27.619154,-1.808441,7.399161,4.250972,-0.211491,-0.140061,-0.009987
1771002527.526609,27.624118,-1.847726,8.719014,4.942119,-0.226136,-0.141568,-0.016650
1771002527.531599,27.629107,-1.854599,8.788819,4.896340,-0.226796,-0.141956,-0.016924
1771002527.536597,27.634105,-1.766567,7.375771,4.280287,-0.211108,-0.139891,-0.010042
1771002527.541556,27.639065,-1.828015,8.611917,5.075818,-0.224609,-0.141127,-0.017100
1771002527.546537,27.644046,-1.822661,8.651531,5.055968,-0.225410,-0.141475,-0.017368
1771002527.551522,27.649031,-1.748339,8.612988,5.050013,-0.225049,-0.140391,-0.016596
1771002527.556508,27.654017,-1.716444,7.296366,4.297018,-0.210664,-0.139325,-0.009085
1771002527.561500,27.659008,-2.840620,8.841242,5.135317,-0.238423,-0.147442,-0.020546
1771002527.566497,27.664006,-2.866843,8.896120,5.083906,-0.239680,-0.148300,-0.020325
1771002527.571450,27.668959,-2.736860,7.665833,4.280073,-0.226001,-0.145754,-0.012133
1771002527.576456,27.673965,-2.700665,7.706893,4.238644,-0.226555,-0.145451,-0.011958
1771002527.581421,27.678930,-2.668409,7.773096,4.184083,-0.227871,-0.145517,-0.010995
1771002527.586418,27.683927,-2.609473,7.954844,4.156960,-0.230301,-0.145622,-0.011197
1771002527.591390,27.688899,-2.607134,7.953089,4.114376,-0.230136,-0.145579,-0.010961
1771002527.596372,27.693881,-2.590329,7.938746,4.117736,-0.229609,-0.145782,-0.010629
1771002527.601336,27.698844,-2.546231,7.978583,4.116417,-0.230565,-0.145729,-0.010504
1771002527.606483,27.703992,-2.557081,7.985829,4.139693,-0.230399,-0.145834,-0.010580
1771002527.611302,27.708811,-2.539310,8.043300,4.083577,-0.231669,-0.146066,-0.009712
1771002527.616313,27.713822,-2.519089,8.035846,4.042620,-0.231353,-0.145554,-0.009335
1771002527.621274,27.718783,-2.499684,8.094702,4.040624,-0.231965,-0.145973,-0.009499
1771002527.626265,27.723773,-2.529118,8.138135,4.044291,-0.232833,-0.146217,-0.009557
1771002527.631243,27.728751,-2.457664,8.155391,3.983887,-0.233239,-0.145716,-0.008711
1771002527.636220,27.733729,-2.232402,9.458467,3.147178,-0.241630,-0.138324,-0.012740
1771002527.641219,27.738727,-1.046092,8.639347,2.206748,-0.230572,-0.123986,-0.013171
1771002527.646184,27.743693,-0.458713,11.302056,0.496169,-0.249757,-0.120389,-0.004137
1771002527.651199,27.748708,-0.434188,11.310732,0.520043,-0.250174,-0.119911,-0.003758
1771002527.656159,27.753668,-0.574974,11.453212,0.074892,-0.251122,-0.119710,-0.003601
1771002527.661141,27.758650,-0.409574,11.257803,0.616057,-0.249608,-0.118977,-0.004279
1771002527.666120,27.763629,-0.449937,11.241299,0.628106,-0.249949,-0.119543,-0.004712
1771002527.671149,27.768658,-0.406562,11.227891,0.593313,-0.249299,-0.119103,-0.004544
1771002527.676078,27.773586,-0.434702,11.209182,0.616588,-0.248917,-0.119257,-0.004710
1771002527.681075,27.778584,-2.439903,8.070945,4.041431,-0.231806,-0.145151,-0.009175
1771002527.686038,27.783547,-2.454999,8.031287,4.055525,-0.230949,-0.145469,-0.008914
1771002527.691098,27.788607,-2.412033,8.106895,4.054823,-0.231682,-0.145125,-0.008489
1771002527.696016,27.793525,-2.428890,8.056445,3.971966,-0.231201,-0.145532,-0.008870
1771002527.700996,27.798504,-2.403707,8.146590,3.984254,-0.232365,-0.145602,-0.008297
1771002527.706780,27.804289,-2.460010,8.123257,4.015676,-0.232253,-0.146059,-0.008859
1771002527.710954,27.808463,-2.427969,8.139737,3.986742,-0.232390,-0.145959,-0.008535
1771002527.715942,27.813450,-2.406997,8.106100,3.981464,-0.231902,-0.145195,-0.008431
1771002527.721524,27.819033,-2.412956,8.142355,3.998718,-0.232237,-0.145507,-0.008379
1771002527.725913,27.823421,-2.437371,8.129626,3.971338,-0.232330,-0.145828,-0.008839
1771002527.730897,27.828406,-2.455661,8.099503,3.998079,-0.231471,-0.145920,-0.008901
1771002527.736597,27.834105,-2.436279,8.127844,3.962193,-0.231561,-0.145994,-0.008651
1771002527.740868,27.838377,-2.418101,8.100698,3.979891,-0.231304,-0.145620,-0.008229
1771002527.745846,27.843354,-2.369212,8.177415,3.954969,-0.232524,-0.144991,-0.007512
1771002527.751556,27.849064,-2.394428,8.261003,3.914611,-0.233667,-0.145995,-0.008053
1771002527.755799,27.853307,-2.399137,8.462184,3.893191,-0.235840,-0.146092,-0.008202
1771002527.760781,27.858289,-2.400271,8.401660,3.870806,-0.234441,-0.146076,-0.007162
1771002527.766315,27.863824,-2.400703,8.479511,3.781434,-0.235245,-0.146474,-0.007308
1771002527.770744,27.868253,-2.488082,8.647819,3.759185,-0.237033,-0.147745,-0.007871
1771002527.775720,27.873229,-2.437158,8.596243,3.734174,-0.236133,-0.147055,-0.007432
1771002527.780703,27.878212,-2.491305,8.561539,3.728798,-0.235812,-0.147801,-0.006883
1771002527.785707,27.883216,-2.490883,8.634713,3.649528,-0.236741,-0.148160,-0.007093
1771002527.790673,27.888181,-2.491051,8.746576,3.646970,-0.237232,-0.148180,-0.007395
1771002527.795664,27.893173,-2.514273,8.649670,3.686983,-0.235933,-0.148423,-0.007699
1771002527.800636,27.898144,-2.514761,8.544646,3.667871,-0.234881,-0.147667,-0.007140
1771002527.805633,27.903141,-2.524265,8.685290,3.664009,-0.236458,-0.148123,-0.007301
1771002527.810588,27.908097,-2.539774,8.725612,3.612661,-0.236679,-0.148910,-0.007208
1771002527.815592,27.913101,-2.509631,8.751164,3.603321,-0.236777,-0.148525,-0.007244
1771002527.820602,27.918111,-2.525749,8.723634,3.597150,-0.236742,-0.148659,-0.006674
1771002527.825565,27.923074,-0.945508,10.082468,0.693505,-0.241872,-0.132023,-0.011172
1771002527.830551,27.928060,-1.248465,10.157191,0.476501,-0.241695,-0.136198,-0.009210
1771002527.835532,27.933041,-1.205656,10.233270,0.432024,-0.241830,-0.136035,-0.009169
1771002527.840513,27.938021,-1.246380,10.240621,0.361408,-0.242318,-0.137018,-0.009004
1771002527.845481,27.942990,-1.579020,10.847834,1.838583,-0.247762,-0.138291,-0.011916
1771002527.850448,27.947956,-1.430270,9.019313,2.951507,-0.245065,-0.127730,-0.008228
1771002527.855443,27.952952,-1.420765,9.076102,2.983548,-0.245044,-0.127339,-0.008178
1771002527.860428,27.957937,-1.394605,9.098107,2.960893,-0.245218,-0.127386,-0.008066
1771002527.865410,27.962919,-1.386985,9.043215,2.993987,-0.244452,-0.126962,-0.008153
1771002527.870391,27.967900,-2.127157,8.998562,2.831128,-0.247120,-0.140030,-0.004162
1771002527.875378,27.972886,-2.416644,8.931966,3.515863,-0.238272,-0.148597,-0.004998
1771002527.880357,27.977865,-2.399809,8.878886,3.587439,-0.238841,-0.147983,-0.005933
1771002527.885335,27.982844,-2.408310,8.671431,3.639658,-0.236472,-0.147558,-0.006730
1771002527.890315,27.987823,-2.422395,8.619335,3.718222,-0.235940,-0.147531,-0.007557
1771002527.895303,27.992811,-2.336771,8.511267,3.741016,-0.235218,-0.146084,-0.006984
1771002527.900280,27.997789,-2.310205,8.434310,3.834570,-0.234239,-0.145347,-0.007335
1771002527.905263,28.002772,-2.335448,8.316972,3.919388,-0.233129,-0.145822,-0.008148
1771002527.910243,28.007751,-2.286549,8.309530,3.923680,-0.233959,-0.144944,-0.007938
1771002527.915213,28.012722,-2.295793,8.190417,3.989624,-0.232205,-0.144777,-0.007827
1771002527.920214,28.017722,-2.264281,8.260389,3.909203,-0.233573,-0.145015,-0.007792
1771002527.925195,28.022703,-2.198747,8.274551,3.937838,-0.233385,-0.144319,-0.007040
1771002527.930176,28.027684,-2.203086,8.302059,3.912803,-0.234484,-0.144548,-0.007302
1771002527.935636,28.033144,-2.236590,8.195868,3.977437,-0.232516,-0.144635,-0.007092
1771002527.940583,28.038092,-2.196944,8.224610,3.927074,-0.233404,-0.144562,-0.006563
1771002527.945648,28.043157,-2.527032,8.777442,3.301585,-0.227950,-0.133946,-0.015507
1771002527.950567,28.048075,-0.874826,8.307358,2.419437,-0.220346,-0.115995,-0.010982
1771002527.955102,28.052611,-1.365040,8.497462,2.131761,-0.223388,-0.127206,-0.007768
1771002527.960090,28.057599,-0.786496,8.368338,2.530262,-0.219374,-0.115062,-0.010874
1771002527.965073,28.062582,-0.707211,8.906137,1.897655,-0.229620,-0.123636,-0.009877
1771002527.970049,28.067558,-0.696692,9.100224,1.725866,-0.231049,-0.124932,-0.009283
1771002527.975027,28.072535,-0.646706,9.168061,1.729054,-0.229941,-0.125869,-0.008229
1771002527.980020,28.077528,-1.655321,9.308237,1.936475,-0.230392,-0.136947,0.002926
1771002527.984998,28.082507,-3.237970,7.938303,2.567552,-0.232482,-0.155280,-0.009760
1771002527.990333,28.087842,-0.779188,8.427199,3.887584,-0.232664,-0.112655,0.004278
1771002527.995413,28.092921,-0.933656,9.096588,2.979001,-0.243786,-0.120465,0.003705
1771002527.999934,28.097442,-0.546472,9.648873,2.386486,-0.230889,-0.106142,0.015006
1771002528.004922,28.102431,-1.067740,7.217242,3.742195,-0.205922,-0.109004,0.005861
1771002528.009904,28.107413,-1.147697,7.389237,3.633399,-0.208147,-0.109486,0.007189
1771002528.014887,28.112396,-1.340331,8.851658,2.227489,-0.232230,-0.124382,0.008714
1771002528.019877,28.117385,-2.752722,9.343024,1.813828,-0.238499,-0.141709,-0.004185
1771002528.024862,28.122371,-2.864098,9.678402,1.555265,-0.237063,-0.142690,-0.003623
1771002528.029837,28.127346,-3.670424,6.889608,3.301423,-0.198142,-0.144167,-0.015130
1771002528.034816,28.132324,-4.077455,8.131233,2.484827,-0.213056,-0.152755,-0.013759
1771002528.039801,28.137310,-3.118720,8.797113,1.645687,-0.213851,-0.145568,-0.025124
1771002528.044794,28.142303,-2.449291,7.034358,1.942227,-0.193202,-0.127261,-0.027290
1771002528.049768,28.147277,-0.885786,6.903687,2.723803,-0.179939,-0.105321,-0.012267
1771002528.054752,28.152260,-1.860444,9.698393,1.144077,-0.206169,-0.124878,0.016180
1771002528.059729,28.157238,-2.110984,8.798210,2.380801,-0.203024,-0.132614,0.005780
1771002528.064714,28.162223,-2.015508,8.636942,2.442253,-0.203538,-0.131944,0.005864
1771002528.069695,28.167204,-2.933561,8.588590,2.586599,-0.215644,-0.138510,0.002526
1771002528.074681,28.172189,-2.771249,8.503428,2.690418,-0.215400,-0.137201,0.003467
1771002528.079659,28.177168,-2.544074,7.544359,3.424935,-0.204128,-0.130685,0.002420
1771002528.084654,28.182162,-2.479357,7.516570,3.414930,-0.203680,-0.130541,0.002314
1771002528.089627,28.187135,-2.413624,7.639836,3.367562,-0.205240,-0.130090,0.003777
1771002528.094619,28.192127,-2.449924,6.270635,2.799684,-0.190668,-0.128151,0.013753
1771002528.099591,28.197100,-2.481005,9.683344,1.284613,-0.216564,-0.129436,0.016345
1771002528.104588,28.202097,-3.162716,7.246821,2.492200,-0.198212,-0.137448,0.006475
1771002528.109567,28.207076,-2.459390,8.371469,2.234335,-0.202032,-0.123924,0.004530
1771002528.114572,28.212080,-2.485033,7.191005,2.230318,-0.182288,-0.116337,0.014395
1771002528.119535,28.217044,-1.452319,7.541848,1.671817,-0.181068,-0.105324,0.003190
1771002528.124510,28.222019,-1.315812,8.147132,1.269122,-0.187263,-0.107197,0.007525
1771002528.129483,28.226992,-1.971351,7.418902,1.762158,-0.186573,-0.108621,0.022398
1771002528.134492,28.232001,-2.830369,5.360419,1.992442,-0.170605,-0.123480,0.014270
1771002528.139740,28.237248,-1.909592,5.765638,1.780246,-0.171279,-0.110639,-0.001015
1771002528.144789,28.242298,-1.930221,5.830331,1.777425,-0.172212,-0.110710,-0.001105
1771002528.149764,28.247273,-1.195470,6.154917,1.749603,-0.173791,-0.097441,-0.004026
1771002528.154755,28.252264,-1.303652,6.182435,1.778996,-0.173322,-0.098280,-0.005462
1771002528.159397,28.256906,-1.423618,6.349082,1.710364,-0.175126,-0.100176,-0.005870
1771002528.164358,28.261867,-1.371253,6.731034,1.701956,-0.178783,-0.100537,-0.004315
1771002528.169801,28.267310,-1.331484,6.874962,1.628827,-0.180020,-0.100066,-0.002942
1771002528.174348,28.271857,-1.376907,7.027154,1.541829,-0.180696,-0.100368,-0.002630
1771002528.179322,28.276830,-1.450653,6.898817,1.632812,-0.179514,-0.100471,-0.003347
1771002528.184288,28.281797,-1.470937,6.580174,1.938992,-0.166855,-0.096187,-0.003198
1771002528.189286,28.286795,-1.467306,6.812758,1.905576,-0.167495,-0.096360,-0.002599
1771002528.194263,28.291771,-1.448184,6.815009,1.847358,-0.166866,-0.096062,-0.002192
1771002528.199241,28.296749,-1.538594,6.963119,1.826582,-0.167764,-0.097727,-0.001476
1771002528.204289,28.301798,-1.551122,7.021372,1.852375,-0.168182,-0.097982,-0.001018
1771002528.209206,28.306715,-1.614000,5.295565,1.817502,-0.150848,-0.094275,0.001463
1771002528.214178,28.311687,-1.601122,5.275085,1.764245,-0.150034,-0.094673,0.003163
1771002528.219173,28.316682,-1.614299,5.438144,1.753093,-0.151556,-0.095610,0.003725
1771002528.224158,28.321666,-1.643166,5.678897,1.738650,-0.153549,-0.096465,0.004896
1771002528.229158,28.326667,-1.638983,6.006964,1.681959,-0.154780,-0.096489,0.005348
1771002528.234139,28.331648,-1.651170,6.108194,1.680991,-0.154771,-0.096646,0.006286
1771002528.239091,28.336600,-1.668326,6.119921,1.651783,-0.153700,-0.096977,0.005990
1771002528.244081,28.341590,-1.664107,6.146599,1.650872,-0.154112,-0.097139,0.006224
1771002528.249067,28.346576,-0.012235,5.927971,0.684143,-0.145883,-0.080343,0.008108
1771002528.254056,28.351565,-1.320646,6.294247,1.061651,-0.157362,-0.093771,0.002988
1771002528.259045,28.356554,-1.013557,6.350602,1.663545,-0.155088,-0.084482,0.003512
1771002528.263999,28.361507,-1.104794,6.540998,1.591330,-0.155686,-0.085532,0.004137
1771002528.269067,28.366575,-1.180165,6.716167,1.565769,-0.155743,-0.086661,0.004388
1771002528.273991,28.371500,-1.331340,6.828165,1.448759,-0.155863,-0.088369,0.005065
1771002528.278958,28.376467,-1.508928,7.189572,1.254624,-0.159027,-0.089668,0.005632
1771002528.283934,28.381443,-1.656332,7.421826,1.099992,-0.160487,-0.090853,0.006723
1771002528.288932,28.386441,-2.191639,3.605254,1.480094,-0.116060,-0.095840,0.008224
1771002528.294088,28.391597,-1.471424,4.142801,1.566338,-0.120299,-0.082373,0.004309
1771002528.298957,28.396465,-2.459941,4.826665,1.195321,-0.133325,-0.094582,0.007637
1771002528.304044,28.401553,-1.395480,6.105079,-1.206227,-0.129220,-0.087481,0.004076
1771002528.308846,28.406355,-0.875867,6.304338,-1.286368,-0.131904,-0.075609,0.002203
1771002528.313835,28.411343,0.026894,6.672809,-1.719973,-0.134661,-0.064299,-0.006834
1771002528.318820,28.416329,-0.461568,4.726236,-1.213315,-0.119490,-0.078014,-0.015610
1771002528.323797,28.421306,-0.614162,4.497280,0.669532,-0.106941,-0.053631,0.000064
1771002528.328778,28.426287,-0.271572,4.803874,1.177238,-0.108886,-0.046035,-0.000435
1771002528.333812,28.431320,-0.471052,5.298463,1.000716,-0.114134,-0.046819,0.001497
1771002528.338789,28.436298,-0.866479,2.266460,1.286018,-0.075189,-0.064085,0.002588
1771002528.343745,28.441254,-0.910119,2.743956,1.425939,-0.082253,-0.064707,0.004113
1771002528.348721,28.446229,-0.615384,3.591273,0.998362,-0.095415,-0.055965,0.006454
1771002528.353690,28.451199,-0.131562,3.501884,1.036559,-0.086392,-0.037195,0.001720
1771002528.358689,28.456197,-0.282650,1.993653,0.985039,-0.063815,-0.039576,0.009091
1771002528.363663,28.461172,-0.331459,2.557182,1.008441,-0.068843,-0.039676,0.010859
1771002528.368788,28.466297,-0.392854,3.064151,0.995020,-0.075382,-0.040558,0.011623
1771002528.373625,28.471134,0.123295,3.324926,0.837663,-0.078875,-0.027139,0.008604
1771002528.378656,28.476164,-0.171142,3.646816,0.734982,-0.082468,-0.030561,0.011561
1771002528.383575,28.481084,-0.110622,2.495786,1.025159,-0.060144,-0.026007,0.020233
1771002528.388562,28.486071,0.680072,2.297448,1.181802,-0.051581,-0.009233,0.015670
1771002528.393555,28.491064,-0.010915,0.052505,1.131806,-0.026327,-0.025551,0.013976
1771002528.398663,28.496171,-0.914617,0.633226,1.345971,-0.041970,-0.031920,0.013027
1771002528.404295,28.501804,-0.934075,0.991153,1.533443,-0.045862,-0.032267,0.013240
1771002528.408494,28.506003,-0.836595,0.746805,1.357605,-0.039292,-0.026607,0.012906
1771002528.413493,28.511002,-0.339520,1.606250,1.152390,-0.046909,-0.010369,0.023356
1771002528.418494,28.516003,-0.296996,1.709286,1.118468,-0.048684,-0.009736,0.024414
1771002528.423447,28.520956,-0.285444,1.626370,1.134943,-0.047082,-0.011051,0.025132
1771002528.428435,28.525944,-0.225007,1.807925,1.171258,-0.048705,-0.010910,0.024363
1771002528.433418,28.530926,-0.172335,1.867222,1.143790,-0.049456,-0.010842,0.025899
1771002528.438421,28.535930,-0.083180,1.915408,1.143972,-0.049791,-0.010650,0.025952
1771002528.443388,28.540897,-0.061085,1.833413,1.115345,-0.048471,-0.011438,0.026021
1771002528.448366,28.545875,0.065216,1.831523,1.082628,-0.048084,-0.009291,0.026133
1771002528.453355,28.550864,0.080101,1.633618,1.068913,-0.045319,-0.009340,0.025907
1771002528.458333,28.555841,0.093446,1.662467,1.048793,-0.045799,-0.008873,0.024737
1771002528.463314,28.560823,0.106859,1.462173,1.049083,-0.043071,-0.008588,0.024588
1771002528.468342,28.565851,0.116806,1.412115,1.032038,-0.042879,-0.008483,0.025200
1771002528.473290,28.570799,0.176890,1.403409,1.019629,-0.041509,-0.007808,0.024361
1771002528.478260,28.575768,0.182778,1.367173,0.986109,-0.041140,-0.007769,0.025150
1771002528.483238,28.580747,0.159144,1.371929,1.005567,-0.041361,-0.008174,0.024367
1771002528.488225,28.585734,0.161627,1.283595,0.963092,-0.039740,-0.008294,0.023720
1771002528.493207,28.590715,0.200281,1.388456,0.965972,-0.040973,-0.007352,0.023884
1771002528.498185,28.595694,0.114928,1.369005,0.993063,-0.040514,-0.008888,0.023248
1771002528.503170,28.600679,0.124153,1.562263,1.008612,-0.042446,-0.008623,0.023176
1771002528.508156,28.605664,0.059726,1.663869,1.005404,-0.044533,-0.009518,0.024089
1771002528.513135,28.610644,-0.028899,1.884200,1.042429,-0.045914,-0.010841,0.024836
1771002528.518116,28.615624,0.629888,2.306089,0.935207,-0.049400,0.002380,0.019338
1771002528.523106,28.620615,0.509681,2.506763,0.833700,-0.051926,0.002639,0.019770
1771002528.528085,28.625594,-0.058115,-0.077813,1.151775,-0.017322,-0.010707,0.016627
1771002528.533064,28.630573,-0.130230,0.053494,1.238576,-0.018458,-0.010816,0.017556
1771002528.538042,28.635551,-0.233804,0.433061,1.395256,-0.022305,-0.010652,0.017757
1771002528.543223,28.640731,-1.491395,1.602077,0.629119,-0.033520,-0.016977,0.017729
1771002528.548005,28.645514,-1.727521,1.692940,-0.526931,-0.038338,-0.016066,0.016347
1771002528.553011,28.650520,-1.886822,2.057569,-0.487210,-0.039003,-0.016451,0.017216
1771002528.557988,28.655497,-2.199310,1.771314,-0.755432,-0.027905,-0.009667,0.018958
1771002528.562967,28.660475,-0.922857,2.018509,-0.560399,-0.020651,-0.011830,0.024728
1771002528.567945,28.665454,-1.057453,2.440394,-0.624398,-0.022426,-0.012644,0.024090
1771002528.572930,28.670439,-1.123545,2.670421,-0.660196,-0.023800,-0.012356,0.023801
1771002528.577909,28.675417,-0.066205,2.394912,-1.077810,-0.026969,-0.001021,0.011989
1771002528.582891,28.680400,-0.172791,2.507944,-1.076495,-0.027827,-0.001081,0.011212
1771002528.587889,28.685398,0.634677,2.502930,-1.241432,-0.029278,0.010260,0.009088
1771002528.592863,28.690372,0.521693,2.607231,-1.235620,-0.029448,0.010840,0.008580
1771002528.597843,28.695352,0.359527,2.715256,-1.190346,-0.030204,0.011158,0.007495
1771002528.602820,28.700329,0.247453,2.808860,-1.245335,-0.029483,0.011628,0.006377
1771002528.607802,28.705311,0.108250,2.845675,-1.182865,-0.029391,0.011032,0.005492
1771002528.612787,28.710295,0.136703,2.737750,-1.144778,-0.028576,0.010777,0.005759
1771002528.617767,28.715276,0.141995,2.780550,-1.187603,-0.027932,0.011614,0.005503
1771002528.622758,28.720266,-0.796584,2.907470,-1.027448,-0.028584,-0.001633,0.007567
1771002528.627739,28.725248,-0.780030,2.669343,-0.849235,-0.026181,-0.002479,0.006940
1771002528.632716,28.730225,0.146312,2.540871,-0.986130,-0.026783,0.010128,0.004798
1771002528.637706,28.735214,-0.776025,2.892729,-1.043720,-0.029110,-0.002049,0.007713
1771002528.642677,28.740185,0.294192,2.716970,-1.151643,-0.029987,0.011590,0.006257
1771002528.647666,28.745174,0.368728,2.625574,-1.086653,-0.030498,0.010360,0.007276
1771002528.652642,28.750151,0.439352,2.674923,-1.177207,-0.031289,0.010229,0.008135
1771002528.657630,28.755138,0.466171,2.714785,-1.188036,-0.031718,0.010352,0.008158
1771002528.662608,28.760117,0.427273,2.837880,-1.298569,-0.032373,0.011006,0.008262
1771002528.667611,28.765119,0.471664,2.766931,-1.276701,-0.031651,0.010815,0.008358
1771002528.672591,28.770099,0.540519,2.619429,-1.239705,-0.030545,0.010256,0.008650
1771002528.677568,28.775077,-0.298456,2.743429,-1.177458,-0.030356,-0.000519,0.010513
1771002528.682548,28.780057,-0.252031,2.770636,-1.231556,-0.030138,0.000511,0.010849
1771002528.687530,28.785038,-0.202548,2.607038,-1.185724,-0.028424,0.000438,0.010675
1771002528.692509,28.790018,-0.201631,2.564115,-1.164386,-0.027893,0.000686,0.010357
1771002528.697488,28.794997,-0.176493,2.416039,-1.091666,-0.026120,0.000317,0.010434
1771002528.702505,28.800014,-0.240089,2.383778,-0.995402,-0.026287,-0.000338,0.009511
1771002528.707469,28.804978,-0.124436,2.290246,-1.012554,-0.025390,0.000483,0.009857
1771002528.712449,28.809958,-0.144451,2.250428,-1.015605,-0.023996,0.000542,0.010224
1771002528.717417,28.814925,-0.255067,2.200231,-0.902774,-0.023112,-0.000389,0.007457
1771002528.722401,28.819910,-0.413416,2.457343,-1.013959,-0.024564,0.000459,0.005734
1771002528.727385,28.824894,-0.696036,2.454541,-0.964894,-0.023200,-0.001247,0.005476
1771002528.732376,28.829885,-0.859970,2.553461,-0.941872,-0.024609,-0.001962,0.004969
1771002528.737350,28.834858,-0.962841,2.846077,-1.058735,-0.026045,-0.002116,0.005376
1771002528.742331,28.839839,-0.965732,2.880523,-1.034317,-0.026310,-0.002562,0.005594
1771002528.747315,28.844824,-0.944764,3.006757,-1.119207,-0.027061,-0.001878,0.006600
1771002528.752295,28.849804,-0.929409,2.955808,-1.114245,-0.027242,-0.002771,0.006761
1771002528.757283,28.854792,0.020225,2.947630,-1.236521,-0.029318,0.011501,0.004457
1771002528.762265,28.859773,0.085805,2.984985,-1.306454,-0.029655,0.011944,0.005564
1771002528.767346,28.864855,0.075410,3.197319,-1.390967,-0.031838,0.012499,0.005737
1771002528.772227,28.869735,0.070900,3.238679,-1.417053,-0.032051,0.012478,0.006590
1771002528.777205,28.874713,0.057908,3.177916,-1.315968,-0.033109,0.011451,0.007011
1771002528.782186,28.879695,0.094625,3.255087,-1.396271,-0.032759,0.012287,0.007873
1771002528.787164,28.884672,0.070383,3.170397,-1.319594,-0.032778,0.011607,0.006953
1771002528.792150,28.889659,0.095138,3.040265,-1.275014,-0.031811,0.011608,0.006600
1771002528.797141,28.894649,0.119043,3.067300,-1.363793,-0.030836,0.012419,0.005649
1771002528.802125,28.899633,-0.826966,3.261450,-1.300857,-0.031083,-0.000566,0.008545
1771002528.807121,28.904629,-0.890355,3.078126,-1.138062,-0.029257,-0.001204,0.006319
1771002528.812090,28.909599,-0.962039,3.029708,-1.078220,-0.028614,-0.002101,0.006452
1771002528.817065,28.914574,-1.019050,3.152974,-1.091011,-0.029574,-0.002121,0.006030
1771002528.822062,28.919571,-1.034710,3.272193,-1.253416,-0.028972,-0.001407,0.006973
1771002528.827043,28.924551,-1.130725,3.328403,-1.385479,-0.029384,-0.002885,0.007044
1771002528.832031,28.929539,-1.023203,3.151475,-1.199877,-0.028143,-0.001438,0.005657
1771002528.837018,28.934527,0.251747,2.614587,-1.533984,-0.023637,0.003516,0.010051
1771002528.841980,28.939488,0.249643,2.643954,-1.523939,-0.023969,0.003823,0.010397
1771002528.846967,28.944475,0.289450,2.434294,-1.401417,-0.021879,0.003236,0.009857
1771002528.851970,28.949478,0.284602,2.489589,-1.434950,-0.022884,0.003211,0.010417
1771002528.856939,28.954448,0.297417,2.598281,-1.555934,-0.023434,0.004199,0.010941
1771002528.861930,28.959439,0.302091,2.628035,-1.556265,-0.023512,0.004506,0.010608
1771002528.866925,28.964433,0.276347,2.710371,-1.628750,-0.024250,0.004439,0.011214
1771002528.871894,28.969403,0.296332,2.662066,-1.569528,-0.023723,0.004787,0.011074
1771002528.876869,28.974378,0.295702,2.711009,-1.595051,-0.024805,0.004780,0.011055
1771002528.881851,28.979360,0.317636,2.599887,-1.554140,-0.023586,0.004025,0.011286
1771002528.886833,28.984341,-0.969869,3.149692,-1.303108,-0.028398,-0.001014,0.006553
1771002528.891822,28.989330,0.286102,2.745081,-1.657726,-0.024263,0.004790,0.011194
1771002528.896804,28.994313,0.264396,2.592808,-1.504792,-0.023422,0.004001,0.011350
1771002528.902214,28.999722,0.292266,2.513558,-1.444622,-0.022877,0.003588,0.010428
1771002528.907611,29.005119,0.365251,2.600497,-1.461425,-0.024120,0.004743,0.010931
1771002528.912113,29.009622,-0.675798,3.084398,-1.273897,-0.030527,0.000013,0.007953
1771002528.917058,29.014566,-0.096446,2.521923,-1.118979,-0.029150,0.001801,0.009667
1771002528.922054,29.019563,0.201035,2.385706,-1.205579,-0.029524,0.002123,0.010015
1771002528.927046,29.024554,0.315938,1.995152,-0.975908,-0.026823,0.000556,0.009613
1771002528.931658,29.029166,0.287682,2.017149,-1.020937,-0.026258,0.001092,0.009564
1771002528.936657,29.034166,0.079802,2.279924,-1.128018,-0.027633,0.001880,0.009312
1771002528.941645,29.039154,-0.068536,2.571721,-1.235397,-0.029750,0.002508,0.009052
1771002528.946615,29.044124,-0.129893,2.675925,-1.255402,-0.029677,0.002727,0.009931
1771002528.951596,29.049105,-0.301126,3.018476,-1.361904,-0.032507,0.002665,0.010946
1771002528.956582,29.054091,-0.328532,3.136994,-1.401926,-0.033439,0.001926,0.011170
1771002528.961564,29.059072,0.417739,3.066945,-1.422955,-0.034074,0.012291,0.008148
1771002528.966565,29.064074,0.370255,3.166981,-1.549058,-0.033396,0.012564,0.008906
1771002528.971518,29.069026,0.235769,3.345500,-1.539629,-0.034126,0.013502,0.007598
1771002528.976516,29.074025,0.142393,3.370575,-1.546886,-0.033823,0.013245,0.007144
1771002528.981492,29.079000,0.149321,3.204408,-1.453625,-0.032402,0.013258,0.006742
1771002528.986503,29.084012,0.105023,3.234758,-1.491056,-0.031974,0.013346,0.005933
1771002528.991458,29.088966,-0.928623,3.417298,-1.319912,-0.031817,-0.000019,0.007828
1771002528.996438,29.093947,-0.880588,3.146077,-1.163278,-0.030362,-0.000216,0.006912
1771002529.001422,29.098931,-0.937174,3.185693,-1.204931,-0.029754,-0.000707,0.006623
1771002529.006410,29.103919,-0.928428,3.335443,-1.363949,-0.030470,0.000017,0.007512
1771002529.011388,29.108896,-0.984466,3.341370,-1.232791,-0.031457,-0.000867,0.006811
1771002529.016368,29.113876,0.183867,3.041251,-1.303183,-0.032576,0.012477,0.006641
1771002529.021350,29.118859,-0.835051,3.264405,-1.254537,-0.031697,-0.000595,0.007490
1771002529.026337,29.123846,-0.848370,3.061934,-1.144266,-0.029937,-0.000538,0.006424
1771002529.031322,29.128831,0.281987,2.806084,-1.627689,-0.025484,0.004881,0.011081
1771002529.036302,29.133811,0.307769,2.661542,-1.568199,-0.024436,0.004593,0.010806
1771002529.041287,29.138796,0.226301,2.784755,-1.603823,-0.025102,0.004727,0.010584
1771002529.046270,29.143779,0.249104,2.563831,-1.458857,-0.023560,0.003732,0.009924
1771002529.051241,29.148750,0.256466,2.700077,-1.587921,-0.024526,0.004410,0.010687
1771002529.056233,29.153741,0.259204,2.622157,-1.506915,-0.024034,0.004270,0.010918
1771002529.061210,29.158718,0.260909,2.748783,-1.637344,-0.024936,0.004985,0.010775
1771002529.066209,29.163718,0.247235,2.863752,-1.655121,-0.025856,0.005583,0.010924
1771002529.071182,29.168690,0.330877,2.695479,-1.630080,-0.024344,0.005204,0.010739
1771002529.076164,29.173673,0.222468,2.820141,-1.655935,-0.024890,0.005100,0.011146
1771002529.081144,29.178652,0.279445,2.764138,-1.620210,-0.024856,0.005238,0.011144
1771002529.086126,29.183635,0.240880,2.793733,-1.655293,-0.025014,0.004632,0.011090
1771002529.091112,29.188621,0.202739,2.831964,-1.631895,-0.024868,0.004898,0.009954
1771002529.096105,29.193614,0.288695,2.655875,-1.548598,-0.024122,0.004585,0.010578
1771002529.101125,29.198634,0.298963,2.759943,-1.699945,-0.023759,0.005037,0.011404
1771002529.106085,29.203594,0.238335,2.721652,-1.562827,-0.024730,0.004587,0.010836
1771002529.111056,29.208565,0.266399,2.715598,-1.594773,-0.024431,0.004656,0.011216
1771002529.116025,29.213534,0.241981,2.740713,-1.607825,-0.024219,0.004647,0.010545
1771002529.121007,29.218516,0.267476,2.818855,-1.672415,-0.024732,0.005300,0.011126
1771002529.125994,29.223503,0.278972,2.802689,-1.614513,-0.025166,0.005464,0.010965
1771002529.130982,29.228491,0.241186,2.822138,-1.590813,-0.026157,0.005293,0.010685
1771002529.135996,29.233505,0.256907,2.840745,-1.651731,-0.025992,0.005688,0.010127
1771002529.140953,29.238461,0.276801,2.928612,-1.655304,-0.026795,0.006677,0.010417
1771002529.145916,29.243425,0.287892,2.893294,-1.621370,-0.026885,0.006758,0.010415
1771002529.150901,29.248410,0.345955,2.899441,-1.683156,-0.027264,0.006869,0.009901
1771002529.155879,29.253388,0.357405,2.884929,-1.644739,-0.028054,0.007159,0.009648
1771002529.160875,29.258384,0.386082,3.093801,-1.807835,-0.028331,0.008564,0.010619
1771002529.165879,29.263387,0.355365,3.139148,-1.756436,-0.030534,0.008589,0.009573
1771002529.170918,29.268426,0.407028,2.938442,-1.682800,-0.028336,0.008190,0.010055
1771002529.175827,29.273335,0.393922,3.068853,-1.709763,-0.030195,0.009020,0.009952
1771002529.180797,29.278306,0.384905,3.070875,-1.726290,-0.030074,0.008801,0.009420
1771002529.185784,29.283293,0.413773,3.112179,-1.701487,-0.031375,0.009236,0.009154
1771002529.190759,29.288267,0.400437,3.098999,-1.684754,-0.031359,0.009222,0.009043
1771002529.195755,29.293263,0.430491,3.182062,-1.788927,-0.031336,0.009608,0.009399
1771002529.200745,29.298254,0.409025,3.154597,-1.719324,-0.031800,0.009601,0.009378
1771002529.205789,29.303297,0.421905,3.211627,-1.777312,-0.032175,0.009730,0.009758
1771002529.210693,29.308201,0.411737,3.103237,-1.696862,-0.031099,0.009477,0.009475
1771002529.215677,29.313186,0.310134,0.187586,-0.344450,-0.006432,-0.006545,-0.002400
1771002529.220661,29.318169,0.371984,3.193480,-1.728043,-0.031505,0.009537,0.008908
1771002529.225648,29.323157,0.277932,0.137133,-0.334810,-0.005871,-0.006707,-0.001500
1771002529.230637,29.328145,0.329917,3.138719,-1.678835,-0.031308,0.008973,0.008990
1771002529.235612,29.333120,0.367317,3.050021,-1.715091,-0.029330,0.008578,0.009710
1771002529.240600,29.338109,0.296593,3.053831,-1.613165,-0.030265,0.008352,0.009102
1771002529.245577,29.343086,0.310059,3.065951,-1.740354,-0.029334,0.008180,0.010445
1771002529.250620,29.348129,0.294939,3.154770,-1.778817,-0.029867,0.008440,0.010239
1771002529.255967,29.353476,0.287528,3.038573,-1.684339,-0.028951,0.007825,0.010080
1771002529.260542,29.358051,0.261672,3.143215,-1.741463,-0.029035,0.007991,0.009967
1771002529.265642,29.363151,0.282357,3.031306,-1.717547,-0.028322,0.007419,0.009982
1771002529.270520,29.368028,0.285882,3.066484,-1.753279,-0.027806,0.007677,0.010660
1771002529.275522,29.373030,0.269850,3.040126,-1.770327,-0.027477,0.007045,0.010681
1771002529.280451,29.377959,0.279385,3.005178,-1.703330,-0.027817,0.007309,0.010012
1771002529.285446,29.382955,0.231771,2.970314,-1.643782,-0.027795,0.006820,0.010423
1771002529.290430,29.387938,0.325714,3.068972,-1.770564,-0.027859,0.007842,0.011205
1771002529.295466,29.392974,0.173497,-0.001294,-0.470044,-0.002983,-0.007415,-0.001175
1771002529.300406,29.397915,0.256665,3.148361,-1.804343,-0.028689,0.007488,0.010671
1771002529.305423,29.402931,0.225273,3.048400,-1.731458,-0.028213,0.006741,0.010286
1771002529.310363,29.407872,0.274511,3.039503,-1.720145,-0.028056,0.007279,0.010334
1771002529.315381,29.412890,0.297922,2.994382,-1.729529,-0.027360,0.007067,0.011175
1771002529.320326,29.417835,0.292978,2.979817,-1.761065,-0.027037,0.006607,0.011336
1771002529.325307,29.422816,0.297477,2.975611,-1.686304,-0.027808,0.007250,0.010840
1771002529.330297,29.427806,0.287830,2.887165,-1.614076,-0.027183,0.006750,0.010007
1771002529.335356,29.432865,0.351719,3.115277,-1.835080,-0.028447,0.008368,0.010191
1771002529.340266,29.437775,0.231928,0.166547,-0.350872,-0.004040,-0.007688,-0.000793
1771002529.345244,29.442753,0.209922,3.069906,-1.725248,-0.028094,0.007013,0.009871
1771002529.350232,29.447741,0.251348,2.991527,-1.676957,-0.027931,0.006751,0.010739
1771002529.355196,29.452704,0.290419,3.082650,-1.807837,-0.028196,0.007011,0.011007
1771002529.360180,29.457689,0.212705,0.029181,-0.435023,-0.003021,-0.007344,-0.000934
1771002529.365189,29.462698,0.129639,-0.029070,-0.423264,-0.002940,-0.007049,-0.001566
1771002529.370791,29.468300,0.248687,2.934275,-1.691049,-0.027463,0.006162,0.010606
1771002529.375648,29.473156,0.281231,3.029148,-1.728626,-0.028142,0.007310,0.010809
1771002529.380145,29.477654,0.232163,0.039310,-0.427514,-0.003501,-0.007610,-0.000585
1771002529.385090,29.482598,-0.102810,2.879122,-1.530125,-0.028220,-0.000888,0.006505
1771002529.390090,29.487599,0.318770,-0.124627,-0.496977,-0.001579,-0.006570,0.000483
1771002529.395069,29.492578,0.182476,-0.045391,-0.499781,-0.001201,-0.008562,0.000063
1771002529.400054,29.497562,0.130169,2.868049,-1.583488,-0.026327,0.004615,0.009229
1771002529.405111,29.502620,0.177685,2.932407,-1.746447,-0.025799,0.004154,0.012450
1771002529.410012,29.507521,0.214983,2.794326,-1.694209,-0.023693,0.004184,0.011312
1771002529.414995,29.512504,0.219569,2.743419,-1.580573,-0.024493,0.004395,0.011389
1771002529.419987,29.517496,0.159285,2.912631,-1.662022,-0.025925,0.004883,0.011133
1771002529.424958,29.522466,0.220536,2.784960,-1.629374,-0.024616,0.004677,0.011011
1771002529.429942,29.527451,0.245726,2.696358,-1.556367,-0.023996,0.004371,0.011655
1771002529.434921,29.532430,0.206518,2.821057,-1.641207,-0.025095,0.004800,0.010894
1771002529.439912,29.537421,0.219495,2.885715,-1.713613,-0.025570,0.004954,0.011047
1771002529.444900,29.542408,0.196412,2.942224,-1.734363,-0.025320,0.005133,0.011857
1771002529.449867,29.547376,0.170427,2.798211,-1.587396,-0.025070,0.004326,0.011041
1771002529.454846,29.552355,0.203845,2.768084,-1.637464,-0.024444,0.004342,0.012031
1771002529.459848,29.557356,0.187687,2.686745,-1.520170,-0.024389,0.003522,0.011043
1771002529.464820,29.562329,0.156051,2.888373,-1.641703,-0.025452,0.004621,0.011961
1771002529.469831,29.567340,0.164264,2.890656,-1.698581,-0.024851,0.004599,0.011225
1771002529.474808,29.572317,0.229865,2.536401,-1.436653,-0.022791,0.003334,0.011279
1771002529.479775,29.577284,0.219638,2.615273,-1.557168,-0.022507,0.003478,0.011103
1771002529.484754,29.582263,0.146318,2.840448,-1.668494,-0.024495,0.003878,0.011351
1771002529.489756,29.587264,0.189705,2.654882,-1.508857,-0.023667,0.003671,0.011833
1771002529.494725,29.592233,0.158349,2.837352,-1.641085,-0.024647,0.004252,0.010887
1771002529.499827,29.597336,0.172866,2.747642,-1.594592,-0.023601,0.003941,0.011512
1771002529.504783,29.602292,0.182240,2.786396,-1.610989,-0.024448,0.004042,0.011197
1771002529.509680,29.607189,0.131794,2.774337,-1.605755,-0.023914,0.003504,0.011108
1771002529.514644,29.612153,0.152957,2.807388,-1.667429,-0.024200,0.003902,0.011071
1771002529.519646,29.617155,0.189050,2.813097,-1.681223,-0.023844,0.003907,0.012159
1771002529.524614,29.622123,0.175974,2.786505,-1.613339,-0.024140,0.004385,0.011982
1771002529.529594,29.627103,0.186516,2.724952,-1.558024,-0.024076,0.003867,0.011444
1771002529.534594,29.632103,0.188851,2.654900,-1.525810,-0.024047,0.003110,0.011022
1771002529.539586,29.637095,0.157566,2.848319,-1.652284,-0.024565,0.004219,0.011793
1771002529.544560,29.642069,0.157561,2.823935,-1.646204,-0.024337,0.004033,0.012030
1771002529.549533,29.647041,0.135244,2.778271,-1.602203,-0.024403,0.003349,0.010764
1771002529.554572,29.652080,0.178576,2.825726,-1.663030,-0.024022,0.004212,0.011059
1771002529.559565,29.657073,0.157763,2.932486,-1.744310,-0.024492,0.004398,0.011427
1771002529.564484,29.661993,0.169402,2.715959,-1.599275,-0.023289,0.003438,0.011730
1771002529.569489,29.666997,0.158187,2.810794,-1.622641,-0.024857,0.003861,0.011734
1771002529.574448,29.671957,0.163566,2.825730,-1.655074,-0.024434,0.003828,0.011305
1771002529.579416,29.676924,0.153088,2.889650,-1.690258,-0.025036,0.004199,0.011108
1771002529.584410,29.681919,0.143219,2.842051,-1.699685,-0.024280,0.003801,0.011625
1771002529.589397,29.686906,0.130372,2.874285,-1.666312,-0.024734,0.003874,0.011206
1771002529.594384,29.691892,0.204119,2.709226,-1.615144,-0.023402,0.003641,0.011963
1771002529.599353,29.696862,0.192670,2.754764,-1.632807,-0.023054,0.004086,0.011571
1771002529.604355,29.701864,1.050621,2.688280,-1.704194,-0.022718,0.014093,0.008029
1771002529.609320,29.706829,0.139078,2.790917,-1.668758,-0.023718,0.003209,0.011977
1771002529.614294,29.711803,0.148563,2.874106,-1.685316,-0.024362,0.003925,0.011492
1771002529.619274,29.716782,0.137913,2.705476,-1.564521,-0.022968,0.003151,0.010759
1771002529.624268,29.721777,0.131448,2.826865,-1.629321,-0.024195,0.003743,0.011117
1771002529.629247,29.726756,0.148125,2.785905,-1.692053,-0.023024,0.003143,0.011297
1771002529.634241,29.731750,0.129030,2.759742,-1.616211,-0.023585,0.003176,0.011123
1771002529.639215,29.736723,0.125736,2.829608,-1.685475,-0.023931,0.003403,0.011546
1771002529.644191,29.741700,0.134250,2.705413,-1.546779,-0.023186,0.003105,0.011071
1771002529.649175,29.746684,1.097934,2.748242,-1.842629,-0.022118,0.014512,0.009089
1771002529.654162,29.751671,1.088755,2.641196,-1.768263,-0.021775,0.013737,0.008803
1771002529.659150,29.756659,0.107899,2.800952,-1.647280,-0.023956,0.002972,0.011208
1771002529.664158,29.761667,0.169169,2.771564,-1.702399,-0.022521,0.003343,0.011783
1771002529.669145,29.766654,1.113812,2.687921,-1.795331,-0.021316,0.014574,0.008962
1771002529.674096,29.771605,0.149642,2.773087,-1.680320,-0.023378,0.003100,0.011273
1771002529.679077,29.776585,0.134083,2.795720,-1.627398,-0.024370,0.003295,0.011481
1771002529.684106,29.781615,1.078549,2.614669,-1.776786,-0.021105,0.013561,0.008354
1771002529.689062,29.786571,1.097299,2.518092,-1.630703,-0.021069,0.013531,0.008327
1771002529.694028,29.791536,0.138505,2.810954,-1.686712,-0.023119,0.003529,0.011965
1771002529.699015,29.796524,0.130867,2.768057,-1.622831,-0.023569,0.003215,0.011731
1771002529.703988,29.801497,0.164008,2.809730,-1.691808,-0.023511,0.003432,0.012010
1771002529.708961,29.806469,1.056622,2.641855,-1.743788,-0.021499,0.013695,0.008288
1771002529.713949,29.811458,0.168984,2.733565,-1.629014,-0.023001,0.003497,0.011854
1771002529.718979,29.816488,1.098019,2.608594,-1.729698,-0.021507,0.013744,0.008836
1771002529.723921,29.821430,0.160068,2.704410,-1.596781,-0.022821,0.003126,0.011253
1771002529.728915,29.826424,1.081048,2.596170,-1.715145,-0.021230,0.013719,0.008738
1771002529.733871,29.831379,1.062966,2.525158,-1.646267,-0.020720,0.013167,0.007919
1771002529.738940,29.836449,0.142941,2.674918,-1.568235,-0.022714,0.002714,0.011127
1771002529.743850,29.841359,1.077260,2.620586,-1.691827,-0.022441,0.013733,0.008531
1771002529.748829,29.846338,0.134468,2.866965,-1.675531,-0.024283,0.003777,0.010880
1771002529.753811,29.851320,1.118309,2.590365,-1.733499,-0.021065,0.013973,0.009045
1771002529.758793,29.856302,1.105959,2.608515,-1.718774,-0.021382,0.013889,0.009111
1771002529.763776,29.861284,1.103866,2.622031,-1.758789,-0.020756,0.014082,0.008869
1771002529.768766,29.866275,1.080083,2.596399,-1.703455,-0.021728,0.013620,0.008860
1771002529.773760,29.871268,1.045859,2.570567,-1.652080,-0.021457,0.013377,0.007689
1771002529.778720,29.876229,1.026341,2.695464,-1.813834,-0.021190,0.013893,0.008538
1771002529.783707,29.881216,1.070332,2.565299,-1.711555,-0.020415,0.013442,0.008575
1771002529.788751,29.886259,1.019592,2.721686,-1.834093,-0.021802,0.013839,0.008433
1771002529.793710,29.891218,1.035955,2.616589,-1.799782,-0.019491,0.013348,0.007407
1771002529.798743,29.896251,1.033311,2.598379,-1.672350,-0.021717,0.013238,0.007955
1771002529.803709,29.901218,1.060405,2.735605,-1.975266,-0.019374,0.014008,0.007842
1771002529.808633,29.906142,1.078831,2.545971,-1.713022,-0.020008,0.013307,0.008394
1771002529.813601,29.911110,1.055324,2.727135,-1.816379,-0.021666,0.014308,0.008722
1771002529.818609,29.916118,1.118270,2.439831,-1.650877,-0.019389,0.012888,0.008565
1771002529.823631,29.921139,1.022543,2.629404,-1.741640,-0.021006,0.013418,0.008105
1771002529.828550,29.926059,1.055781,2.573847,-1.713865,-0.020280,0.013524,0.008348
1771002529.833538,29.931047,1.065089,2.593264,-1.692935,-0.021204,0.013563,0.008556
1771002529.838548,29.936056,1.063944,2.614331,-1.761857,-0.019908,0.013784,0.008336
1771002529.843567,29.941076,1.038798,2.630606,-1.733582,-0.020695,0.013676,0.008469
1771002529.848488,29.945997,1.081158,2.510185,-1.685140,-0.019552,0.013183,0.008613
1771002529.853464,29.950973,1.065013,2.505128,-1.644529,-0.020535,0.013094,0.008554
1771002529.858449,29.955958,1.107771,2.498235,-1.658957,-0.019646,0.013359,0.008673
1771002529.863431,29.960940,1.029420,2.669195,-1.781947,-0.020907,0.013901,0.008675
1771002529.868431,29.965940,1.078825,2.672987,-1.823000,-0.021275,0.013780,0.008452
1771002529.873399,29.970907,1.079598,2.564212,-1.736377,-0.020457,0.013291,0.008448
1771002529.878376,29.975884,1.049669,2.611585,-1.760659,-0.020451,0.013534,0.008659
1771002529.883358,29.980867,1.037323,2.702443,-1.811156,-0.021009,0.013959,0.008513
1771002529.888344,29.985852,1.137165,2.479149,-1.708068,-0.019196,0.013336,0.009120
1771002529.893320,29.990829,0.994353,2.588929,-1.682437,-0.021145,0.012933,0.007335
1771002529.898296,29.995805,1.063283,2.553924,-1.698813,-0.020258,0.013282,0.008167
1771002529.903296,30.000804,1.113274,2.506011,-1.700986,-0.019912,0.013202,0.008488
1771002529.908280,30.005789,1.057219,2.632830,-1.762874,-0.020833,0.013524,0.008666
1771002529.913251,30.010760,1.112679,2.522966,-1.737559,-0.018872,0.013410,0.008648
1771002529.918229,30.015738,1.074407,2.510464,-1.688539,-0.019826,0.013032,0.008326
1771002529.923201,30.020709,1.056432,2.589839,-1.743808,-0.020073,0.013384,0.008617
1771002529.928181,30.025690,-0.230853,3.041326,-1.380204,-0.025311,0.011438,0.004239
1771002529.933161,30.030670,0.121222,2.778134,-1.706385,-0.023095,0.002791,0.011248
1771002529.938158,30.035666,1.069130,2.425695,-1.662233,-0.018224,0.012470,0.008082
1771002529.943145,30.040654,1.063323,2.565840,-1.687280,-0.020791,0.013412,0.008489
1771002529.948129,30.045637,1.090577,2.442343,-1.630322,-0.019616,0.012863,0.008728
1771002529.953121,30.050629,1.065797,2.438289,-1.631576,-0.019233,0.012681,0.008897
1771002529.958100,30.055608,1.081014,2.556026,-1.728484,-0.019779,0.013448,0.008931
1771002529.963075,30.060584,1.078563,2.581166,-1.716491,-0.020036,0.013662,0.008582
1771002529.968071,30.065580,1.027558,2.539409,-1.703412,-0.019603,0.012823,0.008519
1771002529.973080,30.070589,1.043485,2.571408,-1.725147,-0.019980,0.013372,0.008907
1771002529.978026,30.075535,1.064568,2.538445,-1.737703,-0.019676,0.013028,0.008546
1771002529.983009,30.080517,1.055884,2.554280,-1.701104,-0.020265,0.013146,0.008758
1771002529.987991,30.085500,-0.225683,2.990001,-1.320427,-0.025127,0.011148,0.003840
1771002529.992965,30.090474,1.010068,2.588460,-1.739299,-0.019998,0.013033,0.008786
1771002529.997960,30.095469,1.062472,2.455030,-1.627071,-0.019376,0.012612,0.008450
1771002530.002937,30.100445,-0.202824,3.031017,-1.383862,-0.025455,0.011589,0.004438
1771002530.007920,30.105428,-0.239187,3.038021,-1.398273,-0.024685,0.011421,0.004154
1771002530.012902,30.110411,-0.277256,3.047630,-1.438384,-0.024612,0.010812,0.003975
1771002530.017883,30.115391,1.037076,2.611689,-1.738511,-0.020567,0.013434,0.008333
1771002530.022861,30.120370,-0.238397,3.118551,-1.455092,-0.025181,0.011735,0.003867
1771002530.027842,30.125351,1.027985,2.593584,-1.738116,-0.020108,0.013163,0.008621
1771002530.032827,30.130336,1.040586,2.506005,-1.669801,-0.020247,0.012753,0.008275
1771002530.037827,30.135335,1.089543,2.460221,-1.663590,-0.018954,0.013037,0.008289
1771002530.042798,30.140307,1.081934,2.533726,-1.717531,-0.019771,0.013220,0.009276
1771002530.047786,30.145295,1.074844,2.616382,-1.768179,-0.020209,0.013893,0.009051
1771002530.053133,30.150642,1.040224,2.541298,-1.661623,-0.020757,0.013091,0.008312
1771002530.057754,30.155263,1.075439,2.514184,-1.711221,-0.019423,0.013175,0.008916
1771002530.062739,30.160248,1.071345,2.470552,-1.641809,-0.019382,0.013009,0.008165
1771002530.067794,30.165302,1.106959,2.523425,-1.715820,-0.020183,0.013229,0.008789
1771002530.072694,30.170202,1.041240,2.603870,-1.719114,-0.021001,0.013460,0.008407
1771002530.077672,30.175181,1.033063,2.550341,-1.639593,-0.020905,0.013208,0.007604
1771002530.082655,30.180163,1.057018,2.744630,-1.852458,-0.020982,0.014267,0.007895
1771002530.087690,30.185199,-0.221460,3.031398,-1.432926,-0.024832,0.011421,0.004186
1771002530.093160,30.190669,-0.231526,3.155738,-1.486294,-0.025690,0.011859,0.003783
1771002530.097631,30.195140,1.081569,2.741063,-1.887204,-0.021647,0.014036,0.008836
1771002530.102597,30.200105,1.081999,2.638975,-1.810236,-0.020480,0.013800,0.008691
1771002530.107571,30.205080,1.079384,2.653548,-1.795148,-0.020728,0.013839,0.008165
1771002530.112545,30.210054,1.053359,2.682454,-1.883488,-0.020133,0.013752,0.008499
1771002530.118110,30.215618,1.031326,2.701546,-1.820723,-0.021180,0.013905,0.008368
1771002530.122545,30.220054,-0.239829,3.130532,-1.469124,-0.026024,0.011571,0.003627
1771002530.127500,30.225009,1.024789,2.623911,-1.740206,-0.020818,0.013497,0.008348
1771002530.132483,30.229992,1.020213,2.649138,-1.746795,-0.021820,0.013294,0.007783
1771002530.137452,30.234961,1.041105,2.739065,-1.852483,-0.021479,0.013989,0.008127
1771002530.142446,30.239954,1.036454,2.625326,-1.758022,-0.020835,0.013419,0.008259
1771002530.147433,30.244942,1.107234,2.621571,-1.808146,-0.020400,0.013905,0.009473
1771002530.152409,30.249917,1.057709,2.658720,-1.819253,-0.021005,0.013569,0.008359
1771002530.157389,30.254898,1.054828,2.582410,-1.712989,-0.020642,0.013514,0.008352
1771002530.162378,30.259887,1.073178,2.555947,-1.747088,-0.019707,0.013239,0.008404
1771002530.167400,30.264909,1.059536,2.565793,-1.683391,-0.021128,0.013439,0.008236
1771002530.172342,30.269851,-0.215755,3.124460,-1.497486,-0.025730,0.011814,0.004060
1771002530.177320,30.274829,1.072216,2.699147,-1.822021,-0.020739,0.014134,0.008956
1771002530.182303,30.279811,1.095477,2.594167,-1.703063,-0.021387,0.013757,0.008281
1771002530.187282,30.284790,0.123351,2.858336,-1.693641,-0.024031,0.003542,0.010917
1771002530.192263,30.289772,1.098410,2.519503,-1.666264,-0.020571,0.013393,0.008304
1771002530.197286,30.294795,1.075594,2.685234,-1.808724,-0.021745,0.014042,0.008631
1771002530.202341,30.299850,1.054873,2.622594,-1.734099,-0.021346,0.013558,0.008318
1771002530.207219,30.304728,1.044615,2.753114,-1.774059,-0.022429,0.014398,0.008361
1771002530.212242,30.309750,1.079762,2.698089,-1.846387,-0.020992,0.014065,0.008208
1771002530.217179,30.314688,1.077236,2.769678,-1.888231,-0.022269,0.014239,0.008584
1771002530.222168,30.319677,0.131857,2.878617,-1.740550,-0.024224,0.003595,0.010903
1771002530.227152,30.324661,-1.156972,3.440072,-1.467829,-0.028392,-0.001782,0.006755
1771002530.232130,30.329639,0.150285,2.951683,-1.860190,-0.024459,0.003658,0.011673
1771002530.237205,30.334713,0.014747,-0.257078,-0.934561,0.001187,-0.009823,-0.001102
1771002530.242097,30.339606,-1.317281,-0.405432,-1.206784,-0.008180,-0.006962,-0.005187
1771002530.247077,30.344586,-1.306404,-0.467085,-1.240598,-0.007821,-0.007338,-0.005369
1771002530.252052,30.349561,-1.328808,-0.383351,-1.229841,-0.008469,-0.007295,-0.006032
1771002530.257045,30.354554,-1.319875,-0.286570,-1.312956,-0.009369,-0.006752,-0.005753
1771002530.262042,30.359551,-1.286883,-0.374290,-1.222219,-0.008907,-0.007093,-0.005760
1771002530.267011,30.364520,0.000007,-0.318639,-1.026215,0.001121,-0.009902,-0.000698
1771002530.272005,30.369513,-1.302690,-0.307298,-1.204330,-0.009239,-0.006730,-0.005703
1771002530.276970,30.374478,-1.279733,-0.360020,-1.173609,-0.009141,-0.007202,-0.005795
1771002530.281954,30.379463,0.028502,-0.188525,-0.950938,0.000060,-0.009609,-0.000866
1771002530.286935,30.384444,0.052905,-0.140685,-0.913019,-0.000889,-0.009312,-0.001150
1771002530.291918,30.389427,0.035452,-0.189489,-0.950102,-0.000133,-0.009726,-0.001502
1771002530.296899,30.394408,0.100443,-0.158576,-0.963710,-0.000604,-0.008976,-0.001214
1771002530.301888,30.399397,0.111151,-0.032538,-0.890356,-0.001263,-0.008594,-0.001463
1771002530.306894,30.404402,0.039884,-0.151412,-0.871642,-0.000908,-0.009690,-0.001500
1771002530.311853,30.409362,0.079838,-0.082383,-0.848798,-0.001294,-0.009172,-0.001425
1771002530.316839,30.414348,0.092237,-0.150564,-0.967358,-0.000804,-0.009426,-0.001284
1771002530.321815,30.419324,0.102417,-0.072555,-0.940488,-0.001286,-0.009334,-0.001198
1771002530.326796,30.424304,0.073504,-0.139129,-0.934448,-0.000488,-0.009360,-0.001143
1771002530.331912,30.429420,0.006709,-0.237705,-0.829028,-0.000266,-0.009810,-0.001356
1771002530.336850,30.434359,0.083893,-0.154626,-0.695692,-0.000551,-0.009585,-0.001039
1771002530.341791,30.439300,0.192732,3.016766,-1.921763,-0.025337,0.004736,0.010877
1771002530.346741,30.444250,0.028913,-0.267447,-0.719267,0.000501,-0.009492,-0.000332
1771002530.351778,30.449286,0.027221,-0.305333,-0.782580,0.000600,-0.009573,-0.000649
1771002530.356699,30.454208,0.201122,3.020479,-1.892387,-0.026151,0.004972,0.011414
1771002530.361681,30.459189,0.079871,-0.124668,-0.668140,-0.000385,-0.008995,-0.001422
1771002530.366652,30.464160,0.047120,-0.287144,-0.793730,0.000159,-0.009352,-0.000905
1771002530.371631,30.469140,0.189241,3.071448,-1.931247,-0.026102,0.004854,0.011066
1771002530.376620,30.474128,0.070797,-0.014206,-0.663535,-0.001600,-0.008921,-0.000699
1771002530.381596,30.479105,0.158515,3.059874,-1.914211,-0.025908,0.004648,0.011209
1771002530.386601,30.484110,0.150002,3.036063,-1.905683,-0.025320,0.004289,0.010488
1771002530.391568,30.489077,0.044517,-0.124555,-0.657631,-0.000510,-0.008952,-0.000876
1771002530.396581,30.494090,0.156016,2.997475,-1.843581,-0.025525,0.004656,0.011070
1771002530.401605,30.499113,0.026366,-0.219459,-0.707506,-0.000195,-0.009579,-0.000909
1771002530.406518,30.504026,0.202640,3.001613,-1.876855,-0.025787,0.005074,0.010978
1771002530.411492,30.509000,0.215179,2.964917,-1.826588,-0.025348,0.005201,0.010802
1771002530.416484,30.513992,0.064510,-0.290663,-0.696083,0.000650,-0.009115,-0.000315
1771002530.421476,30.518985,0.176263,3.005668,-1.898447,-0.025548,0.004466,0.010752
1771002530.426452,30.523961,0.055684,-0.206962,-0.661689,-0.000334,-0.009016,-0.000608
1771002530.431433,30.528941,0.170842,3.063202,-1.936329,-0.025364,0.004617,0.010976
1771002530.436434,30.533943,0.211776,2.896584,-1.804578,-0.024987,0.004429,0.010885
1771002530.441396,30.538904,0.146101,2.980598,-1.846076,-0.025002,0.004316,0.010052
1771002530.446373,30.543881,0.036631,-0.272738,-0.707328,0.000705,-0.009545,-0.000492
1771002530.451354,30.548862,0.048948,-0.228851,-0.733807,0.000327,-0.009048,-0.000575
1771002530.456350,30.553859,0.069526,-0.222628,-0.749187,0.000682,-0.008590,-0.000251
1771002530.461330,30.558839,0.158068,3.013310,-1.901918,-0.025260,0.004238,0.010730
1771002530.466303,30.563812,0.163270,2.919479,-1.859509,-0.024437,0.003856,0.010703
1771002530.471286,30.568795,0.186680,3.004746,-1.943344,-0.025058,0.004349,0.010946
1771002530.476270,30.573779,0.157406,3.108330,-1.925846,-0.026311,0.004908,0.010758
1771002530.481250,30.578758,0.211947,3.013884,-1.921046,-0.025536,0.004551,0.011076
1771002530.486256,30.583765,0.194486,3.027476,-1.887049,-0.025585,0.005036,0.010613
1771002530.491241,30.588750,0.066197,-0.255338,-0.724163,0.000082,-0.009530,-0.000627
1771002530.496222,30.593731,0.075265,-0.124382,-0.702056,-0.000919,-0.009126,-0.000963
1771002530.501199,30.598707,0.140171,-0.088013,-0.725676,-0.000995,-0.008289,-0.000363
1771002530.506178,30.603687,0.078124,-0.190542,-0.757484,-0.000391,-0.009160,-0.000695
1771002530.511147,30.608655,0.044023,-0.138781,-0.693047,-0.000754,-0.009168,-0.001428
1771002530.516142,30.613651,0.078711,-0.185810,-0.736454,-0.000277,-0.009249,-0.000811
1771002530.521134,30.618642,0.086875,-0.075179,-0.665493,-0.001215,-0.008932,-0.001105
1771002530.526122,30.623631,0.170381,3.120678,-1.945477,-0.026698,0.004920,0.010407
1771002530.531090,30.628599,0.108378,-0.080580,-0.664638,-0.001157,-0.008765,-0.000986
1771002530.536103,30.633612,0.034367,-0.234325,-0.696560,-0.000246,-0.009323,-0.000423
1771002530.541053,30.638562,0.047606,-0.269645,-0.728280,0.000387,-0.009137,-0.000682
1771002530.546025,30.643533,0.084975,-0.092082,-0.686472,-0.000975,-0.008962,-0.001225
1771002530.551008,30.648517,0.092406,-0.197433,-0.780200,-0.000640,-0.009269,-0.000834
1771002530.556001,30.653510,0.089057,-0.171079,-0.743310,-0.000442,-0.008884,-0.000671
1771002530.560974,30.658483,-0.049585,-0.248507,-0.822765,-0.000707,-0.009733,-0.000635
1771002530.566029,30.663538,0.092902,-0.169310,-0.736893,-0.000293,-0.008422,-0.000658
1771002530.570940,30.668448,0.012590,-0.077243,-0.672781,-0.001384,-0.008354,-0.001532
1771002530.576010,30.673519,0.045207,-0.224098,-0.712855,0.000363,-0.009133,-0.000855
1771002530.580908,30.678417,0.175499,3.073999,-1.944246,-0.026196,0.004939,0.010548
1771002530.585897,30.683405,0.072280,-0.068777,-0.646607,-0.001316,-0.008533,-0.001228
1771002530.590882,30.688390,0.092861,-0.136763,-0.717593,-0.000416,-0.008511,-0.000926
1771002530.595853,30.693362,0.048484,-0.197836,-0.738416,-0.000607,-0.009236,-0.001012
1771002530.600837,30.698346,0.167706,3.056883,-1.915140,-0.025862,0.005018,0.010274
1771002530.605832,30.703341,0.107545,0.041561,-0.474729,-0.003029,-0.007834,-0.001101
1771002530.610803,30.708312,-1.789680,-0.549809,1.038362,-0.004463,-0.020732,-0.001455
1771002530.615804,30.713312,-1.807620,-0.650918,1.016758,-0.003644,-0.021373,-0.001766
1771002530.620775,30.718283,-1.306773,0.155224,1.459411,-0.005511,-0.003435,0.010407
1771002530.625748,30.723257,-1.379056,-0.537628,1.133346,0.009057,0.004660,0.009901
1771002530.630728,30.728236,-1.755165,-0.574624,1.042689,-0.004299,-0.020728,-0.001479
1771002530.635721,30.733230,-1.801352,-0.551212,1.076573,-0.004516,-0.020568,-0.001585
1771002530.640695,30.738204,-1.800209,-0.624296,1.059000,-0.003555,-0.021004,-0.002145
1771002530.645672,30.743181,-1.797413,-0.663929,1.054381,-0.003341,-0.020888,-0.001420
1771002530.650659,30.748168,-1.873076,-1.405886,0.813976,0.010396,-0.014299,-0.002061
1771002530.655644,30.753153,-1.838533,-0.838953,0.991770,-0.001071,-0.021441,-0.001125
1771002530.660634,30.758142,-1.809215,-0.664244,1.065094,-0.002954,-0.020750,-0.000969
1771002530.665611,30.763119,-1.894835,-1.514063,0.807291,0.011775,-0.014835,-0.001822
1771002530.670588,30.768097,-1.820756,-0.728906,1.023881,-0.002558,-0.020826,-0.000987
1771002530.675575,30.773084,-1.811928,-0.694363,1.036951,-0.002577,-0.020879,-0.000673
1771002530.680560,30.778069,-1.765179,-0.669192,1.049487,-0.002932,-0.020740,-0.000221
1771002530.685542,30.783051,-1.782008,-0.624287,1.054541,-0.003476,-0.020874,-0.001029
1771002530.690520,30.788029,-1.856791,-0.741497,1.021736,-0.002165,-0.020928,-0.001384
1771002530.695501,30.793010,-1.770846,-0.499719,1.085580,-0.004666,-0.020617,-0.001076
1771002530.700510,30.798018,-1.779716,-0.699513,1.030138,-0.002517,-0.020267,-0.000534
1771002530.705472,30.802981,-1.789911,-0.685204,1.035975,-0.002932,-0.021073,-0.000926
1771002530.710447,30.807956,-1.871850,3.338291,1.091839,-0.025767,-0.007149,-0.000450
1771002530.715432,30.812941,-1.859098,-0.771674,1.009815,-0.002202,-0.021117,-0.001524
1771002530.720410,30.817919,-1.813040,-0.657543,1.066265,-0.003475,-0.021169,-0.001237
1771002530.725389,30.822898,-1.854786,-1.186351,0.914156,0.008322,-0.013694,-0.002424
1771002530.730379,30.827888,-1.843482,-1.426963,0.826834,0.010638,-0.014327,-0.002890
1771002530.735363,30.832871,-1.808304,-0.736030,1.068826,-0.002494,-0.020963,-0.001206
1771002530.740343,30.837852,-1.423624,-0.572169,1.170792,0.009028,0.004208,0.009715
1771002530.745328,30.842836,-1.807737,-0.706091,1.065179,-0.003117,-0.020213,-0.000969
1771002530.750304,30.847813,-1.842492,-1.362892,0.834074,0.009859,-0.014076,-0.002825
1771002530.755297,30.852806,-1.772302,-0.502471,1.098942,-0.004808,-0.020628,-0.001557
1771002530.760277,30.857785,-1.776926,-0.516092,1.087586,-0.005196,-0.020880,-0.001455
1771002530.765260,30.862769,-1.845517,-1.491083,0.807990,0.011140,-0.014422,-0.002528
1771002530.770230,30.867739,-1.860559,-1.451390,0.796661,0.010935,-0.014021,-0.002315
1771002530.775223,30.872732,-1.753302,-0.474050,1.096786,-0.005087,-0.020675,-0.001108
1771002530.780204,30.877712,-1.736398,-0.668114,1.054312,-0.003319,-0.020615,-0.001244
1771002530.785183,30.882692,-1.847245,-1.463493,0.797547,0.011038,-0.014457,-0.003417
1771002530.790177,30.887685,-1.783770,-1.270925,0.870599,0.009183,-0.013226,-0.002500
1771002530.795156,30.892665,-1.727176,-0.498587,1.100714,-0.005163,-0.020583,-0.000912
1771002530.800162,30.897671,-1.814507,-0.546613,1.080041,-0.004455,-0.020800,-0.002207
1771002530.805123,30.902632,-1.865861,-1.329117,0.854881,0.009037,-0.014127,-0.002804
1771002530.810101,30.907609,-1.858104,-1.442784,0.797908,0.010547,-0.014040,-0.003310
1771002530.815086,30.912595,-1.850357,-1.434362,0.820871,0.010421,-0.014781,-0.002667
1771002530.820092,30.917601,-0.056240,-1.220847,0.457753,0.011012,-0.007162,0.002225
1771002530.825061,30.922569,0.156161,3.057829,-1.839336,-0.026195,0.005120,0.010804
1771002530.830039,30.927547,0.084544,-0.126929,-0.593708,-0.001163,-0.008453,-0.001036
1771002530.835027,30.932535,0.086667,-0.117660,-0.610016,-0.001056,-0.008989,-0.000915
1771002530.839998,30.937506,0.064814,-0.102153,-0.635180,-0.001433,-0.009185,-0.001379
1771002530.844978,30.942486,-2.019611,2.729044,1.680247,-0.012877,-0.008648,-0.006437
1771002530.849965,30.947474,-1.873493,-1.276172,0.853441,0.008793,-0.013562,-0.003330
1771002530.854947,30.952456,-1.733054,-0.565958,1.100941,-0.004794,-0.020109,-0.000921
1771002530.859934,30.957443,-1.221521,0.202499,1.539214,-0.006850,-0.002591,0.011235
1771002530.864913,30.962422,-1.882344,-1.493195,0.785703,0.010958,-0.014572,-0.003314
1771002530.869889,30.967398,-1.386996,-0.594012,1.154275,0.009443,0.003310,0.009863
1771002530.874882,30.972391,-1.862694,-1.385067,0.836144,0.009906,-0.014106,-0.002679
1771002530.879858,30.977367,-1.878822,-1.485444,0.799937,0.011000,-0.015262,-0.003415
1771002530.884836,30.982345,-1.778752,-0.629973,1.053593,-0.004101,-0.020433,-0.001545
1771002530.889832,30.987341,-1.385421,-0.476685,1.210391,0.008539,0.004546,0.010016
1771002530.894805,30.992314,-1.834936,-0.621323,1.040574,-0.003651,-0.021123,-0.001976
1771002530.899881,30.997390,-1.849250,-1.409741,0.818785,0.010254,-0.014187,-0.002441
1771002530.904775,31.002284,-1.737040,-0.520175,1.074635,-0.004739,-0.020406,-0.001087
1771002530.909783,31.007292,-1.756166,-0.531533,1.052146,-0.004482,-0.020616,-0.000823
1771002530.914760,31.012268,-1.761535,-0.590305,1.040078,-0.003800,-0.020344,-0.000759
1771002530.919732,31.017241,-1.845500,-0.698763,1.026520,-0.003293,-0.021393,-0.002051
1771002530.924711,31.022220,-1.795343,-0.628472,1.061080,-0.003801,-0.020879,-0.001450
1771002530.929704,31.027213,-1.818255,-0.709379,1.041107,-0.003015,-0.021493,-0.001654
1771002530.934744,31.032253,-1.814689,-0.562092,1.093406,-0.004320,-0.020770,-0.000593
1771002530.939688,31.037197,-1.793357,-0.715876,1.046407,-0.002815,-0.020902,-0.001196
1771002530.944682,31.042190,-1.790940,-0.638739,1.064851,-0.003708,-0.020794,-0.001614
1771002530.950139,31.047647,-1.788362,-0.666718,1.053623,-0.003576,-0.020938,-0.001294
1771002530.955176,31.052685,-1.796367,-1.410358,0.795555,0.010433,-0.014358,-0.002321
1771002530.959586,31.057095,-1.392847,-0.556932,1.139836,0.009253,0.003464,0.010001
1771002530.964648,31.062157,-1.759851,-0.491918,1.074245,-0.004788,-0.020466,-0.001642
1771002530.969574,31.067082,-1.843175,-1.293087,0.854200,0.009371,-0.013719,-0.002948
1771002530.974582,31.072091,-1.804969,-1.187116,0.870903,0.008020,-0.013561,-0.002766
1771002530.979519,31.077028,-1.803918,-1.257952,0.880367,0.008778,-0.013944,-0.002431
1771002530.984507,31.082016,-1.801636,-1.292192,0.845613,0.008889,-0.013616,-0.002790
1771002530.989492,31.087001,-1.382906,-0.404923,1.244710,0.007297,0.004720,0.009478
1771002530.994491,31.092000,-1.821459,-1.455247,0.806402,0.010697,-0.014183,-0.003105
1771002530.999462,31.096971,-1.779040,-1.274477,0.845154,0.009303,-0.013355,-0.002111
1771002531.004448,31.101957,-1.307330,-0.437516,1.222465,0.007825,0.005096,0.010302
1771002531.009419,31.106928,-1.766409,-1.232439,0.875249,0.008854,-0.013857,-0.002192
1771002531.014502,31.112011,-1.608653,-1.221802,0.689795,0.007591,-0.012641,-0.005040
1771002531.019456,31.116964,-0.147116,2.164013,-0.649150,-0.018650,-0.005019,-0.008589
1771002531.024365,31.121874,0.031957,-0.143375,-0.643845,-0.000668,-0.008670,-0.001467
1771002531.029348,31.126856,0.044375,-0.067173,-0.565325,-0.001795,-0.008536,-0.001733
1771002531.034568,31.132077,0.110278,-0.083614,-0.605050,-0.001027,-0.007621,-0.001219
1771002531.039344,31.136852,0.102583,-0.090074,-0.567770,-0.001635,-0.008163,-0.001362
1771002531.044811,31.142320,0.105167,-0.013007,-0.518687,-0.002272,-0.008187,-0.001188
1771002531.049762,31.147270,0.063523,0.015970,-0.525223,-0.002277,-0.008555,-0.001269
1771002531.054765,31.152274,0.082966,-0.070043,-0.569358,-0.001500,-0.008153,-0.001085
1771002531.059728,31.157237,-1.945653,0.577099,0.157111,-0.011220,-0.010267,0.003717
1771002531.064691,31.162199,-1.728523,-0.562073,1.097469,-0.004368,-0.020731,-0.001781
1771002531.069636,31.167145,-1.752719,-0.443104,1.173001,-0.005256,-0.020460,-0.001407
1771002531.074684,31.172193,-1.760245,-0.572261,1.114741,-0.004351,-0.020139,-0.001652
1771002531.079187,31.176696,-1.744752,-0.418747,1.161034,-0.005903,-0.020265,-0.001397
1771002531.084177,31.181686,-1.841909,-1.348583,0.881551,0.009441,-0.014077,-0.002775
1771002531.089144,31.186653,-1.825604,-1.257471,0.902179,0.008649,-0.013724,-0.002812
1771002531.094129,31.191638,-1.763990,-0.512879,1.159235,-0.005669,-0.020507,-0.001461
1771002531.099127,31.196636,-1.743021,-0.489411,1.160313,-0.005329,-0.020259,-0.001584
1771002531.104093,31.201602,-0.477614,0.726428,-0.026885,-0.013340,-0.008934,-0.005923
1771002531.109079,31.206588,0.066221,-0.013285,-0.497630,-0.002135,-0.008027,-0.001352
1771002531.114058,31.211567,0.153299,3.113535,-1.764189,-0.027925,0.006000,0.010342
1771002531.119041,31.216550,0.048699,-0.087284,-0.503679,-0.001390,-0.008036,-0.000858
1771002531.124002,31.221511,-1.978635,1.214463,0.346256,-0.015340,-0.011879,0.002582
1771002531.129010,31.226519,-1.756914,-0.407191,1.195024,-0.006010,-0.020397,-0.001107
1771002531.133995,31.231503,-1.725714,-0.425112,1.177861,-0.005828,-0.020543,-0.001511
1771002531.138980,31.236489,-1.753031,-0.630721,1.137581,-0.004169,-0.020746,-0.001771
1771002531.143963,31.241471,-1.757015,-0.527846,1.178520,-0.005397,-0.020619,-0.001526
1771002531.148940,31.246448,-1.760323,-0.520042,1.154521,-0.004797,-0.020298,-0.001931
1771002531.153928,31.251437,-1.740466,-0.536328,1.157483,-0.004775,-0.020127,-0.000990
1771002531.158904,31.256413,-1.758725,-0.582039,1.139280,-0.004363,-0.020391,-0.001700
1771002531.164776,31.262285,-1.786954,-0.597938,1.156243,-0.004592,-0.020962,-0.001697
1771002531.169346,31.266855,-1.735282,-0.476522,1.208928,-0.005332,-0.019845,-0.000802
1771002531.173864,31.271373,-1.787506,-0.670398,1.143667,-0.003656,-0.020702,-0.001322
1771002531.178877,31.276386,-1.771336,-0.609530,1.151964,-0.004370,-0.020671,-0.001291
1771002531.184300,31.281809,-1.775909,-0.662001,1.151172,-0.003663,-0.020428,-0.001481
1771002531.188813,31.286321,-1.736000,-0.561088,1.176558,-0.004409,-0.020199,-0.001047
1771002531.193799,31.291308,-1.811087,-0.714459,1.114183,-0.002804,-0.020390,-0.001377
1771002531.199199,31.296708,-1.785195,-0.678223,1.110701,-0.003566,-0.020697,-0.001355
1771002531.203808,31.301317,-1.762996,-0.668324,1.130170,-0.003613,-0.020161,-0.001331
1771002531.209208,31.306717,-1.760298,-0.485209,1.180581,-0.005256,-0.020019,-0.000508
1771002531.213723,31.311232,-1.755304,-0.548829,1.152284,-0.004696,-0.020406,-0.000973
1771002531.218709,31.316217,-1.775546,-0.687140,1.114168,-0.003466,-0.021165,-0.001543
1771002531.223690,31.321199,-1.719656,-0.552299,1.166319,-0.004880,-0.020121,-0.000702
1771002531.228710,31.326218,-1.728143,-0.613007,1.173922,-0.004259,-0.020443,-0.001171
1771002531.234151,31.331660,-1.777007,-0.672398,1.136853,-0.003587,-0.020425,-0.001497
1771002531.238622,31.336131,-1.784313,-0.710539,1.139873,-0.003151,-0.020342,-0.001579
1771002531.244049,31.341557,-1.805180,-0.696558,1.126311,-0.003482,-0.020865,-0.002096
1771002531.248623,31.346132,-1.786160,-0.683536,1.154128,-0.003380,-0.020571,-0.001546
1771002531.253646,31.351155,-1.755762,-0.513030,1.177739,-0.005300,-0.020826,-0.001799
1771002531.259046,31.356555,-1.749683,-0.567081,1.164267,-0.004997,-0.020467,-0.000905
1771002531.263555,31.361064,-1.779251,-0.546548,1.157762,-0.004647,-0.020528,-0.001486
1771002531.268533,31.366041,-1.768215,-0.526800,1.183603,-0.005114,-0.020594,-0.001599
1771002531.273948,31.371457,-1.738475,-0.530811,1.181978,-0.004819,-0.020619,-0.001832
1771002531.278514,31.376023,-1.772127,-0.674050,1.144339,-0.003516,-0.020956,-0.001369
1771002531.283922,31.381430,-1.758553,-0.574393,1.161688,-0.004605,-0.020211,-0.001589
1771002531.288469,31.385978,-1.760462,-0.655682,1.121820,-0.003523,-0.020841,-0.001827
1771002531.293488,31.390997,-1.812622,-1.257273,0.937274,0.008969,-0.013346,-0.002230
1771002531.298898,31.396406,-1.723359,-0.651696,1.137181,-0.003618,-0.020229,-0.001258
1771002531.303408,31.400917,-1.743175,-0.561412,1.199387,-0.004939,-0.020309,-0.001257
1771002531.308397,31.405905,-1.726108,-0.452012,1.204578,-0.005402,-0.020207,-0.001797
1771002531.313380,31.410888,-1.799909,-0.607815,1.157593,-0.004358,-0.021141,-0.002469
1771002531.318815,31.416323,-1.780795,-0.682662,1.161390,-0.003615,-0.020528,-0.000799
1771002531.323347,31.420855,-0.039820,-0.687861,-0.186200,-0.001543,-0.015365,-0.001403
1771002531.328355,31.425863,0.183563,2.973955,-1.701397,-0.026012,0.005756,0.011163
1771002531.333761,31.431270,0.013642,0.007614,-0.418398,-0.002289,-0.007718,-0.001627
1771002531.338290,31.435799,0.638019,0.177009,-0.452105,-0.002675,0.001054,0.012442
1771002531.343291,31.440799,-1.727158,-0.408494,1.210324,-0.006041,-0.019962,-0.001796
1771002531.348729,31.446237,-1.727530,-0.498928,1.199774,-0.004960,-0.020369,-0.001254
1771002531.353224,31.450733,-1.782507,-0.396644,1.206054,-0.005954,-0.020325,-0.001836
1771002531.358208,31.455717,-1.900826,-1.432809,0.884983,0.010351,-0.014391,-0.002670
1771002531.363196,31.460705,-1.777539,-0.641421,1.157205,-0.003760,-0.020836,-0.001310
1771002531.368206,31.465715,-1.793177,-0.717263,1.114229,-0.003110,-0.020389,-0.001100
1771002531.373175,31.470683,-1.811893,-0.574301,1.171105,-0.004734,-0.021284,-0.001440
1771002531.378154,31.475662,-1.811210,-0.531793,1.193478,-0.004922,-0.020955,-0.000881
1771002531.383138,31.480647,-1.789253,-0.630216,1.145116,-0.003814,-0.020456,-0.000904
1771002531.388124,31.485632,-1.777790,-0.579167,1.203529,-0.004752,-0.020446,-0.001284
1771002531.393101,31.490610,-1.772283,-0.626527,1.138849,-0.003931,-0.020982,-0.001692
1771002531.398082,31.495591,-1.778959,-0.661868,1.161844,-0.003738,-0.020760,-0.001091
1771002531.403061,31.500569,-1.825785,-0.634780,1.180128,-0.003968,-0.020872,-0.001007
1771002531.408027,31.505536,-1.779750,-0.519771,1.190725,-0.004890,-0.020550,-0.000827
1771002531.413033,31.510541,-1.811595,-0.727014,1.117423,-0.002866,-0.020905,-0.001585
1771002531.418010,31.515519,-1.831052,-0.632255,1.128952,-0.003776,-0.020559,-0.001641
1771002531.422991,31.520499,-1.804867,-0.608397,1.178374,-0.004289,-0.020607,-0.001302
1771002531.428006,31.525515,-1.813154,-0.629868,1.140757,-0.003951,-0.021313,-0.001461
1771002531.432962,31.530470,-1.820544,-0.746148,1.105538,-0.002865,-0.020751,-0.001178
1771002531.437940,31.535449,-1.781950,-0.561025,1.159230,-0.004575,-0.020511,-0.000945
1771002531.442925,31.540434,-1.803640,-0.658357,1.127592,-0.003860,-0.020737,-0.001757
1771002531.447904,31.545412,-1.886298,-1.385969,0.893731,0.009748,-0.013901,-0.002228
1771002531.453482,31.550991,-1.769370,-0.602931,1.144469,-0.004179,-0.020185,-0.000654
1771002531.458365,31.555874,-1.793556,-0.738720,1.084037,-0.002635,-0.021093,-0.002029
1771002531.462857,31.560365,-1.809571,-0.634695,1.152162,-0.003944,-0.020632,-0.000805
1771002531.467870,31.565378,-1.817896,-0.646095,1.139458,-0.003947,-0.020885,-0.001147
1771002531.473306,31.570814,-1.828374,-0.746642,1.103385,-0.002743,-0.021088,-0.001592
1771002531.477809,31.575318,-1.811663,-0.741007,1.115253,-0.002795,-0.020923,-0.000705
1771002531.482792,31.580301,-1.791645,-0.798055,1.090892,-0.001856,-0.020570,-0.000671
1771002531.488263,31.585772,-1.854481,-0.697823,1.137529,-0.003112,-0.020869,-0.001077
1771002531.492737,31.590246,-1.792577,-0.694681,1.142191,-0.003175,-0.020182,-0.000501
1771002531.497732,31.595241,-1.799837,-0.810008,1.093116,-0.002017,-0.020608,-0.000905
1771002531.502695,31.600204,-1.901739,-0.692627,1.127412,-0.003292,-0.021605,-0.000868
1771002531.507695,31.605204,-1.704105,-0.561839,1.164869,-0.004896,-0.020391,-0.000410
1771002531.512681,31.610190,-1.879004,-0.723707,1.142956,-0.003121,-0.020361,-0.001734
1771002531.517665,31.615174,-1.789606,-0.600849,1.156930,-0.004356,-0.021154,-0.001594
1771002531.522647,31.620156,-1.831895,-0.633497,1.168485,-0.003932,-0.020264,-0.001233
1771002531.527625,31.625133,-1.779457,-0.614140,1.193228,-0.004089,-0.020775,-0.001143
1771002531.532611,31.630120,-1.784957,-0.560133,1.177429,-0.004725,-0.020323,-0.000943
1771002531.537593,31.635102,-1.796422,-0.687638,1.140693,-0.003357,-0.020315,-0.001113
1771002531.542665,31.640174,-1.796320,-0.725531,1.134533,-0.002959,-0.021037,-0.001202
1771002531.547561,31.645070,-1.784817,-0.625407,1.194541,-0.004330,-0.020488,-0.001410
1771002531.552546,31.650054,-1.795814,-0.639396,1.156975,-0.004018,-0.020778,-0.001216
1771002531.557521,31.655029,-1.751938,-0.560579,1.192085,-0.004472,-0.020059,-0.001057
1771002531.562519,31.660028,-1.743414,-0.442240,1.210365,-0.005680,-0.020358,-0.002060
1771002531.567522,31.665030,-1.764493,-0.584043,1.165485,-0.004576,-0.020398,-0.001497
1771002531.573046,31.670554,-1.783642,-0.429402,1.202457,-0.005977,-0.020244,-0.001737
1771002531.577460,31.674969,-1.746887,-0.430235,1.257486,-0.005859,-0.020289,-0.001788
1771002531.582477,31.679986,-1.793744,-1.279713,0.924732,0.008735,-0.013498,-0.002896
1771002531.587930,31.685439,-1.772869,-0.468830,1.212348,-0.005649,-0.020133,-0.001474
1771002531.592413,31.689921,-1.757148,-0.548534,1.174504,-0.005071,-0.020368,-0.002016
1771002531.597409,31.694917,-1.776359,-0.495187,1.189354,-0.005275,-0.020138,-0.002106
1771002531.602811,31.700320,-1.780009,-0.470542,1.218204,-0.005811,-0.020303,-0.001225
1771002531.607374,31.704883,-1.757987,-0.519805,1.193063,-0.004910,-0.020284,-0.001929
1771002531.612773,31.710281,-1.788992,-0.580908,1.158538,-0.004262,-0.020190,-0.001558
1771002531.617324,31.714832,-1.802486,-0.559185,1.182964,-0.004569,-0.020462,-0.001498
1771002531.622287,31.719795,-1.771290,-0.678456,1.161291,-0.003189,-0.020196,-0.000773
1771002531.627781,31.725289,-1.775283,-0.410799,1.257727,-0.005564,-0.020318,-0.000607
1771002531.632270,31.729779,0.297533,-0.807607,0.792961,0.006298,-0.009761,0.006064
1771002531.637249,31.734758,-1.855523,-0.663328,1.156153,-0.003784,-0.021233,-0.001117
1771002531.642729,31.740238,-1.893951,-0.883521,1.092671,-0.001225,-0.021248,-0.001313
1771002531.647219,31.744727,-1.841338,-0.816979,1.092601,-0.001671,-0.020955,-0.001182
1771002531.652668,31.750176,-1.862074,-0.749842,1.107285,-0.002500,-0.021254,-0.001051
1771002531.657187,31.754695,-1.866028,-0.784579,1.097263,-0.002041,-0.020984,-0.001086
1771002531.662183,31.759691,-1.896772,-0.956746,1.071167,-0.000251,-0.021270,-0.000379
1771002531.667584,31.765093,-1.940577,-1.010336,1.033988,0.000651,-0.021733,-0.000392
1771002531.672131,31.769640,-1.924411,-1.061918,0.996626,0.001377,-0.021819,-0.000538
1771002531.677133,31.774642,-1.965346,-0.959058,1.032994,0.000105,-0.021604,-0.000374
1771002531.682580,31.780089,-1.901870,-0.997070,1.039732,0.000943,-0.021235,0.000137
1771002531.687081,31.784589,-1.922290,-0.877273,1.070960,-0.000636,-0.021184,0.000207
1771002531.692069,31.789578,-1.971486,-1.178290,0.992317,0.002717,-0.022087,-0.000031
1771002531.697549,31.795058,-1.923005,-1.010620,1.037570,0.000682,-0.022257,0.000172
1771002531.702028,31.799536,-1.917052,-0.829495,1.130594,-0.001346,-0.021770,-0.000228
1771002531.707068,31.804577,-1.951460,-0.968160,1.047651,0.000388,-0.021229,-0.000336
1771002531.712010,31.809518,-1.919813,-0.974438,1.059650,0.000263,-0.021700,-0.000249
1771002531.716976,31.814485,-1.931349,-0.901352,1.081818,-0.000756,-0.021286,-0.000502
1771002531.721971,31.819479,-1.920889,-0.904618,1.102921,-0.000722,-0.021714,-0.000496
1771002531.726942,31.824451,-1.923078,-1.060306,1.039738,0.001350,-0.021267,-0.000417
1771002531.731925,31.829433,-1.937526,-0.952579,1.068820,-0.000248,-0.021862,-0.001026
1771002531.736911,31.834420,-1.902833,-0.930840,1.097367,-0.000921,-0.020814,-0.001854
1771002531.742120,31.839629,-1.256096,-1.676006,0.977900,0.014799,-0.005499,-0.003175
1771002531.746876,31.844385,-0.706926,-1.199986,1.243552,0.012335,-0.010178,0.016144
1771002531.751862,31.849371,-1.830360,-0.664636,1.177524,-0.003501,-0.020873,0.000191
1771002531.756828,31.854337,-1.734794,-0.540263,1.197811,-0.004538,-0.021862,-0.001129
1771002531.761821,31.859329,-1.729742,-0.776253,1.116544,-0.001908,-0.020931,-0.002230
1771002531.766817,31.864325,-1.836744,-0.833370,1.096764,-0.001899,-0.020418,-0.001972
1771002531.771785,31.869294,-1.829617,-0.695953,1.120662,-0.003108,-0.020252,-0.000322
1771002531.776765,31.874274,-1.830016,-0.775484,1.098898,-0.001627,-0.020199,-0.000686
1771002531.781748,31.879256,-1.924477,-1.403314,0.922821,0.011008,-0.014693,-0.000458
1771002531.786732,31.884241,-1.821435,-0.647053,1.160996,-0.003526,-0.021669,-0.001204
1771002531.791718,31.889226,-1.860669,-0.633892,1.179045,-0.003714,-0.020809,-0.001943
1771002531.796695,31.894203,1.037834,2.964508,-1.806871,-0.025928,0.015528,0.007493
1771002531.801677,31.899186,1.057144,2.901347,-1.813663,-0.025307,0.015098,0.008623
1771002531.806638,31.904146,1.049068,2.639496,-1.648533,-0.022053,0.013833,0.007158
1771002531.811653,31.909162,0.035459,-0.158698,-0.497172,-0.000787,-0.007654,-0.000376
1771002531.816621,31.914129,0.171090,-1.515573,0.480538,0.014516,-0.012830,0.007970
1771002531.821614,31.919122,-1.837648,-0.580166,1.176382,-0.004538,-0.022085,-0.000876
1771002531.826575,31.924084,0.042361,2.785450,-1.476320,-0.024427,0.003181,0.009554
1771002531.831583,31.929092,1.024366,2.820812,-1.773139,-0.024865,0.014552,0.008317
1771002531.836551,31.934059,0.984031,2.888950,-1.798830,-0.023976,0.014856,0.007118
1771002531.841533,31.939041,0.064144,3.041353,-1.725164,-0.025174,0.005166,0.010502
1771002531.846534,31.944043,-1.536610,1.264796,1.238418,-0.022590,-0.009114,0.006815
1771002531.851517,31.949026,-1.839247,-0.565403,1.187636,-0.004168,-0.021395,-0.001036
1771002531.856469,31.953978,-1.780586,-0.647040,1.141956,-0.003243,-0.021016,-0.000755
1771002531.861474,31.958982,-1.875438,-0.756169,1.121640,-0.002514,-0.020983,-0.000704
1771002531.866477,31.963985,-1.786764,-0.638641,1.160683,-0.003317,-0.020183,-0.000314
1771002531.871425,31.968934,-1.825504,-0.788675,1.111091,-0.002009,-0.020769,-0.001244
1771002531.876408,31.973917,-1.867601,-0.804187,1.093462,-0.002063,-0.021460,-0.001172
1771002531.881387,31.978895,-1.909937,-0.808786,1.099849,-0.001946,-0.021365,-0.000496
1771002531.886391,31.983900,-1.920957,-0.871177,1.088250,-0.000935,-0.021041,-0.000844
1771002531.891340,31.988848,-1.808380,-0.695012,1.171562,-0.003048,-0.020509,-0.000577
1771002531.896338,31.993847,-1.920019,-0.878008,1.074268,-0.001478,-0.021354,-0.001052
1771002531.901334,31.998843,-1.977178,-0.925068,1.081854,-0.000642,-0.021364,-0.000946
1771002531.906723,32.004232,-1.915037,-0.860812,1.110252,-0.001396,-0.021248,-0.000989
1771002531.911855,32.009364,-1.864968,-0.797864,1.131099,-0.001827,-0.020430,0.000025
1771002531.916653,32.014162,-1.945243,-1.012886,1.028298,0.000429,-0.021772,-0.000572
1771002531.921589,32.019097,-1.873619,-0.740584,1.135783,-0.002521,-0.021264,-0.000741
1771002531.926612,32.024121,-1.869359,-0.810421,1.126824,-0.001680,-0.020941,-0.000581
1771002531.931568,32.029077,-1.889208,-0.738626,1.141424,-0.002687,-0.021386,-0.000828
1771002531.936204,32.033713,-1.782019,3.107336,1.548740,-0.021309,-0.006173,0.005082
1771002531.941180,32.038689,0.041476,2.923937,-1.713110,-0.025697,0.003460,0.011365
1771002531.946160,32.043669,1.031224,2.865770,-1.766234,-0.024652,0.015065,0.008032
1771002531.951146,32.048654,0.164571,2.868777,-1.582127,-0.025771,0.004967,0.011592
1771002531.956200,32.053709,0.158340,2.955610,-1.640668,-0.026001,0.005492,0.011095
1771002531.961508,32.059016,0.114919,2.944277,-1.570152,-0.026776,0.004773,0.010688
1771002531.966071,32.063580,0.639821,0.014794,-0.399419,-0.002781,-0.000450,-0.003831
1771002531.971081,32.068589,-0.042616,-0.261554,-0.489309,-0.001017,-0.007040,-0.000918
1771002531.976117,32.073626,0.130912,0.053117,-0.299763,-0.001125,-0.008356,-0.000216
1771002531.981032,32.078540,-1.463552,3.532625,0.539474,-0.025139,-0.003771,0.005452
1771002531.986021,32.083530,-1.798793,-0.749941,1.141692,-0.002645,-0.020197,-0.001122
1771002531.990995,32.088504,-1.905958,-0.561933,1.167037,-0.004501,-0.021533,-0.001087
1771002531.995979,32.093488,-1.767045,-0.751229,1.109704,-0.002359,-0.020044,-0.000521
1771002532.000962,32.098470,-1.849223,-0.621795,1.158207,-0.003593,-0.020930,-0.001352
1771002532.005952,32.103461,-1.807356,-0.461747,1.246780,-0.005854,-0.020801,-0.000030
1771002532.010906,32.108414,-1.894006,-0.746133,1.141407,-0.002686,-0.021204,-0.001064
1771002532.015910,32.113419,-1.814965,-0.550083,1.179096,-0.005083,-0.020367,-0.001084
1771002532.020895,32.118403,-1.845697,-0.751398,1.133660,-0.002510,-0.020906,-0.001083
1771002532.025878,32.123386,-1.865491,-0.744586,1.133790,-0.002470,-0.021257,-0.001173
1771002532.030858,32.128367,-1.778166,-0.612809,1.192429,-0.003966,-0.020645,-0.000406
1771002532.035837,32.133345,-1.830394,-0.556166,1.200786,-0.004277,-0.021095,-0.001460
1771002532.040819,32.138327,-1.877214,-0.683824,1.134181,-0.003405,-0.021175,-0.000520
1771002532.045799,32.143308,-1.900301,-0.631371,1.182512,-0.004001,-0.021001,-0.001071
1771002532.050791,32.148300,-1.821076,-0.705185,1.167750,-0.003146,-0.020498,-0.000834
1771002532.055769,32.153278,-1.854720,-0.737771,1.103958,-0.002521,-0.020765,-0.000585
1771002532.060750,32.158258,-1.798998,-0.553263,1.234957,-0.004366,-0.020795,-0.000438
1771002532.065728,32.163237,-1.812854,-0.643244,1.187026,-0.003735,-0.020756,-0.000242
1771002532.070726,32.168235,-1.837689,-0.577634,1.180307,-0.004058,-0.020788,-0.000882
1771002532.075692,32.173201,-1.829388,-0.516658,1.177636,-0.004823,-0.020494,-0.000061
1771002532.080677,32.178185,-1.897126,-0.783440,1.118804,-0.002455,-0.020551,-0.000064
1771002532.085662,32.183171,-1.931371,-0.790006,1.094968,-0.002370,-0.021202,-0.000655
1771002532.090664,32.188173,-1.844543,-0.754668,1.112367,-0.002224,-0.020717,-0.000587
1771002532.095628,32.193136,-1.877866,-0.790202,1.095108,-0.002301,-0.021131,-0.001083
1771002532.100593,32.198101,-1.871991,-0.717367,1.111450,-0.002898,-0.021572,-0.001148
1771002532.105594,32.203102,-1.890134,-0.731963,1.109496,-0.002706,-0.021462,-0.001320
1771002532.110556,32.208064,-1.833362,-0.728575,1.153695,-0.002752,-0.020673,-0.000484
1771002532.115563,32.213072,-1.822973,-0.631885,1.177228,-0.003822,-0.020681,-0.000706
1771002532.120537,32.218045,-1.902428,-1.422837,0.933512,0.010449,-0.014455,-0.001733
1771002532.125520,32.223028,-1.793373,-0.667019,1.163746,-0.003414,-0.020670,0.000025
1771002532.130523,32.228032,-1.811473,-0.582318,1.131828,-0.004289,-0.020577,-0.001023
1771002532.135482,32.232990,-1.893376,-1.471160,0.892296,0.010915,-0.014199,-0.002196
1771002532.140481,32.237990,-1.803807,-0.595541,1.184273,-0.003900,-0.020618,-0.000677
1771002532.145448,32.242957,-1.862609,-0.591383,1.145801,-0.004349,-0.021175,-0.001205
1771002532.150591,32.248100,-1.817889,-0.713794,1.115058,-0.003090,-0.020519,-0.000064
1771002532.155404,32.252912,-1.860627,-0.648683,1.113952,-0.003876,-0.021165,-0.000993
1771002532.160394,32.257903,-1.816778,-0.527253,1.163253,-0.004897,-0.021207,-0.001215
1771002532.165396,32.262905,-1.853015,-0.649447,1.121540,-0.003353,-0.020773,-0.001130
1771002532.170344,32.267853,-1.814696,-0.455076,1.199168,-0.004867,-0.020360,-0.000901
1771002532.175345,32.272854,-1.809987,-0.613354,1.158966,-0.004138,-0.020822,-0.001409
1771002532.180325,32.277833,-1.819713,-0.659180,1.150378,-0.003614,-0.020707,-0.000687
1771002532.185312,32.282820,-1.816568,-0.433289,1.182293,-0.005107,-0.020706,-0.000955
1771002532.190294,32.287802,-1.839023,-0.486215,1.167272,-0.004931,-0.020559,-0.000821
1771002532.195271,32.292780,-1.823844,-0.730810,1.123309,-0.002563,-0.021147,-0.000698
1771002532.200241,32.297750,-1.871677,-0.685278,1.149175,-0.003241,-0.021300,-0.000716
1771002532.205248,32.302756,-1.851736,-0.588952,1.190359,-0.004556,-0.020994,-0.000442
1771002532.210218,32.307727,-1.801062,-0.621081,1.160100,-0.003936,-0.021073,-0.000963
1771002532.215203,32.312711,-1.815652,-0.589698,1.171092,-0.004031,-0.020941,-0.000714
1771002532.220182,32.317691,-1.850230,-0.687254,1.139792,-0.003266,-0.020937,-0.000740
1771002532.225168,32.322677,-1.886957,-0.728287,1.120030,-0.002717,-0.021177,-0.000533
1771002532.230146,32.327655,-1.845618,-0.681666,1.155762,-0.003147,-0.020628,-0.000556
1771002532.235131,32.332640,-1.974215,-1.380559,0.938177,0.009776,-0.014683,-0.002118
1771002532.240164,32.337672,-1.925679,-0.789623,1.091763,-0.002185,-0.021228,-0.000802
1771002532.245095,32.342603,-1.794228,3.920935,0.875607,-0.042471,-0.006015,0.003536
1771002532.250079,32.347588,-1.876348,-0.655707,1.151884,-0.003682,-0.021049,-0.000018
1771002532.255059,32.352568,-1.925142,-0.782352,1.071026,-0.002382,-0.021455,-0.001537
1771002532.260037,32.357546,-1.900103,-0.733048,1.141494,-0.002575,-0.021045,-0.000329
1771002532.265020,32.362529,-1.840639,-0.661541,1.141594,-0.003662,-0.020911,-0.000516
1771002532.270010,32.367518,-1.842694,-0.617486,1.149890,-0.003835,-0.020723,-0.000788
1771002532.274991,32.372500,-1.814844,-0.666571,1.151423,-0.003487,-0.020634,0.000080
1771002532.279973,32.377481,-1.872461,-0.727158,1.135384,-0.003027,-0.021007,-0.000710
1771002532.284955,32.382464,-1.861383,-0.738801,1.118749,-0.002717,-0.021167,-0.001048
1771002532.289943,32.387451,-1.777288,-0.634964,1.156941,-0.003629,-0.020605,-0.000452
1771002532.294949,32.392458,-1.850273,-0.708074,1.109715,-0.002924,-0.021278,-0.000823
1771002532.299905,32.397414,-1.889091,-0.635902,1.117073,-0.003471,-0.021087,-0.001380
1771002532.304892,32.402401,-1.912176,-0.874999,1.066488,-0.001153,-0.021416,-0.001340
1771002532.309865,32.407374,-1.843114,-0.604006,1.135758,-0.003777,-0.020593,-0.001131
1771002532.314850,32.412358,-1.851862,-0.726463,1.096889,-0.002718,-0.020645,-0.000876
1771002532.319832,32.417341,-1.835578,-0.723866,1.100267,-0.002756,-0.021210,-0.000266
1771002532.324830,32.422338,-1.869184,-0.776563,1.072174,-0.002185,-0.020983,-0.000794
1771002532.329796,32.427304,-1.871047,-0.618183,1.140716,-0.003846,-0.020821,-0.000383
1771002532.334826,32.432335,-1.824417,-0.676195,1.102366,-0.003371,-0.021067,-0.000439
1771002532.339758,32.437266,-1.829566,-0.568231,1.113815,-0.004406,-0.021018,-0.000389
1771002532.344737,32.442246,-1.849872,-0.636746,1.102449,-0.003910,-0.021283,-0.001382
1771002532.349722,32.447230,-1.860866,-0.692997,1.088092,-0.003260,-0.021201,-0.001333
1771002532.354707,32.452216,-1.889720,-1.413254,0.831120,0.010626,-0.014304,-0.001762
1771002532.359703,32.457212,-1.890752,-1.456507,0.793773,0.011034,-0.014504,-0.001907
1771002532.364668,32.462177,-1.883685,-1.460317,0.772434,0.010906,-0.014971,-0.001494
1771002532.369639,32.467148,-1.913685,-1.377340,0.770832,0.009955,-0.014541,-0.001988
1771002532.374614,32.472123,-1.481566,-0.524739,1.171520,0.008983,0.003626,0.010062
1771002532.379616,32.477125,-1.917605,-1.346735,0.847628,0.010167,-0.014310,-0.002057
1771002532.384770,32.482278,-1.907501,-1.359730,0.810872,0.010016,-0.014367,-0.002472
1771002532.389576,32.487085,-1.869586,-1.461830,0.760459,0.011013,-0.014620,-0.001140
1771002532.394553,32.492062,-1.771941,-0.599353,1.111159,-0.003715,-0.020204,-0.000197
1771002532.399533,32.497041,-1.843309,-0.503304,1.118806,-0.004719,-0.020839,-0.001328
1771002532.404581,32.502090,-1.484357,0.089154,1.587697,-0.002076,-0.005201,0.011275
1771002532.409511,32.507020,-1.874172,-1.282104,0.795870,0.009438,-0.014287,-0.001672
1771002532.414513,32.512021,-0.725396,-1.294091,0.952833,0.011522,-0.010138,0.014585
1771002532.419473,32.516981,-1.820756,-1.274995,0.800447,0.009445,-0.013870,-0.001765
1771002532.424456,32.521964,-0.117523,-0.426018,1.282220,0.010293,0.010177,0.026477
1771002532.429439,32.526948,-1.415116,-0.483376,1.088000,0.008912,0.004861,0.010165
1771002532.434437,32.531945,-0.313402,1.266114,1.531000,-0.000376,0.003695,0.017814
1771002532.439391,32.536899,0.182317,0.173363,0.980901,-0.007170,0.008923,0.027893
1771002532.444392,32.541901,-1.429848,-0.579398,1.010395,0.009594,0.003370,0.010182
1771002532.449390,32.546899,-0.394238,1.851706,1.503432,-0.010628,-0.004287,0.016789
1771002532.454382,32.551891,-0.084455,1.734446,1.094217,-0.018000,0.001284,0.017410
1771002532.459335,32.556843,0.185427,-0.397540,0.564490,0.001594,0.016779,0.027070
1771002532.464291,32.561800,-0.369970,1.691146,1.672847,-0.009258,-0.005244,0.016889
1771002532.469283,32.566792,-0.018017,1.741684,1.089680,-0.017827,0.002645,0.018626
1771002532.474283,32.571791,0.012524,1.600025,1.145239,-0.016783,0.002177,0.018619
1771002532.479261,32.576769,-0.012146,1.740697,1.089397,-0.018397,0.002276,0.018093
1771002532.484261,32.581769,-1.405718,1.451631,0.996561,-0.012017,0.005947,0.003848
1771002532.489238,32.586746,-0.001636,1.716020,1.051808,-0.017805,0.001990,0.018393
1771002532.494203,32.591711,-0.025066,1.766870,0.961781,-0.018237,0.002450,0.017724
1771002532.499225,32.596733,-0.043589,1.723727,1.014137,-0.017808,0.001633,0.017874
1771002532.504233,32.601742,0.930818,1.776710,0.477831,-0.022854,0.012327,0.006255
1771002532.509172,32.606681,0.936084,1.716790,0.506607,-0.022402,0.011937,0.006133
1771002532.514145,32.611654,0.948834,1.716905,0.414061,-0.021708,0.011946,0.005638
1771002532.519134,32.616643,0.914169,1.844929,0.331707,-0.023054,0.012283,0.005978
1771002532.524106,32.621614,0.958410,1.873136,0.182702,-0.022384,0.012574,0.006764
1771002532.529099,32.626608,0.933277,1.804671,0.359438,-0.022459,0.012319,0.006818
1771002532.534158,32.631667,-0.016882,1.605505,1.080673,-0.016898,0.001170,0.017746
1771002532.539053,32.636561,-0.059935,1.900002,0.884553,-0.020105,0.002837,0.018098
1771002532.544038,32.641546,-0.043515,1.524126,1.171803,-0.017405,0.001231,0.017777
1771002532.549020,32.646528,0.168773,-0.272976,0.639095,0.000186,0.016154,0.027209
1771002532.553986,32.651495,-1.280617,0.157771,0.481870,-0.006514,0.001809,0.006933
1771002532.558992,32.656501,-1.350313,-0.499451,1.089139,0.008748,0.004459,0.010472
1771002532.563966,32.661474,-1.423666,-0.480210,1.120461,0.008520,0.004353,0.010422
1771002532.568945,32.666454,-1.404949,-0.434413,1.119687,0.008443,0.004007,0.009828
1771002532.573911,32.671420,0.677644,0.073209,0.038335,-0.001401,0.005185,0.012889
1771002532.578908,32.676416,0.048165,-0.168383,-0.615779,-0.000214,-0.008503,-0.000190
1771002532.583896,32.681405,0.048310,-0.070759,-0.574769,-0.001194,-0.008885,-0.000586
1771002532.588892,32.686401,0.036144,-0.136851,-0.554764,-0.000296,-0.008622,0.000184
1771002532.593860,32.691368,0.028455,-0.243359,-0.625293,0.000254,-0.009038,-0.000229
1771002532.598922,32.696431,0.018213,-0.180154,-0.600067,-0.000144,-0.009107,-0.000373
1771002532.603828,32.701337,0.012134,-0.135305,-0.571018,-0.000659,-0.008866,-0.000490
1771002532.608807,32.706316,0.117713,3.047813,-1.790966,-0.026242,0.004727,0.011248
1771002532.613783,32.711292,0.105970,3.035756,-1.744678,-0.026088,0.004947,0.011280
1771002532.618765,32.716274,0.145326,2.940385,-1.743575,-0.025313,0.004378,0.011525
1771002532.623748,32.721256,-0.012927,-0.035228,-0.495827,-0.001066,-0.008595,-0.001014
1771002532.628706,32.726215,0.025621,-0.194478,-0.582777,-0.000095,-0.009058,-0.000076
1771002532.633708,32.731216,-0.028352,-0.152904,-0.525500,-0.000513,-0.008613,-0.000412
1771002532.638693,32.736202,0.036140,-0.077628,-0.477820,-0.000991,-0.008610,-0.000466
1771002532.643674,32.741183,0.121804,3.035501,-1.764411,-0.026068,0.004751,0.011599
1771002532.648660,32.746168,0.000284,-0.123593,-0.532606,-0.000651,-0.008930,-0.000248
1771002532.653638,32.751147,0.099650,3.059232,-1.743478,-0.026547,0.004753,0.011047
1771002532.658606,32.756114,-1.798447,-0.668235,1.083168,-0.003060,-0.021055,-0.000580
1771002532.663601,32.761110,-1.827371,-0.734218,1.083919,-0.002384,-0.020818,-0.000988
1771002532.668584,32.766092,-1.926457,-1.409155,0.876024,0.010640,-0.014462,-0.002082
1771002532.673568,32.771077,-1.829555,-0.646329,1.113276,-0.003452,-0.020513,-0.000721
1771002532.678559,32.776068,-1.825553,-0.708649,1.118777,-0.002877,-0.020967,-0.000122
1771002532.683534,32.781043,-1.803404,-0.611607,1.146715,-0.004108,-0.020631,-0.000005
1771002532.688513,32.786022,-1.871739,-0.582907,1.157259,-0.004567,-0.021382,-0.000931
1771002532.693494,32.791003,-1.836839,-0.589071,1.127106,-0.004136,-0.020920,-0.000644
1771002532.698493,32.796002,-1.866984,-0.821742,1.047798,-0.001882,-0.021339,-0.001142
1771002532.703462,32.800971,-1.847425,-0.658978,1.115178,-0.003274,-0.020679,-0.000802
1771002532.708441,32.805950,-1.823239,-0.546167,1.130071,-0.004452,-0.020668,-0.000724
1771002532.713423,32.810932,-1.864719,-0.706631,1.094787,-0.003032,-0.021385,-0.001263
1771002532.718402,32.815911,-1.823674,-0.594830,1.137932,-0.004465,-0.020965,-0.000715
1771002532.723392,32.820901,-1.844465,-0.617331,1.108871,-0.004116,-0.021054,-0.000843
1771002532.728356,32.825865,-1.840722,-0.529130,1.145550,-0.004743,-0.021239,-0.001046
1771002532.733367,32.830875,-1.835320,-0.594985,1.137704,-0.004198,-0.020913,-0.000374
1771002532.738338,32.835847,-1.826397,-0.633678,1.120880,-0.003450,-0.020740,-0.000448
1771002532.743317,32.840826,-1.840469,-0.724401,1.047020,-0.002724,-0.021340,-0.001208
1771002532.748307,32.845815,-1.918804,-1.373172,0.884291,0.009831,-0.014940,-0.002228
1771002532.753286,32.850794,-1.798399,-0.528918,1.134374,-0.004519,-0.020403,-0.000109
1771002532.758275,32.855784,-1.878673,-0.596810,1.093552,-0.003911,-0.020788,-0.001116
1771002532.763239,32.860747,-1.953069,-1.420863,0.855989,0.010535,-0.014534,-0.002680
1771002532.768271,32.865779,-1.891134,-1.288995,0.876590,0.009374,-0.013982,-0.002217
1771002532.773210,32.870719,-1.349415,0.095430,1.514248,-0.004651,-0.003570,0.011967
1771002532.778192,32.875700,-1.466205,-0.583949,1.147745,0.009397,0.003319,0.010092
1771002532.783178,32.880687,-1.473141,-0.515887,1.210253,0.009154,0.003533,0.010280
1771002532.788157,32.885666,-1.910599,-1.416253,0.823461,0.010409,-0.014848,-0.002672
1771002532.793138,32.890646,-1.838789,-0.619912,1.048606,-0.003897,-0.021407,-0.001254
1771002532.798124,32.895632,-1.890171,-1.379618,0.829022,0.010385,-0.013662,-0.002669
1771002532.803105,32.900614,-1.464570,-0.568309,1.119435,0.009420,0.003186,0.010270
1771002532.808090,32.905599,-1.447643,-0.555672,1.120345,0.009325,0.003908,0.010275
1771002532.813068,32.910576,-1.931289,-1.420403,0.812394,0.010214,-0.014449,-0.002627
1771002532.818052,32.915561,-1.904658,-1.175907,0.875517,0.008360,-0.013945,-0.002329
1771002532.823031,32.920540,-0.136727,0.782668,0.727321,-0.008620,0.003162,0.020632
1771002532.828021,32.925529,0.006807,-0.143433,-0.861690,-0.000987,-0.009049,-0.001147
1771002532.832998,32.930507,0.004442,0.029628,-0.683653,-0.002057,-0.009346,-0.001736
1771002532.837967,32.935476,-1.295868,-0.284705,-1.123267,-0.009861,-0.006991,-0.005485
1771002532.842994,32.940502,-1.556481,0.832892,-1.007743,-0.017015,-0.013466,-0.005497
1771002532.847946,32.945455,0.681517,1.576676,0.707886,-0.021885,0.008287,0.007160
1771002532.852916,32.950424,-0.065459,1.771758,1.029907,-0.017985,0.002282,0.017933
1771002532.857908,32.955416,0.777396,1.635679,0.612806,-0.021967,0.009334,0.006877
1771002532.862898,32.960407,-0.133806,1.820537,0.690012,-0.016162,0.001940,0.017391
1771002532.867876,32.965385,0.912987,1.736051,0.464793,-0.021732,0.011776,0.006290
1771002532.872856,32.970365,0.949160,1.720279,0.468594,-0.020954,0.012155,0.006784
1771002532.877844,32.975353,0.917824,1.820621,0.360511,-0.023313,0.012289,0.005099
1771002532.882823,32.980331,0.914110,1.944089,0.199661,-0.024347,0.012730,0.006511
1771002532.887821,32.985329,0.861641,1.830432,0.274051,-0.022649,0.011284,0.005976
1771002532.892785,32.990294,-0.130337,1.815354,0.844849,-0.017935,0.001586,0.016808
1771002532.897770,32.995279,0.879551,2.087819,0.068159,-0.026670,0.013166,0.006094
1771002532.902765,33.000274,0.859778,1.995826,0.215956,-0.026231,0.012417,0.005740
1771002532.907746,33.005255,-0.399558,1.776239,1.549167,-0.009885,-0.004848,0.016808
1771002532.912717,33.010225,0.734074,2.120402,-0.638317,-0.019310,0.010387,0.014103
1771002532.917700,33.015208,0.072455,2.810342,-1.318016,-0.026439,0.004786,0.009120
1771002532.922687,33.020195,0.247580,-0.073506,-0.980731,-0.003803,-0.008156,-0.002606
1771002532.927660,33.025168,-0.151952,3.294081,-1.790480,-0.027872,0.003427,0.007902
1771002532.932642,33.030151,0.944760,2.081566,-0.288148,-0.023072,0.012310,0.007462
1771002532.937627,33.035135,0.913224,2.224147,-0.276018,-0.025921,0.013160,0.006093
1771002532.942612,33.040120,0.970711,1.952462,0.022464,-0.022820,0.012893,0.006951
1771002532.947593,33.045102,0.895601,1.838603,0.283145,-0.023277,0.011796,0.006210
1771002532.952574,33.050082,0.863736,1.888012,0.299540,-0.024184,0.011875,0.005416
1771002532.957550,33.055058,0.921629,1.750572,0.376680,-0.022086,0.011760,0.005930
1771002532.962545,33.060054,0.916603,1.857200,0.429883,-0.023937,0.012723,0.006052
1771002532.967524,33.065032,0.930926,1.813786,0.436347,-0.023117,0.012688,0.006569
1771002532.972510,33.070019,0.915614,1.848830,0.486878,-0.024195,0.012783,0.005910
1771002532.977489,33.074998,0.914890,1.792411,0.509286,-0.022918,0.012562,0.006368
1771002532.982479,33.079988,-0.117724,1.774078,0.973012,-0.017290,0.001560,0.017790
1771002532.987489,33.084998,-0.050856,1.796492,0.993483,-0.018428,0.002373,0.017806
1771002532.992437,33.089946,-0.081512,1.869383,0.892889,-0.018872,0.002751,0.017909
1771002532.997417,33.094926,-0.085351,1.765236,1.003083,-0.017785,0.001815,0.018145
1771002533.002393,33.099902,-0.055108,1.666681,1.090692,-0.016909,0.001073,0.018030
1771002533.007377,33.104886,-0.097913,1.876890,0.927547,-0.019052,0.002688,0.017572
1771002533.012360,33.109869,-0.078652,1.846027,0.939471,-0.019295,0.002403,0.017468
1771002533.017343,33.114851,-0.042893,1.802322,0.967829,-0.018584,0.002596,0.018303
1771002533.022330,33.119839,-0.098004,1.735419,1.097291,-0.018511,0.001394,0.016787
1771002533.027314,33.124823,-0.069650,1.831114,0.996771,-0.018908,0.002579,0.017814
1771002533.032348,33.129857,-1.184765,0.258184,1.013613,-0.009337,0.003657,0.012073
1771002533.037273,33.134782,-0.129439,-0.370557,1.219033,0.010295,0.009284,0.026272
1771002533.042258,33.139766,-0.111436,0.056157,1.602001,0.000861,0.002793,0.027010
1771002533.047231,33.144740,-0.126709,0.114689,1.670210,0.000372,0.002949,0.027614
1771002533.052207,33.149716,-1.449240,-0.528479,1.096254,0.009102,0.003772,0.010773
1771002533.057197,33.154706,-1.400260,-0.534618,1.154398,0.009432,0.004464,0.010826
1771002533.062187,33.159696,-1.877281,-1.220007,0.888924,0.009057,-0.013471,-0.002300
1771002533.067174,33.164683,-1.847539,-0.642424,1.059452,-0.003397,-0.021041,-0.001418
1771002533.072143,33.169652,-1.850523,-0.671524,1.097635,-0.003194,-0.021242,-0.000716
1771002533.077144,33.174653,-1.898028,-1.354651,0.929937,0.010213,-0.013879,-0.001787
1771002533.082134,33.179643,-1.932388,-1.314073,0.911378,0.009692,-0.014653,-0.002483
1771002533.087086,33.184595,-1.780902,-0.487904,1.153068,-0.004585,-0.020547,-0.000669
1771002533.092097,33.189605,-1.944482,-1.446184,0.889499,0.010596,-0.014674,-0.002113
1771002533.097066,33.194575,-1.876070,-0.480395,1.160071,-0.004866,-0.021106,-0.001289
1771002533.102052,33.199561,-1.892910,-0.619370,1.133906,-0.003589,-0.021336,-0.001044
1771002533.107037,33.204545,-1.852637,-0.444738,1.177343,-0.004786,-0.020833,-0.001096
1771002533.112022,33.209530,-1.964028,-1.345354,0.919715,0.009633,-0.014616,-0.002164
1771002533.117004,33.214513,-1.947287,-1.365251,0.886911,0.010018,-0.014143,-0.002169
1771002533.121981,33.219490,-1.919562,-1.331352,0.894903,0.009881,-0.014407,-0.002491
1771002533.126952,33.224461,-1.889941,-1.243452,0.925051,0.008989,-0.014255,-0.001815
1771002533.131946,33.229455,-1.917444,-1.394519,0.895652,0.010544,-0.014245,-0.001959
1771002533.136927,33.234435,-1.866054,-0.585763,1.126207,-0.004051,-0.020909,-0.000843
1771002533.141894,33.239403,-1.906960,-1.266184,0.927062,0.009161,-0.014294,-0.001738
1771002533.146895,33.244404,-1.927886,-1.359739,0.896564,0.010096,-0.014612,-0.002432
1771002533.152118,33.249627,-1.942415,-1.437466,0.871442,0.010560,-0.015015,-0.002207
1771002533.157353,33.254862,-1.921699,-1.333307,0.885497,0.009860,-0.014257,-0.002835
1771002533.162231,33.259740,-1.848374,-1.292906,0.914309,0.009516,-0.014274,-0.001607
1771002533.166955,33.264463,-0.291843,-1.530432,-0.112756,0.013933,-0.015054,0.002897
1771002533.171899,33.269408,0.029067,0.018450,-0.366657,-0.002091,-0.008319,-0.000832
1771002533.176794,33.274303,0.027026,-0.058249,-0.423418,-0.000725,-0.008497,-0.000679
1771002533.181772,33.279281,0.148277,3.016041,-1.792687,-0.026512,0.004747,0.009930
1771002533.186769,33.284278,0.764705,-0.141636,-0.615740,-0.002061,-0.001092,-0.002896
1771002533.191745,33.289253,-1.723036,-0.816921,1.005028,-0.000443,-0.021042,0.001081
1771002533.196715,33.294223,-1.832412,-0.590916,1.135362,-0.003942,-0.020768,-0.000152
1771002533.201966,33.299474,-1.823582,-0.614672,1.164002,-0.003647,-0.020731,0.000119
1771002533.206677,33.304186,-1.914675,-0.775745,1.093254,-0.002157,-0.021138,-0.000665
1771002533.211656,33.309165,-1.779044,-0.610384,1.125529,-0.003314,-0.020243,-0.000285
1771002533.216638,33.314146,-1.860033,-0.678464,1.147893,-0.003464,-0.021354,-0.000544
1771002533.221627,33.319136,-1.843601,-0.801848,1.084953,-0.001813,-0.021260,-0.000554
1771002533.226612,33.324121,-1.775941,-0.603013,1.159112,-0.003834,-0.020675,0.000114
1771002533.231689,33.329197,-1.809908,-0.572334,1.165375,-0.004148,-0.020954,-0.000846
1771002533.236665,33.334173,-1.827939,-0.684473,1.122116,-0.003138,-0.020987,-0.000714
1771002533.241555,33.339064,-1.777054,-0.534518,1.195714,-0.004382,-0.020190,0.000329
1771002533.246556,33.344064,-1.818203,-0.639219,1.145618,-0.003403,-0.020435,-0.000246
1771002533.251510,33.349018,-1.800517,-0.574903,1.175227,-0.004194,-0.020637,-0.000610
1771002533.256514,33.354023,-1.828053,-0.619321,1.134693,-0.003718,-0.021173,-0.001189
1771002533.261806,33.359314,-1.827240,-0.666055,1.141730,-0.003180,-0.020220,-0.000130
1771002533.266474,33.363983,-1.921865,-1.325888,0.944005,0.009963,-0.013779,-0.001647
1771002533.271699,33.369207,-1.867638,-0.531918,1.162675,-0.004290,-0.020756,-0.001278
1771002533.276530,33.374039,-1.824329,-0.590506,1.191912,-0.003862,-0.020581,0.000048
1771002533.281420,33.378929,-1.811582,-0.532316,1.193057,-0.004074,-0.020354,-0.000681
1771002533.286388,33.383896,-1.872756,-0.782252,1.092619,-0.002264,-0.021153,-0.000917
1771002533.291379,33.388887,-1.845916,-0.501197,1.174817,-0.004542,-0.020773,-0.000990
1771002533.296406,33.393915,-1.867734,-0.627024,1.119358,-0.003757,-0.021206,-0.001038
1771002533.301423,33.398932,-1.919702,-1.380743,0.931593,0.010091,-0.014286,-0.001451
1771002533.306341,33.403849,-1.876654,-0.660436,1.116905,-0.003645,-0.021096,-0.000442
1771002533.311337,33.408846,-1.933397,-1.413234,0.889557,0.010534,-0.014301,-0.002115
1771002533.316356,33.413865,-1.894343,-0.524798,1.133622,-0.004709,-0.020998,-0.000774
1771002533.321266,33.418774,-1.932841,-1.351106,0.906073,0.009915,-0.014146,-0.001962
1771002533.326241,33.423750,-1.872620,-0.650777,1.108256,-0.003296,-0.021081,-0.001176
1771002533.331217,33.428725,-1.864331,-0.738138,1.126713,-0.002514,-0.021336,-0.001092
1771002533.336611,33.434120,-1.889727,-0.620435,1.133775,-0.003896,-0.021509,-0.001229
1771002533.341218,33.438727,-1.856255,-0.608851,1.152639,-0.004198,-0.020698,-0.000638
1771002533.346166,33.443674,-1.906954,-1.404472,0.889977,0.009952,-0.014632,-0.001868
1771002533.351158,33.448667,-1.850728,-0.627437,1.112401,-0.003832,-0.020775,-0.000908
1771002533.356163,33.453671,-1.929365,-1.407432,0.911065,0.010110,-0.014663,-0.002011
1771002533.361129,33.458638,-1.845894,-0.627802,1.163985,-0.003923,-0.021039,-0.000933
1771002533.366268,33.463777,-1.847261,-0.514847,1.171227,-0.004938,-0.020844,-0.000717
1771002533.371134,33.468643,-1.920675,-1.393112,0.910782,0.010031,-0.014440,-0.002383
1771002533.376072,33.473581,-1.843223,-0.425534,1.196961,-0.005461,-0.020847,-0.001635
1771002533.381058,33.478567,-1.865136,-0.744850,1.119719,-0.002518,-0.020982,-0.000573
1771002533.386038,33.483547,-1.863583,-0.614881,1.166311,-0.004108,-0.020721,-0.000596
1771002533.391018,33.488527,-1.853971,-0.684708,1.141225,-0.003499,-0.020696,0.000210
1771002533.396012,33.493521,-1.910072,-0.607405,1.131979,-0.004177,-0.021252,-0.001758
1771002533.401054,33.498563,-1.895654,-0.655098,1.135351,-0.003649,-0.021083,-0.001065
1771002533.406005,33.503513,-1.860526,-0.543765,1.170570,-0.004607,-0.020742,-0.001106
1771002533.411095,33.508603,-1.921417,-0.702876,1.118143,-0.003271,-0.021225,-0.001462
1771002533.415936,33.513445,-1.856788,-0.589307,1.136013,-0.004271,-0.020796,-0.000548
1771002533.420927,33.518436,-1.907013,-1.384501,0.908720,0.010041,-0.014409,-0.002306
1771002533.425885,33.523394,-1.814002,-0.588684,1.147340,-0.004510,-0.020852,-0.000636
1771002533.430880,33.528389,-1.932149,-1.300460,0.934052,0.009271,-0.014029,-0.002521
1771002533.435900,33.533409,-1.894625,-1.404461,0.909549,0.009997,-0.014143,-0.002239
1771002533.440849,33.538357,-1.856279,-0.660293,1.151259,-0.003588,-0.020954,-0.000741
1771002533.445826,33.543335,-1.854593,-0.663702,1.150470,-0.003572,-0.020753,-0.001341
1771002533.450805,33.548313,-1.934905,-1.325549,0.936770,0.009343,-0.014645,-0.002934
1771002533.455979,33.553488,-1.953100,-1.363893,0.939665,0.009798,-0.014480,-0.002434
1771002533.460776,33.558285,-1.924245,-1.376808,0.955396,0.009971,-0.014538,-0.001932
1771002533.465752,33.563261,-1.836396,-0.608630,1.166478,-0.003915,-0.020469,-0.001121
1771002533.470740,33.568248,-1.891305,-1.146002,0.980411,0.007909,-0.013565,-0.001609
1771002533.475768,33.573277,0.077509,0.872853,0.163577,-0.014028,-0.011328,-0.001059
1771002533.480696,33.578204,-0.036000,-0.103233,-0.454188,-0.000959,-0.008000,-0.000960
1771002533.485682,33.583191,0.954802,3.001469,-1.844114,-0.026190,0.015280,0.007564
1771002533.490714,33.588223,0.437195,-1.822150,-0.249972,0.018595,-0.008498,0.000500
1771002533.495648,33.593157,-1.792977,-0.487557,1.172448,-0.004617,-0.020848,-0.001043
1771002533.500664,33.598173,-1.806781,-0.594766,1.163667,-0.003775,-0.021299,-0.000977
1771002533.505616,33.603124,-1.877826,-1.290305,0.952137,0.009866,-0.013367,-0.001775
1771002533.510603,33.608112,-1.776366,-0.415762,1.216622,-0.005381,-0.020831,-0.000079
1771002533.515577,33.613085,-1.860595,-1.327326,0.937557,0.010142,-0.013997,-0.000823
1771002533.520545,33.618054,-1.875111,-1.235046,0.949728,0.009326,-0.014209,-0.001040
1771002533.525557,33.623065,-1.845697,-0.541488,1.180578,-0.004186,-0.021228,-0.000679
1771002533.530571,33.628080,-1.890578,-1.451730,0.886304,0.011022,-0.014351,-0.001614
1771002533.535510,33.633019,-1.805340,-0.626772,1.137028,-0.003642,-0.020927,0.000729
1771002533.540524,33.638033,-1.814241,-0.485534,1.200182,-0.004964,-0.020859,-0.000325
1771002533.545475,33.642984,-1.835464,-0.686192,1.122663,-0.003154,-0.021075,-0.000894
1771002533.550486,33.647994,-1.885965,-0.815823,1.115573,-0.001525,-0.020912,-0.000034
1771002533.555441,33.652950,-1.667418,-0.443409,1.235355,-0.004901,-0.020079,0.000626
1771002533.560465,33.657974,-1.761824,-0.464608,1.227741,-0.004917,-0.020437,-0.000567
1771002533.565405,33.662914,-1.785781,-0.468353,1.244518,-0.005303,-0.020897,-0.001301
1771002533.570394,33.667902,-1.890909,-1.336164,0.938011,0.009748,-0.014295,-0.002057
1771002533.575374,33.672883,-1.852559,-0.415300,1.213825,-0.005328,-0.020795,-0.001252
1771002533.580421,33.677930,-1.928985,-1.371319,0.894951,0.009962,-0.014447,-0.002079
1771002533.585325,33.682834,-1.932170,-1.306761,0.924253,0.009133,-0.014506,-0.002701
1771002533.590317,33.687826,-1.925039,-1.359026,0.892848,0.009866,-0.014606,-0.002200
1771002533.595315,33.692823,-1.910732,-1.305817,0.922369,0.009384,-0.014285,-0.001748
1771002533.600290,33.697798,-1.941478,-1.399298,0.872597,0.010119,-0.014316,-0.002173
1771002533.605260,33.702769,-1.931992,-1.472655,0.838661,0.010746,-0.014432,-0.002119
1771002533.610234,33.707743,-1.977241,-1.458259,0.844549,0.011021,-0.015131,-0.001414
1771002533.615225,33.712734,-1.923383,-1.270755,0.828002,0.009023,-0.013910,-0.002538
1771002533.620219,33.717727,-0.721174,-1.129254,1.058611,0.010041,-0.010115,0.013620
1771002533.625206,33.722715,-0.729335,-1.095669,1.061712,0.009370,-0.009928,0.013578
1771002533.630187,33.727696,-1.911242,-1.377149,0.816879,0.010536,-0.014196,-0.002772
1771002533.635160,33.732668,-1.459340,-0.506184,1.179054,0.009022,0.003686,0.010311
1771002533.640140,33.737649,-1.869244,-1.347764,0.810441,0.010142,-0.013840,-0.001796
1771002533.645125,33.742634,-1.453038,-0.582354,1.158732,0.009566,0.002957,0.010464
1771002533.650117,33.747626,-1.916560,-1.350417,0.831059,0.010335,-0.013569,-0.001953
1771002533.655081,33.752589,-1.474517,-0.604286,1.130926,0.010139,0.003458,0.010010
1771002533.660068,33.757576,-1.912598,-1.518502,0.766484,0.011821,-0.014591,-0.002615
1771002533.665048,33.762557,-1.438034,-0.550105,1.118499,0.009649,0.004353,0.010652
1771002533.670054,33.767563,-1.905271,-1.469387,0.804391,0.011226,-0.014323,-0.002275
1771002533.675024,33.772533,-1.922967,-1.476180,0.785657,0.011090,-0.014872,-0.002235
1771002533.679999,33.777508,-1.896681,-1.233380,0.887872,0.008706,-0.014658,-0.001918
1771002533.684977,33.782485,-1.881610,-1.386594,0.840193,0.010211,-0.014673,-0.001379
1771002533.689969,33.787478,-1.451421,-0.613252,1.142936,0.009743,0.003169,0.010351
1771002533.694951,33.792460,-1.852992,-0.579678,1.071151,-0.003901,-0.021238,-0.001369
1771002533.699931,33.797440,-1.942468,-1.426760,0.823874,0.010642,-0.014212,-0.002979
1771002533.704918,33.802427,-1.906457,-1.291317,0.826729,0.009347,-0.014121,-0.002327
1771002533.709893,33.807402,-1.480103,-0.531567,1.199109,0.009031,0.003595,0.010279
1771002533.714885,33.812393,-1.342122,0.210689,1.552458,-0.006133,-0.003174,0.011732
1771002533.719862,33.817370,-1.926809,-1.413020,0.838033,0.010592,-0.014274,-0.002997
1771002533.724845,33.822354,-1.899160,-1.293746,0.867486,0.009391,-0.014032,-0.002259
1771002533.729826,33.827335,-1.875094,-1.352594,0.837268,0.009990,-0.014156,-0.001992
1771002533.734809,33.832318,-1.900625,-1.391565,0.835180,0.010269,-0.014185,-0.001936
1771002533.739787,33.837296,-1.913949,-1.326953,0.847742,0.009633,-0.014698,-0.002559
1771002533.744766,33.842274,-1.907493,-1.300852,0.882772,0.009731,-0.013926,-0.002487
1771002533.749740,33.847249,-1.922607,-1.492328,0.819060,0.011315,-0.014481,-0.001779
1771002533.754730,33.852238,-1.914806,-1.307565,0.885226,0.009581,-0.014097,-0.001990
1771002533.759724,33.857232,-1.865895,-0.549310,1.055672,-0.003943,-0.020850,-0.000968
1771002533.764776,33.862284,-1.885871,-1.343792,0.816339,0.010062,-0.014453,-0.002145
1771002533.769684,33.867192,-1.916777,-1.440035,0.815329,0.010831,-0.014496,-0.001933
1771002533.774688,33.872197,-1.973496,-1.470814,0.827791,0.010846,-0.014876,-0.002950
1771002533.779634,33.877143,-1.496080,0.269718,1.432368,0.002547,0.000869,0.006648
1771002533.784634,33.882143,-2.028764,1.827067,1.725718,-0.010447,-0.013838,-0.007981
1771002533.789614,33.887123,-1.963097,1.140295,1.042710,-0.014701,-0.011429,-0.007468
1771002533.794601,33.892110,-0.058533,0.249258,-0.422780,-0.004309,-0.009762,-0.003119
1771002533.799576,33.897084,-0.030805,-0.183717,-0.570383,-0.000166,-0.009322,-0.000391
1771002533.804830,33.902339,-0.014141,-0.136130,-0.549553,-0.000692,-0.008948,-0.000435
1771002533.809543,33.907052,0.069290,-0.149478,-0.631284,0.000890,-0.008817,-0.000482
1771002533.814529,33.912038,-1.857660,-1.218420,0.877720,0.008660,-0.013795,-0.002344
1771002533.819550,33.917059,-1.920058,-1.328798,0.859496,0.009852,-0.014091,-0.002383
1771002533.824504,33.922013,-0.023323,-0.081817,-0.397080,-0.002103,-0.008182,-0.000322
1771002533.829468,33.926976,-0.017556,-0.188121,-0.569373,0.000251,-0.009232,-0.000233
1771002533.834449,33.931957,-0.002892,-0.113329,-0.583351,-0.000703,-0.009115,-0.000686
1771002533.839433,33.936942,-0.064059,-0.155806,-0.561474,-0.000598,-0.008775,-0.000872
1771002533.844411,33.941920,0.025835,-2.060917,0.034346,0.024241,-0.014625,-0.005574
1771002533.849392,33.946901,-1.826479,-0.610675,1.072457,-0.003537,-0.020746,-0.000812
1771002533.854380,33.951889,-1.901987,-1.301237,0.862285,0.009477,-0.014376,-0.002091
1771002533.859364,33.956873,-1.880145,-1.183258,0.915056,0.008509,-0.013669,-0.001998
1771002533.864368,33.961877,-1.881610,-1.368343,0.821928,0.010290,-0.014348,-0.002321
1771002533.869320,33.966828,-1.900834,-1.348848,0.875984,0.009947,-0.014397,-0.001599
1771002533.874305,33.971813,-1.895869,-1.423393,0.854278,0.010785,-0.014273,-0.002210
1771002533.879284,33.976792,-1.930360,-1.499187,0.825941,0.011302,-0.015351,-0.002358
1771002533.884276,33.981785,-1.923409,-1.425053,0.831785,0.010616,-0.014448,-0.002241
1771002533.889329,33.986838,-1.931304,-1.425250,0.865272,0.010239,-0.014687,-0.002157
1771002533.894243,33.991752,-1.890751,-1.464068,0.826838,0.011187,-0.014396,-0.001268
1771002533.899212,33.996721,-1.919407,-1.374895,0.846799,0.010196,-0.014567,-0.002170
1771002533.904230,34.001738,-1.903093,-1.269252,0.874194,0.009260,-0.014060,-0.001585
1771002533.909190,34.006699,-1.819248,-0.498519,1.120408,-0.004801,-0.020806,-0.001100
1771002533.914172,34.011680,-1.881070,-1.258113,0.901796,0.009104,-0.013672,-0.002150
1771002533.919152,34.016660,-1.916475,-1.452152,0.829586,0.010773,-0.014674,-0.002553
1771002533.924134,34.021643,-1.897310,-1.327702,0.852089,0.009711,-0.014177,-0.001747
1771002533.929113,34.026622,-1.887626,-1.391788,0.851505,0.010310,-0.014627,-0.002458
1771002533.934127,34.031636,-1.902479,-1.410529,0.868901,0.010242,-0.014705,-0.002017
1771002533.939092,34.036601,-1.880514,-1.319325,0.881444,0.009917,-0.013741,-0.001823
1771002533.944066,34.041574,-1.878616,-1.273067,0.887858,0.009415,-0.013777,-0.002164
1771002533.949059,34.046568,-1.907081,-1.352561,0.866719,0.009898,-0.014262,-0.002415
1771002533.954044,34.051553,-1.913406,-1.231408,0.901402,0.008872,-0.014067,-0.002445
1771002533.959028,34.056536,-1.906369,-1.374159,0.854916,0.010240,-0.014653,-0.002145
1771002533.964002,34.061511,-1.863248,-0.553171,1.098174,-0.004529,-0.021367,-0.001275
1771002533.968983,34.066492,-1.788895,-0.573695,1.101068,-0.003838,-0.020691,-0.001000
1771002533.973964,34.071473,-1.877332,-1.383976,0.877331,0.010275,-0.014428,-0.001718
1771002533.978942,34.076450,-1.841922,-0.460714,1.142986,-0.005261,-0.021181,-0.001198
1771002533.983924,34.081433,-1.929660,-1.469832,0.834639,0.010904,-0.014707,-0.002086
1771002533.988933,34.086442,-1.928885,-1.527890,0.824961,0.011727,-0.014684,-0.002468
1771002533.994573,34.092082,-1.917712,-1.396389,0.868052,0.010153,-0.014687,-0.002267
1771002533.998862,34.096370,-1.476153,-0.534713,1.175503,0.009044,0.003836,0.010266
1771002534.003863,34.101372,-1.512951,-0.613568,1.164870,0.009903,0.003214,0.009821
1771002534.008838,34.106347,-1.903556,-1.282978,0.889946,0.009435,-0.014135,-0.001954
1771002534.013832,34.111341,-1.808192,-0.538502,1.113595,-0.004190,-0.020587,-0.000872
1771002534.018804,34.116312,-1.460192,-0.511976,1.233908,0.008395,0.003187,0.010438
1771002534.023801,34.121310,-1.810990,-0.518914,1.086380,-0.004384,-0.020285,-0.000389
1771002534.028778,34.126287,-1.899875,-1.369748,0.859416,0.009914,-0.014537,-0.001755
1771002534.033755,34.131263,-1.421050,-0.456953,1.224193,0.008803,0.004403,0.010473
1771002534.038741,34.136249,-1.893615,-1.307537,0.865977,0.009770,-0.013868,-0.001576
1771002534.043718,34.141227,-1.900357,-1.450423,0.853950,0.011037,-0.014732,-0.001957
1771002534.048718,34.146227,-1.859006,-0.630656,1.068253,-0.003898,-0.021428,-0.000869
1771002534.053696,34.151205,-1.893859,-1.345164,0.898356,0.009915,-0.014063,-0.001863
1771002534.058681,34.156190,-1.904555,-1.435823,0.850870,0.010678,-0.014730,-0.002607
1771002534.063682,34.161191,-1.964077,-1.337174,0.877220,0.009821,-0.014070,-0.002529
1771002534.068790,34.166298,-1.808246,-0.449588,1.180895,-0.005111,-0.020735,-0.000701
1771002534.073621,34.171130,-1.928363,-1.319715,0.863380,0.009558,-0.014421,-0.002431
1771002534.078594,34.176103,-1.966579,-1.296179,0.880774,0.009275,-0.014411,-0.002774
1771002534.083589,34.181098,-1.958238,-1.438155,0.832323,0.010647,-0.014798,-0.002410
1771002534.088867,34.186376,-2.079203,1.107896,0.723437,-0.011177,-0.010925,-0.009198
1771002534.093549,34.191057,-1.597058,0.559452,-0.683957,-0.015862,-0.014440,-0.004968
1771002534.098538,34.196047,0.043454,3.132836,-1.790992,-0.026771,0.004309,0.010443
1771002534.103520,34.201029,-0.031408,-0.096852,-0.516253,-0.000671,-0.008579,-0.000654
1771002534.108557,34.206065,-0.033848,-0.128907,-0.551404,-0.000459,-0.009140,-0.000472
1771002534.113478,34.210987,-0.007731,-0.108880,-0.558240,-0.000468,-0.009094,-0.000293
1771002534.118486,34.215994,-0.000163,-0.127832,-0.568009,-0.000218,-0.009011,-0.000707
1771002534.123449,34.220958,-0.012362,-0.079580,-0.557611,-0.000648,-0.008894,-0.000723
1771002534.128431,34.225940,-0.006147,-0.124161,-0.653913,0.000293,-0.008748,-0.000584
1771002534.133432,34.230941,-1.618943,0.592048,1.445675,0.001330,-0.000416,0.006449
1771002534.138391,34.235900,-1.481385,-0.518357,1.193719,0.008957,0.003704,0.009988
1771002534.143364,34.240873,-1.521186,-0.514371,1.171524,0.009243,0.003905,0.009534
1771002534.148344,34.245853,-1.500515,-0.563749,1.153033,0.009481,0.003534,0.009692
1771002534.153346,34.250855,-1.908671,-1.407534,0.821519,0.010626,-0.014228,-0.002221
1771002534.158336,34.255845,-1.898337,-1.327508,0.844807,0.009574,-0.014512,-0.001943
1771002534.163309,34.260818,-1.904385,-1.263763,0.857183,0.009555,-0.013893,-0.001976
1771002534.168322,34.265831,-1.485912,-0.541642,1.174267,0.009199,0.003380,0.009594
1771002534.173269,34.270777,-1.883331,-1.342737,0.862989,0.010042,-0.014167,-0.002197
1771002534.178242,34.275750,-1.509577,-0.518343,1.174115,0.009174,0.003671,0.010123
1771002534.183223,34.280732,-1.933289,-1.386160,0.820450,0.010640,-0.013685,-0.002523
1771002534.188209,34.285717,-1.894358,-1.231496,0.885037,0.009031,-0.013875,-0.001970
1771002534.193201,34.290710,-1.836863,-0.424382,1.138936,-0.005285,-0.020734,-0.000382
1771002534.198174,34.295682,-1.935107,-1.362700,0.860642,0.010008,-0.014471,-0.002286
1771002534.203185,34.300694,-1.924325,-1.362395,0.861005,0.010144,-0.014233,-0.001706
1771002534.208164,34.305672,-1.895271,-1.264556,0.864597,0.009324,-0.013959,-0.002274
1771002534.213141,34.310650,-1.440127,-0.547824,1.188989,0.009382,0.003854,0.010425
1771002534.218118,34.315627,-1.941481,-1.416850,0.833777,0.010739,-0.014372,-0.002452
1771002534.223085,34.320593,-1.945417,-1.385404,0.827199,0.010323,-0.014357,-0.002336
1771002534.228070,34.325578,-1.924155,-1.314234,0.850442,0.009740,-0.013870,-0.002100
1771002534.233080,34.330589,-1.474279,-0.508791,1.167466,0.009176,0.003905,0.010361
1771002534.238042,34.335550,-1.496851,-0.517790,1.193789,0.008894,0.003374,0.009793
1771002534.243018,34.340527,-1.484534,-0.546159,1.211227,0.009475,0.004065,0.009851
1771002534.248001,34.345510,-1.874849,-1.393678,0.860353,0.010251,-0.014829,-0.001431
1771002534.252990,34.350499,-1.897003,-1.194289,0.889877,0.008739,-0.013844,-0.002194
1771002534.257962,34.355470,-1.465617,-0.461654,1.218351,0.008045,0.004051,0.010730
1771002534.262946,34.360454,-1.468613,-0.489346,1.199641,0.008533,0.003525,0.010188
1771002534.267938,34.365447,-1.907221,-1.342462,0.862016,0.009719,-0.014117,-0.002071
1771002534.272923,34.370432,-1.478691,-0.578836,1.187862,0.009709,0.003579,0.009581
1771002534.277893,34.375402,-1.898894,-1.216164,0.885926,0.009157,-0.013538,-0.002201
1771002534.282874,34.380383,-1.937229,-1.452548,0.814258,0.010899,-0.014689,-0.002679
1771002534.287853,34.385362,-1.879641,-1.339171,0.878034,0.009881,-0.014273,-0.002332
1771002534.292833,34.390342,-1.907876,-1.323612,0.889010,0.009727,-0.013975,-0.001697
1771002534.297821,34.395330,-1.928993,-1.457704,0.839194,0.010954,-0.014360,-0.002403
1771002534.302821,34.400330,-1.946156,-1.529571,0.817791,0.011593,-0.014768,-0.003038
1771002534.307796,34.405305,-1.858869,-1.251579,0.887968,0.009287,-0.013668,-0.001541
1771002534.312778,34.410286,-1.879690,-1.315681,0.865958,0.009685,-0.014320,-0.001831
1771002534.317760,34.415268,-1.443737,-0.426372,1.243083,0.008084,0.003941,0.010377
1771002534.322756,34.420265,-1.440014,-0.513641,1.220451,0.009057,0.004037,0.010355
1771002534.328306,34.425815,-1.902520,-1.282357,0.888151,0.009430,-0.013782,-0.001959
1771002534.332792,34.430301,-1.929306,-1.361778,0.863808,0.010341,-0.014435,-0.002812
1771002534.337687,34.435196,-1.466756,-0.471429,1.253707,0.008511,0.004143,0.009952
1771002534.342662,34.440170,-1.926274,-1.405224,0.835247,0.010653,-0.014468,-0.002774
1771002534.347642,34.445151,-1.888734,-1.324723,0.853285,0.009800,-0.014171,-0.002157
1771002534.352640,34.450148,-1.955739,-1.378283,0.863195,0.009975,-0.014686,-0.002677
1771002534.358006,34.455515,-1.909527,-1.273705,0.877847,0.009481,-0.013907,-0.002249
1771002534.362582,34.460090,-1.906935,-1.306106,0.877624,0.009530,-0.014002,-0.002117
1771002534.367648,34.465157,-1.888901,-1.256126,0.892704,0.009322,-0.013488,-0.001821
1771002534.372629,34.470137,-1.934845,-1.398843,0.836270,0.010152,-0.014792,-0.002888
1771002534.377540,34.475048,-1.891763,-1.337863,0.861990,0.010000,-0.014386,-0.002167
1771002534.382535,34.480043,-1.940757,-1.262887,0.914210,0.009176,-0.014273,-0.002216
1771002534.387500,34.485009,-1.897353,-1.235843,0.884812,0.009543,-0.013578,-0.002017
1771002534.392500,34.490009,-1.481798,-0.550306,1.230475,0.009367,0.003514,0.010142
1771002534.397480,34.494988,0.411222,0.066472,0.432628,-0.006762,0.009744,0.022315
1771002534.402521,34.500030,-1.458976,-0.499856,1.202623,0.008986,0.003861,0.010360
1771002534.407448,34.504957,-1.928399,-1.446837,0.821514,0.010659,-0.014287,-0.002034
1771002534.412418,34.509927,-1.942476,-1.443625,0.851553,0.010554,-0.015073,-0.002941
1771002534.417397,34.514906,-1.902640,-1.404904,0.820748,0.010159,-0.014796,-0.002453
1771002534.422380,34.519888,-1.918867,-1.373669,0.854602,0.010239,-0.014014,-0.002074
1771002534.427368,34.524877,-1.934481,-1.399132,0.822113,0.010378,-0.014204,-0.002368
1771002534.432367,34.529875,-1.897914,-1.490554,0.821472,0.011465,-0.014418,-0.002076
1771002534.437392,34.534901,-1.863923,-1.174120,0.903291,0.008665,-0.013244,-0.001910
1771002534.442324,34.539833,-1.460190,-0.544633,1.217372,0.009303,0.003823,0.010010
1771002534.447301,34.544810,-1.426647,-0.493508,1.275483,0.008572,0.003613,0.010335
1771002534.452294,34.549803,-1.933979,-1.403521,0.823477,0.010336,-0.014483,-0.002072
1771002534.457278,34.554787,-1.913247,-1.386297,0.856340,0.010338,-0.014284,-0.001717
1771002534.462260,34.559768,-1.825554,-0.493395,1.130721,-0.004523,-0.020719,-0.000790
1771002534.467221,34.564730,-1.893596,-0.629302,1.059116,-0.003451,-0.021226,-0.001151
1771002534.472198,34.569706,-1.925109,-1.386314,0.882245,0.010180,-0.014711,-0.001836
1771002534.477191,34.574699,-1.902869,-1.394113,0.857492,0.010372,-0.014119,-0.002324
1771002534.482171,34.579679,-1.487740,-0.514731,1.208948,0.008992,0.004118,0.010419
1771002534.487164,34.584673,-1.911733,-1.439013,0.845457,0.010750,-0.014386,-0.002400
1771002534.492136,34.589645,-1.873898,-1.187268,0.881998,0.008600,-0.013909,-0.001637
1771002534.497121,34.594630,-1.887695,-1.155234,0.881279,0.008166,-0.013863,-0.001994
1771002534.502100,34.599608,-1.926612,-1.289408,0.889673,0.009653,-0.014136,-0.001814
1771002534.507082,34.604591,-1.415742,-0.482031,1.234983,0.008750,0.003882,0.010834
1771002534.512070,34.609579,-1.943197,-1.343087,0.865752,0.009655,-0.014647,-0.002535
1771002534.517050,34.614558,-1.864752,-1.238347,0.875472,0.009250,-0.013896,-0.001971
1771002534.522042,34.619551,-1.901381,-1.282538,0.862021,0.009757,-0.013969,-0.002281
1771002534.527015,34.624524,-1.917144,-1.288698,0.876684,0.009132,-0.014563,-0.002416
1771002534.532005,34.629513,-1.940016,-1.429030,0.871648,0.010501,-0.014252,-0.001959
1771002534.536977,34.634486,-1.908192,-1.272338,0.926075,0.009243,-0.013911,-0.001860
1771002534.541959,34.639468,-1.895658,-1.359047,0.862278,0.010647,-0.014018,-0.002310
1771002534.546943,34.644452,-1.445834,-0.497192,1.201401,0.009047,0.004234,0.010396
1771002534.551928,34.649436,-1.926125,-1.279355,0.868776,0.009116,-0.014616,-0.001968
1771002534.556921,34.654429,-1.902974,-1.355999,0.861744,0.010206,-0.014097,-0.002206
1771002534.561891,34.659399,-1.912071,-1.392271,0.836016,0.010356,-0.014668,-0.002038
1771002534.566873,34.664382,-1.913249,-1.297781,0.878744,0.009459,-0.014464,-0.002816
1771002534.571897,34.669405,-1.944403,-1.173295,0.883249,0.008499,-0.013897,-0.002391
1771002534.576843,34.674352,-1.906459,-1.413249,0.855826,0.010412,-0.014364,-0.001563
1771002534.581817,34.679325,-1.948548,-1.375243,0.863533,0.010011,-0.014379,-0.002086
1771002534.586865,34.684373,-1.931272,-1.329484,0.867342,0.009964,-0.014070,-0.002680
1771002534.591779,34.689288,0.365789,0.136225,0.347900,-0.002342,-0.001821,0.002470
1771002534.596860,34.694368,-0.002136,-0.033879,-0.495991,-0.001328,-0.008623,-0.000904
1771002534.601782,34.699291,-0.337467,-0.060370,0.539909,0.002620,-0.005182,0.012061
1771002534.606738,34.704247,-1.884407,-1.326555,0.867712,0.009913,-0.014139,-0.002162
1771002534.611719,34.709228,-1.831106,-0.584572,1.069281,-0.003886,-0.020959,-0.000857
1771002534.616716,34.714225,-1.922119,-1.390394,0.825378,0.010100,-0.014474,-0.002601
1771002534.621674,34.719183,-1.885384,-1.295543,0.846442,0.009788,-0.013897,-0.002666
1771002534.626670,34.724179,-1.931031,-1.365279,0.846629,0.009791,-0.014491,-0.002294
1771002534.631643,34.729151,-1.957163,-1.389884,0.853275,0.009970,-0.014822,-0.002363
1771002534.636682,34.734191,-1.412871,-0.477577,1.243695,0.008777,0.004376,0.010628
1771002534.641619,34.739127,-1.902353,-1.346380,0.858589,0.009647,-0.014518,-0.002569
1771002534.646589,34.744098,-1.895736,-1.265546,0.892479,0.009323,-0.013883,-0.001879
1771002534.651639,34.749148,-1.478515,-0.458608,1.220919,0.008447,0.004078,0.010004
1771002534.656665,34.754174,-1.911942,-1.228873,0.882805,0.008959,-0.014337,-0.002078
1771002534.661553,34.759062,-1.920715,-1.289289,0.845959,0.009459,-0.014324,-0.002496
1771002534.666531,34.764040,-1.443919,-0.566068,1.191957,0.009555,0.003449,0.011162
1771002534.671513,34.769022,-1.891390,-1.438778,0.848648,0.010926,-0.014336,-0.002164
1771002534.676481,34.773989,-1.891699,-1.414083,0.835196,0.010507,-0.014613,-0.001412
1771002534.681465,34.778974,-1.888938,-1.395753,0.835077,0.010279,-0.014408,-0.001668
1771002534.686442,34.783950,-1.863621,-1.278348,0.900888,0.009346,-0.014184,-0.001226
1771002534.691438,34.788946,-1.913545,-1.350139,0.868807,0.009659,-0.014615,-0.002430
1771002534.696417,34.793926,-1.909543,-1.316915,0.871426,0.009573,-0.014249,-0.001974
1771002534.701600,34.799109,-1.821495,-1.565009,0.731873,0.013128,-0.014446,-0.001401
1771002534.706379,34.803887,-1.726127,-1.368805,0.668014,0.009175,-0.013492,-0.004971
1771002534.711364,34.808872,-1.912716,-1.322783,0.844110,0.009566,-0.014696,-0.002500
1771002534.716347,34.813855,-1.947988,-1.387247,0.873264,0.010277,-0.014650,-0.002105
1771002534.721353,34.818862,-1.906519,-1.326609,0.854331,0.009577,-0.014494,-0.002826
1771002534.726375,34.823884,-1.913254,-1.319649,0.849534,0.009577,-0.014366,-0.002114
1771002534.731286,34.828795,-1.464266,-0.469027,1.247965,0.008564,0.003655,0.010355
1771002534.736286,34.833795,-1.891673,-1.267513,0.868777,0.009436,-0.014245,-0.002238
1771002534.741253,34.838762,-1.896423,-1.210223,0.867814,0.008894,-0.013450,-0.002324
1771002534.746233,34.843741,-1.905331,-1.336083,0.843751,0.009727,-0.014419,-0.002275
1771002534.751230,34.848739,-1.937338,-1.281967,0.869199,0.009383,-0.013930,-0.002333
1771002534.756198,34.853707,-1.443690,-0.426168,1.213951,0.008073,0.004290,0.010548
1771002534.761189,34.858697,-1.917967,-1.406608,0.831416,0.010149,-0.014806,-0.002717
1771002534.766162,34.863670,-1.883721,-1.243676,0.872941,0.009016,-0.014102,-0.001894
1771002534.771161,34.868670,-1.934945,-1.363307,0.858917,0.010076,-0.014147,-0.002384
1771002534.776128,34.873637,-1.932085,-1.310787,0.884894,0.009801,-0.014114,-0.001622
1771002534.781104,34.878613,-1.960174,-1.324270,0.878799,0.009627,-0.014578,-0.002163
1771002534.786165,34.883674,-1.431846,-0.403694,1.267594,0.008073,0.004174,0.010353
1771002534.791084,34.888592,-1.890059,-1.244274,0.888802,0.009551,-0.013743,-0.001912
1771002534.796068,34.893577,-1.936854,-1.397389,0.826635,0.010344,-0.014669,-0.002403
1771002534.801055,34.898563,-1.923551,-1.329084,0.877509,0.009879,-0.013904,-0.002335
1771002534.806029,34.903537,-1.871359,-1.156491,0.917208,0.008197,-0.014032,-0.001527
1771002534.811006,34.908515,-1.905622,-1.303726,0.879635,0.009578,-0.014029,-0.001721
1771002534.815992,34.913501,-1.843201,-0.636586,1.097773,-0.003513,-0.021242,-0.001190
1771002534.821068,34.918576,-1.911659,-1.259487,0.887022,0.009128,-0.013893,-0.001711
1771002534.825954,34.923462,0.009616,-0.154089,-0.595436,-0.000177,-0.008508,-0.000483
1771002534.830928,34.928437,-0.034930,-0.076719,-0.551605,-0.000793,-0.008901,-0.000743
1771002534.835931,34.933440,0.068615,3.071215,-1.828839,-0.025840,0.003971,0.011035
1771002534.840899,34.938408,-0.045571,-0.012173,-0.483805,-0.001760,-0.008919,-0.001618
1771002534.845876,34.943385,-2.106793,3.351020,1.344891,-0.014794,-0.007639,-0.004363
1771002534.850874,34.948382,-1.801255,-0.397022,1.146187,-0.005180,-0.020424,-0.000666
1771002534.855845,34.953354,-1.463511,-0.470187,1.215775,0.008576,0.004629,0.009802
1771002534.860829,34.958338,-1.889251,-1.325845,0.875549,0.009731,-0.014175,-0.001913
1771002534.865821,34.963330,-1.453453,-0.465184,1.230795,0.008592,0.004324,0.010591
1771002534.870816,34.968325,-1.837577,-0.542789,1.089729,-0.004063,-0.021159,-0.001251
1771002534.875772,34.973281,-1.896177,-1.331188,0.885469,0.009761,-0.014527,-0.001976
1771002534.880796,34.978305,-1.946970,-1.420051,0.833445,0.010663,-0.014548,-0.002774
1771002534.885749,34.983257,-1.919762,-1.276336,0.881140,0.009257,-0.013853,-0.002643
1771002534.890711,34.988219,-1.928354,-1.425123,0.870081,0.010525,-0.014661,-0.002183
1771002534.895701,34.993209,-1.946639,-1.250824,0.898744,0.008806,-0.014381,-0.002478
1771002534.900849,34.998358,-1.890496,-1.328622,0.865280,0.009565,-0.014518,-0.002191
1771002534.905675,35.003184,-1.886414,-1.426591,0.851566,0.010867,-0.013819,-0.001924
1771002534.910645,35.008154,-1.914251,-1.338504,0.853083,0.009924,-0.014194,-0.002265
1771002534.915625,35.013133,-1.908339,-1.317551,0.877023,0.009677,-0.013990,-0.002247
1771002534.920693,35.018202,-1.427376,-0.416408,1.233957,0.008153,0.004541,0.010640
1771002534.925601,35.023110,-1.900946,-1.278954,0.874289,0.009370,-0.014251,-0.002259
1771002534.930569,35.028078,-1.483705,-0.457548,1.205626,0.008678,0.004739,0.009987
1771002534.935591,35.033100,-1.460247,-0.468574,1.251076,0.008265,0.004003,0.010397
1771002534.940547,35.038056,-1.447843,-0.466737,1.233341,0.008516,0.004586,0.010885
1771002534.945520,35.043029,-1.936868,-1.384362,0.849985,0.010226,-0.014539,-0.002097
1771002534.950551,35.048060,-1.805298,-0.431521,1.168167,-0.005463,-0.020864,-0.000747
1771002534.955504,35.053012,-1.895415,-1.375682,0.839379,0.010196,-0.013979,-0.002054
1771002534.960480,35.057988,-1.915873,-1.236965,0.900600,0.009143,-0.013924,-0.002219
1771002534.965441,35.062949,-1.509627,-0.531115,1.191442,0.008902,0.003641,0.010048
1771002534.970492,35.068001,-1.441006,-0.512058,1.227151,0.008823,0.003512,0.010629
1771002534.975419,35.072928,-1.918912,-1.276297,0.889167,0.009629,-0.013599,-0.002041
1771002534.980414,35.077923,-1.944159,-1.463033,0.852593,0.011048,-0.014472,-0.002127
1771002534.985381,35.082890,-1.913406,-1.248709,0.881900,0.009127,-0.013654,-0.002865
1771002534.990369,35.087878,-1.471231,-0.551937,1.182250,0.009583,0.004196,0.009957
1771002534.995350,35.092859,-1.874423,-1.260469,0.876483,0.009107,-0.014011,-0.002330
1771002535.000317,35.097826,-1.971462,-1.457694,0.809334,0.010719,-0.014928,-0.003126
1771002535.005307,35.102816,-1.935494,-1.286093,0.886805,0.009359,-0.014629,-0.002408
1771002535.010306,35.107814,0.260409,0.436035,1.049059,-0.000883,-0.003888,-0.001476
1771002535.015283,35.112792,0.001299,-0.117381,-0.568812,-0.000281,-0.008643,-0.000646
1771002535.020258,35.117766,-0.031086,-0.082309,-0.560792,-0.000621,-0.009251,-0.000805
1771002535.025234,35.122743,-0.028347,-0.170235,-0.576737,-0.000238,-0.009029,-0.000952
1771002535.030214,35.127723,-0.006391,-0.048639,-0.499422,-0.000979,-0.008361,-0.000391
1771002535.035497,35.133006,-0.044694,-0.217734,-0.609356,0.000357,-0.008794,-0.000477
1771002535.040174,35.137683,-0.010806,-0.144095,-0.547122,-0.000436,-0.009042,-0.000349
1771002535.045177,35.142685,0.036800,0.014673,-0.435325,-0.001491,-0.008504,-0.000525
1771002535.050177,35.147686,-0.031063,-0.238362,-0.609479,0.000568,-0.009344,-0.000594
1771002535.055132,35.152640,0.145877,-0.908966,0.889557,0.009444,-0.005432,-0.000386
1771002535.060126,35.157635,-1.445391,-0.535094,1.216131,0.009304,0.004013,0.010487
1771002535.065109,35.162617,-1.901831,-1.457840,0.839220,0.010798,-0.014196,-0.002329
1771002535.070078,35.167587,-1.466666,-0.485712,1.218046,0.008874,0.004043,0.010855
1771002535.075077,35.172585,-1.915926,-1.211575,0.891471,0.008677,-0.013861,-0.002109
1771002535.080057,35.177565,-1.461283,-0.436273,1.233597,0.008431,0.004029,0.010101
1771002535.085035,35.182543,-1.907912,-1.415593,0.852536,0.010664,-0.014186,-0.002367
1771002535.090015,35.187524,-1.423884,-0.493133,1.227201,0.008823,0.004174,0.010314
1771002535.094987,35.192496,-1.887502,-1.351283,0.887885,0.010254,-0.014027,-0.001958
1771002535.099974,35.197482,-1.854641,-0.632012,1.086514,-0.003943,-0.021282,-0.000664
1771002535.104942,35.202451,-1.902494,-1.272902,0.893993,0.009385,-0.013706,-0.002200
1771002535.109940,35.207449,-1.893448,-1.352995,0.848893,0.010039,-0.014171,-0.002467
1771002535.114917,35.212426,-1.906122,-1.348336,0.865314,0.009880,-0.014403,-0.001590
1771002535.119911,35.217419,-1.913768,-1.334837,0.876365,0.009968,-0.013865,-0.003234
1771002535.124917,35.222426,-1.930375,-1.280330,0.884079,0.009230,-0.014324,-0.002302
1771002535.129862,35.227371,-1.910794,-1.367817,0.861679,0.010291,-0.014286,-0.002465
1771002535.134849,35.232357,-1.898097,-1.233772,0.905879,0.009233,-0.013698,-0.002333
1771002535.139847,35.237356,-1.910507,-1.430316,0.861407,0.010673,-0.014731,-0.002281
1771002535.144798,35.242307,-1.889547,-1.397545,0.848464,0.010300,-0.014370,-0.001952
1771002535.149802,35.247311,-1.789255,-0.474502,1.139289,-0.004487,-0.020343,-0.000003
1771002535.154777,35.252285,-1.893497,-1.282170,0.894361,0.009182,-0.014424,-0.001987
1771002535.159755,35.257263,-1.900399,-1.323016,0.855970,0.009854,-0.013813,-0.002584
1771002535.164776,35.262285,-1.913820,-1.263994,0.910764,0.009165,-0.014311,-0.002377
1771002535.169716,35.267225,-1.468360,-0.549884,1.212872,0.009277,0.003670,0.010223
1771002535.174707,35.272216,-1.966991,-1.510934,0.843982,0.011330,-0.014680,-0.002824
1771002535.179689,35.277198,-1.923481,-1.308297,0.916099,0.009354,-0.014407,-0.001814
1771002535.184673,35.282181,-1.907730,-1.283112,0.896006,0.009372,-0.014059,-0.002303
1771002535.189665,35.287174,-1.946218,-1.483120,0.810652,0.010871,-0.014863,-0.002714
1771002535.194635,35.292143,-1.907719,-1.217577,0.941394,0.008865,-0.014344,-0.002043
1771002535.199627,35.297135,-1.886582,-1.187281,0.897282,0.008854,-0.013419,-0.002121
1771002535.204599,35.302107,-1.873034,-0.670856,1.090714,-0.003453,-0.021071,-0.000819
1771002535.209592,35.307101,-1.918721,-1.386842,0.887277,0.010199,-0.014522,-0.001935
1771002535.214570,35.312079,-1.937128,-1.286353,0.914533,0.009391,-0.014137,-0.001804
1771002535.219548,35.317057,-1.934741,-1.429789,0.856540,0.010666,-0.014632,-0.002082
1771002535.224529,35.322037,-1.925663,-1.331577,0.897208,0.009940,-0.014537,-0.002331
1771002535.229512,35.327021,-1.460909,-0.526067,1.268473,0.008872,0.003523,0.010601
1771002535.234564,35.332072,-1.966538,-1.394818,0.877619,0.010247,-0.014490,-0.002657
1771002535.239481,35.336990,-1.931703,-1.346627,0.868221,0.009950,-0.014092,-0.002443
1771002535.244464,35.341973,-1.953603,-1.338071,0.896523,0.009432,-0.014677,-0.002514
1771002535.249446,35.346955,-1.891047,-1.209644,0.911458,0.008682,-0.013956,-0.002552
1771002535.254433,35.351941,-1.896064,-1.276166,0.897096,0.009220,-0.014152,-0.002115
1771002535.259407,35.356915,-1.474099,-0.567404,1.217852,0.009441,0.003704,0.010198
1771002535.264389,35.361897,-1.892945,-1.327755,0.874046,0.009720,-0.014056,-0.001974
1771002535.269391,35.366899,-1.923968,-1.253207,0.904186,0.009159,-0.013985,-0.002678
1771002535.274365,35.371874,-1.827878,-0.704591,1.082282,-0.002769,-0.021195,-0.001247
1771002535.279335,35.376843,-1.853409,-0.616024,1.064262,-0.003488,-0.021118,-0.001370
1771002535.284316,35.381825,-1.480679,-0.525770,1.224312,0.009135,0.003324,0.010094
1771002535.289298,35.386807,-1.905076,-1.374057,0.868100,0.010281,-0.014199,-0.001815
1771002535.294284,35.391793,-1.457814,-0.449249,1.211376,0.008237,0.003839,0.010470
1771002535.299277,35.396785,-1.947292,-1.435135,0.832028,0.010547,-0.014538,-0.002324
1771002535.304240,35.401748,-1.918825,-1.414930,0.857264,0.010247,-0.014329,-0.002295
1771002535.309236,35.406745,-1.935336,-1.421161,0.858082,0.010463,-0.014535,-0.002586
1771002535.314210,35.411719,-1.906161,-1.243439,0.917651,0.009034,-0.013643,-0.002348
1771002535.319197,35.416705,-1.954991,-0.014763,0.969343,0.004827,-0.005767,-0.004545
1771002535.324177,35.421685,-1.419948,-0.510925,1.210785,0.008971,0.003744,0.010706
1771002535.329167,35.426676,-1.429088,-0.444064,1.243380,0.008339,0.004563,0.010567
1771002535.334162,35.431670,-1.928393,-1.256698,0.891019,0.008991,-0.013940,-0.001947
1771002535.339123,35.436631,-1.933496,-1.346853,0.885679,0.009705,-0.014568,-0.001817
1771002535.344108,35.441617,-1.418289,-0.403216,1.233416,0.008089,0.004827,0.010464
1771002535.349095,35.446604,-1.469467,-0.508130,1.215029,0.008861,0.003564,0.010405
1771002535.354082,35.451591,-1.920328,-1.344088,0.872017,0.010071,-0.014203,-0.002353
1771002535.359063,35.456571,-1.930915,-1.348416,0.877464,0.009899,-0.014659,-0.002227
1771002535.364481,35.461990,-1.920020,-1.315416,0.888767,0.009506,-0.014137,-0.002318
1771002535.369133,35.466641,-1.486847,-0.457564,1.244267,0.008340,0.004098,0.010138
1771002535.374006,35.471515,-1.940387,-1.319784,0.884501,0.009633,-0.014259,-0.002391
1771002535.378988,35.476497,-1.915715,-1.220837,0.900497,0.008780,-0.014359,-0.002106
1771002535.383978,35.481487,-1.911186,-1.363789,0.872430,0.009953,-0.014590,-0.002099
1771002535.388948,35.486457,-1.914131,-1.462533,0.842740,0.010915,-0.014447,-0.002074
1771002535.393946,35.491455,-1.945539,-1.317803,0.877828,0.009578,-0.014516,-0.002759
1771002535.398914,35.496423,-1.897555,-1.236999,0.903131,0.008854,-0.014098,-0.002035
1771002535.403918,35.501426,-1.878094,-0.466716,1.114989,-0.004507,-0.020491,-0.001548
1771002535.408912,35.506421,-1.931191,-1.298118,0.890159,0.009378,-0.014233,-0.002416
1771002535.413848,35.511357,-1.917149,-1.330667,0.874635,0.009935,-0.014083,-0.002655
1771002535.418835,35.516343,-1.904639,-1.196806,0.905690,0.008579,-0.013969,-0.001850
1771002535.423817,35.521325,-1.945166,-1.446853,0.842106,0.010836,-0.014509,-0.002659
1771002535.428939,35.526448,-1.897008,-1.232991,0.908555,0.008986,-0.013893,-0.001980
1771002535.433816,35.531324,-1.919401,-1.287448,0.874022,0.009578,-0.013822,-0.002445
1771002535.438780,35.536288,-1.474771,-0.550709,1.195661,0.009375,0.003835,0.009742
1771002535.443760,35.541269,-1.422485,-0.480642,1.207329,0.008888,0.004653,0.010515
1771002535.448813,35.546322,-1.931523,-1.357995,0.853970,0.009920,-0.014557,-0.002507
1771002535.453740,35.551249,-1.922284,-1.307824,0.878417,0.009256,-0.014500,-0.001768
1771002535.459308,35.556816,-1.912747,-1.364735,0.873405,0.010017,-0.014592,-0.002131
1771002535.463680,35.561189,-1.844178,-0.587229,1.093531,-0.004112,-0.020909,-0.001066
1771002535.468742,35.566251,-1.922041,-1.304037,0.877247,0.009632,-0.014245,-0.002263
1771002535.473663,35.571171,-1.909578,-1.198408,0.888714,0.008744,-0.014036,-0.002505
1771002535.478650,35.576159,-1.949346,-1.336249,0.865547,0.009768,-0.014251,-0.002515
1771002535.483624,35.581133,-1.929218,-1.241834,0.876074,0.008925,-0.014123,-0.002390
1771002535.488604,35.586112,-1.943687,-1.234982,0.877118,0.008674,-0.014279,-0.001911
1771002535.493588,35.591096,-1.472070,-0.446883,1.246032,0.008350,0.004773,0.010064
1771002535.498556,35.596065,-1.916088,-1.375510,0.870929,0.010182,-0.014730,-0.002424
1771002535.503560,35.601069,-1.409657,-0.400406,1.269882,0.008048,0.004632,0.010626
1771002535.508522,35.606030,-1.472024,-0.563566,1.179536,0.009330,0.003053,0.009869
1771002535.513512,35.611021,-1.902532,-1.189730,0.880290,0.008740,-0.013928,-0.002208
1771002535.518512,35.616020,-1.916115,-1.331182,0.866647,0.009656,-0.013967,-0.001794
1771002535.523482,35.620991,-1.904839,-1.251125,0.883030,0.009295,-0.013600,-0.002041
1771002535.528461,35.625970,-1.946244,-1.422794,0.871752,0.010522,-0.014616,-0.002504
1771002535.533437,35.630946,-1.912934,-1.347506,0.888498,0.010026,-0.014446,-0.002381
1771002535.538421,35.635930,-1.909124,-1.146744,0.930981,0.008290,-0.013759,-0.002334
1771002535.543401,35.640910,-1.934949,-1.370751,0.830268,0.010143,-0.014268,-0.002304
1771002535.548388,35.645896,-1.889319,-1.286717,0.870627,0.009525,-0.014195,-0.002370
1771002535.553363,35.650872,-1.935996,-1.173905,0.925005,0.008349,-0.013871,-0.002405
1771002535.558345,35.655854,-1.462451,-0.527999,1.230014,0.009276,0.003975,0.010144
1771002535.563317,35.660826,-1.916360,-1.270124,0.904540,0.009528,-0.014050,-0.002249
1771002535.568323,35.665832,-1.896733,-1.363464,0.868685,0.010245,-0.014068,-0.001805
1771002535.573286,35.670794,-1.934554,-1.524677,0.845932,0.011616,-0.014617,-0.002563
1771002535.578273,35.675782,-1.919332,-1.379042,0.889465,0.010438,-0.014222,-0.002350
1771002535.583249,35.680758,-1.915228,-1.248826,0.895525,0.008925,-0.014218,-0.002272
1771002535.588234,35.685743,-1.899713,-1.304123,0.862629,0.009205,-0.014563,-0.002392
1771002535.593228,35.690736,-1.935450,-1.330919,0.847136,0.009952,-0.013982,-0.002229
1771002535.598201,35.695709,-1.882288,-1.220390,0.888402,0.008900,-0.013732,-0.002205
1771002535.603185,35.700694,-1.470525,-0.529525,1.220361,0.008877,0.003320,0.010011
1771002535.608176,35.705685,-1.935840,-1.222533,0.907195,0.008763,-0.014164,-0.002078
1771002535.613147,35.710655,-1.874309,-0.770018,1.067474,-0.002425,-0.021583,-0.001120
1771002535.618144,35.715653,-1.906795,-1.287824,0.890949,0.009619,-0.013833,-0.002384
1771002535.623356,35.720864,-1.784193,-0.739823,0.567651,-0.003961,-0.016332,-0.000779
1771002535.628100,35.725609,-1.588976,0.401807,1.492802,0.001609,0.000474,0.006674
1771002535.633178,35.730686,-1.890041,-1.279699,0.885717,0.009500,-0.013792,-0.002429
1771002535.638074,35.735583,-1.410374,-0.481750,1.256284,0.008669,0.003537,0.010687
1771002535.643054,35.740562,-1.911080,-1.355755,0.883163,0.009940,-0.014440,-0.002481
1771002535.648033,35.745542,-1.933892,-1.457103,0.842369,0.010829,-0.014558,-0.002625
1771002535.653024,35.750532,-1.481801,-0.547212,1.205618,0.009163,0.003478,0.009908
1771002535.657995,35.755504,-1.870388,-1.391922,0.867107,0.010595,-0.014116,-0.001878
1771002535.662986,35.760494,-1.912789,-1.373869,0.880474,0.009908,-0.014644,-0.002156
1771002535.667948,35.765457,-1.903764,-1.317631,0.883985,0.009781,-0.014318,-0.002171
1771002535.672951,35.770460,-1.888960,-1.221441,0.932167,0.009129,-0.013593,-0.001988
1771002535.677926,35.775434,-1.907293,-1.379404,0.847237,0.010594,-0.013957,-0.002078
1771002535.682907,35.780416,-1.938636,-1.330306,0.881530,0.009975,-0.014200,-0.002740
1771002535.687885,35.785393,-1.883098,-1.310822,0.894169,0.009692,-0.014358,-0.002201
1771002535.692866,35.790375,-1.428221,-0.447645,1.262892,0.008315,0.004621,0.010536
1771002535.697851,35.795359,-1.903030,-1.270810,0.899754,0.008965,-0.014461,-0.002088
1771002535.702828,35.800336,-1.941225,-1.390511,0.869332,0.010082,-0.014617,-0.002462
1771002535.707816,35.805324,-1.931092,-1.368133,0.833162,0.009698,-0.014321,-0.002067
1771002535.712799,35.810308,-1.899122,-1.422191,0.842229,0.010309,-0.014780,-0.002182
1771002535.717779,35.815288,-1.809804,-0.466039,1.142538,-0.004923,-0.020911,-0.001011
1771002535.722750,35.820258,-1.461990,-0.490595,1.212934,0.008887,0.004385,0.010485
1771002535.727741,35.825249,-1.936213,-1.289563,0.855340,0.009351,-0.014356,-0.002284
1771002535.732741,35.830250,-1.896999,-1.297167,0.859816,0.009349,-0.014497,-0.002164
1771002535.737711,35.835220,-1.470438,-0.536377,1.205939,0.008983,0.003378,0.010323
1771002535.742690,35.840199,-1.902366,-1.323034,0.866227,0.009650,-0.013625,-0.002053
1771002535.747689,35.845198,-1.928293,-1.344495,0.877151,0.009762,-0.014340,-0.002514
1771002535.752651,35.850160,-1.899856,-1.289776,0.895949,0.009710,-0.014050,-0.001938
1771002535.757636,35.855145,-1.840434,-1.323150,0.876272,0.009776,-0.014155,-0.000901
1771002535.762622,35.860131,-1.874805,-1.358422,0.860204,0.009728,-0.014367,-0.002182
1771002535.767598,35.865107,-1.464780,-0.544958,1.220788,0.009332,0.003773,0.010304
1771002535.772600,35.870109,-1.493385,-0.462941,1.219186,0.008288,0.004273,0.009861
1771002535.777560,35.875069,-1.917995,-1.339727,0.880129,0.009687,-0.014135,-0.001978
1771002535.782541,35.880050,-1.426523,-0.484396,1.224664,0.008779,0.003771,0.010564
1771002535.787534,35.885043,-1.488581,-0.536349,1.181442,0.008968,0.003253,0.009956
1771002535.792515,35.890023,-1.933048,-1.265168,0.893444,0.009202,-0.014145,-0.002497
1771002535.797499,35.895007,-1.508589,-0.536967,1.204401,0.009054,0.003352,0.010108
1771002535.802530,35.900038,-1.906837,-1.261194,0.888556,0.008930,-0.014420,-0.002171
1771002535.807472,35.904980,-1.487342,-0.597761,1.177572,0.009818,0.003155,0.010050
1771002535.812441,35.909950,-1.896426,-1.180866,0.907062,0.008582,-0.013718,-0.001795
1771002535.817422,35.914931,-1.464193,-0.413319,1.241135,0.008103,0.004811,0.010538
1771002535.822405,35.919913,0.111568,3.037328,-1.809242,-0.026053,0.004121,0.011170
1771002535.827403,35.924911,0.002749,-0.023720,-0.496353,-0.001316,-0.008665,-0.000884
1771002535.832370,35.929879,-0.005092,-0.018934,-0.520239,-0.001165,-0.008806,-0.000631
1771002535.837375,35.934884,-0.000295,-0.226128,-0.647171,0.000431,-0.009249,-0.000608
1771002535.842339,35.939847,-2.049894,-0.532466,0.149321,-0.010778,-0.025021,-0.002698
1771002535.847322,35.944831,-1.950039,-1.329763,0.861071,0.009688,-0.014358,-0.002419
1771002535.852300,35.949809,-1.525979,-0.561463,1.185027,0.009594,0.003568,0.009842
1771002535.857282,35.954791,-1.922685,-1.296379,0.884802,0.009579,-0.013872,-0.001813
1771002535.862272,35.959781,-1.947544,-1.267843,0.903175,0.009130,-0.014207,-0.002274
1771002535.867245,35.964753,-1.911931,-1.300341,0.893176,0.009509,-0.013891,-0.002074
1771002535.872218,35.969726,-1.970888,-1.380696,0.855111,0.010061,-0.014486,-0.002855
1771002535.877221,35.974729,-1.445534,-0.488823,1.193207,0.008843,0.004521,0.010594
1771002535.882196,35.979705,-1.908624,-1.298007,0.874513,0.009688,-0.013989,-0.002092
1771002535.887179,35.984688,-1.897293,-1.233807,0.890380,0.008678,-0.014076,-0.002233
1771002535.892157,35.989666,-1.932168,-1.320321,0.866772,0.009540,-0.014500,-0.002201
1771002535.897141,35.994649,-1.879881,-1.318724,0.869252,0.010033,-0.013616,-0.001384
1771002535.902119,35.999628,-1.889432,-1.321353,0.861678,0.009754,-0.014203,-0.001898
1771002535.907112,36.004620,-1.459694,-0.426124,1.228840,0.008122,0.004716,0.010145
1771002535.912441,36.009950,-1.923757,-1.277516,0.907126,0.009607,-0.014217,-0.002290
1771002535.917061,36.014569,-1.831103,-0.531766,1.132877,-0.004859,-0.021373,-0.000681
1771002535.922062,36.019571,-1.956318,-1.350959,0.879399,0.009598,-0.014565,-0.002856
1771002535.927034,36.024542,-1.477302,-0.479572,1.196345,0.008512,0.003798,0.010407
1771002535.932019,36.029528,-1.393220,1.387713,0.659923,-0.015757,-0.002940,0.000142
1771002535.936994,36.034503,0.037369,0.103674,-0.531978,-0.001541,-0.007977,0.000393
1771002535.941989,36.039498,0.755395,-0.000289,-0.584728,-0.003462,-0.001009,-0.002966
1771002535.946967,36.044476,-0.009437,-0.034606,-0.515019,-0.000841,-0.008348,-0.000723
1771002535.951951,36.049460,0.008498,-0.168603,-0.552368,0.000411,-0.008556,-0.000195
1771002535.956934,36.054443,-0.022715,-0.130758,-0.506242,-0.000291,-0.008767,-0.000455
1771002535.961914,36.059423,-0.041765,-0.046001,-0.543052,-0.001133,-0.008810,-0.001255
1771002535.966895,36.064404,0.014208,-0.170614,-0.588439,-0.000039,-0.008846,-0.000764
1771002535.971882,36.069391,-0.050710,0.020495,-0.468710,-0.001814,-0.008503,-0.001194
1771002535.976870,36.074378,-1.470705,0.189749,0.715333,-0.005138,0.001521,0.008151
1771002535.981851,36.079359,-1.902838,-1.338971,0.869116,0.009832,-0.014080,-0.002106
1771002535.986828,36.084337,-1.914576,-1.199078,0.919448,0.008712,-0.014074,-0.001868
1771002535.991818,36.089327,-1.940991,-1.413313,0.860934,0.010429,-0.014483,-0.001950
1771002535.996791,36.094300,-1.904076,-1.231139,0.900465,0.008807,-0.014095,-0.001849
1771002536.001770,36.099278,-1.924490,-1.321604,0.900010,0.009531,-0.014222,-0.001786
1771002536.006764,36.104273,-1.486223,-0.502528,1.243015,0.008459,0.003712,0.010433
1771002536.011737,36.109246,-1.430716,-0.473454,1.209159,0.008718,0.004602,0.010419
1771002536.016732,36.114241,-1.904579,-1.315539,0.869348,0.009678,-0.014166,-0.002014
1771002536.021703,36.119211,-1.462144,-0.529029,1.213717,0.009099,0.003965,0.009902
1771002536.026683,36.124192,-1.914398,-1.249545,0.872518,0.009072,-0.013927,-0.002130
1771002536.031670,36.129179,-1.901725,-1.359970,0.872361,0.010277,-0.013948,-0.002305
1771002536.036668,36.134176,-1.442683,-0.430686,1.250425,0.008015,0.004123,0.010366
1771002536.041634,36.139142,-1.904274,-1.338112,0.884858,0.009855,-0.014163,-0.001998
1771002536.046595,36.144104,-1.429352,-0.405258,1.254048,0.008013,0.005198,0.010473
1771002536.051596,36.149104,-1.928533,-1.320053,0.881512,0.009732,-0.014006,-0.002748
1771002536.056575,36.154083,-1.902241,-1.211200,0.909719,0.008739,-0.014048,-0.002057
1771002536.061564,36.159072,-1.880385,-1.254363,0.890073,0.009427,-0.014094,-0.002356
1771002536.067079,36.164588,-1.500978,-0.609185,1.160214,0.009639,0.002983,0.009861
1771002536.071521,36.169030,-1.908766,-1.181020,0.919580,0.008604,-0.013785,-0.001882
1771002536.076518,36.174026,-1.879962,-1.213578,0.913361,0.009137,-0.013521,-0.001978
1771002536.081490,36.178998,-1.887179,-1.204066,0.887345,0.008535,-0.013793,-0.001768
1771002536.086496,36.184004,-1.882611,-1.175081,0.917588,0.008273,-0.014042,-0.001321
1771002536.091452,36.188961,-1.889176,-1.189904,0.902056,0.008873,-0.013423,-0.001762
1771002536.096439,36.193948,-1.931676,-1.233055,0.894128,0.008962,-0.014172,-0.001925
1771002536.101407,36.198916,-1.894976,-1.359619,0.860223,0.009974,-0.014482,-0.002168
1771002536.106418,36.203926,-1.420037,-0.432759,1.202852,0.008147,0.004306,0.010930
1771002536.111389,36.208898,-1.944171,-1.392062,0.822915,0.010414,-0.014374,-0.002518
1771002536.116375,36.213884,-1.854420,-1.216689,0.868095,0.008923,-0.013627,-0.001496
1771002536.121362,36.218871,-1.858802,-1.319170,0.879217,0.009655,-0.014382,-0.001788
1771002536.126340,36.223848,-1.895290,-1.424860,0.832163,0.010690,-0.014244,-0.002290
1771002536.131315,36.228823,-1.922498,-1.394172,0.832322,0.010369,-0.013953,-0.001984
1771002536.136340,36.233849,-1.911137,-1.307412,0.877529,0.009242,-0.014454,-0.001359
1771002536.141288,36.238797,-1.938960,-1.300419,0.863065,0.009750,-0.014109,-0.002650
1771002536.146259,36.243768,-1.869344,-1.293105,0.887085,0.009665,-0.013790,-0.001755
1771002536.151244,36.248752,-1.892272,-1.243688,0.886906,0.008878,-0.014058,-0.001974
1771002536.156235,36.253743,-1.934511,-1.234216,0.879203,0.008703,-0.013904,-0.002459
1771002536.161216,36.258724,-1.946520,-1.329223,0.858746,0.009655,-0.014550,-0.002578
1771002536.166188,36.263696,-1.839671,-0.549099,1.102084,-0.004041,-0.020940,-0.001003
1771002536.171187,36.268695,-1.897469,-1.299685,0.879092,0.009259,-0.014469,-0.002114
1771002536.176159,36.273667,-1.911163,-1.240842,0.877645,0.009268,-0.013472,-0.001687
1771002536.181141,36.278649,-1.936334,-1.365128,0.814346,0.010262,-0.013988,-0.002160
1771002536.186118,36.283627,-1.509642,-0.538312,1.180034,0.008994,0.003358,0.009979
1771002536.191100,36.288608,-1.472807,-0.517550,1.226049,0.009014,0.003544,0.010453
1771002536.196080,36.293588,-1.903977,-1.314537,0.871650,0.009522,-0.013916,-0.002085
1771002536.201111,36.298619,-1.969234,-1.265980,0.890988,0.008983,-0.014398,-0.002449
1771002536.206053,36.303562,-1.902097,-1.290371,0.867878,0.009443,-0.014109,-0.002139
1771002536.211027,36.308536,-1.943709,-1.336396,0.856703,0.010029,-0.014402,-0.002317
1771002536.216011,36.313519,-1.944914,-1.338992,0.862493,0.009922,-0.014053,-0.002725
1771002536.220993,36.318501,-1.887050,-1.271657,0.902204,0.009420,-0.013869,-0.001256
1771002536.225975,36.323483,-1.891029,-1.411413,0.828300,0.010369,-0.014469,-0.001550
1771002536.230965,36.328473,-1.934952,-1.242113,0.885148,0.009010,-0.013852,-0.001962
1771002536.236002,36.333510,-1.499374,-0.517918,1.193779,0.008786,0.003554,0.009635
1771002536.241414,36.338923,-0.323060,0.666103,0.038918,-0.010392,-0.008250,-0.003943
1771002536.245914,36.343422,0.010877,0.054693,-0.450011,-0.001850,-0.008299,-0.000469
1771002536.250900,36.348409,-0.033895,-0.175251,-0.559662,-0.000155,-0.008876,-0.000420
1771002536.255874,36.353383,0.093607,-0.066305,-0.703171,-0.001513,-0.008950,-0.001622
1771002536.260857,36.358365,-0.035624,-0.146553,-0.553144,-0.000452,-0.009060,-0.000835
1771002536.265853,36.363362,-0.035381,-0.065602,-0.506557,-0.000944,-0.008787,-0.000949
1771002536.270848,36.368356,0.009366,-0.109513,-0.565376,-0.000590,-0.008560,-0.000495
1771002536.275811,36.373319,-2.065639,0.819024,0.614071,-0.008814,-0.011359,-0.008756
1771002536.280784,36.378293,-1.849455,-0.459364,1.107863,-0.004737,-0.021093,-0.001223
1771002536.285773,36.383282,-1.483936,-0.488115,1.201767,0.008787,0.003824,0.010434
1771002536.290742,36.388251,-1.880436,-1.187865,0.903951,0.008474,-0.013690,-0.001783
1771002536.295735,36.393244,-1.439855,-0.459694,1.211417,0.008425,0.004270,0.011084
1771002536.300724,36.398233,-1.483404,-0.451664,1.229856,0.008440,0.004499,0.010200
1771002536.305696,36.403204,-1.916470,-1.323191,0.838753,0.009890,-0.014140,-0.002229
1771002536.310668,36.408177,-1.930476,-1.400770,0.852844,0.010376,-0.014596,-0.002529
1771002536.315656,36.413165,-1.504154,-0.603082,1.184161,0.009519,0.002756,0.009825
1771002536.320641,36.418149,-1.916268,-1.287823,0.889696,0.009563,-0.014375,-0.002345
1771002536.325619,36.423128,-1.935101,-1.454106,0.841074,0.010871,-0.015007,-0.002540
1771002536.330586,36.428095,-1.964091,-1.460913,0.815608,0.010623,-0.014753,-0.003287
1771002536.335596,36.433105,-1.914093,-1.353656,0.872986,0.010123,-0.014144,-0.001952
1771002536.340577,36.438086,-1.474205,-0.579005,1.161862,0.009714,0.003763,0.010198
1771002536.345546,36.443055,-1.381330,-0.429765,1.224011,0.008278,0.004684,0.010804
1771002536.350527,36.448036,-1.878175,-1.359387,0.850797,0.010090,-0.014513,-0.002078
1771002536.355523,36.453031,-1.904818,-1.324576,0.850712,0.009814,-0.014145,-0.002550
1771002536.360492,36.458001,-1.890381,-1.452390,0.807418,0.010936,-0.014398,-0.002427
1771002536.365479,36.462987,-1.881316,-1.200002,0.893061,0.008652,-0.014205,-0.001933
1771002536.370452,36.467961,-1.920899,-1.290689,0.856469,0.009393,-0.014091,-0.002347
1771002536.375433,36.472942,-1.847140,-1.211942,0.883202,0.009001,-0.014160,-0.001558
1771002536.380437,36.477946,-1.908476,-1.303344,0.869908,0.009646,-0.013790,-0.001907
1771002536.385404,36.482913,-1.922690,-1.254948,0.891905,0.009031,-0.014277,-0.002164
1771002536.390397,36.487906,-1.902163,-1.332909,0.843675,0.009744,-0.014391,-0.001981
1771002536.395363,36.492872,-1.923643,-1.315476,0.834715,0.009916,-0.014111,-0.002258
1771002536.400362,36.497871,-1.465473,-0.468469,1.233492,0.008641,0.004045,0.010033
1771002536.405324,36.502832,-1.507587,-0.490236,1.190229,0.008683,0.003428,0.009855
1771002536.410331,36.507839,-1.904126,-1.261344,0.862069,0.009084,-0.014271,-0.002273
1771002536.415304,36.512812,-1.916203,-1.213180,0.875795,0.008790,-0.013752,-0.002148
1771002536.420269,36.517778,-1.437974,-0.532441,1.205752,0.009394,0.003474,0.010343
1771002536.425270,36.522779,-1.930040,-1.304430,0.877622,0.009514,-0.014307,-0.002095
1771002536.430258,36.527766,-1.486617,-0.574959,1.146103,0.009243,0.003178,0.009834
1771002536.435223,36.532731,-1.935941,-1.309960,0.869241,0.009574,-0.014022,-0.001922
1771002536.440219,36.537728,-1.901213,-1.335887,0.860273,0.010232,-0.013962,-0.002118
1771002536.445191,36.542700,-1.498212,-0.532610,1.165328,0.009168,0.003947,0.010226
1771002536.450176,36.547685,-1.491231,-0.519079,1.209083,0.009033,0.003341,0.010102
1771002536.455161,36.552670,-1.908921,-1.377526,0.848284,0.010335,-0.014262,-0.002147
1771002536.460144,36.557652,-1.444913,-0.448538,1.253175,0.008258,0.003977,0.010281
1771002536.465168,36.562676,-1.928928,-1.341358,0.883286,0.010001,-0.014153,-0.002115
1771002536.470105,36.567613,-2.140608,1.146287,0.215952,-0.014629,-0.013152,0.001502
1771002536.475676,36.573184,0.038997,0.018837,-0.507215,-0.001343,-0.008451,-0.000616
1771002536.480289,36.577797,-0.034011,-0.036142,-0.534159,-0.001343,-0.008958,-0.001048
1771002536.485157,36.582666,-0.051028,-0.089303,-0.558499,-0.001003,-0.009419,-0.001311
1771002536.490040,36.587549,-0.438038,0.628104,-0.104292,-0.010485,-0.008717,-0.004546
1771002536.495019,36.592528,-1.910553,-1.422534,0.837567,0.010486,-0.014176,-0.001888
1771002536.499987,36.597495,-1.496968,-0.541813,1.180928,0.009368,0.003812,0.010217
1771002536.505052,36.602561,-1.821745,-0.580674,1.092358,-0.003700,-0.020835,-0.001171
1771002536.509953,36.607462,-1.491596,-0.475873,1.198758,0.008736,0.003829,0.009686
1771002536.514939,36.612448,-1.922030,-1.358360,0.859392,0.009787,-0.014763,-0.002296
1771002536.519922,36.617431,-1.873258,-1.216147,0.892426,0.008787,-0.014043,-0.002344
1771002536.524898,36.622407,-1.943300,-1.347217,0.871176,0.009691,-0.014558,-0.002662
1771002536.529884,36.627393,-1.920157,-1.242347,0.908481,0.009086,-0.013894,-0.002415
1771002536.534911,36.632420,-1.912557,-1.345235,0.842083,0.010018,-0.014499,-0.002166
1771002536.539862,36.637371,-1.915172,-1.325360,0.838478,0.009941,-0.014086,-0.003085
1771002536.545309,36.642817,-1.817678,1.775762,1.642973,-0.004984,-0.002489,0.001029
1771002536.549870,36.647378,-0.022001,-0.040518,-0.519333,-0.000942,-0.008364,-0.000721
1771002536.554790,36.652299,-0.027979,-0.144676,-0.581625,-0.000460,-0.009095,-0.000783
1771002536.559773,36.657282,-0.029980,-0.170535,-0.617625,0.000095,-0.009117,-0.000438
1771002536.564834,36.662342,0.301435,-0.114398,-1.181426,-0.003449,-0.008420,-0.003344
1771002536.569743,36.667251,-0.025328,-0.078431,-0.565376,-0.000883,-0.009182,-0.001013
1771002536.574721,36.672230,-0.048484,-0.099145,-0.541162,-0.001036,-0.008677,-0.001015
1771002536.579717,36.677226,-0.005337,-0.105403,-0.587082,-0.000556,-0.008985,-0.000643
1771002536.584782,36.682290,-0.021664,0.000643,-0.525743,-0.001603,-0.009002,-0.001105
1771002536.589666,36.687175,-0.014444,-0.081092,-0.567363,-0.001003,-0.008827,-0.000463
1771002536.594650,36.692158,-0.037554,-0.132593,-0.553527,-0.000801,-0.009120,-0.000562
1771002536.600105,36.697613,0.001778,-0.069102,-0.539762,-0.000806,-0.008499,-0.000654
1771002536.605289,36.702797,0.017453,-0.197588,-0.623294,0.000203,-0.009031,-0.000434
1771002536.609772,36.707281,-0.032038,-0.026100,-0.510809,-0.001271,-0.009097,-0.001168
1771002536.615053,36.712562,-0.008250,-0.103454,-0.542645,-0.000477,-0.008555,-0.000192
1771002536.619580,36.717088,-0.023145,-0.172942,-0.598329,0.000049,-0.009240,-0.000089
1771002536.624552,36.722060,-0.054590,-0.066361,-0.548358,-0.000909,-0.009050,-0.000823
1771002536.629537,36.727045,-0.010892,0.044262,-0.472676,-0.001799,-0.008526,-0.000933
1771002536.634586,36.732094,0.068617,3.098158,-1.816259,-0.026256,0.003977,0.010980
1771002536.639515,36.737024,-0.020999,-0.129176,-0.597121,-0.000182,-0.008543,-0.000373
1771002536.644488,36.741997,-0.011937,0.005878,-0.484086,-0.001706,-0.008852,-0.001124
1771002536.649467,36.746975,-0.354147,-2.440896,-1.359301,0.018508,-0.016313,-0.005323
1771002536.654440,36.751948,-1.437870,-0.483421,1.198093,0.008817,0.004539,0.010767
1771002536.659429,36.756937,-1.422973,-0.358384,1.249779,0.007293,0.004804,0.010625
1771002536.664418,36.761926,-1.517602,-0.572499,1.156887,0.009326,0.003392,0.010424
1771002536.669372,36.766881,-1.913177,-1.329177,0.833703,0.009711,-0.014258,-0.002333
1771002536.674365,36.771874,-1.899082,-1.325593,0.880038,0.009586,-0.014176,-0.001871
1771002536.679337,36.776846,-1.896084,-1.284468,0.866325,0.009425,-0.014181,-0.002128
1771002536.684327,36.781835,-1.913269,-1.215265,0.884117,0.008758,-0.013582,-0.001714
1771002536.689309,36.786818,-1.899172,-1.295335,0.891078,0.009712,-0.013810,-0.001909
1771002536.694291,36.791800,-1.889179,-1.240311,0.896164,0.008879,-0.014139,-0.002009
1771002536.699273,36.796782,-1.444973,-0.469705,1.188183,0.008521,0.004737,0.010213
1771002536.704274,36.801783,-1.452487,-0.585865,1.182808,0.009549,0.003258,0.010192
1771002536.709247,36.806755,-1.942894,-1.418089,0.839758,0.010145,-0.014578,-0.002001
1771002536.714233,36.811742,-1.464681,-0.433988,1.247577,0.007895,0.004430,0.010684
1771002536.719199,36.816708,-1.913552,-1.351036,0.871697,0.009813,-0.014482,-0.002687
1771002536.724185,36.821694,-1.908775,-1.376632,0.847635,0.010234,-0.014492,-0.002149
1771002536.729151,36.826659,-1.477347,-0.506230,1.205090,0.008701,0.003802,0.009834
1771002536.734146,36.831655,-1.912126,-1.216715,0.892917,0.008650,-0.014008,-0.002484
1771002536.739136,36.836644,-1.454383,-0.467300,1.191343,0.008509,0.004356,0.010982
1771002536.744126,36.841635,-1.937312,-1.316253,0.860108,0.009651,-0.014410,-0.002210
1771002536.749097,36.846606,-1.914558,-1.239960,0.831809,0.009318,-0.013838,-0.002728
1771002536.754092,36.851601,-1.436265,-0.392134,1.231185,0.007736,0.004208,0.010353
1771002536.759056,36.856564,-1.890089,-1.314000,0.869918,0.009613,-0.014146,-0.002229
1771002536.764054,36.861563,-1.457104,-0.505195,1.186343,0.008932,0.003735,0.010146
1771002536.769074,36.866583,-1.482918,-0.583261,1.166782,0.009671,0.003504,0.010355
1771002536.774019,36.871528,-1.916570,-1.353903,0.826433,0.009992,-0.014395,-0.002158
1771002536.778989,36.876498,-1.490133,-0.511633,1.221878,0.008992,0.003881,0.010098
1771002536.783967,36.881476,-1.438791,-0.455354,1.212327,0.008401,0.004377,0.010591
1771002536.788963,36.886471,-1.465157,-0.539547,1.181094,0.009249,0.003360,0.010213
1771002536.793936,36.891445,-1.915661,-1.208541,0.885065,0.008897,-0.013950,-0.002400
1771002536.798975,36.896484,-1.848959,-1.292833,0.877077,0.009723,-0.013864,-0.001408
1771002536.803897,36.901406,-1.940835,-1.401901,0.843028,0.010447,-0.014504,-0.002505
1771002536.808879,36.906388,-1.930228,-1.375905,0.875487,0.010229,-0.014252,-0.002011
1771002536.813873,36.911382,-1.901715,-1.212111,0.880488,0.008706,-0.013834,-0.002020
1771002536.818861,36.916369,-0.191879,-0.579731,-0.234261,-0.002968,-0.015968,-0.001402
1771002536.823828,36.921336,-0.022534,-0.000604,-0.492054,-0.001456,-0.008810,-0.000962
1771002536.828819,36.926328,-0.022156,0.015930,-0.484148,-0.001697,-0.008876,-0.000946
1771002536.833796,36.931305,-0.033394,0.098576,-0.495998,-0.001970,-0.008846,-0.001312
1771002536.838766,36.936275,0.094998,2.463383,-1.153654,-0.023221,0.001262,0.006553
1771002536.843766,36.941275,-1.498853,-0.506321,1.169158,0.009002,0.003745,0.010108
1771002536.848735,36.946244,-1.948942,-1.306850,0.861020,0.009363,-0.014595,-0.002535
1771002536.853717,36.951226,-1.560787,-1.172158,0.480762,0.017405,-0.004387,0.001790
1771002536.858696,36.956205,-0.029955,-0.081165,-0.535637,-0.000592,-0.008130,-0.000713
1771002536.863691,36.961199,-0.047070,-0.042791,-0.515097,-0.001324,-0.008579,-0.001104
1771002536.868663,36.966172,0.437846,0.066231,-0.149962,-0.001113,-0.002186,-0.001077
1771002536.873643,36.971152,-1.926522,-1.334756,0.845379,0.009914,-0.014370,-0.002419
1771002536.878606,36.976115,-1.451146,-0.507328,1.206378,0.008874,0.003961,0.010399
1771002536.883627,36.981136,-1.936256,-1.299496,0.884763,0.009512,-0.014177,-0.001937
1771002536.888593,36.986102,-1.455095,-0.445969,1.247983,0.008288,0.004535,0.010096
1771002536.893571,36.991080,-1.476158,-0.489997,1.209350,0.008732,0.004053,0.010141
1771002536.898582,36.996090,-1.469450,-0.517574,1.185678,0.008941,0.003227,0.009860
1771002536.903540,37.001049,-1.902960,-1.236163,0.878438,0.009139,-0.013272,-0.002349
1771002536.908525,37.006033,-1.449418,-0.540142,1.209198,0.009183,0.003846,0.010066
1771002536.913512,37.011020,-1.872659,-1.203954,0.874484,0.008603,-0.013671,-0.002216
1771002536.918519,37.016028,-1.422100,-0.505210,1.195634,0.008900,0.004346,0.010616
1771002536.923466,37.020974,-1.466355,-0.544508,1.162849,0.009216,0.003816,0.010405
1771002536.928448,37.025957,-1.482846,-0.489572,1.173254,0.008697,0.003937,0.010401
1771002536.933426,37.030934,-1.504722,-0.539295,1.192149,0.009473,0.003840,0.010133
1771002536.938441,37.035950,-1.430056,-0.493706,1.173226,0.008806,0.004107,0.010458
1771002536.943408,37.040917,-1.931603,-1.280737,0.873853,0.009411,-0.014360,-0.002443
1771002536.948388,37.045897,-1.904534,-1.257012,0.865662,0.009101,-0.013953,-0.002238
1771002536.953369,37.050878,-1.883476,-1.203565,0.922544,0.008631,-0.013758,-0.001541
1771002536.958352,37.055861,-1.894450,-1.282243,0.872875,0.009172,-0.014613,-0.002530
1771002536.963351,37.060860,-1.886480,-1.258890,0.868150,0.009146,-0.014067,-0.002354
1771002536.968312,37.065821,-1.913418,-1.364545,0.833223,0.010008,-0.014465,-0.002214
1771002536.973292,37.070801,-1.451892,-0.469251,1.199234,0.008202,0.003749,0.009993
1771002536.978266,37.075775,-1.933011,-1.341750,0.849239,0.009758,-0.014802,-0.002899
1771002536.983249,37.080758,-1.459455,-0.508548,1.234415,0.008909,0.003841,0.010509
1771002536.988232,37.085741,-1.947719,-1.369690,0.886036,0.010046,-0.014680,-0.002154
1771002536.993192,37.090701,-1.898793,-1.362238,0.877233,0.010108,-0.013899,-0.002015
1771002536.998195,37.095703,-1.914133,-1.286643,0.882991,0.009282,-0.013792,-0.002436
1771002537.003184,37.100693,-1.942972,-1.280200,0.869212,0.009241,-0.014491,-0.003016
1771002537.008179,37.105688,-1.482640,-0.494822,1.215309,0.008631,0.003914,0.010078
1771002537.013160,37.110669,-1.890069,-1.182532,0.889355,0.008527,-0.014067,-0.002141
1771002537.018134,37.115643,-1.896447,-1.165604,0.916578,0.008344,-0.013853,-0.001816
1771002537.023109,37.120618,-1.480911,-0.553983,1.210130,0.009010,0.003299,0.010280
1771002537.028097,37.125606,-1.905300,-1.443129,0.823723,0.010686,-0.014543,-0.002393
1771002537.033126,37.130635,-1.911362,-1.362287,0.853144,0.010330,-0.014036,-0.001911
1771002537.038067,37.135576,-1.850136,-1.135950,0.921728,0.008389,-0.013248,-0.001125
1771002537.043045,37.140553,-1.914160,-1.353672,0.854182,0.010010,-0.014547,-0.002352
1771002537.048038,37.145547,-1.496581,-0.529367,1.197696,0.008880,0.003377,0.009909
1771002537.053018,37.150527,-1.849787,-0.594028,1.103019,-0.004062,-0.020814,-0.000423
1771002537.058002,37.155511,-1.909665,-1.171080,0.894826,0.008144,-0.013786,-0.002385
1771002537.063005,37.160514,-1.507273,-0.553352,1.188419,0.009412,0.003743,0.010248
1771002537.067945,37.165454,-1.918403,-1.277198,0.883000,0.009189,-0.014254,-0.002819
1771002537.072938,37.170447,-1.531202,-0.567361,1.183429,0.009463,0.003637,0.009507
1771002537.077912,37.175421,-1.928496,-1.217705,0.894083,0.008646,-0.014073,-0.002074
1771002537.082991,37.180500,-1.922619,-1.452204,0.826958,0.010860,-0.014418,-0.002499
1771002537.088288,37.185797,-1.872962,-1.229604,0.890261,0.008985,-0.013993,-0.002158
1771002537.093289,37.190798,-1.451032,-0.510053,1.195973,0.009024,0.003938,0.010732
1771002537.098257,37.195766,-1.896650,-1.340963,0.840199,0.009900,-0.014047,-0.001798
1771002537.102876,37.200385,-1.924647,-1.231145,0.898437,0.009275,-0.013610,-0.002580
1771002537.107826,37.205334,-1.897797,-1.270329,0.883339,0.009378,-0.013863,-0.001651
1771002537.112797,37.210305,-1.891934,-1.351493,0.858705,0.009959,-0.014369,-0.002196
1771002537.117773,37.215281,-1.445698,-0.404298,1.251477,0.007989,0.004270,0.010181
1771002537.122776,37.220284,-1.445790,-0.565275,1.175179,0.009231,0.003745,0.010619
1771002537.127742,37.225251,-0.176721,-0.501010,1.347777,0.010605,0.009376,0.025477
1771002537.132740,37.230248,-1.474082,-0.517502,1.191557,0.009249,0.004030,0.010657
1771002537.137691,37.235200,-1.909025,-1.253007,0.854323,0.009200,-0.014152,-0.002043
1771002537.142699,37.240207,-1.475289,-0.393838,1.260491,0.007713,0.004698,0.010584
1771002537.147685,37.245193,-1.467252,-0.445264,1.230359,0.008168,0.004060,0.010266
1771002537.152645,37.250154,-1.487704,-0.578383,1.144953,0.009255,0.003341,0.009939
1771002537.157629,37.255137,-1.937930,-1.339081,0.865546,0.009965,-0.014381,-0.001969
1771002537.162703,37.260212,-1.035156,0.719454,0.243374,-0.016290,-0.006023,-0.001008
1771002537.167662,37.265170,-0.017017,0.001414,-0.487856,-0.001426,-0.008159,-0.001116
1771002537.172585,37.270094,-0.059598,-0.000567,-0.511202,-0.001783,-0.008969,-0.001146
1771002537.177566,37.275074,-0.009677,-0.013780,-0.495178,-0.001002,-0.008362,-0.000935
1771002537.182567,37.280076,-0.013824,0.012723,-0.510279,-0.001535,-0.008745,-0.000956
1771002537.187543,37.285051,-0.029616,-0.074077,-0.523815,-0.000623,-0.008499,-0.000619
1771002537.192508,37.290017,-0.005513,0.070759,-0.460021,-0.001594,-0.007618,-0.000651
1771002537.197499,37.295008,-0.042545,-0.166965,-0.593336,-0.000380,-0.009360,-0.000732
1771002537.202572,37.300081,0.012902,2.751032,-1.351033,-0.025851,0.002533,0.006998
1771002537.207472,37.304980,-1.925750,-1.221412,0.888057,0.009088,-0.013690,-0.002472
1771002537.212441,37.309949,-1.945835,-1.351150,0.849998,0.009903,-0.014661,-0.002684
1771002537.217430,37.314939,-1.966403,-1.429173,0.813509,0.010505,-0.014799,-0.002574
1771002537.222422,37.319931,-1.484862,-0.551388,1.189470,0.009265,0.003487,0.010131
1771002537.227385,37.324893,-1.459435,-0.384972,1.219322,0.007623,0.004731,0.010616
1771002537.232391,37.329899,-0.168082,-0.465739,1.322005,0.011123,0.009936,0.026393
1771002537.237419,37.334928,-1.884336,-1.292460,0.853547,0.009308,-0.014225,-0.002075
1771002537.242333,37.339842,-1.927996,-1.352948,0.852612,0.009825,-0.014371,-0.002651
1771002537.247325,37.344833,-1.899096,-1.349373,0.845193,0.010088,-0.014077,-0.002384
1771002537.252298,37.349806,-1.930447,-1.282606,0.867214,0.009399,-0.013922,-0.002486
1771002537.257265,37.354773,-1.921102,-1.212752,0.926796,0.008585,-0.014072,-0.002110
1771002537.262275,37.359783,-1.900573,-1.331121,0.890006,0.009676,-0.014018,-0.002059
1771002537.267304,37.364813,-1.919433,-1.355780,0.859456,0.009950,-0.014452,-0.002409
1771002537.272233,37.369742,-1.441952,-0.451503,1.232012,0.008312,0.004158,0.010462
1771002537.277242,37.374750,-1.896385,-1.283582,0.872721,0.009779,-0.013598,-0.002037
1771002537.282204,37.379713,-1.408453,-0.428347,1.274099,0.008168,0.004857,0.010590
1771002537.287187,37.384696,-1.474086,-0.470043,1.220240,0.008602,0.004019,0.009759
1771002537.292167,37.389676,-1.887494,-1.337377,0.858824,0.009693,-0.014501,-0.002392
1771002537.297181,37.394689,-1.890015,-1.398502,0.852690,0.010580,-0.013990,-0.001540
1771002537.302165,37.399674,-1.883225,-1.339904,0.832671,0.009875,-0.013948,-0.002114
1771002537.307116,37.404624,-1.885056,-1.232289,0.899760,0.009040,-0.013779,-0.002169
1771002537.312096,37.409604,-1.891587,-1.296783,0.892068,0.009578,-0.013884,-0.002055
1771002537.317189,37.414697,-1.435749,-0.488311,1.193044,0.009227,0.004380,0.010295
1771002537.322062,37.419570,-1.936274,-1.331659,0.857536,0.009921,-0.014326,-0.002444
1771002537.327039,37.424548,-1.942106,-1.311303,0.858738,0.009616,-0.014222,-0.002817
1771002537.332024,37.429533,-1.927016,-1.370623,0.858724,0.010081,-0.014312,-0.002933
1771002537.337023,37.434532,-1.949739,-1.356076,0.869582,0.009857,-0.014916,-0.002013
1771002537.341994,37.439503,-1.930135,-1.237175,0.889400,0.009135,-0.014201,-0.002576
1771002537.346958,37.444467,-1.872169,-1.192921,0.915228,0.008803,-0.013697,-0.002023
1771002537.351949,37.449458,-1.892070,-1.220625,0.895594,0.009132,-0.013819,-0.002053
1771002537.356930,37.454439,-1.471105,-0.504350,1.237825,0.008795,0.003882,0.010290
1771002537.361928,37.459437,-1.923343,-1.130983,0.913837,0.008061,-0.013439,-0.001968
1771002537.366925,37.464433,-1.440946,-0.421104,1.239778,0.007890,0.004604,0.010688
1771002537.371927,37.469436,-1.873031,-1.216999,0.905874,0.008880,-0.013737,-0.001756
1771002537.376876,37.474385,-1.474070,-0.440523,1.231096,0.008345,0.004352,0.010344
1771002537.381856,37.479365,-1.915317,-1.216709,0.885873,0.008847,-0.014017,-0.002283
1771002537.386832,37.484341,-1.946267,-1.240106,0.891983,0.009074,-0.013680,-0.002290
1771002537.391805,37.489314,-1.904789,-1.384030,0.851846,0.010172,-0.014599,-0.002250
1771002537.396787,37.494296,-1.903181,-1.220760,0.907931,0.008842,-0.014278,-0.002158
1771002537.401819,37.499328,-1.891065,-1.301737,0.896344,0.009430,-0.013876,-0.002088
1771002537.406752,37.504261,-1.448102,-0.507263,1.194688,0.008883,0.003666,0.010383
1771002537.411740,37.509249,-1.907286,-1.346279,0.837672,0.010106,-0.013935,-0.002620
1771002537.416724,37.514233,-1.913103,-1.264879,0.898812,0.009400,-0.013992,-0.001820
1771002537.421704,37.519213,-1.908915,-1.395990,0.846100,0.010228,-0.014138,-0.001877
1771002537.426682,37.524191,-1.941807,-1.209888,0.902607,0.008774,-0.013532,-0.002326
1771002537.431674,37.529182,-1.861481,-1.203873,0.909354,0.008841,-0.013473,-0.001971
1771002537.436727,37.534235,-1.925533,-1.317862,0.868447,0.009716,-0.014717,-0.002581
1771002537.441631,37.539139,-1.940614,-1.264597,0.889372,0.009121,-0.014571,-0.002476
1771002537.446630,37.544139,-1.925077,-1.352564,0.849458,0.009753,-0.014499,-0.002392
1771002537.451600,37.549108,-1.875913,-1.136491,0.933714,0.008105,-0.013752,-0.001917
1771002537.456593,37.554102,-1.958435,-1.203259,0.915581,0.008703,-0.013522,-0.002297
1771002537.461567,37.559076,-1.930247,-1.245520,0.914206,0.009139,-0.013966,-0.002237
1771002537.466983,37.564491,-1.614709,-1.320578,0.620573,0.008306,-0.013046,-0.005952
1771002537.471546,37.569054,-1.461979,-0.038925,0.721784,-0.003979,0.001650,0.009277
1771002537.476509,37.574018,-1.924335,-1.319612,0.863383,0.009725,-0.013955,-0.001851
1771002537.481492,37.579000,-1.962510,-1.327610,0.843704,0.009444,-0.014591,-0.002827
1771002537.486493,37.584002,-1.898121,-1.277862,0.881132,0.009379,-0.013620,-0.002201
1771002537.491454,37.588963,-1.896488,-1.343990,0.855139,0.009836,-0.014210,-0.001713
1771002537.496441,37.593949,-1.866891,-1.284225,0.881663,0.009557,-0.013971,-0.001993
1771002537.501516,37.599025,-1.434512,-0.449141,1.220837,0.008498,0.004049,0.010881
1771002537.506412,37.603921,-1.467562,-0.502301,1.200466,0.008767,0.003842,0.010080
1771002537.511397,37.608906,-1.881593,-1.143342,0.928429,0.008090,-0.014073,-0.001799
1771002537.516372,37.613881,-1.904197,-1.186737,0.886365,0.008588,-0.013737,-0.002419
1771002537.521369,37.618877,-1.425668,-0.478247,1.227050,0.008661,0.004468,0.010278
1771002537.526340,37.623849,-1.482334,-0.538226,1.170433,0.009541,0.003939,0.010202
1771002537.531321,37.628829,-1.412378,-0.435781,1.230109,0.008445,0.004645,0.010962
1771002537.536379,37.633888,-1.923944,-1.309748,0.848000,0.009787,-0.014184,-0.002570
1771002537.541293,37.638802,-1.906443,-1.356114,0.846019,0.009929,-0.014468,-0.002247
1771002537.546276,37.643784,-1.931268,-1.362301,0.860759,0.009873,-0.014608,-0.002610
1771002537.551246,37.648755,-1.923517,-1.172811,0.888231,0.008422,-0.013732,-0.002607
1771002537.556239,37.653748,-1.941327,-1.286282,0.871872,0.009032,-0.014163,-0.002395
1771002537.561222,37.658731,-1.908813,-1.356709,0.852906,0.010392,-0.013960,-0.002086
1771002537.566229,37.663738,-1.956630,-1.359505,0.864711,0.010077,-0.014383,-0.001850
1771002537.571190,37.668699,-1.949473,-1.350173,0.876107,0.010121,-0.014203,-0.002366
1771002537.576170,37.673679,-1.439185,-0.534010,1.191753,0.009199,0.003969,0.010224
1771002537.581142,37.678650,-1.902688,-1.250473,0.881034,0.008881,-0.014079,-0.002352
1771002537.586129,37.683638,-1.436811,-0.423369,1.220825,0.008143,0.004971,0.010072
1771002537.591116,37.688625,-1.924723,-1.386403,0.849890,0.010318,-0.014390,-0.002189
1771002537.596089,37.693597,-1.248840,0.115706,1.068744,-0.007384,0.003139,0.012297
1771002537.601076,37.698585,-0.034441,-0.142052,-0.592232,-0.000034,-0.008778,-0.000706
1771002537.606064,37.703572,0.000822,-0.033032,-0.521648,-0.001281,-0.008670,-0.001221
1771002537.611037,37.708546,-0.053079,-0.089050,-0.539553,-0.000992,-0.009394,-0.000645
1771002537.616015,37.713524,-0.031349,-0.066263,-0.508936,-0.000667,-0.008649,-0.000557
1771002537.621002,37.718510,0.273092,-1.864579,0.217782,0.022113,-0.009380,0.006379
1771002537.625983,37.723491,-1.912088,-1.143593,0.907957,0.008201,-0.013611,-0.002298
1771002537.630965,37.728474,-1.933131,-1.357574,0.847383,0.010112,-0.013991,-0.002579
1771002537.635976,37.733484,-1.465926,-0.575773,1.159122,0.009880,0.003468,0.010229
1771002537.640943,37.738451,-1.514728,-0.508979,1.202762,0.009013,0.004280,0.009917
1771002537.645922,37.743430,-1.457467,-0.536398,1.219333,0.009216,0.003817,0.010424
1771002537.650901,37.748410,-1.453886,-0.459793,1.219015,0.008380,0.004325,0.010209
1771002537.655919,37.753428,-1.498001,-0.485173,1.225221,0.008486,0.003890,0.009923
1771002537.661237,37.758745,-1.920940,-1.361865,0.867347,0.010360,-0.013867,-0.001922
1771002537.665838,37.763347,-1.895188,-1.325913,0.848126,0.010100,-0.013842,-0.001895
1771002537.670836,37.768344,-1.506661,-0.589760,1.148419,0.009797,0.003029,0.009788
1771002537.675806,37.773314,-1.888237,-1.267082,0.883655,0.009312,-0.014035,-0.002169
1771002537.680793,37.778301,-1.847016,-1.193198,0.917504,0.008872,-0.013258,-0.001392
1771002537.685766,37.783275,-1.931177,-1.334189,0.857946,0.009745,-0.014503,-0.002371
1771002537.690752,37.788261,-1.938575,-1.456852,0.825580,0.010931,-0.014789,-0.002412
1771002537.695734,37.793243,-1.488222,-0.571703,1.187073,0.009571,0.003032,0.010707
1771002537.700709,37.798218,-1.457343,-0.429718,1.229248,0.007921,0.004892,0.010448
1771002537.705692,37.803200,-1.468029,-0.420473,1.224198,0.008271,0.004578,0.010313
1771002537.710695,37.808203,-1.917388,-1.287160,0.870849,0.009617,-0.014196,-0.002363
1771002537.715667,37.813176,-1.892438,-1.313534,0.882330,0.009450,-0.014296,-0.002172
1771002537.720650,37.818159,-1.937833,-1.224560,0.882514,0.008907,-0.013883,-0.002551
1771002537.725629,37.823138,-1.913329,-1.302139,0.865887,0.009587,-0.014015,-0.002072
1771002537.730601,37.828109,-1.893719,-1.321223,0.855855,0.009754,-0.014271,-0.001606
1771002537.735603,37.833111,-1.447145,-0.414887,1.217946,0.008206,0.004927,0.010200
1771002537.740935,37.838444,-1.943185,-1.394501,0.851709,0.010324,-0.014539,-0.002457
1771002537.745549,37.843058,-1.877282,-1.110918,0.921027,0.007728,-0.013585,-0.001588
1771002537.750548,37.848057,-1.907439,-1.245759,0.901159,0.008886,-0.013777,-0.002139
1771002537.755522,37.853030,-1.910358,-1.224827,0.887763,0.009025,-0.013994,-0.002364
1771002537.760506,37.858015,-1.472290,-0.513487,1.221975,0.008966,0.003808,0.010842
1771002537.765482,37.862991,-1.914842,-1.340784,0.870003,0.009887,-0.014054,-0.001995
1771002537.770511,37.868020,-1.479154,-0.471081,1.208785,0.008728,0.004032,0.010326
1771002537.775475,37.872984,0.456434,0.000687,-0.096492,-0.002112,0.003740,0.012349
1771002537.780438,37.877947,-0.008558,-0.013271,-0.517431,-0.001082,-0.008775,-0.000850
1771002537.785419,37.882928,-0.009394,-0.009109,-0.517444,-0.001042,-0.008217,-0.000410
1771002537.790401,37.887909,0.002098,-0.078007,-0.531266,-0.000551,-0.008367,-0.000592
1771002537.795378,37.892886,-1.931485,-1.292195,0.887776,0.009427,-0.014334,-0.001996
1771002537.800366,37.897875,-1.505799,-0.481768,1.208187,0.008422,0.003946,0.010007
1771002537.805349,37.902858,-1.436726,-0.393974,1.225788,0.007886,0.004507,0.010133
1771002537.810330,37.907839,-1.428085,-0.369676,1.282573,0.007820,0.004598,0.010319
1771002537.815310,37.912819,-1.945645,-1.380937,0.846490,0.010233,-0.014818,-0.002348
1771002537.820298,37.917807,0.214468,-1.014021,0.366622,0.019223,0.000813,0.005706
1771002537.825274,37.922782,-0.036569,-0.152045,-0.556105,-0.000307,-0.009051,-0.000717
1771002537.830268,37.927777,-0.010958,-0.102237,-0.544964,-0.000353,-0.008626,-0.000595
1771002537.835243,37.932752,0.014539,0.007504,-0.466853,-0.001625,-0.008826,-0.000268
1771002537.840209,37.937717,-0.139175,0.495422,0.441056,-0.001906,-0.013173,-0.000251
1771002537.845199,37.942708,-1.887471,-1.243241,0.912920,0.009328,-0.013505,-0.001623
1771002537.850184,37.947692,-1.898772,-1.220391,0.916357,0.008768,-0.014017,-0.001972
1771002537.855167,37.952676,-1.929317,-1.315625,0.882202,0.009937,-0.014176,-0.002388
1771002537.860147,37.957656,-1.845711,-0.544607,1.107324,-0.004040,-0.020358,-0.001011
1771002537.865122,37.962631,-1.893356,-1.308980,0.874038,0.009414,-0.013890,-0.001657
1771002537.870125,37.967633,-1.930872,-1.354857,0.842781,0.009899,-0.014475,-0.002640
1771002537.875101,37.972610,-1.472231,-0.525670,1.218511,0.009029,0.003558,0.010048
1771002537.880079,37.977588,-1.932707,-1.337884,0.868262,0.009730,-0.014464,-0.002346
1771002537.885058,37.982567,-1.460430,-0.446352,1.205436,0.008607,0.004621,0.010606
1771002537.890027,37.987535,-1.481625,-0.451458,1.216775,0.008288,0.004437,0.010086
1771002537.895031,37.992540,-1.491261,-0.547155,1.193899,0.009045,0.003265,0.009796
1771002537.900013,37.997522,-1.928359,-1.257670,0.878764,0.009053,-0.014247,-0.002264
1771002537.904980,38.002489,-1.464410,-0.435282,1.211236,0.008108,0.004290,0.010948
1771002537.909977,38.007485,-1.906666,-1.304372,0.880838,0.009477,-0.014213,-0.002350
1771002537.914955,38.012464,-1.449672,-0.483406,1.224301,0.008863,0.003999,0.010297
1771002537.919944,38.017452,-1.468993,-0.472401,1.192390,0.008792,0.004205,0.010112
1771002537.924918,38.022426,-1.475052,-0.518889,1.201586,0.009062,0.003778,0.010366
1771002537.929903,38.027412,-1.479293,-0.505172,1.197872,0.008938,0.004110,0.009588
1771002537.934870,38.032378,-1.883026,-1.321614,0.847260,0.009840,-0.014392,-0.001736
1771002537.939869,38.037378,-1.434567,-0.390749,1.256576,0.007750,0.004473,0.010600
1771002537.944844,38.042352,-1.901474,-1.420910,0.840106,0.010533,-0.014736,-0.001937
1771002537.949826,38.047335,-1.914694,-1.331801,0.866647,0.009921,-0.014379,-0.002541
1771002537.954809,38.052318,-1.948996,-1.313008,0.872656,0.009405,-0.014437,-0.002585
1771002537.959793,38.057301,-1.458462,-0.523800,1.204983,0.008948,0.003046,0.010445
1771002537.964785,38.062294,-1.859117,-1.146807,0.894703,0.008598,-0.013358,-0.001662
1771002537.969755,38.067264,-1.504917,-0.493274,1.213945,0.008831,0.003821,0.009886
1771002537.974743,38.072252,-1.857005,-1.187870,0.893465,0.008843,-0.013409,-0.002064
1771002537.979795,38.077303,-1.954952,-1.367810,0.837965,0.010197,-0.014337,-0.002256
1771002537.984709,38.082218,-1.932259,-1.356480,0.842386,0.009808,-0.014314,-0.002613
1771002537.989760,38.087268,-1.899714,-1.285092,0.860642,0.009251,-0.014160,-0.001931
1771002537.994665,38.092173,-1.409585,-0.318077,1.261253,0.007235,0.005400,0.010861
1771002537.999820,38.097328,-1.469534,-0.542484,1.183403,0.009260,0.003585,0.010284
1771002538.004638,38.102146,-1.888075,-1.216651,0.888906,0.008632,-0.014234,-0.002032
1771002538.009616,38.107125,-1.462685,-0.504243,1.177844,0.009002,0.004095,0.009823
1771002538.014602,38.112111,-1.899817,-1.265262,0.869251,0.009424,-0.013835,-0.001564
1771002538.019573,38.117082,-1.464797,-0.473951,1.192921,0.008579,0.003629,0.010905
1771002538.024559,38.122068,-1.872821,-1.175907,0.892603,0.008425,-0.013696,-0.001813
1771002538.029550,38.127059,-1.892064,-1.359438,0.816836,0.010312,-0.014298,-0.002520
1771002538.034584,38.132092,-1.946528,-1.411614,0.842493,0.010500,-0.014674,-0.002939
1771002538.039505,38.137013,-1.468619,-0.475446,1.225598,0.008597,0.003801,0.010445
1771002538.044488,38.141997,-1.476625,-0.500112,1.230360,0.008586,0.003464,0.010315
1771002538.049467,38.146976,-1.897596,-1.177020,0.890830,0.008730,-0.013392,-0.002753
1771002538.054494,38.152003,-1.414605,-0.435614,1.228613,0.008397,0.004163,0.010000
1771002538.059437,38.156945,-1.892215,-1.336938,0.837274,0.009748,-0.014618,-0.002330
1771002538.064431,38.161940,-1.915525,-1.202166,0.892962,0.008728,-0.013956,-0.002273
1771002538.069418,38.166926,-1.916490,-1.315167,0.844594,0.009750,-0.013942,-0.001919
1771002538.074392,38.171900,-1.502606,-0.534138,1.187847,0.009136,0.003952,0.009717
1771002538.079361,38.176869,-1.466424,-0.454490,1.231267,0.008685,0.003843,0.009909
1771002538.084352,38.181861,0.510960,0.403888,-0.630671,-0.006192,0.000114,0.011349
1771002538.089335,38.186844,-0.028926,-0.126452,-0.563316,-0.000490,-0.008904,-0.000913
1771002538.094322,38.191831,-0.010101,-0.178251,-0.582471,-0.000161,-0.009053,-0.000635
1771002538.099313,38.196821,-0.026812,-0.059956,-0.517879,-0.000684,-0.008784,-0.000727
1771002538.104268,38.201777,-0.014669,-0.042105,-0.524185,-0.000876,-0.008509,-0.001212
1771002538.109334,38.206842,-0.014791,-0.188957,-0.582933,0.000019,-0.009334,-0.000466
1771002538.114253,38.211762,-0.015057,0.001652,-0.525228,-0.001548,-0.008986,-0.001478
1771002538.119220,38.216729,-0.062665,0.046906,-0.469698,-0.001930,-0.008530,-0.001464
1771002538.124195,38.221704,0.417412,-0.050416,0.090021,0.002295,-0.002408,0.001082
1771002538.129175,38.226684,-1.925097,-1.137573,0.926026,0.007833,-0.013816,-0.002645
1771002538.134880,38.232388,-1.918538,-1.240219,0.876913,0.009449,-0.013598,-0.002555
1771002538.139142,38.236650,-1.924026,-1.365889,0.850590,0.009814,-0.014815,-0.002381
1771002538.144125,38.241634,-1.895675,-1.220973,0.881497,0.009077,-0.013673,-0.001991
1771002538.149124,38.246633,-1.463957,-0.503492,1.223455,0.008801,0.003831,0.010576
1771002538.154108,38.251616,-1.494433,-0.488311,1.181447,0.008929,0.004325,0.009739
1771002538.159089,38.256598,-1.455251,-0.415068,1.185668,0.008482,0.004906,0.010059
1771002538.164062,38.261571,-1.475991,-0.473523,1.192729,0.008575,0.004143,0.010345
1771002538.169050,38.266558,-1.492508,-0.578500,1.184500,0.009698,0.003068,0.010216
1771002538.174027,38.271536,-1.409879,-0.377828,1.236304,0.007950,0.005206,0.010245
1771002538.179013,38.276521,-1.920789,-1.344930,0.849504,0.009758,-0.014298,-0.002090
1771002538.183982,38.281491,-1.920264,-1.279166,0.872587,0.009365,-0.014066,-0.002235
1771002538.188963,38.286471,-1.445377,-0.490404,1.224773,0.008881,0.004435,0.010144
1771002538.193943,38.291452,-1.425930,-0.446786,1.257296,0.008627,0.004368,0.010440
1771002538.199012,38.296520,-1.466608,-0.576626,1.165769,0.009641,0.003665,0.010396
1771002538.203997,38.301505,-1.929266,-1.295761,0.887131,0.009619,-0.013983,-0.002377
1771002538.208896,38.306405,-1.911823,-1.303456,0.855684,0.009567,-0.014181,-0.002546
1771002538.213873,38.311382,-1.928881,-1.389473,0.846319,0.010221,-0.014442,-0.002883
1771002538.218848,38.316356,-1.447843,-0.507464,1.187505,0.008661,0.004160,0.010564
1771002538.223835,38.321343,-1.904746,-1.314176,0.859750,0.009756,-0.014316,-0.002560
1771002538.228831,38.326340,-1.900893,-1.177449,0.911934,0.008302,-0.013758,-0.001694
1771002538.233894,38.331403,-1.929788,-1.358808,0.856669,0.010012,-0.014470,-0.002541
1771002538.238784,38.336293,-1.913216,-1.287014,0.900218,0.009306,-0.014127,-0.002296
1771002538.243782,38.341291,-1.932138,-1.376884,0.838233,0.009954,-0.014648,-0.003146
1771002538.248756,38.346265,-1.895409,-1.211510,0.921918,0.008655,-0.013883,-0.002170
1771002538.253746,38.351255,-1.906112,-1.306643,0.874589,0.009584,-0.013991,-0.002572
1771002538.258718,38.356227,-1.434912,-0.435197,1.233983,0.008121,0.004933,0.010455
1771002538.263797,38.361305,-1.921563,-1.235804,0.870878,0.009146,-0.013757,-0.002145
1771002538.268713,38.366222,-1.453953,-0.402647,1.181506,0.008073,0.004706,0.009927
1771002538.273677,38.371186,-1.902394,-1.224465,0.868803,0.009074,-0.013911,-0.002685
1771002538.278643,38.376151,-1.922113,-1.344001,0.853538,0.010065,-0.013804,-0.001942
1771002538.283627,38.381135,-1.874966,-1.296590,0.864994,0.009683,-0.013827,-0.002325
1771002538.288608,38.386116,-1.420378,-0.381130,1.228088,0.007561,0.004708,0.010432
1771002538.293598,38.391107,-1.444550,-0.457230,1.246318,0.008290,0.003694,0.010447
1771002538.298952,38.396461,-1.888140,-1.163466,0.936364,0.008527,-0.013376,-0.001675
1771002538.303627,38.401135,-1.475375,-0.482079,1.236837,0.008557,0.004028,0.010120
1771002538.308531,38.406040,-1.907786,-1.360584,0.867227,0.010015,-0.014517,-0.002293
1771002538.313520,38.411028,-1.916763,-1.315609,0.866727,0.009667,-0.013907,-0.001838
1771002538.318538,38.416047,-1.925852,-1.262692,0.893895,0.009131,-0.014133,-0.002152
1771002538.323492,38.421000,-1.910743,-1.249976,0.901786,0.009107,-0.013866,-0.002050
1771002538.328485,38.425993,-1.907541,-1.247372,0.887281,0.009171,-0.013906,-0.002140
1771002538.333531,38.431040,-1.899880,-1.240497,0.863969,0.008947,-0.014342,-0.002370
1771002538.338439,38.435948,-1.506687,-0.491575,1.180434,0.008564,0.004225,0.010247
1771002538.343409,38.440918,-1.514017,-0.544141,1.170825,0.009066,0.003328,0.009774
1771002538.348397,38.445906,-1.493892,-0.526141,1.200328,0.009221,0.003692,0.010016
1771002538.353428,38.450936,-1.887539,-1.263197,0.892845,0.009413,-0.014002,-0.002526
1771002538.358357,38.455866,-1.897982,-1.148755,0.911361,0.008347,-0.013760,-0.002316
1771002538.363374,38.460882,-1.912682,-1.319780,0.865479,0.009850,-0.013772,-0.002224
1771002538.368350,38.465858,-1.920504,-1.254391,0.893123,0.009319,-0.014027,-0.002264
1771002538.373427,38.470935,-1.880668,-1.192842,0.913034,0.008482,-0.013756,-0.001678
1771002538.378317,38.475826,-1.917421,-1.366273,0.881382,0.010227,-0.013852,-0.001900
1771002538.383291,38.480800,-1.488663,-0.489762,1.288574,0.008600,0.003540,0.010463
1771002538.388652,38.486161,-1.498445,-0.387529,1.284525,0.007758,0.004557,0.010432
1771002538.393323,38.490832,-1.711127,-1.665058,0.654249,0.015413,-0.014636,0.000276
1771002538.398226,38.495734,-1.951652,-1.189164,0.945652,0.008391,-0.013958,-0.002212
1771002538.403221,38.500730,-1.435653,-0.398476,1.273703,0.007849,0.004508,0.010719
1771002538.408179,38.505688,-1.511167,-0.580279,1.166170,0.009842,0.003447,0.010001
1771002538.413235,38.510743,-1.916709,-1.277396,0.874770,0.009517,-0.014008,-0.002125
1771002538.418162,38.515671,-1.907474,-1.353187,0.867851,0.009907,-0.014120,-0.002347
1771002538.423140,38.520648,-1.910896,-1.196551,0.912876,0.008447,-0.014114,-0.002173
1771002538.428118,38.525627,-1.927845,-1.242963,0.922058,0.008851,-0.013834,-0.002207
1771002538.433117,38.530626,-1.907808,-1.378090,0.862474,0.010347,-0.014384,-0.002133
1771002538.438069,38.535578,-1.471240,-0.508381,1.216996,0.008955,0.003740,0.010318
1771002538.443068,38.540576,-1.494431,-0.477778,1.228233,0.008643,0.004122,0.010074
1771002538.448054,38.545563,-1.894739,-1.098058,0.927729,0.007764,-0.013374,-0.002328
1771002538.453019,38.550527,-1.908481,-1.244940,0.894271,0.008943,-0.014071,-0.002341
1771002538.458009,38.555518,-1.506924,-0.476586,1.206794,0.008545,0.004035,0.010426
1771002538.462980,38.560489,-1.904449,-1.368259,0.834173,0.010097,-0.014218,-0.002840
1771002538.468022,38.565531,-1.939587,-1.373145,0.848325,0.010108,-0.014540,-0.002504
1771002538.472960,38.570469,-1.449539,-0.481943,1.234748,0.008508,0.004319,0.010756
1771002538.477929,38.575438,-1.442107,-0.453561,1.232440,0.008064,0.004221,0.010767
1771002538.482933,38.580442,-1.931036,-1.236849,0.894159,0.008971,-0.014244,-0.001890
1771002538.487911,38.585420,-1.476082,-0.492055,1.271663,0.008572,0.003806,0.010242
1771002538.492877,38.590386,-1.474944,-0.533707,1.235137,0.008943,0.003576,0.010175
1771002538.497870,38.595379,-1.421383,-0.447817,1.260110,0.008154,0.004275,0.010348
1771002538.502887,38.600396,-1.937420,-1.318241,0.886476,0.009684,-0.014030,-0.002419
1771002538.507843,38.605351,-1.487333,-0.511436,1.228802,0.008804,0.003954,0.010571
1771002538.512814,38.610322,-1.500535,-0.500704,1.214150,0.008778,0.003726,0.009813
1771002538.517878,38.615386,-1.878032,-1.148260,0.942641,0.008338,-0.013405,-0.002117
1771002538.522885,38.620393,-1.931259,-1.202205,0.918563,0.008510,-0.014196,-0.002681
1771002538.527814,38.625323,-1.929716,-1.212613,0.902207,0.008728,-0.013897,-0.001982
1771002538.532864,38.630373,-1.944626,-1.428459,0.879701,0.011044,-0.014302,-0.002137
1771002538.537745,38.635254,-1.899087,-1.314250,0.876761,0.009925,-0.013741,-0.001712
1771002538.542720,38.640229,-1.907151,-1.239360,0.875263,0.009099,-0.013516,-0.001909
1771002538.547702,38.645211,-1.493898,-0.500237,1.232091,0.008586,0.003673,0.009985
1771002538.552687,38.650196,-1.930758,-1.336996,0.863426,0.009755,-0.014255,-0.002210
1771002538.557670,38.655178,-1.966805,-1.306600,0.875175,0.009499,-0.014507,-0.002788
1771002538.562642,38.660150,-1.921556,-1.340793,0.861606,0.010109,-0.013941,-0.002003
1771002538.567714,38.665223,-1.495714,-0.501774,1.205155,0.008723,0.003778,0.009967
1771002538.572604,38.670113,-1.905001,-1.299157,0.862832,0.009657,-0.014261,-0.002248
1771002538.577604,38.675113,-1.443019,-0.474045,1.229239,0.008286,0.003915,0.010912
1771002538.583003,38.680512,-1.915514,-1.299375,0.884380,0.009102,-0.014817,-0.002255
1771002538.587572,38.685081,-1.929104,-1.383749,0.853587,0.010177,-0.014105,-0.002256
1771002538.592540,38.690049,-1.467795,-0.471648,1.209535,0.008647,0.004062,0.010264
1771002538.597637,38.695146,-1.434521,-0.472416,1.247592,0.008559,0.004142,0.011085
1771002538.602563,38.700072,-1.902981,-1.230778,0.912947,0.009056,-0.014297,-0.001428
1771002538.607498,38.705007,-1.931327,-1.427879,0.847956,0.010507,-0.014659,-0.002304
1771002538.612479,38.709988,-1.902197,-1.278209,0.871242,0.009464,-0.014202,-0.002496
1771002538.617445,38.714953,-1.902095,-1.306146,0.882551,0.009810,-0.014095,-0.002126
1771002538.622440,38.719949,-1.420813,1.189230,0.633993,-0.014901,-0.002662,0.000132
1771002538.627424,38.724933,-0.011340,-0.077548,-0.486175,-0.000720,-0.008523,-0.000694
1771002538.632407,38.729916,-0.025484,-0.076907,-0.507716,-0.000782,-0.008850,-0.000652
1771002538.637427,38.734936,0.003216,-0.161638,-0.616215,-0.000031,-0.009017,-0.000778
1771002538.642372,38.739880,-0.000179,-0.052139,-0.529243,-0.001184,-0.008761,-0.000666
1771002538.647344,38.744853,0.031615,-0.060808,-0.500549,-0.000692,-0.008461,-0.000156
1771002538.652339,38.749848,0.026667,-0.002053,-0.455851,-0.001208,-0.008515,-0.000187
1771002538.657309,38.754817,-0.039784,-0.112314,-0.569243,-0.000791,-0.008903,-0.001122
1771002538.662303,38.759812,-0.040694,0.048013,-0.463901,-0.002040,-0.008472,-0.000924
1771002538.667301,38.764809,0.039834,-0.051546,-0.488988,-0.000813,-0.008375,0.000096
1771002538.672265,38.769774,-0.035457,-0.117515,-0.536275,-0.000912,-0.008774,-0.000839
1771002538.677248,38.774757,-0.015783,0.028968,-0.498837,-0.001753,-0.008769,-0.001149
1771002538.682215,38.779723,0.765609,0.020669,-0.665335,-0.002596,-0.000315,-0.003047
1771002538.687203,38.784712,-0.025967,0.052368,-0.478563,-0.001998,-0.009133,-0.000953
1771002538.692186,38.789695,-0.035001,-0.025826,-0.519089,-0.001442,-0.008763,-0.000896
1771002538.697176,38.794684,0.033741,2.969207,-1.655591,-0.025937,0.003845,0.009339
1771002538.702148,38.799657,-1.495372,-0.535404,1.181875,0.009141,0.003401,0.010056
1771002538.707134,38.804642,-1.898998,-1.216500,0.877541,0.008779,-0.013711,-0.001853
1771002538.712116,38.809625,-1.948471,-1.177831,0.907259,0.007996,-0.014098,-0.002224
1771002538.717177,38.814686,-1.916154,-1.181776,0.930764,0.008211,-0.013803,-0.001889
1771002538.722075,38.819584,-1.475988,-0.485570,1.180466,0.008909,0.004451,0.010434
1771002538.727069,38.824578,-1.876770,-1.215952,0.877226,0.008838,-0.013904,-0.002066
1771002538.732046,38.829554,-1.904246,-1.242004,0.877059,0.009204,-0.013667,-0.002092
1771002538.737055,38.834564,-1.466241,-0.480148,1.195498,0.008849,0.004664,0.010167
1771002538.742027,38.839536,-1.930354,-1.256083,0.871430,0.008951,-0.014071,-0.002818
1771002538.747003,38.844512,-1.920082,-1.336517,0.828272,0.010062,-0.013940,-0.002511
1771002538.751985,38.849494,-1.426101,-0.402821,1.234970,0.007895,0.004799,0.010314
1771002538.756967,38.854476,-1.885681,-1.290462,0.864006,0.009747,-0.014106,-0.002287
1771002538.761940,38.859448,-1.933334,-1.201948,0.898828,0.008917,-0.013722,-0.002368
1771002538.766918,38.864427,-1.921391,-1.364255,0.845414,0.010059,-0.014518,-0.002649
1771002538.771912,38.869421,-1.947822,-1.285209,0.880589,0.009351,-0.014154,-0.002263
1771002538.776893,38.874402,-1.459360,-0.446461,1.223953,0.008552,0.004917,0.010577
1771002538.781885,38.879394,-1.934316,-1.388851,0.869895,0.010011,-0.015061,-0.002335
1771002538.786867,38.884375,-1.909836,-1.268732,0.867469,0.009334,-0.013981,-0.002282
1771002538.791841,38.889350,-1.917456,-1.230386,0.873554,0.008773,-0.013966,-0.001805
1771002538.796826,38.894335,-1.937077,-1.404865,0.833871,0.010524,-0.013978,-0.002217
1771002538.801797,38.899305,-1.898696,-1.276210,0.900523,0.009453,-0.014151,-0.002069
1771002538.806801,38.904310,-1.457910,-0.501398,1.227705,0.008973,0.004050,0.010680
1771002538.811767,38.909276,-1.919551,-1.235676,0.882173,0.008866,-0.013967,-0.002263
1771002538.816750,38.914259,-1.452441,-0.537274,1.201448,0.009302,0.003625,0.010434
1771002538.821731,38.919240,0.721235,-0.078523,-0.690445,-0.002875,-0.001066,-0.002615
1771002538.826710,38.924219,-0.015575,-0.097521,-0.536069,-0.000892,-0.008981,-0.001018
1771002538.831691,38.929200,0.003032,-0.106885,-0.577991,-0.000889,-0.008910,-0.000711
1771002538.836695,38.934204,-0.007169,0.081566,-0.500564,-0.001871,-0.008480,-0.001044
1771002538.841676,38.939184,-1.701042,1.259666,0.841429,-0.011251,-0.003340,0.004427
1771002538.846635,38.944144,-1.482777,-0.515235,1.207139,0.008576,0.003166,0.010119
1771002538.851624,38.949133,-1.879639,-1.179871,0.921346,0.008741,-0.013374,-0.001747
1771002538.856601,38.954110,-1.461993,-0.497318,1.252689,0.008579,0.003539,0.010516
1771002538.861578,38.959087,-1.537829,-0.477976,1.223173,0.008210,0.003723,0.009497
1771002538.866622,38.964130,-1.875338,-1.316825,0.846711,0.009828,-0.013973,-0.002071
1771002538.871538,38.969047,-1.918899,-1.297634,0.864726,0.009586,-0.014226,-0.002448
1771002538.876544,38.974053,-1.918687,-1.272347,0.893418,0.009293,-0.014014,-0.001925
1771002538.881530,38.979038,-1.919757,-1.366092,0.860393,0.010083,-0.014498,-0.002373
1771002538.886526,38.984035,-1.417547,-0.441236,1.258560,0.008582,0.004470,0.010322
1771002538.891485,38.988994,-1.902631,-1.262704,0.872914,0.009029,-0.014038,-0.002062
1771002538.896461,38.993970,-1.485031,-0.479498,1.219020,0.008647,0.004129,0.010332
1771002538.901637,38.999146,-1.473032,-0.532757,1.198477,0.009166,0.003422,0.010471
1771002538.906413,39.003922,-1.431523,-0.413066,1.263133,0.007926,0.004453,0.010539
1771002538.911402,39.008911,-1.918209,-1.201476,0.897680,0.009099,-0.013187,-0.001649
1771002538.916398,39.013906,-1.933535,-1.316824,0.878900,0.009385,-0.014351,-0.002358
1771002538.921432,39.018941,-1.911588,-1.234828,0.904160,0.008694,-0.014127,-0.002379
1771002538.926356,39.023865,-1.922362,-1.170295,0.903075,0.008303,-0.014098,-0.002318
1771002538.931345,39.028854,-1.925374,-1.238830,0.913842,0.009043,-0.013962,-0.002188
1771002538.936338,39.033847,-1.953502,-1.226284,0.923859,0.008848,-0.014265,-0.002542
1771002538.941311,39.038820,-1.894337,-1.259097,0.884757,0.009082,-0.014331,-0.002005
1771002538.946277,39.043786,-1.503128,-0.537684,1.224275,0.008707,0.003183,0.010314
1771002538.951252,39.048761,-1.919656,-1.189606,0.920983,0.008712,-0.013649,-0.002155
1771002538.956252,39.053761,-1.464120,-0.516445,1.257452,0.008905,0.003648,0.010475
1771002538.961236,39.058745,-1.920935,-1.396149,0.845506,0.010354,-0.014221,-0.002233
1771002538.966233,39.063741,-1.918440,-1.321705,0.869666,0.009655,-0.014359,-0.002755
1771002538.971210,39.068718,-1.895091,-1.303674,0.854932,0.009677,-0.013911,-0.002098
1771002538.976163,39.073671,-1.917036,-1.292675,0.906724,0.009385,-0.014146,-0.002881
1771002538.981162,39.078671,-1.916432,-1.260960,0.904641,0.009304,-0.013645,-0.001834
1771002538.986150,39.083658,-1.917346,-1.277201,0.912999,0.009123,-0.014055,-0.002134
1771002538.991133,39.088642,-1.903803,-1.389274,0.853896,0.010273,-0.014513,-0.002321
1771002538.996112,39.093621,-1.902419,-1.275151,0.897369,0.009249,-0.014354,-0.002049
1771002539.001080,39.098589,-1.476634,-0.498092,1.218286,0.008689,0.004237,0.010536
1771002539.006069,39.103578,-1.419333,0.475620,0.224078,-0.002548,-0.006941,-0.004156
1771002539.011050,39.108558,-0.015761,-0.063744,-0.508083,-0.000964,-0.008813,-0.000593
1771002539.016039,39.113548,-0.058693,-0.106276,-0.575394,-0.000966,-0.009216,-0.000992
1771002539.021022,39.118531,-0.027407,-0.100214,-0.537764,-0.000808,-0.008976,-0.000673
1771002539.026010,39.123518,-0.029549,-0.053904,-0.492650,-0.000874,-0.008676,-0.000995
1771002539.030981,39.128489,-0.023096,0.032635,-0.485501,-0.001614,-0.008165,-0.001009
1771002539.035985,39.133493,-0.010780,-0.042342,-0.516691,-0.001414,-0.008927,-0.000904
1771002539.040953,39.138462,0.735386,-0.065894,-0.638264,-0.002966,-0.001342,-0.003262
1771002539.045925,39.143433,-0.032007,-0.597683,-0.867258,0.005281,-0.008022,0.001278
1771002539.050923,39.148432,-1.910846,-1.262428,0.886024,0.009310,-0.014236,-0.002312
1771002539.055892,39.153400,-1.481771,-0.465932,1.258622,0.008386,0.004104,0.009664
1771002539.060859,39.158368,-1.916743,-1.274054,0.870481,0.009429,-0.014131,-0.002145
1771002539.065891,39.163399,-1.937681,-1.358926,0.844098,0.009973,-0.014600,-0.002743
1771002539.070847,39.168356,-1.442618,-0.456095,1.224923,0.008599,0.004250,0.010682
1771002539.075830,39.173338,-1.888235,-1.228641,0.913555,0.009102,-0.013533,-0.001871
1771002539.080829,39.178338,-1.959530,-1.273053,0.884845,0.009343,-0.014360,-0.002458
1771002539.085791,39.183300,-1.477959,-0.458663,1.196057,0.008827,0.004434,0.009757
1771002539.090757,39.188266,-1.940157,-1.342033,0.877161,0.009930,-0.014457,-0.002886
1771002539.095754,39.193262,-1.916438,-1.202750,0.916705,0.008902,-0.013757,-0.002207
1771002539.100737,39.198246,-1.949196,-1.286561,0.904677,0.009143,-0.014548,-0.002455
1771002539.105708,39.203217,-1.909391,-1.348539,0.884727,0.010006,-0.013915,-0.002039
1771002539.110691,39.208200,-1.413725,-0.487349,1.246661,0.008815,0.004185,0.010512
1771002539.115671,39.213180,-1.890080,-1.138082,0.952071,0.008072,-0.013879,-0.001928
1771002539.120676,39.218184,-1.470634,-0.556074,1.202328,0.009094,0.003554,0.010428
1771002539.126047,39.223556,-1.953856,-1.330932,0.891963,0.009513,-0.014301,-0.002280
1771002539.131106,39.228615,-1.939812,-1.337386,0.888105,0.009790,-0.014668,-0.002125
1771002539.136190,39.233699,-1.452835,-0.453615,1.246558,0.008496,0.004438,0.010499
1771002539.141145,39.238653,-1.386899,-0.421746,1.247386,0.007912,0.004797,0.011205
1771002539.146119,39.243628,-1.962248,-1.419689,0.853801,0.010406,-0.014265,-0.003441
1771002539.150614,39.248122,-1.932303,-1.339094,0.871974,0.010113,-0.013943,-0.001946
1771002539.156081,39.253590,-1.437491,-0.502817,1.242541,0.009033,0.004079,0.010678
1771002539.160537,39.258045,-1.935732,-1.232395,0.885561,0.008860,-0.013857,-0.002932
1771002539.165523,39.263031,-1.921731,-1.286858,0.899762,0.009647,-0.014006,-0.002108
1771002539.170516,39.268024,-1.928934,-1.238162,0.918474,0.008924,-0.014036,-0.002447
1771002539.175496,39.273004,-1.463209,-0.547095,1.210135,0.009240,0.003267,0.010273
1771002539.180976,39.278484,-1.891453,-1.250967,0.890228,0.009403,-0.013683,-0.002251
1771002539.185444,39.282953,-1.923755,-1.395464,0.860396,0.010202,-0.014264,-0.001947
1771002539.190428,39.287937,-1.902953,-1.337769,0.868314,0.009827,-0.013981,-0.002430
1771002539.195410,39.292919,-1.456307,-0.346806,1.272158,0.007284,0.004065,0.010361
1771002539.200369,39.297877,-1.904679,-1.344370,0.887926,0.010400,-0.014052,-0.002226
1771002539.205385,39.302894,-1.928567,-1.224637,0.891020,0.008929,-0.014205,-0.002391
1771002539.210341,39.307850,-1.470809,-0.491490,1.188661,0.008692,0.004094,0.010084
1771002539.215325,39.312834,-1.449189,-0.484315,1.176139,0.008698,0.004597,0.010295
1771002539.220321,39.317830,-1.473263,-0.542813,1.214103,0.008987,0.003563,0.010279
1771002539.225291,39.322799,-1.905567,-1.285741,0.890254,0.009482,-0.014157,-0.001968
1771002539.230270,39.327779,-1.444706,-0.510868,1.234052,0.008881,0.003448,0.010459
1771002539.235311,39.332819,-1.908117,-1.334721,0.866994,0.009842,-0.014070,-0.002543
1771002539.240242,39.337751,-1.935001,-1.199436,0.905078,0.008486,-0.014012,-0.002176
1771002539.245223,39.342731,-1.925026,-1.195197,0.889026,0.008569,-0.013806,-0.002518
1771002539.250210,39.347718,-1.918225,-1.333374,0.858159,0.009750,-0.014421,-0.002331
1771002539.255183,39.352691,-1.924555,-1.286994,0.881782,0.009583,-0.013964,-0.002804
1771002539.260171,39.357679,-1.940732,-1.313410,0.872984,0.009551,-0.014392,-0.002587
1771002539.265143,39.362651,-1.956714,-1.270853,0.890701,0.009297,-0.014280,-0.002290
1771002539.270144,39.367653,-1.913901,-1.275119,0.873724,0.009569,-0.014037,-0.002436
1771002539.275111,39.372620,-1.911721,-1.164040,0.926882,0.008289,-0.013723,-0.002365
1771002539.280093,39.377602,-1.933600,-1.239040,0.924039,0.008732,-0.014014,-0.001946
1771002539.285073,39.382581,-1.919640,-1.314835,0.879858,0.009896,-0.014044,-0.002167
1771002539.290053,39.387562,-1.955898,-1.212544,0.901020,0.008479,-0.014430,-0.002613
1771002539.295045,39.392554,-1.500288,-0.490174,1.225941,0.008776,0.004244,0.010092
1771002539.300023,39.397532,-1.915416,-1.289940,0.865796,0.009257,-0.014400,-0.002931
1771002539.305005,39.402514,-1.905797,-1.276966,0.892177,0.009182,-0.014416,-0.002079
1771002539.310354,39.407863,0.779249,-0.276360,1.210592,0.011931,0.014030,0.013984
1771002539.314969,39.412478,-2.174631,-0.568953,0.214370,-0.009783,-0.024831,-0.002376
1771002539.319952,39.417461,-1.521546,-0.540699,1.202065,0.008881,0.003397,0.009447
1771002539.324929,39.422438,-1.918757,-1.161937,0.921224,0.008366,-0.013993,-0.002115
1771002539.329915,39.427423,-1.509769,-0.516792,1.222306,0.008643,0.003322,0.009915
1771002539.334914,39.432423,-1.912058,-1.151313,0.932373,0.008480,-0.013578,-0.002270
1771002539.339886,39.437394,-1.935478,-1.408486,0.857281,0.010527,-0.014402,-0.002555
1771002539.344857,39.442365,-1.917195,-1.305779,0.871778,0.009519,-0.014316,-0.001801
1771002539.349841,39.447350,-1.919735,-1.305491,0.859674,0.009517,-0.013852,-0.001963
1771002539.354823,39.452332,-1.931354,-1.270488,0.881671,0.009144,-0.014283,-0.002485
1771002539.359803,39.457311,-1.457374,-0.501262,1.209920,0.008853,0.004155,0.010462
1771002539.364808,39.462317,-1.914168,-1.267202,0.887549,0.009267,-0.014114,-0.001755
1771002539.369772,39.467280,-1.442982,-0.490653,1.282480,0.008776,0.003452,0.010737
1771002539.374755,39.472264,-1.469903,-0.392561,1.234649,0.008010,0.004849,0.010486
1771002539.379752,39.477260,-1.927811,-1.194867,0.900772,0.008783,-0.013655,-0.002617
1771002539.384720,39.482229,-1.923337,-1.197096,0.909788,0.008560,-0.014126,-0.002039
1771002539.389699,39.487208,-1.886208,-1.316256,0.888211,0.009600,-0.014169,-0.001805
1771002539.394677,39.492186,-1.436357,-0.456177,1.255341,0.008369,0.003843,0.010698
1771002539.399664,39.497173,-1.897949,-1.095037,0.921839,0.007745,-0.013672,-0.002107
1771002539.404661,39.502169,-1.456476,-0.488766,1.211114,0.008802,0.004043,0.009942
1771002539.409631,39.507139,-1.467679,-0.515555,1.202051,0.008884,0.003779,0.009856
1771002539.414622,39.512131,-1.480005,-0.488010,1.205474,0.008786,0.003830,0.009802
1771002539.419603,39.517112,-1.898723,-1.271446,0.876257,0.009270,-0.014299,-0.002229
1771002539.424587,39.522096,-1.904263,-1.279109,0.886511,0.009352,-0.013986,-0.002092
1771002539.429561,39.527070,-1.929402,-1.325655,0.890411,0.009915,-0.013691,-0.002836
1771002539.434586,39.532094,-1.890414,-1.277574,0.880878,0.009275,-0.014160,-0.002231
1771002539.439525,39.537034,-1.909606,-1.278036,0.910763,0.009406,-0.013635,-0.001631
1771002539.444508,39.542017,-1.912625,-1.267269,0.883409,0.009304,-0.013906,-0.001933
1771002539.449500,39.547009,-1.916073,-1.325258,0.854726,0.009685,-0.014361,-0.002732
1771002539.454502,39.552011,-1.910022,-1.332406,0.875161,0.009961,-0.014072,-0.002395
1771002539.459459,39.556967,-1.905236,-1.184095,0.919721,0.008660,-0.013837,-0.001828
1771002539.464443,39.561952,-1.895839,-1.205395,0.920299,0.008843,-0.013667,-0.001475
1771002539.469421,39.566930,-1.906042,-1.287882,0.886978,0.009267,-0.014313,-0.002286
1771002539.474405,39.571913,-1.934887,-1.338980,0.852246,0.009653,-0.014753,-0.002614
1771002539.479380,39.576889,-1.902902,-1.200804,0.909211,0.008851,-0.013317,-0.001933
1771002539.484366,39.581875,-1.487030,-0.536079,1.196863,0.009383,0.003777,0.009793
1771002539.489340,39.586848,-1.495798,-0.506488,1.209594,0.009025,0.004090,0.009811
1771002539.494325,39.591834,-1.455843,-0.503424,1.246635,0.008792,0.003750,0.010184
1771002539.499305,39.596813,-1.471394,-0.408553,1.250526,0.007626,0.004637,0.010264
1771002539.504315,39.601824,-1.929446,-1.384990,0.832187,0.010070,-0.014591,-0.002586
1771002539.509291,39.606800,-1.922816,-1.244863,0.899479,0.008838,-0.014160,-0.002531
1771002539.514264,39.611772,-1.478888,-0.465887,1.238324,0.008379,0.004325,0.010282
1771002539.519232,39.616741,-1.919967,-1.327793,0.861121,0.009849,-0.014236,-0.002473
1771002539.524220,39.621729,-1.416548,-0.431469,1.246084,0.008048,0.004184,0.010691
1771002539.529204,39.626713,-1.891933,-1.361197,0.872147,0.010231,-0.013846,-0.002067
1771002539.534187,39.631696,-1.887551,-1.263377,0.878029,0.009090,-0.014210,-0.002277
1771002539.539174,39.636683,-1.486537,-0.538289,1.238193,0.008805,0.003075,0.010070
1771002539.544153,39.641662,-1.904690,-1.414557,0.847250,0.010584,-0.014208,-0.002398
1771002539.549126,39.646635,-1.896438,-1.267443,0.917444,0.008862,-0.014354,-0.001694
1771002539.554115,39.651624,-1.919787,-1.214459,0.924263,0.008681,-0.014276,-0.001804
1771002539.559125,39.656634,-1.936063,-1.457201,0.842054,0.011076,-0.013992,-0.002087
1771002539.564701,39.662209,-1.880635,-1.130190,0.916788,0.008312,-0.013228,-0.001691
1771002539.569147,39.666656,-1.905837,-1.212707,0.876614,0.008699,-0.013737,-0.001731
1771002539.574961,39.672469,-1.915417,-1.309418,0.888211,0.009692,-0.014110,-0.002271
1771002539.579038,39.676547,-1.470165,-0.499351,1.224681,0.008609,0.003600,0.010390
1771002539.584063,39.681571,-1.913181,-1.297486,0.866487,0.009617,-0.013869,-0.002452
1771002539.589617,39.687126,-1.904536,-1.357247,0.860528,0.009960,-0.014435,-0.002373
1771002539.593987,39.691496,-1.504218,-0.525643,1.202093,0.009147,0.004174,0.010213
1771002539.598966,39.696475,-1.888456,-1.192663,0.903506,0.008587,-0.013577,-0.002225
1771002539.604006,39.701514,-1.855646,-0.629316,1.102065,-0.003912,-0.021266,-0.000612
1771002539.609612,39.707121,-1.858054,-1.211477,0.906844,0.008835,-0.013861,-0.001737
1771002539.613930,39.711439,-1.458735,-0.440629,1.261303,0.008364,0.004165,0.010516
1771002539.618900,39.716408,-0.279933,-1.389151,-0.160025,0.012441,-0.013967,0.003401
1771002539.623960,39.721468,-0.244293,-0.482430,-1.475332,-0.006943,-0.006542,0.008580
1771002539.628852,39.726361,-0.035722,-0.059568,-0.486217,-0.000870,-0.008262,-0.000629
1771002539.633866,39.731375,-0.080048,-0.148598,-0.820625,-0.000613,-0.009341,-0.001217
