t_wall,t_rel,Fx,Fy,Fz,Mx,My,Mz
1770947948.974238,0.003397,0.008067,-0.029889,0.117547,-0.000318,0.000057,0.000315
1770947948.979215,0.008373,-0.290893,-0.071056,0.522477,0.006931,-0.006770,0.000640
1770947948.984212,0.013371,0.001226,0.007132,0.126227,-0.000801,-0.000074,0.000375
1770947948.989176,0.018334,0.010200,-0.033014,0.127365,-0.000425,-0.000371,0.000646
1770947948.994149,0.023308,-0.018350,-0.045767,0.073802,-0.000485,-0.000743,0.000269
1770947948.999126,0.028284,-0.031132,-0.128555,0.066163,0.000067,-0.000873,0.000068
1770947949.004108,0.033266,0.023833,-0.027326,0.115430,-0.000477,-0.000045,0.000672
1770947949.009090,0.038249,0.000211,-0.105182,0.091178,0.000476,-0.000248,0.000825
1770947949.014063,0.043221,-0.006528,-0.000053,0.134337,-0.000490,0.000005,0.000421
1770947949.019039,0.048198,-0.030398,-0.201786,0.048542,0.000997,-0.001055,0.000533
1770947949.024025,0.053184,0.008846,-0.076170,0.108115,0.000155,-0.000121,0.000397
1770947949.028982,0.058140,0.013478,-0.109326,0.103583,0.000299,-0.000177,0.000694
1770947949.033953,0.063112,0.011189,-0.013027,0.140579,-0.000717,-0.000161,0.000540
1770947949.038965,0.068124,-0.003837,-0.065263,0.123578,-0.000180,-0.000419,0.000541
1770947949.043933,0.073091,0.039697,-0.079422,0.124187,0.000067,0.000181,0.001052
1770947949.048913,0.078072,-0.026664,-0.114846,0.091734,0.000590,-0.000617,0.000415
1770947949.053899,0.083057,0.037046,-0.029200,0.123854,-0.000511,-0.000093,0.000840
1770947949.058875,0.088034,0.039154,-0.111615,0.084154,0.000388,-0.000114,0.000751
1770947949.063846,0.093004,0.037228,-0.086626,0.113639,0.000229,0.000040,0.000808
1770947949.068826,0.097985,0.024929,0.015707,0.152846,-0.001020,-0.000056,0.000637
1770947949.073804,0.102962,0.059821,-0.091261,0.107358,0.000016,-0.000137,0.001151
1770947949.078782,0.107941,0.040714,-0.020480,0.142294,-0.000355,0.000208,0.000806
1770947949.083763,0.112922,0.016865,-0.093383,0.081115,0.000188,-0.000429,0.000215
1770947949.088740,0.117898,-0.002383,-0.069737,0.090824,0.000163,-0.000146,0.000479
1770947949.093729,0.122887,-0.038787,-0.078657,0.165534,0.000316,-0.000358,0.000466
1770947949.098696,0.127854,-0.277980,0.638628,0.291256,0.001551,0.002723,-0.005497
1770947949.103968,0.133126,-0.001692,-0.072089,0.068111,0.000099,-0.000212,0.000435
1770947949.108665,0.137823,-0.026690,-0.091469,0.070153,-0.000156,-0.000845,0.000187
1770947949.113639,0.142797,0.003711,-0.034886,0.109342,-0.000609,-0.000404,0.000308
1770947949.118890,0.148048,-0.008567,-0.091803,0.069386,0.000196,-0.000452,0.000301
1770947949.123592,0.152750,0.001910,-0.107043,0.116983,0.000333,-0.000279,0.000782
1770947949.128569,0.157727,0.026715,-0.076162,0.120337,0.000098,-0.000286,0.000805
1770947949.133826,0.162984,0.010522,-0.019584,0.128347,-0.000607,-0.000124,0.000380
1770947949.138537,0.167695,0.018894,-0.048855,0.131940,0.000066,-0.000008,0.000549
1770947949.143508,0.172667,0.010912,-0.067698,0.125245,-0.000428,-0.000494,0.000517
1770947949.148762,0.177920,0.029287,-0.171322,0.084439,0.000801,-0.000457,0.001062
1770947949.153468,0.182626,-0.002474,-0.076083,0.106863,-0.000168,-0.000463,0.000391
1770947949.158717,0.187876,0.006730,-0.091769,0.126225,0.000034,-0.000566,0.000544
1770947949.163424,0.192582,-0.001850,0.002304,0.140378,-0.000518,0.000244,0.000529
1770947949.168417,0.197575,-0.005001,-0.003535,0.116777,-0.000826,-0.000074,0.000221
1770947949.173381,0.202539,0.021681,-0.059308,0.112513,-0.000093,-0.000255,0.000551
1770947949.178354,0.207513,-0.015615,-0.128630,0.075700,0.000323,-0.000905,0.000171
1770947949.183331,0.212490,0.002779,-0.032559,0.120183,-0.000344,0.000022,0.000409
1770947949.188308,0.217466,-0.284087,0.140907,0.572406,0.005443,-0.006726,-0.000580
1770947949.193287,0.222445,0.031928,-0.041505,0.151324,-0.000374,-0.000182,0.000875
1770947949.198273,0.227431,0.011970,-0.060708,0.099175,-0.000246,-0.000472,0.000307
1770947949.203246,0.232405,0.013744,-0.123918,0.078823,0.000307,-0.000505,0.000553
1770947949.208226,0.237385,-0.286857,0.002289,0.560621,0.006231,-0.007100,-0.000026
1770947949.213403,0.242561,0.009523,-0.103994,0.079556,0.000423,-0.000587,0.000365
1770947949.218406,0.247564,-0.286934,0.036048,0.548670,0.005964,-0.006962,-0.000187
1770947949.223375,0.252533,0.012976,-0.057713,0.094842,-0.000567,-0.000549,0.000145
1770947949.228339,0.257498,0.036049,-0.172211,0.068171,0.000842,-0.000370,0.000919
1770947949.233324,0.262483,0.016518,-0.157952,0.070138,0.000733,-0.000343,0.000617
1770947949.238074,0.267233,0.031788,-0.096837,0.093204,0.000322,-0.000423,0.000323
1770947949.243079,0.272237,0.012707,-0.125673,0.073451,0.000656,-0.000436,0.000848
1770947949.248050,0.277208,-0.003356,-0.012585,0.141408,-0.000332,-0.000039,0.000166
1770947949.253039,0.282197,-0.008115,-0.107695,0.089901,-0.000045,-0.000581,0.000374
1770947949.258009,0.287168,0.003070,-0.005570,0.136254,-0.000793,-0.000243,0.000438
1770947949.262983,0.292141,0.006659,-0.088104,0.101736,0.000412,-0.000246,0.000530
1770947949.267966,0.297124,0.023094,-0.094914,0.105579,0.000059,-0.000299,0.000715
1770947949.272943,0.302101,0.005278,-0.079395,0.109062,0.000429,-0.000088,0.000547
1770947949.277919,0.307077,0.027873,-0.036471,0.134234,-0.000545,-0.000046,0.000779
1770947949.282899,0.312057,-0.278651,0.052924,0.566006,0.006162,-0.007107,-0.000511
1770947949.287878,0.317036,-0.010093,-0.141174,0.082912,0.000840,-0.000665,0.000234
1770947949.292859,0.322017,-0.001587,-0.079543,0.093387,-0.000321,-0.000825,0.000454
1770947949.297840,0.326998,0.005398,0.001518,0.141200,-0.000561,0.000118,0.000698
1770947949.302814,0.331973,0.038719,-0.064998,0.112634,-0.000536,-0.000442,0.000595
1770947949.307792,0.336950,0.010719,-0.052318,0.108258,-0.000418,0.000011,0.000403
1770947949.312775,0.341934,0.036519,-0.059515,0.133664,-0.000176,-0.000053,0.000822
1770947949.317746,0.346904,0.023567,-0.019544,0.143066,-0.000456,-0.000026,0.000440
1770947949.322724,0.351882,-0.015180,-0.058296,0.097728,-0.000215,-0.000210,0.000360
1770947949.327705,0.356864,-0.019013,-0.098937,0.090671,0.000005,-0.000691,0.000075
1770947949.332683,0.361841,-0.285332,-0.038604,0.541119,0.006613,-0.006826,0.000333
1770947949.337661,0.366819,-0.008461,-0.181370,0.082844,0.001051,-0.000767,0.000809
1770947949.342638,0.371797,0.030107,-0.004953,0.147509,-0.000613,-0.000019,0.000675
1770947949.347619,0.376777,-0.020602,-0.047230,0.119847,0.000026,-0.000119,0.000490
1770947949.352609,0.381767,-0.017513,-0.066279,0.102591,-0.000066,-0.000397,-0.000018
1770947949.357578,0.386736,0.031058,-0.036077,0.116315,-0.000366,-0.000189,0.000595
1770947949.362553,0.391712,0.005256,-0.165634,0.117057,0.000899,-0.000625,0.000835
1770947949.367533,0.396691,-0.024658,-0.013846,0.119473,-0.000272,-0.000066,0.000335
1770947949.372516,0.401675,-0.019936,-0.152852,0.057654,0.000432,-0.000661,0.000257
1770947949.377496,0.406654,0.038098,-0.098563,0.087337,0.000460,-0.000121,0.000623
1770947949.382470,0.411629,-0.004242,-0.105325,0.105961,0.000028,-0.001007,0.000473
1770947949.387448,0.416606,-0.012682,-0.085572,0.095545,0.000271,-0.000346,0.000545
1770947949.392443,0.421601,-0.021540,-0.109291,0.085339,0.000669,-0.000186,0.000287
1770947949.397407,0.426565,-0.017479,-0.037784,0.125822,-0.000513,-0.000328,0.000027
1770947949.402385,0.431543,-0.321537,0.055022,0.615361,0.005322,-0.007748,-0.000405
1770947949.407365,0.436523,0.185635,1.510865,-1.009466,0.003627,0.013806,0.010807
1770947949.412343,0.441502,-0.009899,0.004752,0.120274,-0.000573,0.000117,0.000459
1770947949.417321,0.446480,-0.005212,-0.055936,0.109466,-0.000163,-0.000173,0.000393
1770947949.422300,0.451459,0.023576,-0.050303,0.110347,-0.000372,-0.000326,0.000226
1770947949.427275,0.456433,0.004197,-0.092244,0.093478,0.000241,-0.000441,0.000393
1770947949.432259,0.461418,-0.288686,0.005207,0.515211,0.006168,-0.007181,-0.000212
1770947949.437235,0.466394,-0.019905,-0.071757,0.100757,-0.000094,-0.000749,0.000193
1770947949.442213,0.471371,-0.000334,-0.027208,0.133537,-0.000331,-0.000054,0.000404
1770947949.447193,0.476352,0.012915,-0.081203,0.115154,0.000138,-0.000225,0.000646
1770947949.452176,0.481334,0.045050,-0.028055,0.151627,-0.000358,0.000166,0.001000
1770947949.457180,0.486338,0.026379,-0.040680,0.128683,-0.000652,-0.000299,0.000732
1770947949.462236,0.491395,-0.277916,0.010542,0.549416,0.006593,-0.006745,0.000352
1770947949.467113,0.496271,0.033354,-0.048194,0.107029,0.000089,0.000420,0.000685
1770947949.472088,0.501246,0.033928,-0.095328,0.118227,0.000250,-0.000362,0.000987
1770947949.477067,0.506225,0.035408,-0.073930,0.107921,-0.000066,-0.000373,0.000646
1770947949.482046,0.511204,0.012741,-0.062507,0.117622,-0.000248,-0.000129,0.000577
1770947949.487024,0.516182,0.016411,-0.058737,0.110141,0.000142,0.000075,0.000653
1770947949.492003,0.521162,0.043719,0.028251,0.157965,-0.001261,-0.000005,0.000710
1770947949.496982,0.526141,0.003385,-0.069246,0.092466,-0.000207,-0.000631,0.000222
1770947949.501957,0.531116,-0.018214,-0.116298,0.074723,0.000170,-0.000642,0.000298
1770947949.506936,0.536095,0.029160,0.012044,0.141667,-0.000596,0.000470,0.000779
1770947949.511916,0.541074,-0.276959,-0.079323,0.526819,0.007055,-0.006721,0.000400
1770947949.516896,0.546054,0.038583,-0.048594,0.144184,-0.000112,-0.000106,0.000999
1770947949.521874,0.551032,-0.021919,-0.037966,0.110764,-0.000453,-0.000285,0.000425
1770947949.526858,0.556016,-0.015315,-0.085973,0.114404,0.000220,-0.000262,0.000371
1770947949.531835,0.560994,-0.312723,0.030256,0.550764,0.006185,-0.006808,0.000001
1770947949.536809,0.565968,-0.000898,-0.040024,0.111628,-0.000231,-0.000310,0.000483
1770947949.541789,0.570947,-0.026777,-0.094595,0.073166,0.000436,-0.000572,0.000160
1770947949.546767,0.575925,-0.278480,0.023341,0.546350,0.006511,-0.006659,-0.000093
1770947949.551790,0.580948,-0.001084,-0.143488,0.082901,0.000726,-0.000505,0.000604
1770947949.556731,0.585890,0.037811,-0.082389,0.122921,0.000160,-0.000364,0.000667
1770947949.561711,0.590869,0.024642,-0.054783,0.118782,0.000090,0.000110,0.000563
1770947949.566688,0.595846,0.025127,-0.110715,0.112421,0.000536,-0.000197,0.000746
1770947949.571677,0.600836,0.025049,-0.048793,0.115579,-0.000686,-0.000226,0.000538
1770947949.576682,0.605840,0.038090,-0.082060,0.143941,0.000331,-0.000110,0.000888
1770947949.581620,0.610779,0.026300,-0.081473,0.120087,-0.000050,-0.000455,0.000659
1770947949.586943,0.616101,-0.293591,0.071234,0.568623,0.005937,-0.006774,-0.000328
1770947949.591579,0.620737,0.016466,-0.095022,0.087296,0.000138,-0.000500,0.000392
1770947949.596559,0.625718,-0.019380,-0.078843,0.077876,0.000039,-0.000558,0.000412
1770947949.601853,0.631011,0.035669,-0.053715,0.112479,-0.000041,0.000163,0.000950
1770947949.606518,0.635676,0.038297,-0.033380,0.161292,0.000153,0.000537,0.001070
1770947949.611495,0.640654,0.022850,-0.005485,0.129137,-0.000556,0.000210,0.000714
1770947949.616788,0.645946,0.042774,-0.057524,0.142155,-0.000024,-0.000008,0.000874
1770947949.621457,0.650616,0.002986,-0.121991,0.091630,0.000380,-0.000500,0.000248
1770947949.626730,0.655889,-0.001770,-0.059145,0.087503,-0.000476,-0.000536,0.000349
1770947949.631412,0.660570,-0.040988,-0.148744,0.066391,0.000549,-0.000974,0.000064
1770947949.636420,0.665578,0.005055,-0.111856,0.094793,0.000367,-0.000637,0.000295
1770947949.641673,0.670832,-0.001837,-0.103887,0.114171,0.000403,-0.000571,0.000625
1770947949.646342,0.675500,-0.014712,-0.019558,0.122166,-0.000687,-0.000204,0.000364
1770947949.651323,0.680481,0.003107,-0.122767,0.087636,0.000690,-0.000096,0.000556
1770947949.657019,0.686177,-0.286948,0.075349,0.569530,0.005925,-0.006890,-0.000376
1770947949.661402,0.690560,-0.015615,-0.077142,0.104846,-0.000278,-0.000879,0.000068
1770947949.666934,0.696092,0.011798,-0.046921,0.124556,-0.000115,0.000032,0.000657
1770947949.671467,0.700625,-0.011743,-0.057497,0.092174,-0.000487,-0.000576,0.000223
1770947949.676483,0.705642,0.031604,-0.090218,0.101107,0.000369,0.000139,0.000741
1770947949.681712,0.710871,0.016304,-0.019701,0.141846,-0.000709,-0.000306,0.000370
1770947949.686390,0.715548,0.002227,-0.018015,0.133109,-0.000231,0.000079,0.000528
1770947949.691356,0.720514,-0.013265,-0.112177,0.077209,0.000618,-0.000439,0.000270
1770947949.696907,0.726066,0.033561,-0.059213,0.121698,-0.000061,-0.000277,0.000772
1770947949.701225,0.730384,-0.016827,-0.127024,0.072130,0.000527,-0.000557,0.000377
1770947949.706309,0.735467,0.003073,-0.049418,0.139688,-0.000390,-0.000309,0.000176
1770947949.711482,0.740640,-0.805458,0.030008,0.367882,0.004029,-0.014651,0.001355
1770947949.716910,0.746068,-0.140184,-0.312116,-0.239841,0.003520,-0.000451,-0.000871
1770947949.721298,0.750456,-0.007272,-0.063283,0.092330,-0.000169,-0.000442,0.000236
1770947949.726213,0.755372,0.008460,0.003038,0.130710,-0.000801,0.000019,0.000646
1770947949.731633,0.760792,0.024869,-0.075052,0.107427,0.000202,-0.000026,0.000773
1770947949.735997,0.765155,0.029606,-0.063316,0.092421,-0.000118,-0.000209,0.000517
1770947949.740941,0.770099,0.004558,-0.032776,0.110145,-0.000257,-0.000090,0.000575
1770947949.746189,0.775347,0.003715,-0.064958,0.092714,0.000133,-0.000239,0.000411
1770947949.750892,0.780051,0.038853,-0.082254,0.115872,-0.000093,-0.000564,0.000916
1770947949.755871,0.785029,-0.286732,0.005234,0.552577,0.006328,-0.007143,-0.000027
1770947949.760847,0.790005,0.001710,-0.091697,0.076063,0.000328,-0.000212,0.000513
1770947949.765823,0.794981,0.021100,-0.081154,0.108998,0.000136,-0.000151,0.000824
1770947949.770799,0.799957,0.034077,-0.100752,0.091250,0.000312,-0.000157,0.000540
1770947949.775772,0.804930,0.008478,-0.002576,0.137662,-0.000561,-0.000003,0.000454
1770947949.780764,0.809922,0.024923,-0.057445,0.109159,-0.000109,-0.000200,0.000498
1770947949.785757,0.814915,0.027601,-0.058082,0.117495,-0.000284,-0.000099,0.000536
1770947949.790999,0.820157,0.005448,-0.117303,0.078768,0.000274,-0.000780,0.000586
1770947949.795705,0.824864,-0.002863,-0.112327,0.089387,0.000370,-0.000433,0.000659
1770947949.801214,0.830372,0.013246,-0.048853,0.115157,-0.000134,0.000011,0.000725
1770947949.805661,0.834819,0.027093,-0.006167,0.127483,-0.000653,0.000018,0.000605
1770947949.810638,0.839797,0.035731,-0.075045,0.092630,-0.000057,-0.000090,0.000680
1770947949.815891,0.845049,0.013656,-0.096624,0.073638,0.000222,-0.000316,0.000355
1770947949.820603,0.849761,-0.000754,-0.104911,0.075029,0.000438,-0.000293,0.000635
1770947949.825574,0.854733,-0.025652,-0.112404,0.100400,0.000603,-0.000524,0.000370
1770947949.830559,0.859717,0.004760,-0.046073,0.110532,-0.000533,-0.000414,0.000409
1770947949.835812,0.864970,-0.014777,-0.079993,0.100640,-0.000196,-0.000426,0.000148
1770947949.840494,0.869652,0.018187,-0.025772,0.119662,-0.000506,0.000055,0.000621
1770947949.845500,0.874659,0.042297,-0.063287,0.102632,-0.000131,-0.000087,0.000665
1770947949.850756,0.879915,-0.004115,-0.031624,0.107814,-0.000451,-0.000365,0.000431
1770947949.855446,0.884604,0.010016,-0.063254,0.094923,-0.000192,-0.000346,0.000318
1770947949.860444,0.889602,0.033581,-0.064075,0.113605,-0.000068,-0.000140,0.000680
1770947949.865687,0.894846,0.020529,-0.037634,0.095527,-0.000459,-0.000108,0.000519
1770947949.870359,0.899517,-0.009811,-0.062880,0.074603,-0.000222,-0.000419,0.000380
1770947949.875648,0.904806,0.033694,-0.087135,0.101102,0.000326,0.000107,0.000638
1770947949.880322,0.909480,0.010501,-0.078347,0.079365,-0.000038,-0.000381,0.000499
1770947949.885299,0.914458,0.009273,-0.093368,0.088470,0.000248,-0.000278,0.000489
1770947949.890324,0.919482,0.040407,-0.016545,0.131004,-0.000202,0.000419,0.000984
1770947949.895272,0.924431,0.013084,-0.060571,0.091761,-0.000299,-0.000714,0.000340
1770947949.900251,0.929409,0.017462,-0.115298,0.089205,0.000198,-0.000658,0.000712
1770947949.905263,0.934422,0.011980,-0.122249,0.093906,0.000414,-0.000453,0.000662
1770947949.910196,0.939354,0.020321,-0.027484,0.085894,-0.000738,-0.000236,0.000524
1770947949.915179,0.944337,0.015109,-0.013155,0.118556,-0.000580,-0.000111,0.000468
1770947949.920177,0.949336,0.006952,-0.037708,0.104550,-0.000134,0.000137,0.000564
1770947949.925157,0.954315,0.010747,-0.047157,0.102486,-0.000089,0.000164,0.000605
1770947949.930168,0.959327,0.011818,-0.052554,0.097836,-0.000178,-0.000381,0.000531
1770947949.935196,0.964355,0.041458,-0.081281,0.062634,0.000084,-0.000187,0.000237
1770947949.940085,0.969244,-0.032051,-0.203726,0.027978,0.000828,-0.001240,0.000335
1770947949.945062,0.974220,0.006752,-0.071010,0.076885,-0.000063,-0.000309,0.000568
1770947949.950131,0.979290,0.025965,0.004024,0.124508,-0.000821,-0.000171,0.000515
1770947949.955006,0.984164,-0.001582,0.020845,0.130863,-0.000696,0.000047,0.000379
1770947949.960051,0.989209,-0.011761,-0.118988,0.092433,0.000412,-0.000989,0.000261
1770947949.965008,0.994166,0.039370,-0.114554,0.073736,0.000108,-0.000407,0.000858
1770947949.969946,0.999104,0.009861,-0.015276,0.108538,-0.000453,-0.000028,0.000415
1770947949.974938,1.004097,0.013665,-0.020944,0.118649,-0.000628,-0.000272,0.000454
1770947949.979908,1.009066,-0.029357,-0.082510,0.090169,0.000119,-0.000533,0.000243
1770947949.984879,1.014037,0.014386,-0.053139,0.085721,-0.000013,-0.000158,0.000524
1770947949.989851,1.019010,0.018782,-0.068218,0.094286,-0.000313,-0.000423,0.000189
1770947949.994862,1.024020,-0.011258,-0.048333,0.080922,-0.000561,-0.000788,-0.000019
1770947949.999813,1.028971,0.034222,-0.046328,0.080859,-0.000279,-0.000157,0.000459
1770947950.004787,1.033946,0.012495,-0.045376,0.088010,-0.000190,-0.000143,0.000458
1770947950.009908,1.039066,-0.014912,-0.084568,0.062962,-0.000133,-0.000674,0.000070
1770947950.014760,1.043918,-0.038884,-0.060182,0.138334,-0.000117,-0.000826,0.000285
1770947950.019747,1.048906,-0.717858,-0.276563,-0.644975,-0.002830,-0.007773,-0.000950
1770947950.024731,1.053889,0.006389,-0.011434,0.097216,-0.000614,-0.000001,0.000466
1770947950.029999,1.059157,-0.016907,-0.013273,0.104178,-0.000587,0.000009,0.000147
1770947950.034696,1.063854,0.010256,-0.039742,0.096238,-0.000578,-0.000475,0.000542
1770947950.039804,1.068962,0.005559,-0.053273,0.079872,-0.000388,-0.000442,0.000286
1770947950.044824,1.073982,0.030254,-0.071240,0.082967,0.000355,0.000292,0.000647
1770947950.049683,1.078841,-0.026252,-0.127703,0.043126,0.000126,-0.000992,0.000078
1770947950.054971,1.084130,0.010345,-0.089693,0.069897,0.000439,-0.000151,0.000411
1770947950.059881,1.089040,-0.008057,-0.088303,0.094192,0.000088,-0.000876,0.000391
1770947950.064581,1.093740,0.016106,-0.143685,0.056734,0.000536,-0.000274,0.000569
1770947950.069509,1.098667,0.008211,-0.081312,0.083416,0.000183,-0.000144,0.000378
1770947950.074490,1.103648,0.045500,-0.117518,0.085747,0.000322,-0.000261,0.000961
1770947950.079504,1.108662,0.030497,-0.008810,0.123006,-0.000824,-0.000092,0.000408
1770947950.084585,1.113744,-0.015708,0.000247,0.085372,-0.000925,-0.000268,0.000328
1770947950.089700,1.118859,0.023426,-0.036604,0.119105,0.000044,0.000236,0.000533
1770947950.094468,1.123626,0.004791,-0.022729,0.096760,-0.000746,-0.000322,0.000319
1770947950.099395,1.128553,0.001284,-0.082803,0.071433,0.000361,0.000234,0.000701
1770947950.104393,1.133551,0.029611,-0.050248,0.076890,-0.000400,-0.000300,0.000528
1770947950.109372,1.138530,-0.011234,-0.031590,0.068974,-0.000619,-0.000350,0.000189
1770947950.114577,1.143736,-0.007651,-0.111366,0.079122,0.000554,-0.000351,0.000525
1770947950.119304,1.148463,0.007929,-0.129470,0.026248,0.000440,-0.000462,0.000484
1770947950.124499,1.153657,0.016661,-0.068685,0.070269,-0.000111,-0.000159,0.000266
1770947950.129264,1.158422,0.002759,-0.078046,0.092614,0.000076,-0.000347,0.000555
1770947950.134239,1.163397,0.023640,0.013680,0.119015,-0.000958,0.000141,0.000608
1770947950.139389,1.168547,-0.014161,-0.099827,0.094272,0.000134,-0.000648,0.000237
1770947950.144294,1.173453,-0.048330,-0.154655,0.010857,0.000372,-0.001347,-0.000169
1770947950.149723,1.178881,0.001092,-0.033516,0.089566,-0.000455,-0.000536,0.000333
1770947950.154182,1.183340,0.029400,-0.076049,0.073227,-0.000146,-0.000110,0.000598
1770947950.159218,1.188376,-0.012502,0.020596,0.127689,-0.000731,0.000007,0.000229
1770947950.164122,1.193280,0.021299,-0.056275,0.085490,-0.000075,-0.000125,0.000462
1770947950.169094,1.198252,-0.020833,-0.014911,0.082561,-0.000414,-0.000084,-0.000082
1770947950.174061,1.203219,0.030819,-0.063317,0.094468,-0.000421,-0.000631,0.000519
1770947950.179039,1.208198,0.012464,-0.029126,0.087575,-0.000286,0.000089,0.000660
1770947950.184027,1.213185,0.035132,-0.042924,0.098477,-0.000551,-0.000424,0.000615
1770947950.189009,1.218167,-0.028404,-0.031724,0.094244,-0.000254,-0.000144,0.000393
1770947950.193981,1.223140,0.031047,0.031671,0.120947,-0.001187,0.000157,0.000731
1770947950.199038,1.228196,0.007220,-0.039511,0.081106,-0.000285,-0.000132,0.000435
1770947950.203948,1.233106,0.032339,-0.050453,0.107176,0.000115,0.000105,0.000818
1770947950.208951,1.238110,0.017084,-0.057093,0.078110,-0.000163,-0.000341,0.000348
1770947950.213928,1.243086,0.039630,-0.028365,0.093809,-0.000716,-0.000055,0.000789
1770947950.218889,1.248047,-0.023401,-0.083784,0.068348,-0.000105,-0.000696,0.000476
1770947950.223855,1.253013,0.032945,-0.024468,0.088901,-0.001228,-0.000465,0.000581
1770947950.228852,1.258011,-0.002427,-0.072584,0.076870,-0.000278,-0.000541,0.000355
1770947950.233883,1.263041,0.039792,0.018182,0.116078,-0.000809,0.000131,0.000664
1770947950.238798,1.267957,0.027900,-0.092356,0.081336,-0.000192,-0.000747,0.000448
1770947950.245170,1.274328,0.040731,-0.043432,0.121731,-0.000447,-0.000085,0.000552
1770947950.248781,1.277940,0.007246,-0.086791,0.099642,0.000050,-0.000216,0.000523
1770947950.253721,1.282879,-0.015875,-0.076204,0.084401,0.000102,-0.000562,0.000336
1770947950.258718,1.287876,0.021933,-0.044046,0.109732,0.000024,0.000199,0.000600
1770947950.263698,1.292857,-0.006726,-0.087481,0.060750,-0.000368,-0.000718,0.000243
1770947950.268729,1.297887,0.015098,-0.075139,0.086577,0.000101,-0.000091,0.000461
1770947950.273639,1.302797,-0.009548,-0.039158,0.078713,-0.000461,-0.000299,0.000123
1770947950.278610,1.307768,0.039154,-0.043397,0.091764,-0.000060,0.000195,0.000526
1770947950.283709,1.312867,0.013319,-0.034594,0.095483,-0.000291,-0.000064,0.000503
1770947950.288615,1.317774,0.026526,-0.092668,0.085009,0.000020,-0.000378,0.000878
1770947950.293579,1.322738,0.017018,-0.145649,0.072996,0.000535,-0.000511,0.000614
1770947950.298573,1.327732,0.005250,-0.038415,0.118302,-0.000145,0.000017,0.000615
1770947950.303502,1.332660,-0.011863,-0.136664,0.035171,0.000426,-0.000589,0.000042
1770947950.308493,1.337652,0.015069,-0.088277,0.087320,0.000157,-0.000159,0.000644
1770947950.313488,1.342647,0.020500,-0.064492,0.073969,0.000023,-0.000284,0.000382
1770947950.318524,1.347682,-0.008674,-0.150476,0.055506,0.000389,-0.000885,0.000605
1770947950.323452,1.352611,-0.297513,0.013615,0.603788,0.006259,-0.006941,-0.000139
1770947950.328565,1.357724,0.770440,-0.531643,-0.724069,0.000915,-0.000011,0.015958
1770947950.333392,1.362550,0.017456,-0.089145,0.066685,0.000148,-0.000482,0.000238
1770947950.338384,1.367542,-0.005244,-0.098515,0.062643,0.000124,-0.000407,0.000428
1770947950.344454,1.373612,-0.000550,-0.102908,0.059687,0.000187,-0.000189,0.000430
1770947950.348418,1.377576,0.003951,-0.122677,0.045468,0.000340,-0.000593,0.000260
1770947950.353387,1.382545,0.015981,-0.099410,0.075503,0.000176,-0.000240,0.000558
1770947950.358271,1.387429,-0.039540,-0.075270,0.071105,0.000040,-0.000560,0.000180
1770947950.363252,1.392410,-0.013721,0.011802,0.119842,-0.000619,0.000343,0.000327
1770947950.368227,1.397385,0.021248,-0.030066,0.121727,-0.000245,0.000122,0.000392
1770947950.373196,1.402355,0.020245,-0.073532,0.104900,0.000275,0.000139,0.000629
1770947950.378213,1.407372,-0.003213,-0.051872,0.080062,-0.000054,0.000146,0.000465
1770947950.383207,1.412365,0.012279,-0.048033,0.095048,-0.000533,-0.000379,0.000179
1770947950.388134,1.417293,0.022222,-0.074225,0.097527,0.000323,0.000235,0.000946
1770947950.393123,1.422282,-0.012782,-0.030720,0.107762,-0.000188,0.000001,0.000073
1770947950.398109,1.427267,-0.004665,-0.105025,0.057613,0.000185,-0.000525,0.000121
1770947950.403074,1.432232,0.023857,-0.063339,0.090104,-0.000317,-0.000627,0.000481
1770947950.408041,1.437199,0.005885,-0.056987,0.112417,-0.000566,-0.000799,0.000382
1770947950.413105,1.442263,0.026371,0.010536,0.128836,-0.000739,0.000056,0.000356
1770947950.418018,1.447177,-0.049251,-0.083427,0.076314,0.000113,-0.000596,0.000076
1770947950.422981,1.452139,0.006840,-0.092247,0.083092,0.000444,-0.000128,0.000347
1770947950.428138,1.457296,-0.037685,-0.193687,0.003257,0.000896,-0.001053,0.000023
1770947950.432951,1.462110,0.025661,-0.078109,0.095641,0.000401,0.000114,0.000822
1770947950.437928,1.467086,0.024063,-0.050653,0.101499,0.000114,0.000278,0.000560
1770947950.442945,1.472104,0.008189,-0.077200,0.106244,-0.000016,-0.000508,0.000456
1770947950.447930,1.477088,0.039780,0.040474,0.158368,-0.001016,0.000206,0.000726
1770947950.452871,1.482029,0.047486,-0.070740,0.096933,0.000272,0.000073,0.000784
1770947950.457834,1.486993,-0.010599,-0.046212,0.088078,-0.000470,-0.000428,0.000044
1770947950.462878,1.492036,-0.272775,0.049787,0.549086,0.005947,-0.006804,0.000237
1770947950.468121,1.497279,-0.003852,-0.061558,0.067079,-0.000163,-0.000392,0.000186
1770947950.472798,1.501956,0.004463,-0.013943,0.101581,-0.000445,-0.000039,0.000397
1770947950.477785,1.506944,0.023274,-0.017062,0.089574,-0.000624,-0.000194,0.000449
1770947950.482816,1.511975,0.023093,-0.066404,0.101708,-0.000362,-0.000365,0.000387
1770947950.487714,1.516872,0.033842,-0.053671,0.111674,-0.000136,0.000074,0.000466
1770947950.492692,1.521851,0.026522,-0.008186,0.142054,-0.000440,0.000367,0.000642
1770947950.497722,1.526881,0.013382,-0.045282,0.099967,-0.000383,-0.000333,0.000643
1770947950.502695,1.531854,0.001365,-0.116699,0.075811,0.000448,-0.000353,0.000545
1770947950.507624,1.536782,0.002666,-0.178182,0.066105,0.001216,-0.000248,0.000848
1770947950.512792,1.541951,-0.001928,-0.025518,0.085376,-0.000746,-0.000410,0.000106
1770947950.517682,1.546840,-0.029053,-0.060451,0.085989,-0.000090,-0.000337,0.000378
1770947950.522555,1.551714,0.020312,-0.044383,0.093548,-0.000158,0.000067,0.000495
1770947950.527585,1.556743,0.003562,-0.078615,0.076559,-0.000192,-0.000492,0.000436
1770947950.532577,1.561736,-0.043758,-0.195148,0.034449,0.000673,-0.001369,0.000226
1770947950.537502,1.566660,0.050258,-0.020565,0.124101,-0.000299,0.000196,0.000662
1770947950.542474,1.571633,-0.023018,-0.099782,0.075022,0.000034,-0.000659,0.000304
1770947950.547454,1.576612,0.018276,-0.002346,0.127218,-0.000645,-0.000095,0.000401
1770947950.552440,1.581599,0.020010,-0.042234,0.117886,-0.000390,-0.000045,0.000627
1770947950.557417,1.586576,0.012220,-0.083980,0.112613,0.000394,-0.000094,0.000730
1770947950.562624,1.591782,0.006568,-0.060264,0.092125,-0.000271,-0.000598,0.000282
1770947950.567440,1.596598,0.017690,-0.075524,0.077807,0.000065,0.000050,0.000453
1770947950.572436,1.601595,-0.048008,-0.168357,0.044611,0.000773,-0.001131,0.000014
1770947950.577327,1.606485,0.019777,-0.046993,0.138011,-0.000050,0.000213,0.000973
1770947950.582331,1.611490,0.013429,-0.048896,0.082489,-0.000257,-0.000312,0.000168
1770947950.587370,1.616528,-0.020558,-0.084087,0.090986,0.000041,-0.000770,0.000310
1770947950.592302,1.621460,0.009891,-0.121480,0.094612,0.000711,-0.000231,0.000535
1770947950.597252,1.626410,-0.015466,-0.090708,0.076766,0.000138,-0.000716,0.000137
1770947950.602327,1.631485,0.007763,-0.123038,0.047202,0.000487,-0.000311,0.000410
1770947950.607212,1.636370,-0.003234,-0.055881,0.106030,-0.000057,-0.000447,0.000204
1770947950.612273,1.641431,0.025552,-0.004730,0.133117,-0.000547,0.000003,0.000624
1770947950.617233,1.646391,-0.290585,0.128211,0.585269,0.005712,-0.006303,-0.000123
1770947950.622145,1.651303,0.008105,-0.135034,0.074205,0.000292,-0.000611,0.000634
1770947950.627123,1.656281,-0.269494,-0.067860,0.511123,0.006846,-0.006607,0.000741
1770947950.632089,1.661247,-0.298364,-0.125842,0.570878,0.007396,-0.007038,0.000910
1770947950.637092,1.666251,-1.895253,1.915782,-2.369341,-0.010284,0.003376,-0.006796
1770947950.642067,1.671225,0.118524,1.709457,-3.363309,-0.004685,0.003666,-0.002485
1770947950.647071,1.676229,0.178905,1.713640,-3.374300,-0.004578,0.003957,-0.002335
1770947950.652024,1.681183,0.132665,2.003399,-3.405799,-0.005413,0.003295,-0.002858
1770947950.656998,1.686157,0.126221,1.931042,-3.432418,-0.005486,0.003908,-0.002630
1770947950.661980,1.691138,0.163766,1.655721,-3.439071,-0.004082,0.004324,-0.003091
1770947950.666965,1.696123,0.114292,1.833690,-3.380638,-0.004803,0.003167,-0.002665
1770947950.671937,1.701095,0.129473,1.773768,-3.490155,-0.004039,0.003971,-0.002792
1770947950.676912,1.706070,0.134056,1.763487,-3.529982,-0.004665,0.004114,-0.002914
1770947950.681911,1.711069,0.158103,1.846918,-3.444690,-0.004627,0.004491,-0.002694
1770947950.686873,1.716031,0.117661,1.696879,-3.420203,-0.004442,0.004033,-0.003689
1770947950.691847,1.721005,0.163688,1.945411,-3.499373,-0.004237,0.003583,-0.002616
1770947950.696824,1.725982,0.120265,1.598819,-3.514948,-0.003505,0.004133,-0.003159
1770947950.701802,1.730960,0.132533,1.776863,-3.435770,-0.004677,0.004028,-0.002941
1770947950.706796,1.735954,0.106861,1.767752,-3.446586,-0.004051,0.004148,-0.002829
1770947950.711839,1.740998,0.090150,1.705254,-3.434138,-0.004175,0.003901,-0.002868
1770947950.716739,1.745897,0.180081,1.863833,-3.461421,-0.004812,0.004263,-0.002881
1770947950.721720,1.750878,0.139720,1.914131,-3.457059,-0.004386,0.003906,-0.002365
1770947950.726696,1.755855,0.136666,1.739928,-3.426902,-0.004098,0.003920,-0.002903
1770947950.731754,1.760913,0.147241,1.725072,-3.529624,-0.004326,0.004692,-0.003236
1770947950.736749,1.765908,0.245410,1.780049,-3.115131,-0.007811,0.003496,-0.002185
1770947950.741646,1.770804,0.045906,-0.104787,0.066211,0.000327,-0.000022,0.000980
1770947950.746769,1.775928,0.003703,0.006389,0.099183,-0.001214,-0.000216,0.000322
1770947950.751601,1.780759,-0.017061,-0.042690,0.085706,-0.000528,-0.000669,0.000268
1770947950.756579,1.785738,0.030129,-0.070557,0.084834,-0.000222,-0.000397,0.000218
1770947950.761549,1.790708,0.023544,-0.054416,0.094945,-0.000052,0.000004,0.000678
1770947950.766540,1.795698,0.002979,-0.030177,0.099848,-0.000249,0.000074,0.000314
1770947950.771515,1.800673,-0.008600,-0.097791,0.068977,0.000288,-0.000150,0.000386
1770947950.776462,1.805620,0.017966,-0.056575,0.086855,-0.000192,-0.000094,0.000459
1770947950.781507,1.810665,-0.292380,0.025899,0.517550,0.006307,-0.006969,-0.000012
1770947950.786443,1.815601,-0.023451,-0.074778,0.078757,0.000051,-0.000626,0.000011
1770947950.791422,1.820581,-0.003288,-0.052297,0.087811,-0.000443,-0.000323,0.000097
1770947950.796429,1.825587,0.000193,-0.022180,0.094222,-0.000374,-0.000141,0.000273
1770947950.801376,1.830534,0.006255,0.019171,0.134325,-0.000895,-0.000002,0.000417
1770947950.806371,1.835530,0.013258,-0.039914,0.107520,-0.000118,0.000051,0.000467
1770947950.811608,1.840767,-0.023744,-0.150000,0.066903,0.000594,-0.000755,0.000383
1770947950.816323,1.845481,-0.012233,-0.072225,0.092187,-0.000346,-0.000471,0.000221
1770947950.821332,1.850490,0.008691,-0.095870,0.089314,0.000510,-0.000234,0.000476
1770947950.826291,1.855449,-0.000242,-0.104408,0.068499,0.000584,-0.000353,0.000493
1770947950.831515,1.860674,-0.030986,-0.105661,0.069785,0.000281,-0.000744,0.000033
1770947950.836253,1.865411,-0.013053,-0.142149,0.066843,0.000401,-0.000943,0.000306
1770947950.841235,1.870393,0.007403,-0.074016,0.088582,0.000072,-0.000202,0.000333
1770947950.846216,1.875374,-0.006107,-0.112114,0.078183,0.000477,-0.000356,0.000365
1770947950.851182,1.880340,0.041619,0.004881,0.131279,-0.000286,0.000683,0.000876
1770947950.856162,1.885320,0.013241,-0.063564,0.105741,0.000084,-0.000118,0.000795
1770947950.861118,1.890277,-0.284902,-0.003416,0.539825,0.006669,-0.006440,0.000140
1770947950.866104,1.895262,0.010113,0.042794,0.138997,-0.000758,0.000506,0.000713
1770947950.871148,1.900306,-0.024438,-0.128562,0.039371,0.000024,-0.001150,-0.000157
1770947950.876049,1.905207,0.013718,-0.035872,0.092484,-0.000699,-0.000358,0.000404
1770947950.881062,1.910220,0.021212,-0.010546,0.114192,-0.000607,0.000060,0.000553
1770947950.886019,1.915178,0.045253,-0.053604,0.103286,-0.000311,-0.000300,0.000318
1770947950.891004,1.920162,0.003015,-0.064884,0.087295,0.000033,-0.000230,0.000528
1770947950.895976,1.925134,0.013329,-0.069751,0.087404,0.000222,-0.000061,0.000704
1770947950.900967,1.930126,0.024829,-0.066277,0.087475,-0.000054,-0.000693,0.000413
1770947950.905921,1.935080,0.031552,-0.002390,0.144107,-0.000412,0.000448,0.000805
1770947950.910920,1.940078,0.012349,0.048256,0.149772,-0.001332,0.000017,0.000392
1770947950.915885,1.945043,0.009613,-0.031377,0.120325,-0.000344,-0.000025,0.000479
1770947950.920877,1.950036,-0.029768,-0.132584,0.082000,0.000414,-0.000827,0.000259
1770947950.925933,1.955091,0.021128,-0.096601,0.100239,0.000358,0.000031,0.000907
1770947950.930884,1.960043,-0.011790,-0.050027,0.074232,-0.000216,-0.000364,0.000332
1770947950.935950,1.965108,-0.343554,-0.071789,0.536188,0.007035,-0.007019,0.000299
1770947950.940797,1.969955,-0.700782,-0.531864,0.201358,0.007642,-0.013680,-0.011485
1770947950.945826,1.974985,-0.283621,-0.036236,0.520366,0.006701,-0.006844,0.000222
1770947950.950734,1.979892,-0.007045,-0.083161,0.075978,0.000334,-0.000206,0.000481
1770947950.955707,1.984865,-0.017550,0.009811,0.134763,-0.000398,0.000314,0.000237
1770947950.960697,1.989856,-0.032588,-0.086713,0.088447,0.000099,-0.000520,0.000268
1770947950.965706,1.994865,0.002874,-0.120695,0.095045,0.000341,-0.000740,0.000573
1770947950.970665,1.999823,0.028040,-0.064169,0.106449,-0.000145,-0.000197,0.000423
1770947950.975620,2.004779,-0.325421,0.070519,0.557672,0.005958,-0.006972,-0.000469
1770947950.980690,2.009848,-0.006360,-0.177265,0.067149,0.000893,-0.000809,0.000603
1770947950.985586,2.014744,-0.246606,-0.073221,0.540051,0.007070,-0.006094,0.000300
1770947950.990889,2.020048,0.031614,-0.040006,0.120100,-0.000829,-0.000581,0.000457
1770947950.995615,2.024774,0.010489,-0.090644,0.077505,0.000513,-0.000137,0.000298
1770947951.000550,2.029708,-0.003444,-0.063568,0.068834,-0.000143,-0.000512,0.000360
1770947951.005516,2.034674,0.000459,-0.056611,0.089659,-0.000161,-0.000127,0.000344
1770947951.010558,2.039716,-0.020258,-0.091918,0.069772,0.000082,-0.000655,0.000045
1770947951.015557,2.044715,0.023754,-0.005645,0.120824,-0.000651,0.000201,0.000382
1770947951.020477,2.049635,-0.004507,-0.070426,0.094401,-0.000220,-0.000683,0.000497
1770947951.025403,2.054561,0.033911,-0.035713,0.102570,-0.000413,-0.000221,0.000386
1770947951.030414,2.059573,0.021008,-0.073541,0.100959,-0.000218,-0.000335,0.000638
1770947951.035429,2.064587,0.057376,-0.038871,0.101109,-0.000246,0.000085,0.000658
1770947951.040415,2.069573,-0.006005,-0.077749,0.080969,-0.000125,-0.000612,0.000237
1770947951.045360,2.074518,0.001481,-0.015674,0.110899,-0.000346,-0.000047,0.000592
1770947951.050304,2.079462,-0.004835,-0.069701,0.095276,0.000208,-0.000129,0.000742
1770947951.055296,2.084454,-0.008385,-0.078031,0.095224,-0.000095,-0.000476,0.000252
1770947951.060361,2.089519,0.012906,-0.050873,0.117829,-0.000207,-0.000385,0.000465
1770947951.065301,2.094460,0.023967,-0.004026,0.119673,-0.000627,-0.000036,0.000628
1770947951.070217,2.099375,0.023904,0.025107,0.130219,-0.000690,0.000541,0.000631
1770947951.075277,2.104435,0.024248,-0.107673,0.116967,0.000480,-0.000193,0.000976
1770947951.080253,2.109411,0.045613,-0.063385,0.113953,0.000032,0.000091,0.001035
1770947951.085150,2.114308,0.021843,-0.065564,0.089477,0.000108,-0.000140,0.000454
1770947951.090131,2.119290,0.007355,-0.075458,0.075356,-0.000174,-0.000531,0.000505
1770947951.095113,2.124271,-0.027647,-0.143506,0.049266,0.000466,-0.000953,0.000427
1770947951.100106,2.129264,0.042135,-0.068329,0.082956,-0.000216,-0.000342,0.000712
1770947951.105065,2.134223,0.032993,0.041064,0.137812,-0.001038,0.000384,0.000703
1770947951.110051,2.139210,0.037010,-0.017400,0.129435,0.000043,0.000512,0.000848
1770947951.115090,2.144248,0.001668,-0.191370,0.062395,0.000774,-0.000791,0.000850
1770947951.120017,2.149175,0.027910,-0.089128,0.096437,0.000004,-0.000300,0.000751
1770947951.124983,2.154141,0.029615,-0.019479,0.125891,-0.000719,-0.000177,0.000503
1770947951.129957,2.159116,-0.022250,-0.084654,0.059633,0.000235,-0.000308,0.000291
1770947951.134989,2.164147,-0.031263,-0.153465,0.044164,0.000119,-0.001246,0.000117
1770947951.139977,2.169136,-0.014110,-0.130916,0.054663,0.000264,-0.000685,0.000360
1770947951.145274,2.174432,0.025988,-0.066091,0.090405,0.000037,-0.000001,0.000732
1770947951.150141,2.179300,0.021288,-0.117025,0.062017,0.000228,-0.000569,0.000306
1770947951.154845,2.184003,0.001467,-0.037711,0.088853,-0.000540,-0.000476,0.000401
1770947951.159822,2.188980,0.012112,-0.035525,0.121936,-0.000343,-0.000127,0.000581
1770947951.164882,2.194041,0.009922,-0.031544,0.079827,-0.000400,-0.000077,0.000395
1770947951.169905,2.199064,0.022522,-0.033137,0.080209,-0.000414,-0.000237,0.000359
1770947951.174825,2.203984,-0.007639,-0.031572,0.095400,-0.000419,-0.000250,0.000267
1770947951.179832,2.208991,0.000574,-0.145043,0.069831,0.000563,-0.000808,0.000566
1770947951.184739,2.213898,0.002480,-0.118175,0.078084,0.000006,-0.000704,0.000556
1770947951.189715,2.218873,-0.012786,-0.120565,0.086985,0.000306,-0.000803,0.000537
1770947951.194689,2.223847,0.028667,-0.081688,0.078712,0.000224,0.000368,0.000874
1770947951.199697,2.228856,0.037313,-0.066072,0.103666,0.000063,0.000057,0.000712
1770947951.204648,2.233806,0.014753,-0.064092,0.082115,-0.000290,-0.000329,0.000336
1770947951.209643,2.238801,-0.012460,-0.039009,0.090775,-0.000271,0.000061,0.000174
1770947951.214607,2.243765,-0.001605,-0.125741,0.064373,0.000325,-0.001082,0.000308
1770947951.219581,2.248739,-0.006110,-0.114398,0.075024,0.000250,-0.000730,0.000467
1770947951.224566,2.253725,-0.015151,-0.188864,0.068453,0.001133,-0.000684,0.000615
1770947951.229571,2.258729,0.008103,-0.013828,0.125528,-0.000352,0.000275,0.000727
1770947951.234512,2.263670,-0.012147,-0.047442,0.073257,-0.000403,-0.000222,0.000200
1770947951.239516,2.268674,0.041890,-0.214744,0.038019,0.001226,-0.000626,0.000898
1770947951.244580,2.273738,0.010710,-0.186461,0.148891,0.001204,-0.000848,0.001003
1770947951.249472,2.278630,-0.311123,0.636462,0.247643,0.001537,0.002770,-0.005371
1770947951.254443,2.283601,-0.018093,-0.101086,0.036039,-0.000067,-0.000516,-0.000209
1770947951.259427,2.288586,0.029944,-0.078303,0.075771,0.000030,-0.000340,0.000296
1770947951.264415,2.293573,-0.042853,-0.145424,0.038454,0.000714,-0.000782,0.000098
1770947951.269495,2.298654,-0.021280,-0.084051,0.064003,-0.000326,-0.000727,0.000008
1770947951.274345,2.303504,-0.041189,-0.041197,0.065187,-0.000387,-0.000386,-0.000094
1770947951.279317,2.308475,0.019049,-0.084513,0.093320,0.000320,0.000079,0.000589
1770947951.284314,2.313472,0.000851,-0.064376,0.091312,-0.000116,-0.000408,0.000512
1770947951.289353,2.318511,-0.001085,-0.079921,0.079838,0.000063,-0.000389,0.000414
1770947951.294254,2.323413,0.029749,-0.093999,0.078429,0.000075,-0.000391,0.000541
1770947951.299334,2.328492,0.003748,0.007547,0.103518,-0.000507,0.000190,0.000427
1770947951.304297,2.333455,0.007721,-0.008298,0.118393,-0.000820,-0.000440,0.000251
1770947951.309211,2.338369,0.028660,-0.069768,0.096708,-0.000242,-0.000202,0.000419
1770947951.314189,2.343347,0.025906,0.016524,0.118342,-0.001060,0.000109,0.000422
1770947951.319150,2.348309,0.019381,-0.073104,0.082118,-0.000004,-0.000489,0.000382
1770947951.324145,2.353303,-0.017677,-0.063368,0.054219,-0.000038,-0.000271,0.000456
1770947951.329115,2.358274,0.009297,-0.044631,0.090366,-0.000234,-0.000086,0.000405
1770947951.334505,2.363664,0.003675,-0.078818,0.090296,0.000279,-0.000194,0.000495
1770947951.339056,2.368214,0.004941,0.008626,0.116856,-0.000646,0.000239,0.000528
1770947951.344091,2.373250,0.014362,-0.106892,0.081060,0.000447,-0.000422,0.000444
1770947951.349017,2.378175,0.028748,-0.045105,0.128209,0.000152,0.000161,0.000700
1770947951.353987,2.383146,0.041593,0.001081,0.145844,-0.000518,0.000487,0.000576
1770947951.358987,2.388145,0.022173,-0.042569,0.103796,-0.000048,0.000190,0.000703
1770947951.364003,2.393161,-0.027192,-0.179058,0.016371,0.000888,-0.000668,0.000276
1770947951.368999,2.398157,0.027970,-0.011629,0.129239,-0.000615,-0.000056,0.000492
1770947951.373909,2.403067,0.034924,-0.067172,0.092380,-0.000099,-0.000036,0.000809
1770947951.378905,2.408063,0.039972,-0.041895,0.127155,-0.000173,-0.000110,0.000827
1770947951.383890,2.413048,0.041088,0.016510,0.159066,-0.000946,-0.000033,0.000751
1770947951.388857,2.418015,0.029094,-0.020088,0.153381,-0.000432,-0.000227,0.000828
1770947951.393831,2.422989,-0.033022,-0.082203,0.114264,0.000239,-0.000545,0.000393
1770947951.398956,2.428114,0.008825,0.051788,0.142222,-0.001273,0.000148,0.000517
1770947951.403998,2.433157,0.032854,-0.042789,0.117880,-0.000263,-0.000105,0.000516
1770947951.408929,2.438088,0.018360,-0.022196,0.088881,-0.000560,0.000036,0.000469
1770947951.413805,2.442963,0.014707,-0.060285,0.088803,-0.000352,-0.000250,0.000310
1770947951.418733,2.447892,0.045432,-0.110411,0.098239,0.000106,-0.000756,0.000714
1770947951.423704,2.452862,-0.017928,-0.046934,0.074406,-0.000065,-0.000001,0.000271
1770947951.428689,2.457847,-0.005125,-0.048610,0.103713,-0.000671,-0.000537,0.000372
1770947951.433651,2.462809,0.019364,-0.044720,0.118053,0.000123,0.000291,0.000864
1770947951.438624,2.467782,0.037378,-0.073831,0.081683,0.000036,0.000388,0.000803
1770947951.443640,2.472798,0.009891,-0.026201,0.108720,-0.000511,-0.000113,0.000495
1770947951.448627,2.477785,0.026167,-0.065908,0.088257,-0.000449,-0.000127,0.000665
1770947951.453578,2.482736,0.027702,-0.084340,0.073688,0.000357,0.000333,0.000777
1770947951.458564,2.487722,0.031068,-0.134025,0.085791,0.000599,-0.000363,0.000644
1770947951.463616,2.492775,0.020542,-0.033682,0.111573,-0.000258,0.000196,0.000579
1770947951.468844,2.498002,0.040755,-0.003236,0.123991,-0.000902,0.000058,0.000499
1770947951.473515,2.502673,0.021093,-0.086546,0.108996,0.000640,0.000196,0.000912
1770947951.478511,2.507670,0.044770,-0.077399,0.101337,-0.000149,-0.000190,0.000712
1770947951.483515,2.512673,0.017411,-0.137659,0.055967,0.000605,-0.000686,0.000530
1770947951.488443,2.517601,0.026722,-0.046857,0.088954,-0.000454,-0.000017,0.000367
1770947951.493405,2.522563,0.018907,-0.150345,0.085386,0.000438,-0.000648,0.001130
1770947951.498386,2.527544,0.004826,-0.036531,0.105329,-0.000540,-0.000359,0.000317
1770947951.503379,2.532538,-0.005787,-0.032571,0.087844,-0.000277,-0.000278,0.000071
1770947951.508351,2.537510,0.010163,-0.026310,0.111319,-0.000439,-0.000211,0.000512
1770947951.513410,2.542568,0.056157,-0.057480,0.102572,-0.000178,0.000007,0.000755
1770947951.518287,2.547446,0.008607,-0.080382,0.084785,-0.000002,-0.000198,0.000429
1770947951.523280,2.552438,0.037021,-0.030220,0.132354,-0.000339,0.000029,0.000837
1770947951.528257,2.557415,0.016353,-0.010094,0.110909,-0.000819,-0.000207,0.000508
1770947951.533257,2.562415,0.025236,-0.059798,0.072779,-0.000281,-0.000264,0.000404
1770947951.538207,2.567365,0.049194,-0.086161,0.096442,0.000352,-0.000064,0.000735
1770947951.543190,2.572349,0.010337,-0.161258,0.062689,0.000440,-0.001173,0.000594
1770947951.548204,2.577363,0.022869,-0.044307,0.113873,-0.000623,-0.000299,0.000597
1770947951.553153,2.582311,-0.295818,-0.108604,0.583189,0.007362,-0.007347,0.000740
1770947951.558156,2.587315,0.536887,1.728459,-2.230905,-0.003810,0.008435,0.001208
1770947951.563123,2.592281,0.066341,1.904024,-3.659739,-0.004136,0.004150,-0.003041
1770947951.568099,2.597258,0.265870,1.349534,-3.804908,-0.000817,0.003141,-0.002150
1770947951.573070,2.602228,0.171795,1.643053,-3.464089,-0.004503,0.004158,-0.002859
1770947951.578075,2.607234,0.117368,1.873603,-3.485816,-0.004580,0.003838,-0.002201
1770947951.583035,2.612194,-0.519778,-0.321794,-0.261082,0.000895,-0.007170,-0.009573
1770947951.588016,2.617174,0.003742,-0.035686,0.097273,-0.000555,-0.000084,0.000362
1770947951.592992,2.622150,0.020005,-0.033130,0.106879,-0.000397,-0.000226,0.000441
1770947951.597951,2.627110,-0.008344,-0.170395,0.057143,0.000903,-0.000884,0.000379
1770947951.602956,2.632114,0.020657,-0.081360,0.119503,0.000137,-0.000344,0.000575
1770947951.607955,2.637114,0.005639,-0.058613,0.093895,0.000044,-0.000001,0.000453
1770947951.613905,2.643063,0.021235,-0.076096,0.120670,0.000461,0.000191,0.000739
1770947951.617894,2.647052,0.033196,-0.092668,0.096103,0.000248,-0.000006,0.000765
1770947951.622849,2.652007,-0.009045,-0.130259,0.071482,0.000447,-0.000615,0.000236
1770947951.627829,2.656987,0.005129,-0.090698,0.083797,0.000296,-0.000109,0.000391
1770947951.632865,2.662024,0.005731,0.040550,0.151860,-0.000893,0.000279,0.000427
1770947951.637791,2.666950,-0.010645,-0.083697,0.052124,-0.000104,-0.000582,0.000162
1770947951.642757,2.671915,-0.229337,0.042934,0.574961,0.005903,-0.006531,0.000267
1770947951.647777,2.676936,0.004934,0.006087,0.130275,-0.000846,-0.000084,0.000680
1770947951.652722,2.681880,-0.011256,-0.012903,0.093872,-0.000317,-0.000074,0.000261
1770947951.657698,2.686857,0.021326,-0.030626,0.097146,-0.000335,-0.000149,0.000391
1770947951.662688,2.691846,0.042780,0.010941,0.126614,-0.000781,0.000061,0.000667
1770947951.667734,2.696892,0.045571,-0.053320,0.104313,-0.000148,-0.000097,0.000672
1770947951.672713,2.701871,0.002708,-0.109140,0.069335,0.000359,-0.000525,0.000363
1770947951.677599,2.706757,-0.007092,-0.099862,0.061801,0.000160,-0.000743,0.000020
1770947951.682606,2.711764,0.013562,-0.075164,0.090809,0.000054,-0.000133,0.000557
1770947951.687574,2.716733,0.015163,-0.005837,0.128481,-0.000578,0.000141,0.000468
1770947951.692578,2.721736,-0.019665,-0.094535,0.084846,0.000222,-0.000850,0.000237
1770947951.697649,2.726807,0.020404,0.003345,0.142837,-0.000564,0.000133,0.000615
1770947951.702509,2.731668,0.011488,-0.009384,0.110652,-0.000745,0.000075,0.000443
1770947951.707612,2.736771,0.003937,-0.122577,0.082140,0.000509,-0.000477,0.000568
1770947951.712512,2.741671,0.025797,-0.040382,0.106998,-0.000241,0.000003,0.000806
1770947951.717554,2.746712,0.014391,-0.108681,0.067513,-0.000047,-0.000578,0.000740
1770947951.722430,2.751589,-0.001767,-0.023254,0.091420,-0.000408,-0.000138,0.000574
1770947951.727398,2.756556,0.014434,-0.029347,0.104697,-0.000666,-0.000310,0.000470
1770947951.732467,2.761626,0.034287,-0.091560,0.084037,0.000241,-0.000059,0.000532
1770947951.737354,2.766512,0.005934,0.001647,0.148804,-0.000543,0.000261,0.000648
1770947951.742355,2.771513,-0.004852,-0.148080,0.054914,0.000663,-0.000633,0.000253
1770947951.747368,2.776526,0.002114,-0.045003,0.095378,-0.000011,0.000121,0.000486
1770947951.752315,2.781473,0.002865,-0.031511,0.113830,-0.000443,-0.000101,0.000315
1770947951.757287,2.786446,0.040118,-0.091701,0.103973,0.000011,-0.000562,0.000777
1770947951.762256,2.791414,0.041414,-0.019162,0.128561,-0.000155,0.000468,0.000971
1770947951.767308,2.796467,-0.003739,-0.050356,0.077049,-0.000654,-0.000376,0.000061
1770947951.772218,2.801377,0.029674,-0.132505,0.054605,0.000185,-0.000754,0.000204
1770947951.777183,2.806342,-0.001829,-0.065523,0.082346,-0.000535,-0.000554,0.000483
1770947951.782192,2.811351,0.021610,-0.061982,0.094967,-0.000234,-0.000289,0.000648
1770947951.787158,2.816316,-0.008912,-0.099017,0.091745,-0.000066,-0.000705,0.000439
1770947951.792129,2.821287,0.006633,-0.098602,0.086386,0.000593,0.000040,0.000461
1770947951.797115,2.826273,-0.006663,-0.090895,0.100828,0.000138,-0.000386,0.000531
1770947951.802110,2.831268,-0.015543,-0.118343,0.077534,0.000477,-0.000499,0.000646
1770947951.807174,2.836333,0.019541,-0.051691,0.102938,-0.000453,-0.000229,0.000509
1770947951.813995,2.843154,0.007228,-0.114801,0.076457,0.000327,-0.000619,0.000594
1770947951.817019,2.846178,0.022736,-0.076989,0.110151,0.000277,-0.000223,0.000954
1770947951.822003,2.851161,-0.000407,0.002035,0.132140,-0.000746,0.000132,0.000422
1770947951.826977,2.856135,0.017126,-0.068219,0.088494,0.000026,-0.000119,0.000559
1770947951.832025,2.861183,0.020355,-0.069003,0.095756,0.000285,0.000120,0.000637
1770947951.836938,2.866096,-0.280417,-0.004015,0.539872,0.006141,-0.006978,0.000216
1770947951.841931,2.871089,0.004512,-0.151642,0.086120,0.000460,-0.000620,0.000855
1770947951.846964,2.876122,0.033097,-0.099077,0.081664,-0.000221,-0.000761,0.000728
1770947951.851882,2.881041,0.010597,-0.103073,0.105235,0.000224,-0.000512,0.000473
1770947951.856861,2.886020,0.058299,-0.037803,0.165367,-0.000432,0.000049,0.000780
1770947951.861837,2.890996,-0.113947,0.058241,0.441511,0.004484,-0.005694,-0.001188
1770947951.867298,2.896456,0.146903,1.675069,-3.247740,-0.004661,0.003308,-0.002874
1770947951.871844,2.901002,0.084821,1.693887,-3.322907,-0.004113,0.003225,-0.003304
1770947951.876746,2.905904,0.161212,1.841030,-3.490517,-0.004388,0.004682,-0.002974
1770947951.881934,2.911093,-0.507984,-0.586998,-0.270757,0.002395,-0.008214,-0.009518
1770947951.886724,2.915882,0.029607,-0.061826,0.118804,-0.000076,-0.000183,0.000479
1770947951.891695,2.920854,0.027729,-0.040779,0.108388,-0.000353,-0.000222,0.000574
1770947951.896678,2.925837,0.021670,-0.181958,0.074759,0.000541,-0.000750,0.001209
1770947951.901686,2.930844,0.008845,-0.060226,0.093562,0.000073,-0.000035,0.000453
1770947951.906677,2.935835,0.009498,-0.028525,0.136004,-0.000296,-0.000216,0.000462
1770947951.911620,2.940778,0.037538,-0.094316,0.098475,0.000431,0.000233,0.000775
1770947951.916648,2.945807,0.009174,-0.113360,0.075306,0.000412,-0.000564,0.000074
1770947951.921613,2.950771,0.035403,-0.037596,0.132707,-0.000451,0.000184,0.000935
1770947951.926560,2.955718,0.016617,-0.110198,0.066630,0.000149,-0.000140,0.000559
1770947951.931565,2.960723,0.013239,-0.077743,0.092868,0.000099,-0.000144,0.000321
1770947951.936662,2.965820,0.010718,-0.084031,0.078897,0.000005,-0.000213,0.000353
1770947951.941540,2.970698,0.003274,0.054928,0.141189,-0.001129,0.000332,0.000472
1770947951.946558,2.975717,-0.010254,-0.041390,0.091348,-0.000347,-0.000196,0.000277
1770947951.951507,2.980665,-0.247218,-0.055483,0.537320,0.007125,-0.006404,0.000877
1770947951.956464,2.985623,0.034843,-0.022232,0.115852,-0.000256,0.000044,0.000759
1770947951.961401,2.990559,0.039886,0.054170,0.145477,-0.000800,0.000707,0.000765
1770947951.966477,2.995635,0.033646,-0.062242,0.086761,0.000026,0.000117,0.000902
1770947951.971410,3.000568,0.011869,-0.050522,0.090919,-0.000258,-0.000198,0.000587
1770947951.976327,3.005486,-0.029938,-0.069440,0.085926,0.000044,-0.000181,0.000437
1770947951.981372,3.010530,0.041776,-0.073005,0.094347,0.000120,0.000247,0.000679
1770947951.986305,3.015463,-0.275055,0.062008,0.558718,0.006154,-0.006254,-0.000177
1770947951.991287,3.020445,0.026517,-0.052151,0.075547,-0.000791,-0.000510,0.000508
1770947951.996325,3.025483,0.010142,-0.008668,0.115956,-0.000605,0.000036,0.000196
1770947952.001242,3.030400,0.009404,-0.017842,0.103127,-0.000273,0.000127,0.000476
1770947952.006218,3.035377,0.017282,-0.040818,0.132889,0.000022,-0.000027,0.000613
1770947952.011278,3.040436,-0.015090,-0.035227,0.110996,-0.000209,-0.000331,0.000150
1770947952.016262,3.045420,0.002271,-0.015704,0.101899,-0.000351,0.000004,0.000273
1770947952.021160,3.050319,0.012730,-0.066992,0.102687,0.000158,0.000165,0.000347
1770947952.026132,3.055290,0.038917,-0.003218,0.160228,-0.000192,0.000706,0.001032
1770947952.031120,3.060279,0.052587,-0.084739,0.114854,0.000081,0.000070,0.000924
1770947952.036092,3.065250,0.003261,0.009541,0.136879,-0.000851,-0.000068,0.000600
1770947952.041057,3.070215,0.017586,-0.084704,0.094599,0.000382,-0.000184,0.000607
1770947952.046207,3.075365,0.007702,-0.146965,0.051603,0.000756,-0.000448,0.000701
1770947952.051028,3.080186,0.044380,-0.090747,0.100193,0.000233,-0.000063,0.000739
1770947952.056001,3.085160,0.020645,-0.091639,0.091641,0.000173,-0.000482,0.001052
1770947952.060976,3.090135,0.017620,-0.045013,0.128421,-0.000106,-0.000001,0.000566
1770947952.066019,3.095178,-0.028740,-0.087608,0.068362,-0.000164,-0.000842,0.000387
1770947952.070935,3.100093,0.022663,-0.043845,0.091774,-0.000171,0.000168,0.000497
1770947952.076072,3.105230,-0.018250,-0.108349,0.076292,0.000331,-0.000664,0.000207
1770947952.080909,3.110068,-0.013216,-0.105940,0.071720,0.000335,-0.000726,0.000229
1770947952.085877,3.115036,-0.010804,-0.027898,0.113501,-0.000697,-0.000577,0.000025
1770947952.090912,3.120071,0.010929,-0.085883,0.103594,-0.000029,-0.000292,0.000764
1770947952.095834,3.124992,-0.030644,-0.138117,0.053557,0.000170,-0.001118,0.000134
1770947952.100853,3.130012,0.007568,-0.067317,0.095269,0.000036,-0.000258,0.000261
1770947952.105795,3.134953,-0.005210,-0.060898,0.092272,-0.000039,-0.000237,0.000199
1770947952.110749,3.139907,-0.008431,-0.116579,0.072439,0.000264,-0.000986,0.000341
1770947952.115796,3.144955,-0.015986,-0.108542,0.092735,0.000187,-0.000812,0.000664
1770947952.120719,3.149877,0.007987,-0.093514,0.077356,0.000337,-0.000302,0.000618
1770947952.125702,3.154860,0.038226,-0.049540,0.104776,-0.000090,0.000176,0.000665
1770947952.130697,3.159855,0.007039,-0.053674,0.069262,-0.000156,0.000002,0.000195
1770947952.135851,3.165010,0.003919,-0.119560,0.038911,0.000432,-0.000559,0.000226
1770947952.140659,3.169817,0.005874,-0.041924,0.103710,-0.000004,0.000328,0.000553
1770947952.145641,3.174799,0.010996,-0.116629,0.074254,0.000503,-0.000238,0.000541
1770947952.150606,3.179764,0.018650,-0.037920,0.139561,-0.000413,0.000004,0.000655
1770947952.155586,3.184745,-0.010642,-0.080704,0.105986,0.000188,-0.000468,0.000161
1770947952.160549,3.189708,-0.019108,-0.163252,0.058773,0.000789,-0.000850,0.000328
1770947952.165677,3.194836,0.010815,-0.112702,0.127361,0.000303,-0.000497,0.000312
1770947952.170563,3.199721,-0.641083,-0.281259,-0.577505,-0.002199,-0.007530,-0.001143
1770947952.175564,3.204723,-0.009463,-0.056719,0.095595,-0.000146,-0.000501,0.000233
1770947952.180589,3.209747,0.030901,0.017958,0.120734,-0.000878,0.000022,0.000673
1770947952.185466,3.214624,0.022241,0.045390,0.146536,-0.000903,0.000510,0.000832
1770947952.190429,3.219587,0.025027,-0.096763,0.094686,-0.000130,-0.000842,0.000353
1770947952.195404,3.224563,0.033089,-0.023846,0.132450,-0.000244,0.000298,0.000973
1770947952.200411,3.229569,0.024961,-0.028159,0.121508,0.000202,0.000881,0.000637
1770947952.205384,3.234543,0.009942,-0.067377,0.107845,-0.000142,-0.000187,0.000560
1770947952.210392,3.239550,-0.020613,-0.077272,0.067386,-0.000372,-0.000711,0.000204
1770947952.215391,3.244550,-0.022586,-0.254006,-0.005542,0.001338,-0.001141,0.000514
1770947952.220303,3.249461,-0.300200,0.018319,0.516887,0.006554,-0.006702,-0.000201
1770947952.225286,3.254445,0.031483,-0.025596,0.132429,-0.000331,0.000218,0.000562
1770947952.230290,3.259449,-0.021833,-0.130653,0.049234,0.000116,-0.001220,0.000153
1770947952.235259,3.264418,-0.266817,0.004158,0.536880,0.006750,-0.006467,0.000347
1770947952.240243,3.269401,0.030114,-0.036883,0.129052,-0.000618,-0.000147,0.000666
1770947952.245193,3.274352,-0.017992,-0.083166,0.065078,0.000255,-0.000390,0.000220
1770947952.250190,3.279348,0.010209,-0.076749,0.065514,0.000193,-0.000216,0.000524
1770947952.255156,3.284314,0.005363,-0.065115,0.080657,0.000066,-0.000205,0.000589
1770947952.260140,3.289298,-0.012390,-0.065748,0.087480,-0.000111,-0.000355,0.000219
1770947952.265280,3.294439,-0.009695,-0.160921,0.060970,0.000853,-0.000489,0.000846
1770947952.270195,3.299354,-0.262676,0.003636,0.619283,0.006364,-0.007124,0.000345
1770947952.275085,3.304244,0.628652,1.290773,-2.526960,0.000227,0.008853,0.004020
1770947952.280471,3.309629,0.143306,1.667956,-3.486636,-0.004567,0.003734,-0.003291
1770947952.285034,3.314192,0.136414,1.745921,-3.462109,-0.004273,0.003546,-0.003225
1770947952.290012,3.319170,0.189330,1.810949,-3.517675,-0.004350,0.004751,-0.001998
1770947952.295000,3.324158,-1.564596,1.852349,-1.575998,-0.009470,0.002168,-0.002690
1770947952.299974,3.329133,0.021322,-0.001952,0.110518,-0.000434,0.000059,0.000440
1770947952.304950,3.334109,0.026223,0.035692,0.119558,-0.000986,0.000451,0.000441
1770947952.309926,3.339084,0.000725,-0.067019,0.067540,-0.000283,-0.000308,0.000224
1770947952.314905,3.344063,0.036779,-0.070391,0.093765,0.000105,0.000378,0.000806
1770947952.319885,3.349043,-0.048999,-0.091331,0.063613,-0.000191,-0.001003,-0.000178
1770947952.324861,3.354020,-0.009073,-0.110716,0.081152,0.000538,-0.000448,0.000438
1770947952.329844,3.359002,0.045717,-0.060612,0.094876,-0.000059,-0.000026,0.000596
1770947952.334819,3.363977,0.035274,-0.072314,0.078446,0.000047,0.000126,0.000943
1770947952.339807,3.368965,0.007912,-0.057904,0.090272,-0.000306,-0.000357,0.000423
1770947952.345365,3.374523,-0.025257,-0.143085,0.040534,0.000140,-0.000811,-0.000013
1770947952.349809,3.378968,0.021125,-0.061665,0.081792,-0.000292,-0.000432,0.000400
1770947952.354722,3.383881,0.005744,-0.052617,0.076735,-0.000120,-0.000215,0.000023
1770947952.359727,3.388885,0.010178,-0.003186,0.106292,-0.000642,0.000131,0.000470
1770947952.364720,3.393878,0.006545,-0.037011,0.129584,0.000011,0.000222,0.000760
1770947952.369735,3.398894,0.038212,-0.124061,0.069302,0.000156,-0.000619,0.000382
1770947952.374659,3.403818,0.002976,-0.128613,0.063178,0.000245,-0.000904,0.000299
1770947952.379676,3.408834,-0.001081,-0.026580,0.108640,-0.000281,-0.000085,0.000314
1770947952.384741,3.413900,-0.001904,-0.026902,0.092525,-0.000257,-0.000156,0.000322
1770947952.389588,3.418746,0.029306,-0.150344,0.092282,0.000814,-0.000299,0.000693
1770947952.394571,3.423729,-0.002041,-0.024659,0.108497,-0.000575,-0.000549,0.000455
1770947952.399539,3.428697,0.036936,-0.037865,0.111871,0.000083,0.000172,0.000654
1770947952.404508,3.433666,0.041976,-0.109783,0.049893,0.000249,-0.000242,0.000252
1770947952.409523,3.438681,0.044635,-0.154901,0.014203,0.000673,-0.000605,0.000024
1770947952.414518,3.443676,0.076009,-0.074757,0.090232,0.000379,0.000324,0.000582
1770947952.419462,3.448620,0.035739,-0.128469,0.039635,0.000676,-0.000117,0.000310
1770947952.424448,3.453606,0.043339,-0.106418,0.053436,0.000574,-0.000040,0.000200
1770947952.429409,3.458567,0.062650,-0.082731,0.071973,-0.000006,0.000166,0.000523
1770947952.434393,3.463551,0.023034,-0.170440,0.003028,0.000814,-0.000584,0.000087
1770947952.439383,3.468541,0.008901,-0.119687,0.021643,0.000238,-0.000469,0.000130
1770947952.444362,3.473521,0.031522,-0.067662,0.056135,0.000083,-0.000025,0.000251
1770947952.449349,3.478507,0.032787,-0.070296,0.061385,-0.000084,0.000025,0.000359
1770947952.454314,3.483472,0.027743,-0.080134,0.055852,0.000119,-0.000268,0.000279
1770947952.459286,3.488445,0.047656,-0.032606,0.105756,-0.000394,0.000151,0.000724
1770947952.464255,3.493414,0.017289,0.006611,0.100832,-0.000680,0.000092,0.000422
1770947952.469262,3.498420,0.028416,-0.114057,0.056107,0.000358,-0.000403,0.000443
1770947952.474223,3.503382,-0.261003,0.045728,0.625837,0.005882,-0.006859,0.000115
1770947952.479348,3.508507,0.657473,1.575257,-2.563044,0.000674,0.006995,0.022563
1770947952.484183,3.513341,0.147036,1.744818,-3.482620,-0.003988,0.004671,-0.002747
1770947952.489157,3.518315,0.109831,1.768075,-3.553920,-0.003755,0.004293,-0.002938
1770947952.494136,3.523294,0.373861,-0.348017,-2.735351,-0.007170,-0.004277,0.000144
1770947952.499320,3.528478,-0.010987,-0.077014,0.054092,-0.000026,0.000012,0.000511
1770947952.504110,3.533268,0.035180,-0.039783,0.088408,-0.000435,-0.000256,0.000399
1770947952.509073,3.538231,-0.032917,-0.076471,0.066922,-0.000050,-0.000371,0.000191
1770947952.514047,3.543206,0.015476,-0.039796,0.082711,-0.000222,0.000019,0.000600
1770947952.519026,3.548185,0.022509,-0.048922,0.076368,-0.000308,-0.000363,0.000416
1770947952.524009,3.553168,0.007302,-0.113204,0.062352,0.000436,-0.000547,0.000289
1770947952.528980,3.558138,-0.000012,-0.000369,0.122818,-0.000861,-0.000307,0.000432
1770947952.533971,3.563129,0.024717,-0.124882,0.059479,0.000294,-0.000736,0.000427
1770947952.538944,3.568103,-0.025146,-0.133040,0.047101,0.000352,-0.001097,0.000249
1770947952.544827,3.573986,0.032974,-0.055032,0.079144,-0.000120,-0.000025,0.000734
1770947952.548921,3.578079,0.018433,-0.089252,0.056242,0.000085,-0.000336,0.000190
1770947952.553882,3.583040,-0.015674,-0.143292,0.057157,0.000567,-0.000738,0.000297
1770947952.558851,3.588010,0.006505,-0.042549,0.093725,-0.000360,-0.000351,0.000417
1770947952.564089,3.593247,-0.001871,-0.145408,0.042273,0.000608,-0.000682,0.000294
1770947952.568913,3.598071,0.008829,0.063226,0.119231,-0.000940,0.000505,0.000357
1770947952.573781,3.602940,0.002778,-0.079957,0.048228,0.000009,-0.000500,0.000161
1770947952.578835,3.607993,-0.021070,-0.080863,0.052623,-0.000004,-0.000486,0.000156
1770947952.583757,3.612916,0.002679,0.002929,0.116827,-0.000444,0.000550,0.000387
1770947952.588722,3.617880,0.023424,0.000413,0.083957,-0.000485,0.000360,0.000496
1770947952.593721,3.622880,0.037215,-0.014903,0.099155,-0.000371,0.000455,0.000476
1770947952.598670,3.627829,0.024166,-0.013736,0.052267,-0.000469,0.000478,0.000215
1770947952.603666,3.632824,-0.018011,-0.054679,0.042933,-0.000297,-0.000312,-0.000210
1770947952.608644,3.637803,0.026482,-0.088070,0.028981,0.000025,-0.000131,0.000146
1770947952.613633,3.642791,0.028446,-0.090784,0.039689,0.000151,-0.000150,0.000286
1770947952.618609,3.647767,0.038407,-0.012378,0.093688,-0.000297,0.000440,0.000558
1770947952.623575,3.652733,0.028602,-0.085646,0.031077,0.000062,-0.000056,-0.000015
1770947952.628561,3.657719,0.001357,-0.149093,-0.003915,0.000510,-0.000546,-0.000232
1770947952.633582,3.662740,-0.001181,-0.113559,0.024598,0.000558,-0.000229,-0.000124
1770947952.638534,3.667692,0.032478,-0.152816,-0.020181,0.000985,0.000037,-0.000061
1770947952.643482,3.672641,0.013051,-0.292877,-0.120593,0.002111,-0.000197,-0.000495
1770947952.648584,3.677742,0.023017,-0.169721,-0.037346,0.000817,-0.000566,-0.000439
1770947952.653470,3.682628,-0.903925,-0.241189,-2.774100,-0.008694,-0.007109,0.010540
1770947952.658448,3.687606,0.219623,1.472019,-3.872740,-0.001570,0.005713,-0.004388
1770947952.663439,3.692597,0.240164,1.579828,-3.788615,-0.002330,0.005347,-0.004803
1770947952.668367,3.697525,0.272644,1.507679,-3.886001,-0.001829,0.005594,-0.004833
1770947952.673489,3.702647,0.232512,1.474240,-3.944049,-0.001334,0.005822,-0.004956
1770947952.678341,3.707499,0.272878,1.586068,-3.915642,-0.001747,0.006049,-0.004559
1770947952.683333,3.712492,1.422429,1.669481,-3.336679,0.004406,0.006769,-0.005096
1770947952.688299,3.717457,0.070760,-0.208665,-0.106767,0.001655,0.000282,-0.000370
1770947952.693277,3.722435,0.119701,-0.202883,-0.071615,0.001748,0.000290,0.000056
1770947952.698334,3.727493,0.065198,-0.187807,-0.071187,0.001184,0.000165,-0.000390
1770947952.703253,3.732411,0.068765,-0.228008,-0.098895,0.001627,-0.000062,-0.000489
1770947952.708221,3.737379,0.081518,-0.347612,-0.221786,0.002864,-0.000088,-0.001198
1770947952.713344,3.742502,0.029414,-0.356416,-0.272804,0.003409,0.000704,-0.001315
1770947952.718196,3.747355,0.062955,-0.324383,-0.261692,0.003275,0.000892,-0.001250
1770947952.723148,3.752307,0.020920,-0.449503,-0.421318,0.004516,0.001025,-0.002433
1770947952.728139,3.757297,-0.662071,-0.627258,-0.637942,0.006141,-0.005817,-0.000118
1770947952.733152,3.762311,-0.659034,-0.554326,-0.673630,0.005322,-0.005351,-0.000732
1770947952.738178,3.767336,-0.955047,0.159475,-0.607032,0.000570,-0.011497,-0.000779
1770947952.743069,3.772227,-0.916263,0.000608,-0.720286,0.001014,-0.011570,-0.002079
1770947952.748068,3.777226,-1.084973,2.091027,-0.573933,-0.012715,-0.012106,-0.012016
1770947952.753026,3.782184,0.235766,1.661294,-0.949366,-0.008623,-0.006347,0.001545
1770947952.757998,3.787156,0.316248,1.674365,-1.137777,-0.006761,-0.006106,-0.000769
1770947952.763287,3.792446,0.364287,1.719865,-1.354940,-0.004874,-0.006066,-0.001319
1770947952.767983,3.797142,0.218822,1.968652,-1.514166,-0.015461,-0.010713,-0.001840
1770947952.772947,3.802105,0.206051,2.080562,-1.634116,-0.015660,-0.010236,-0.003270
1770947952.777913,3.807071,-0.522188,2.158466,-1.676387,-0.012839,-0.022275,-0.000392
1770947952.782927,3.812086,-0.540586,1.901667,-1.667168,-0.011098,-0.022379,-0.001548
1770947952.787883,3.817041,-2.033679,2.627417,-3.028644,-0.021667,-0.025602,-0.001787
1770947952.792890,3.822048,-0.612528,2.046280,-2.488035,-0.010339,-0.021625,-0.004841
1770947952.797857,3.827016,-0.640856,1.363590,-3.103817,-0.005980,-0.022906,-0.005063
1770947952.802817,3.831975,0.319211,2.403977,-3.393967,-0.010654,-0.022158,0.008056
1770947952.807803,3.836961,0.312336,2.514877,-3.307233,-0.011722,-0.019696,0.004754
1770947952.812805,3.841963,0.386415,2.431952,-3.600142,-0.008177,-0.020010,0.004961
1770947952.817759,3.846917,0.136497,-1.884166,-4.057812,0.009933,-0.027350,-0.007115
1770947952.822726,3.851885,-0.548125,-2.335267,-4.597941,0.013979,-0.035157,-0.004439
1770947952.827701,3.856860,-0.615106,-1.805661,-4.379891,0.007318,-0.044817,-0.003171
1770947952.832708,3.861866,-0.629897,-2.003311,-4.647542,0.009039,-0.043998,-0.004598
1770947952.837665,3.866823,-0.606861,-2.253617,-4.923012,0.010875,-0.042249,-0.005645
1770947952.842655,3.871813,0.346275,-0.086677,-4.841738,-0.007832,-0.041126,-0.026164
1770947952.847854,3.877012,0.286404,-0.102364,-5.247972,-0.006894,-0.040180,-0.027636
1770947952.852750,3.881908,0.300951,-0.377305,-5.445207,-0.005632,-0.039303,-0.028060
1770947952.857578,3.886736,1.373793,-0.821440,-5.777745,-0.000777,-0.035112,-0.018401
1770947952.862568,3.891727,1.380098,-0.838226,-6.001217,-0.000695,-0.035249,-0.019502
1770947952.867547,3.896705,0.453873,0.427077,-6.225255,-0.006611,-0.049299,-0.019275
1770947952.872511,3.901670,0.441637,0.204284,-6.520332,-0.005036,-0.049390,-0.019973
1770947952.877572,3.906730,0.533787,0.035678,-6.790782,-0.004237,-0.047878,-0.021077
1770947952.882478,3.911636,0.538431,0.087283,-7.110206,-0.003572,-0.047135,-0.021717
1770947952.887452,3.916610,0.564219,0.806919,-7.006847,-0.013302,-0.056715,-0.021755
1770947952.892453,3.921612,0.528514,0.728752,-7.129534,-0.012219,-0.056817,-0.022035
1770947952.897413,3.926572,0.498099,0.536320,-7.279968,-0.011472,-0.056833,-0.023017
1770947952.902381,3.931540,0.554917,0.624165,-7.455248,-0.011209,-0.055568,-0.023503
1770947952.907378,3.936537,0.491692,0.386387,-7.580904,-0.010610,-0.056221,-0.024437
1770947952.912582,3.941741,0.567882,0.656453,-7.803930,-0.010038,-0.054475,-0.023684
1770947952.917331,3.946489,0.515513,0.424700,-8.073573,-0.008415,-0.053649,-0.025129
1770947952.922300,3.951458,1.648944,0.269984,-8.281776,-0.007247,-0.049243,-0.013749
1770947952.927264,3.956422,1.628982,0.091064,-8.550605,-0.005618,-0.049549,-0.014276
1770947952.932597,3.961756,0.930312,0.244659,-8.729141,-0.004963,-0.058670,-0.012613
1770947952.937358,3.966517,0.937344,0.134157,-9.060515,-0.004433,-0.058052,-0.014272
1770947952.942217,3.971375,0.918655,0.168933,-9.222100,-0.004465,-0.057517,-0.015593
1770947952.947232,3.976390,0.775094,1.973023,-9.130829,-0.011399,-0.057188,-0.022733
1770947952.952176,3.981335,0.808529,1.764831,-9.334160,-0.010351,-0.056876,-0.023497
1770947952.957133,3.986291,0.743551,1.783061,-9.654520,-0.009920,-0.056208,-0.024541
1770947952.962137,3.991295,0.502178,2.833400,-9.738591,-0.015827,-0.061180,-0.023918
1770947952.967245,3.996403,0.468651,2.737180,-9.950189,-0.015601,-0.060788,-0.024720
1770947952.972117,4.001275,0.433178,3.332563,-9.894419,-0.024682,-0.072609,-0.024279
1770947952.977179,4.006337,1.502331,3.074719,-9.882351,-0.015103,-0.073219,-0.021386
1770947952.982052,4.011210,1.531173,3.137045,-10.305794,-0.024164,-0.069767,-0.013952
1770947952.987010,4.016168,1.795180,3.042675,-10.442809,-0.014979,-0.077517,-0.008427
1770947952.992177,4.021336,2.072663,4.147953,-11.671657,-0.002278,-0.066607,0.002955
1770947952.996987,4.026145,1.845678,2.769838,-10.868482,-0.013479,-0.076717,-0.010707
1770947953.002031,4.031189,2.933188,2.560939,-11.329318,-0.008574,-0.066656,-0.021095
1770947953.006966,4.036125,3.202019,3.610864,-12.605747,0.000883,-0.061279,-0.009315
1770947953.012005,4.041163,3.179076,3.559173,-12.853183,0.000903,-0.062150,-0.010322
1770947953.016914,4.046072,3.184526,3.673197,-13.159234,0.002199,-0.062380,-0.010118
1770947953.021922,4.051081,3.194944,3.718228,-13.355488,0.002105,-0.063181,-0.010362
1770947953.026858,4.056016,3.175080,3.627875,-13.496898,0.002614,-0.062807,-0.010927
1770947953.031960,4.061118,3.165773,3.606745,-13.667563,0.002413,-0.062705,-0.011327
1770947953.036844,4.066002,3.173924,3.537286,-13.807796,0.002613,-0.062808,-0.012224
1770947953.041806,4.070964,4.122659,3.398290,-14.154865,0.005312,-0.058204,-0.000339
1770947953.046792,4.075950,4.093847,3.369912,-14.317522,0.004922,-0.059508,-0.001432
1770947953.051749,4.080907,4.072895,3.231092,-14.313156,0.005691,-0.059308,-0.001205
1770947953.056704,4.085862,4.118522,3.366597,-14.525094,0.004753,-0.059392,-0.002430
1770947953.061682,4.090841,3.553091,3.271787,-14.575560,0.006919,-0.067186,0.000889
1770947953.066828,4.095986,3.516010,3.387832,-14.665042,0.006926,-0.067170,0.000528
1770947953.071671,4.100830,3.451572,3.031742,-14.950646,0.020953,-0.060154,0.000400
1770947953.076633,4.105792,3.519395,3.354742,-14.737411,0.006630,-0.067318,0.000010
1770947953.081620,4.110778,3.444866,3.575451,-14.766444,0.013072,-0.068233,0.001169
1770947953.086594,4.115752,2.260973,4.037043,-14.447570,-0.012457,-0.072249,-0.001924
1770947953.091573,4.120732,3.119937,2.961209,-14.061406,-0.001710,-0.078130,-0.013207
1770947953.096621,4.125779,3.412835,3.615575,-15.098521,0.014566,-0.067243,0.001062
1770947953.101516,4.130674,3.425359,3.588635,-15.128822,0.013636,-0.067681,0.000492
1770947953.106502,4.135660,3.371032,3.332194,-15.282800,0.014646,-0.067591,-0.000472
1770947953.111472,4.140630,3.307158,3.580258,-15.430360,0.014491,-0.066819,-0.000356
1770947953.116574,4.145732,3.122686,4.188107,-15.758219,0.011715,-0.074546,-0.001831
1770947953.121473,4.150632,3.219443,5.009577,-15.515185,0.009957,-0.068061,-0.007955
1770947953.126421,4.155579,2.966013,5.676977,-15.755470,0.008941,-0.075830,-0.008564
1770947953.131405,4.160563,2.927273,5.636929,-15.905141,0.009392,-0.075871,-0.009596
1770947953.136423,4.165581,2.927378,5.610362,-16.148487,0.009903,-0.075730,-0.010202
1770947953.141342,4.170501,2.921254,5.613598,-16.165794,0.009099,-0.075541,-0.009936
1770947953.146539,4.175697,2.908527,5.516070,-16.298573,0.009692,-0.075206,-0.010578
1770947953.151318,4.180476,2.867985,5.679927,-16.386230,0.010166,-0.075382,-0.010172
1770947953.156291,4.185449,2.848194,5.566273,-16.541733,0.009885,-0.074877,-0.010739
1770947953.161268,4.190426,2.804220,5.589437,-16.597282,0.010303,-0.074416,-0.011158
1770947953.166223,4.195382,3.674589,2.309519,-16.011173,0.011193,-0.075611,-0.010881
1770947953.171220,4.200378,3.642633,2.229745,-16.104824,0.011967,-0.075772,-0.011322
1770947953.176258,4.205417,3.637531,2.215743,-16.205635,0.012054,-0.075677,-0.011777
1770947953.181175,4.210333,3.643406,2.412097,-16.309603,0.011165,-0.076071,-0.011664
1770947953.186157,4.215315,3.558451,2.371340,-16.401484,0.010760,-0.076775,-0.012632
1770947953.191120,4.220278,3.556627,2.318668,-16.419994,0.011531,-0.076693,-0.012804
1770947953.196114,4.225272,3.529181,2.424446,-16.441236,0.010629,-0.076984,-0.012469
1770947953.201088,4.230247,3.544519,2.195628,-16.493500,0.011669,-0.077355,-0.013219
1770947953.206074,4.235232,3.549587,2.441880,-16.540453,0.011209,-0.076628,-0.012355
1770947953.211023,4.240181,3.571395,2.345879,-16.570490,0.011032,-0.077291,-0.012884
1770947953.216067,4.245225,3.591703,2.533200,-16.606270,0.010979,-0.076965,-0.012276
1770947953.221006,4.250165,3.586040,2.540945,-16.596457,0.010338,-0.077149,-0.011634
1770947953.225965,4.255123,3.664639,2.449481,-16.424644,0.011479,-0.076864,-0.011004
1770947953.230979,4.260137,3.640739,2.477248,-16.489098,0.012117,-0.077054,-0.011089
1770947953.235939,4.265097,3.617816,2.645600,-16.449268,0.011612,-0.077021,-0.010213
1770947953.240912,4.270071,3.664635,2.678317,-16.222797,0.011478,-0.076796,-0.009474
1770947953.245965,4.275124,2.614516,2.663704,-15.911844,0.011491,-0.078614,-0.022072
1770947953.250883,4.280041,2.619169,2.618042,-15.812324,0.011360,-0.078857,-0.022072
1770947953.255880,4.285038,2.634875,2.578598,-15.607795,0.011373,-0.078844,-0.021165
1770947953.260863,4.290022,2.693089,2.690829,-15.404874,0.011617,-0.078823,-0.020331
1770947953.265898,4.295056,2.908147,0.962920,-15.445188,0.019889,-0.077253,-0.012381
1770947953.270786,4.299944,2.883576,1.014136,-15.282866,0.020148,-0.077007,-0.012266
1770947953.275753,4.304911,1.801552,1.192797,-14.939630,0.010714,-0.073806,-0.014653
1770947953.280767,4.309926,2.504687,1.256281,-14.514092,0.008277,-0.067346,-0.016985
1770947953.285728,4.314886,3.844745,0.219739,-14.223856,0.022132,-0.061544,-0.012273
1770947953.290711,4.319869,1.664878,0.645159,-13.887031,0.013188,-0.064442,-0.026442
1770947953.295660,4.324819,1.576159,0.293042,-13.841758,0.020249,-0.055939,-0.025728
1770947953.300750,4.329909,0.566692,0.666491,-13.132611,0.019523,-0.059055,-0.014124
1770947953.305643,4.334802,1.526414,4.534385,-12.905993,0.008887,-0.046585,-0.001822
1770947953.310596,4.339754,1.472593,4.848131,-12.152987,0.006749,-0.048199,0.000050
1770947953.315648,4.344806,0.283852,5.292485,-11.606812,0.004163,-0.051487,-0.006857
1770947953.320576,4.349735,0.585436,3.318018,-11.459764,0.014911,-0.039544,-0.000055
1770947953.325537,4.354695,1.557904,2.615302,-10.894623,0.016198,-0.030493,-0.002321
1770947953.330515,4.359674,1.585955,2.891540,-10.186163,0.014159,-0.031207,0.001893
1770947953.335502,4.364661,0.454653,3.148078,-9.406134,0.010539,-0.030909,-0.008450
1770947953.340488,4.369646,0.370206,3.768399,-8.163787,-0.009119,-0.042551,-0.005357
1770947953.345459,4.374617,1.302114,3.154431,-7.864438,-0.001195,-0.025930,-0.009184
1770947953.350430,4.379588,1.460340,2.476228,-7.360963,0.002246,-0.023068,-0.008371
1770947953.355421,4.384579,1.064344,1.363197,-5.561926,-0.007505,-0.037192,-0.018192
1770947953.360434,4.389592,-0.224015,1.296916,-4.943032,-0.010763,-0.040157,-0.029686
1770947953.365443,4.394602,0.040129,-0.390670,-4.762432,-0.006335,-0.039959,-0.017723
1770947953.370357,4.399515,1.735013,-1.261254,-4.792420,0.011206,-0.023016,-0.014331
1770947953.375360,4.404519,0.804923,-0.803705,-3.960675,0.001034,-0.023141,-0.016056
1770947953.380427,4.409586,0.945179,-1.754964,-3.905301,0.009756,-0.018187,-0.013595
1770947953.385296,4.414454,-0.180263,-1.863651,-3.081433,0.010849,-0.025037,-0.003035
1770947953.390275,4.419434,-1.448634,-1.904168,-2.503142,0.006464,-0.027399,-0.012720
1770947953.395233,4.424392,-1.310235,-1.294519,-1.930941,0.000902,-0.028115,-0.008758
1770947953.400315,4.429474,-0.457174,3.946921,-2.831073,-0.020918,-0.004798,-0.005472
1770947953.405223,4.434381,0.046537,2.183161,-1.543243,-0.011197,-0.003656,-0.003894
1770947953.410189,4.439348,-0.024120,2.082686,-1.248711,-0.013048,-0.004560,-0.002456
1770947953.415211,4.444370,-1.380723,2.430607,-0.806105,-0.015250,-0.011743,-0.013280
1770947953.420141,4.449300,-1.168858,1.748241,-0.397967,-0.010657,-0.006219,-0.013700
1770947953.425125,4.454283,-1.051458,1.754267,-0.091607,-0.011185,-0.007590,-0.010962
1770947953.430103,4.459262,-0.805302,-0.214093,-0.460520,0.000670,-0.004650,-0.000547
1770947953.435074,4.464232,-0.709623,-0.054644,-0.244324,-0.000822,-0.005592,0.000943
1770947953.440056,4.469215,0.098020,0.029552,0.004825,-0.001363,0.001828,-0.000369
1770947953.445107,4.474266,0.109990,0.046890,0.052137,-0.001109,0.001926,0.000480
1770947953.450054,4.479213,0.154051,0.128567,0.117292,-0.001910,0.001388,0.000545
1770947953.454985,4.484143,0.032623,-0.019055,-0.038020,-0.001377,0.001337,-0.001104
1770947953.459960,4.489118,-0.186883,0.283836,0.481598,0.004088,-0.005011,-0.001819
1770947953.464969,4.494127,0.074168,0.016661,0.028735,-0.001153,0.001668,-0.000712
1770947953.470018,4.499176,0.049491,0.063966,0.023699,-0.001715,0.001811,-0.000665
1770947953.475269,4.504427,0.048618,0.028200,0.045312,-0.000808,0.001944,0.000039
1770947953.479996,4.509154,-0.229181,0.320404,0.502679,0.004057,-0.005617,-0.002124
1770947953.484864,4.514022,0.058289,-0.015940,0.014654,-0.000691,0.001626,-0.000431
1770947953.489839,4.518997,0.070623,0.109466,0.074560,-0.002142,0.001831,-0.000393
1770947953.495043,4.524202,0.086894,0.026601,0.047506,-0.000855,0.002073,-0.000007
1770947953.499829,4.528987,-0.197220,0.338516,0.531188,0.004363,-0.004716,-0.001425
1770947953.504817,4.533976,0.099020,0.024933,0.048600,-0.001224,0.001678,-0.000079
1770947953.509762,4.538920,0.056742,0.022541,0.044901,-0.001265,0.001191,-0.000319
1770947953.514752,4.543910,0.010678,0.023658,0.009278,-0.001349,0.001289,-0.000862
1770947953.519704,4.548863,0.048161,0.071623,0.078412,-0.001581,0.001616,-0.000112
1770947953.524686,4.553844,-0.249240,0.319818,0.532459,0.003628,-0.005937,-0.001877
1770947953.529650,4.558809,0.063168,0.069687,0.089334,-0.001699,0.001414,-0.000316
1770947953.534671,4.563830,0.066251,0.083359,0.095048,-0.001955,0.001251,-0.000132
1770947953.539613,4.568771,-0.190130,0.290555,0.543821,0.004107,-0.005516,-0.001593
1770947953.544741,4.573899,-0.256115,0.220713,0.488764,0.004436,-0.006023,-0.001767
1770947953.549596,4.578754,0.043732,0.089622,0.071511,-0.001878,0.001377,-0.000520
1770947953.554562,4.583721,0.038197,0.136301,0.104283,-0.002105,0.001353,-0.000348
1770947953.559580,4.588738,0.185623,2.547966,-1.495851,-0.004263,0.012765,0.006359
1770947953.564510,4.593669,0.196304,2.057974,-3.626977,-0.007193,0.005621,-0.004064
1770947953.569496,4.598655,0.180133,2.108523,-3.664724,-0.006636,0.004991,-0.004122
1770947953.574467,4.603626,0.185509,1.915734,-3.616895,-0.005747,0.006056,-0.004402
1770947953.579664,4.608823,0.316469,1.930087,-3.907788,-0.003859,0.006530,-0.002379
1770947953.584434,4.613592,0.049791,0.063356,0.074996,-0.001596,0.001400,-0.000363
1770947953.589406,4.618564,0.056193,0.013224,0.047205,-0.001046,0.001133,-0.000211
1770947953.594384,4.623543,0.051988,0.043809,0.058395,-0.001383,0.001201,-0.000325
1770947953.599377,4.628536,0.048682,0.107522,0.100953,-0.001756,0.001279,-0.000070
1770947953.604342,4.633500,0.071564,0.096652,0.110949,-0.001638,0.001496,-0.000402
1770947953.609310,4.638469,-0.268416,0.374568,0.600662,0.003456,-0.006081,-0.001865
1770947953.614310,4.643468,0.033392,-0.035007,0.017869,-0.001086,0.000561,-0.000581
1770947953.619276,4.648434,0.066720,0.022424,0.075579,-0.001253,0.000984,-0.000121
1770947953.624279,4.653437,0.060139,0.115543,0.112896,-0.002456,0.000960,-0.000332
1770947953.629254,4.658412,0.053954,0.050665,0.073671,-0.001150,0.001740,-0.000197
1770947953.634199,4.663357,0.059575,0.102289,0.123627,-0.002309,0.000993,-0.000366
1770947953.639187,4.668345,0.040448,0.029433,0.082287,-0.001245,0.001009,-0.000038
1770947953.644209,4.673368,-0.226281,0.370859,0.584714,0.003417,-0.006227,-0.001544
1770947953.649164,4.678323,0.084798,0.086649,0.099651,-0.002049,0.001368,0.000029
1770947953.654123,4.683282,-0.252705,0.236182,0.531284,0.004479,-0.005661,-0.000880
1770947953.659700,4.688859,0.050592,0.011471,0.071833,-0.001125,0.001100,-0.000279
1770947953.664262,4.693420,0.061199,0.063915,0.107418,-0.001876,0.000786,-0.000298
1770947953.669052,4.698210,0.070656,0.008471,0.084482,-0.001136,0.001053,-0.000010
1770947953.674050,4.703209,0.064028,0.133343,0.128235,-0.002572,0.001227,-0.000483
1770947953.679004,4.708162,0.068748,0.073011,0.088525,-0.001807,0.001091,-0.000224
1770947953.683997,4.713156,0.062872,0.073685,0.083908,-0.001955,0.001121,-0.000088
1770947953.688983,4.718142,-0.229724,0.271799,0.541110,0.004349,-0.005791,-0.001003
1770947953.694099,4.723258,-0.268140,0.373262,0.572546,0.003765,-0.006066,-0.001683
1770947953.698932,4.728090,-0.297163,0.293320,0.497389,0.003834,-0.006043,-0.002225
1770947953.703893,4.733051,-0.224862,0.171423,0.592864,0.004108,-0.006114,-0.000923
1770947953.708894,4.738052,0.270092,2.146251,-1.171954,-0.001987,0.013880,0.010147
1770947953.713903,4.743062,0.047111,0.129005,0.110389,-0.002258,0.001071,-0.000381
1770947953.718841,4.747999,0.057966,0.146149,0.119455,-0.001893,0.001793,-0.000029
1770947953.723842,4.753000,0.066400,0.043265,0.092303,-0.001391,0.001035,0.000147
1770947953.728819,4.757978,0.056345,0.070867,0.078426,-0.001773,0.001185,-0.000105
1770947953.733781,4.762940,-0.257810,0.408789,0.600806,0.003193,-0.006167,-0.001510
1770947953.738755,4.767914,0.068363,0.101689,0.119620,-0.001775,0.001218,0.000289
1770947953.743736,4.772894,-0.248582,0.297933,0.549708,0.003965,-0.005941,-0.001382
1770947953.748701,4.777859,0.052320,0.145464,0.129993,-0.002130,0.001629,0.000184
1770947953.753691,4.782850,0.064755,0.161754,0.151172,-0.002450,0.001262,-0.000008
1770947953.758675,4.787833,0.054913,0.087166,0.105640,-0.001777,0.001060,-0.000069
1770947953.764786,4.793945,0.032772,0.052030,0.098498,-0.001531,0.001051,0.000015
1770947953.768758,4.797916,0.070812,0.175686,0.156003,-0.002286,0.002054,-0.000206
1770947953.773591,4.802749,0.041582,0.023105,0.093354,-0.000874,0.001082,0.000195
1770947953.778692,4.807850,0.047760,0.145653,0.144720,-0.002168,0.001355,0.000117
1770947953.783569,4.812727,0.026216,0.118446,0.099471,-0.001903,0.001321,0.000183
1770947953.788537,4.817696,-0.230289,0.236000,0.528337,0.003996,-0.006200,-0.001169
1770947953.793771,4.822929,0.090009,0.132633,0.152489,-0.002481,0.001152,0.000079
1770947953.798555,4.827713,0.066647,0.105885,0.129305,-0.001594,0.001426,-0.000015
1770947953.803468,4.832626,-0.237994,0.269432,0.551256,0.004658,-0.005678,-0.001027
1770947953.808476,4.837635,0.080227,0.101902,0.128198,-0.002053,0.001216,0.000085
1770947953.813634,4.842793,-0.226238,0.394371,0.601792,0.003727,-0.005423,-0.001354
1770947953.818419,4.847577,-0.260772,0.120962,0.468600,0.004766,-0.006437,-0.001541
1770947953.823385,4.852543,-0.216932,0.240962,0.542853,0.003977,-0.006160,-0.001378
1770947953.828405,4.857563,-0.243342,0.246711,0.555903,0.004212,-0.006053,-0.000958
1770947953.833383,4.862541,0.058224,0.085939,0.120473,-0.001577,0.001481,0.000188
1770947953.838321,4.867479,-0.217185,0.272077,0.567528,0.003931,-0.005947,-0.001238
1770947953.843307,4.872465,0.038822,0.191355,0.165500,-0.002754,0.001400,-0.000288
1770947953.848551,4.877709,-0.225337,0.330278,0.558280,0.003815,-0.006182,-0.001512
1770947953.853267,4.882426,0.094330,0.141961,0.118470,-0.001926,0.001671,0.000086
1770947953.858229,4.887388,0.083351,0.099638,0.085282,-0.001713,0.001286,-0.000435
1770947953.863516,4.892674,0.104160,0.146818,0.122082,-0.002211,0.001435,-0.000010
1770947953.868294,4.897452,0.141348,0.158660,0.109975,-0.002046,0.001809,-0.000292
1770947953.873178,4.902336,0.179745,0.028821,0.057306,-0.000729,0.001569,0.000335
1770947953.878137,4.907296,0.169791,0.158803,0.073323,-0.002192,0.001688,-0.000165
1770947953.883134,4.912292,0.154999,0.011129,-0.004847,-0.000733,0.001233,-0.000465
1770947953.888098,4.917257,0.197798,0.113434,0.059978,-0.001435,0.002136,0.000065
1770947953.893076,4.922235,-0.536879,0.061656,-0.172515,-0.000162,-0.005754,0.001834
1770947953.898607,4.927766,-0.448562,0.032139,-0.136896,0.000019,-0.005213,0.002602
1770947953.903047,4.932206,-0.493450,-0.076728,-0.281421,0.000884,-0.005861,0.001790
1770947953.908027,4.937186,-0.511496,0.065592,-0.236608,-0.000238,-0.005528,0.001855
1770947953.913409,4.942568,-0.433729,0.041167,-0.243739,0.000477,-0.004916,0.002573
1770947953.917963,4.947122,-0.484837,0.020564,-0.302685,0.000968,-0.004702,0.001461
1770947953.922948,4.952106,-0.512703,0.068470,-0.365601,0.000443,-0.004725,0.000740
1770947953.927947,4.957105,-0.416132,0.043913,-0.434113,0.001217,-0.003907,0.001197
1770947953.933135,4.962293,-0.511510,-0.203864,-0.676497,0.003081,-0.004115,0.000332
1770947953.937982,4.967140,-1.093490,-3.746761,-2.257145,0.034020,-0.018769,-0.008349
1770947953.942879,4.972037,-1.111710,-3.709350,-2.368251,0.033136,-0.018217,-0.008920
1770947953.947899,4.977057,-1.290690,-2.832081,-2.048372,0.022040,-0.019610,-0.010183
1770947953.952827,4.981985,-1.167312,-2.852341,-2.186172,0.022669,-0.018503,-0.010474
1770947953.957812,4.986970,0.038158,-0.680090,-1.382950,0.002522,-0.018334,-0.003972
1770947953.962782,4.991940,0.050172,-0.585493,-1.553015,0.002008,-0.018172,-0.005366
1770947953.967754,4.996912,-0.010827,-0.815146,-1.880034,0.003608,-0.017903,-0.005371
1770947953.972794,5.001952,0.016093,-0.695223,-2.014630,0.003243,-0.017087,-0.006802
1770947953.978217,5.007375,0.043397,-0.728555,-2.167839,0.003377,-0.016997,-0.006618
1770947953.982711,5.011869,0.038087,-0.778575,-2.319074,0.003794,-0.016553,-0.006853
1770947953.987673,5.016831,0.084848,-0.639379,-2.381151,0.002623,-0.016480,-0.007377
1770947953.992828,5.021986,0.070932,-0.730019,-2.559554,0.003635,-0.016507,-0.007266
1770947953.997648,5.026807,0.159738,0.173446,-2.054533,-0.006539,-0.025194,-0.006627
1770947954.002732,5.031890,0.159539,0.151623,-2.293870,-0.006195,-0.024626,-0.006693
1770947954.007604,5.036762,-0.682930,0.396226,-2.472623,-0.006294,-0.033655,-0.004472
1770947954.013482,5.042640,-0.531007,0.047652,-2.700428,-0.006185,-0.032754,-0.005432
1770947954.017715,5.046873,-0.249120,1.854098,-5.576522,-0.016700,0.000452,-0.010919
1770947954.022522,5.051681,-0.729101,0.268735,-3.562795,-0.012474,-0.025265,-0.019654
1770947954.027511,5.056670,-0.740901,0.201333,-3.767358,-0.012454,-0.024942,-0.020834
1770947954.032496,5.061655,-0.767621,-0.072587,-4.393677,-0.011864,-0.026533,-0.020513
1770947954.037486,5.066645,0.558690,-0.168781,-4.598192,-0.009872,-0.023982,-0.008718
1770947954.042475,5.071633,0.905967,1.349079,-5.841490,-0.005476,-0.006275,0.005181
1770947954.047473,5.076631,0.851151,1.441456,-6.151822,-0.005167,-0.005516,0.005103
1770947954.052451,5.081609,0.920122,0.837758,-7.057765,0.007073,0.004402,0.004887
1770947954.057376,5.086534,1.494550,1.309277,-6.942966,-0.015471,0.008849,0.005937
1770947954.062358,5.091516,1.462407,0.977741,-7.612677,-0.015379,0.007243,0.007783
1770947954.067356,5.096514,1.480506,0.751127,-8.286411,-0.003493,0.016850,0.007710
1770947954.072366,5.101524,0.718771,0.725049,-8.280525,-0.001273,0.007413,0.009294
1770947954.078026,5.107184,0.785668,0.893088,-8.494789,-0.001732,0.008477,0.009990
1770947954.082285,5.111443,0.702326,0.949419,-8.788877,-0.001770,0.008039,0.009251
1770947954.087239,5.116398,0.699020,1.212170,-9.038948,-0.002370,0.008060,0.009240
1770947954.092212,5.121370,0.672829,1.147713,-9.272644,-0.002134,0.008721,0.008758
1770947954.097191,5.126349,0.619543,1.211472,-9.454130,-0.002899,0.007988,0.008338
1770947954.102268,5.131426,1.873629,1.138374,-9.975286,-0.002386,0.012751,-0.002839
1770947954.107167,5.136326,1.850256,1.299783,-10.220335,-0.003166,0.013466,-0.003170
1770947954.112121,5.141279,1.540254,3.086318,-10.385002,-0.010176,0.008832,-0.009477
1770947954.117157,5.146315,1.482391,3.065377,-10.668869,-0.010899,0.009292,-0.010643
1770947954.122424,5.151582,2.484481,-0.497324,-9.571074,-0.007629,-0.010727,-0.005798
1770947954.127356,5.156514,2.463522,-0.616155,-9.857414,-0.007310,-0.010096,-0.006990
1770947954.132035,5.161194,1.845376,-0.676171,-10.038098,-0.005158,-0.017628,-0.005002
1770947954.137218,5.166377,1.867125,-0.629894,-10.296752,-0.005226,-0.017128,-0.004936
1770947954.142027,5.171185,1.906076,-0.640746,-10.679762,-0.004947,-0.015977,-0.005175
1770947954.147243,5.176402,1.930476,-0.652913,-10.941300,-0.004917,-0.015092,-0.004874
1770947954.151965,5.181123,1.903906,-0.658220,-11.140448,-0.005263,-0.015110,-0.006011
1770947954.156936,5.186094,1.901918,-0.689339,-11.491722,-0.004631,-0.013856,-0.006121
1770947954.161910,5.191068,1.770594,0.485975,-11.471176,-0.012332,-0.019801,-0.005320
1770947954.166901,5.196059,2.223827,0.146555,-12.277300,-0.024825,-0.007870,-0.003883
1770947954.172034,5.201193,2.177996,-0.029717,-12.504177,-0.023704,-0.007806,-0.005234
1770947954.177939,5.207098,3.221174,-0.154974,-13.016974,-0.024258,-0.003705,-0.014774
1770947954.181839,5.210997,3.123219,-0.162946,-13.390829,-0.025244,-0.002805,-0.015737
1770947954.186808,5.215966,3.150192,-0.379579,-13.585122,-0.024930,-0.001111,-0.015848
1770947954.191780,5.220939,2.426489,-0.560832,-13.827638,-0.021397,-0.009567,-0.016292
1770947954.196808,5.225966,3.495999,-0.541654,-13.792518,-0.022090,-0.009713,-0.003518
1770947954.201810,5.230969,3.461540,-0.765032,-13.963170,-0.021193,-0.009389,-0.003643
1770947954.206738,5.235896,3.452231,-0.904626,-14.286213,-0.019546,-0.007679,-0.004578
1770947954.211707,5.240865,3.465671,-0.893914,-14.523408,-0.020017,-0.006299,-0.005079
1770947954.216865,5.246023,3.393118,-1.111958,-14.664455,-0.019033,-0.006218,-0.006413
1770947954.221672,5.250830,3.357897,0.840570,-14.929986,-0.031554,-0.010181,-0.012046
1770947954.226642,5.255800,3.260519,0.779725,-15.165564,-0.031014,-0.010244,-0.013920
1770947954.231624,5.260782,3.244445,0.826590,-15.418608,-0.031523,-0.008762,-0.014110
1770947954.236590,5.265748,3.221788,1.494118,-14.905945,-0.040771,-0.018592,-0.013896
1770947954.241627,5.270785,3.136569,1.406108,-15.169596,-0.040171,-0.017859,-0.014675
1770947954.246541,5.275699,2.314645,1.210141,-15.185304,-0.035555,-0.027151,-0.014517
1770947954.251529,5.280688,2.396078,1.077960,-15.458252,-0.036057,-0.025872,-0.014866
1770947954.256491,5.285650,3.410306,0.952960,-15.979582,-0.037856,-0.021129,-0.025048
1770947954.261496,5.290654,3.400013,0.861157,-16.233831,-0.037401,-0.020457,-0.025749
1770947954.266497,5.295655,3.337151,0.726095,-16.405899,-0.036899,-0.019399,-0.027063
1770947954.271459,5.300617,3.321378,0.713488,-16.654701,-0.036362,-0.018655,-0.026874
1770947954.276452,5.305610,4.402026,0.496719,-16.547054,-0.035507,-0.017722,-0.014550
1770947954.281485,5.310643,4.373547,0.520945,-16.727938,-0.035020,-0.017670,-0.014802
1770947954.286387,5.315546,4.364253,0.605899,-16.857403,-0.035913,-0.016813,-0.015731
1770947954.291361,5.320520,4.324937,0.401861,-17.092670,-0.034421,-0.016266,-0.016342
1770947954.296421,5.325579,4.317368,0.380084,-17.134224,-0.035543,-0.016680,-0.016922
1770947954.301568,5.330727,4.302544,0.416068,-17.398176,-0.035661,-0.016204,-0.017403
1770947954.306372,5.335530,4.289021,0.303177,-17.430122,-0.035432,-0.014941,-0.017877
1770947954.311262,5.340421,4.290839,0.197908,-17.621506,-0.034720,-0.014531,-0.018416
1770947954.316274,5.345433,4.229899,0.285075,-17.561354,-0.035652,-0.014434,-0.019919
1770947954.321239,5.350397,3.622298,0.376716,-18.424330,-0.042144,-0.032363,-0.022049
1770947954.326193,5.355351,3.431182,0.213783,-17.982193,-0.031802,-0.023529,-0.018842
1770947954.331191,5.360349,3.379593,0.261799,-18.162090,-0.032563,-0.023268,-0.019840
1770947954.336156,5.365314,3.410532,0.181244,-18.239632,-0.031218,-0.022268,-0.019300
1770947954.341135,5.370293,3.372313,0.231993,-18.447140,-0.031295,-0.022703,-0.019930
1770947954.346112,5.375270,3.338882,0.428592,-18.696430,-0.031616,-0.021676,-0.020181
1770947954.351097,5.380255,3.165621,1.278507,-18.658081,-0.037790,-0.026290,-0.019490
1770947954.356068,5.385227,3.162479,1.215376,-18.742107,-0.037780,-0.025964,-0.020013
1770947954.361054,5.390212,3.280482,0.379042,-19.116785,-0.031121,-0.021209,-0.020875
1770947954.366158,5.395317,3.113143,1.853006,-18.320869,-0.044736,-0.036117,-0.019205
1770947954.371006,5.400164,3.135529,1.809491,-18.355488,-0.044364,-0.036109,-0.019466
1770947954.376029,5.405188,3.179480,1.848045,-18.495956,-0.045114,-0.035015,-0.018711
1770947954.381049,5.410208,3.197368,1.827297,-18.567060,-0.044653,-0.035571,-0.019077
1770947954.385932,5.415091,3.213285,1.810903,-18.588692,-0.044394,-0.034881,-0.018914
1770947954.390916,5.420074,3.261182,1.917359,-18.653568,-0.044815,-0.034806,-0.018840
1770947954.395898,5.425057,4.387950,1.525180,-18.765190,-0.044698,-0.035469,-0.007312
1770947954.400880,5.430038,4.410769,1.738067,-18.992447,-0.045678,-0.034612,-0.006912
1770947954.405847,5.435005,4.409336,1.598886,-18.986433,-0.044684,-0.035142,-0.007136
1770947954.410845,5.440003,4.390524,1.659163,-19.200146,-0.045486,-0.034846,-0.007592
1770947954.415886,5.445044,4.395976,1.771875,-19.283794,-0.045218,-0.034812,-0.007846
1770947954.420806,5.449964,4.396838,1.637614,-19.404755,-0.044464,-0.034500,-0.007535
1770947954.425768,5.454926,4.159904,3.533361,-19.389498,-0.050281,-0.036259,-0.014583
1770947954.430771,5.459929,4.229244,3.505282,-19.587124,-0.050136,-0.035697,-0.014060
1770947954.435922,5.465080,4.210567,3.388038,-19.540810,-0.049762,-0.035224,-0.014788
1770947954.440719,5.469877,4.206480,3.258968,-19.645184,-0.049730,-0.035557,-0.015105
1770947954.445801,5.474959,4.290709,3.242174,-19.688995,-0.050426,-0.034755,-0.015046
1770947954.450676,5.479835,4.236160,3.289067,-19.883575,-0.050100,-0.034736,-0.014705
1770947954.455630,5.484789,4.222303,3.338236,-19.910334,-0.050754,-0.035006,-0.015356
1770947954.460623,5.489782,4.187904,3.320708,-20.044373,-0.049883,-0.034831,-0.014902
1770947954.465600,5.494759,4.229876,3.292809,-20.046488,-0.050179,-0.035018,-0.015434
1770947954.470634,5.499793,4.265008,3.320325,-20.143417,-0.050139,-0.034531,-0.014577
1770947954.475578,5.504736,4.164963,3.351505,-20.151640,-0.050260,-0.035681,-0.015618
1770947954.480876,5.510034,4.213881,3.445216,-20.280308,-0.050167,-0.034312,-0.014836
1770947954.485524,5.514682,4.171577,3.516442,-20.262859,-0.050921,-0.034576,-0.015388
1770947954.490486,5.519644,5.322420,3.214466,-20.629269,-0.052428,-0.031174,-0.025028
1770947954.495465,5.524623,5.317467,3.321708,-20.617313,-0.052919,-0.031304,-0.024218
1770947954.500542,5.529700,5.338127,3.435330,-20.646425,-0.053207,-0.031579,-0.024133
1770947954.505448,5.534607,5.331605,3.341484,-20.695814,-0.053686,-0.031794,-0.024658
1770947954.510397,5.539556,4.243062,3.488668,-20.228325,-0.050974,-0.035360,-0.014374
1770947954.515414,5.544572,4.298913,3.373303,-20.391052,-0.050551,-0.035042,-0.014672
1770947954.520363,5.549521,4.601503,3.341511,-20.612778,-0.049225,-0.040992,-0.022621
1770947954.525336,5.554494,3.443671,3.324968,-20.182980,-0.047068,-0.044827,-0.013538
1770947954.530323,5.559481,3.502275,3.385950,-20.341877,-0.046548,-0.044702,-0.013058
1770947954.535302,5.564460,4.626365,3.142395,-20.666349,-0.048632,-0.040545,-0.022237
1770947954.540271,5.569429,4.593809,3.180339,-20.790455,-0.049001,-0.040300,-0.022720
1770947954.545322,5.574480,4.583605,3.227581,-20.864965,-0.048874,-0.040160,-0.022649
1770947954.550273,5.579432,4.608884,3.180947,-20.945854,-0.048834,-0.040405,-0.022940
1770947954.555211,5.584370,4.597751,3.295128,-21.006479,-0.049687,-0.040343,-0.023275
1770947954.560174,5.589333,4.576371,3.219800,-21.059015,-0.048270,-0.040035,-0.023059
1770947954.565273,5.594432,4.518848,3.270648,-21.163719,-0.048876,-0.040457,-0.023916
1770947954.570257,5.599415,4.523843,3.261829,-21.215635,-0.049020,-0.040280,-0.023548
1770947954.575126,5.604285,4.520588,3.302854,-21.212742,-0.048886,-0.040163,-0.023157
1770947954.580092,5.609250,4.503808,3.270552,-21.230843,-0.049303,-0.039901,-0.023515
1770947954.585098,5.614256,4.482810,3.332606,-21.197119,-0.049543,-0.040003,-0.023314
1770947954.590059,5.619218,4.517085,3.363016,-21.135757,-0.050069,-0.040653,-0.023028
1770947954.595038,5.624197,4.533541,3.386191,-21.143961,-0.049910,-0.040683,-0.023238
1770947954.600017,5.629175,4.614530,3.223379,-20.977020,-0.050265,-0.041092,-0.021945
1770947954.605001,5.634160,4.589000,3.396754,-20.996891,-0.050467,-0.040473,-0.021891
1770947954.609977,5.639135,4.571767,3.329456,-20.958139,-0.050344,-0.041280,-0.021769
1770947954.615100,5.644258,4.584980,3.448709,-21.006348,-0.050242,-0.040942,-0.021771
1770947954.619933,5.649091,4.596915,3.417534,-20.996674,-0.050771,-0.041143,-0.021686
1770947954.624903,5.654061,4.618143,3.371311,-20.666470,-0.051373,-0.041121,-0.021948
1770947954.629935,5.659093,5.941795,4.171595,-26.026381,-0.048034,-0.010584,-0.005761
1770947954.634867,5.664026,4.629233,3.128283,-27.114752,-0.047702,-0.010414,-0.016724
1770947954.639831,5.668990,4.612866,3.361708,-27.265806,-0.047295,-0.009936,-0.016535
1770947954.644866,5.674024,4.894563,2.436949,-25.737095,-0.056324,-0.017833,-0.015063
1770947954.649843,5.679001,4.925586,3.318499,-26.952820,-0.046965,-0.010299,-0.015920
1770947954.654786,5.683945,4.698653,3.312911,-27.134615,-0.047275,-0.010791,-0.015608
1770947954.659747,5.688905,4.703863,3.407039,-27.249855,-0.047476,-0.011006,-0.014988
1770947954.664766,5.693924,4.684859,3.391264,-27.268848,-0.047517,-0.010706,-0.015583
1770947954.669754,5.698912,4.634283,3.852143,-27.482548,-0.047254,-0.011754,-0.015342
1770947954.674696,5.703854,4.675488,3.447901,-27.168549,-0.046869,-0.011147,-0.015243
1770947954.679663,5.708821,4.671942,3.558236,-27.254726,-0.047356,-0.011060,-0.015250
1770947954.684654,5.713812,4.676812,3.501915,-27.145069,-0.047348,-0.011929,-0.014814
1770947954.689627,5.718785,4.680101,3.591555,-27.297358,-0.047150,-0.010954,-0.014623
1770947954.694610,5.723768,4.623454,3.698828,-27.230648,-0.046972,-0.011568,-0.014887
1770947954.699591,5.728749,4.650745,3.652701,-27.251017,-0.046730,-0.011120,-0.014976
1770947954.704570,5.733729,4.710020,3.684322,-27.334211,-0.047181,-0.010496,-0.013905
1770947954.709548,5.738706,4.712043,3.568669,-27.180887,-0.047113,-0.012193,-0.014244
1770947954.714602,5.743761,4.719134,3.560255,-27.118189,-0.046728,-0.011703,-0.013918
1770947954.719501,5.748659,4.803762,3.496109,-27.049677,-0.047208,-0.011526,-0.013895
1770947954.724511,5.753670,4.850338,3.474025,-27.056530,-0.046710,-0.011649,-0.012875
1770947954.729456,5.758614,4.852073,3.429757,-27.024025,-0.047344,-0.011810,-0.013867
1770947954.734427,5.763585,5.796351,3.287493,-22.638372,-0.061865,-0.024003,-0.022053
1770947954.739441,5.768599,6.089675,3.402369,-21.517424,-0.067581,-0.022203,-0.017787
1770947954.744420,5.773579,6.103792,3.306721,-21.514717,-0.067789,-0.022014,-0.017880
1770947954.749396,5.778554,6.084966,3.228270,-21.528986,-0.066970,-0.022211,-0.018112
1770947954.754328,5.783487,5.639485,3.661331,-20.802505,-0.054350,-0.034210,-0.019622
1770947954.759318,5.788476,5.631104,3.597979,-20.715164,-0.054304,-0.034389,-0.019772
1770947954.764474,5.793633,5.674710,3.660166,-20.845566,-0.053954,-0.033188,-0.019822
1770947954.769411,5.798569,5.681613,3.588588,-20.632957,-0.054620,-0.034104,-0.019720
1770947954.774304,5.803462,5.640396,3.629129,-20.714478,-0.054835,-0.033813,-0.020554
1770947954.779280,5.808438,4.514536,3.831436,-20.438593,-0.052481,-0.037873,-0.010874
1770947954.784222,5.813380,4.560046,3.710072,-20.322689,-0.053082,-0.037937,-0.010745
1770947954.789213,5.818372,4.547166,3.674935,-20.328489,-0.052092,-0.038454,-0.010735
1770947954.794231,5.823389,4.551734,3.934873,-20.465408,-0.052466,-0.038161,-0.010552
1770947954.799356,5.828514,4.555398,3.735825,-20.363827,-0.051994,-0.038149,-0.010650
1770947954.804140,5.833299,4.540079,3.923737,-20.357260,-0.052567,-0.038294,-0.010437
1770947954.809104,5.838263,4.592906,3.876084,-20.278717,-0.052864,-0.038396,-0.010430
1770947954.814073,5.843231,4.591769,3.856059,-20.341190,-0.051947,-0.038566,-0.010091
1770947954.819066,5.848224,4.607804,3.815098,-20.294291,-0.051824,-0.039217,-0.009825
1770947954.824046,5.853204,4.618608,3.890402,-20.424381,-0.051930,-0.038588,-0.010211
1770947954.829046,5.858204,4.631286,3.793382,-20.350929,-0.052402,-0.038838,-0.010173
1770947954.834062,5.863221,4.606350,3.964193,-20.408730,-0.052096,-0.039017,-0.009636
1770947954.838979,5.868137,4.646649,3.980349,-20.398666,-0.052258,-0.038889,-0.009624
1770947954.843971,5.873130,4.690001,3.849067,-20.267544,-0.053468,-0.039271,-0.009939
1770947954.848977,5.878136,4.617986,3.849590,-20.300343,-0.052595,-0.038737,-0.010292
1770947954.853924,5.883082,4.627752,3.855750,-20.328680,-0.052979,-0.039300,-0.010402
1770947954.858880,5.888038,4.643029,3.767565,-20.354025,-0.052866,-0.038798,-0.010061
1770947954.863871,5.893030,4.635471,3.798270,-20.283047,-0.053259,-0.039283,-0.010682
1770947954.869028,5.898186,5.086992,3.584720,-21.126205,-0.067140,-0.026886,-0.008590
1770947954.873830,5.902988,5.129554,3.493769,-21.065557,-0.067244,-0.027690,-0.008120
1770947954.878819,5.907978,4.480475,3.641552,-21.947191,-0.040556,-0.031029,-0.006323
1770947954.883794,5.912952,5.050058,3.355838,-26.679424,-0.047256,-0.013064,-0.012380
1770947954.888764,5.917922,5.004342,3.329365,-26.546091,-0.047812,-0.013568,-0.013326
1770947954.893734,5.922893,5.001961,3.186371,-26.740135,-0.046957,-0.013044,-0.013788
1770947954.898731,5.927890,4.768946,3.280371,-26.856838,-0.048329,-0.013279,-0.013799
1770947954.903774,5.932932,3.853978,3.691729,-20.506458,-0.052281,-0.047213,-0.011038
1770947954.908694,5.937852,4.596955,3.647606,-20.291489,-0.053429,-0.038184,-0.011414
1770947954.913653,5.942811,3.769641,3.773218,-20.273521,-0.050237,-0.047572,-0.008969
1770947954.918669,5.947827,4.578570,3.613849,-20.419491,-0.052708,-0.038156,-0.011099
1770947954.923614,5.952772,4.896297,3.508792,-20.565834,-0.051542,-0.043632,-0.018876
1770947954.928603,5.957762,3.771249,3.628343,-20.339712,-0.049670,-0.047401,-0.009604
1770947954.933610,5.962768,3.759640,3.690129,-20.151926,-0.050203,-0.047943,-0.009424
1770947954.938565,5.967723,4.772134,3.477066,-26.519791,-0.050863,-0.011591,-0.016314
1770947954.943547,5.972705,4.950080,3.152989,-26.831226,-0.047085,-0.012587,-0.014454
1770947954.948613,5.977771,4.955171,3.240008,-26.856163,-0.046809,-0.012304,-0.014077
1770947954.953481,5.982640,6.161174,2.315847,-23.897041,-0.055827,-0.022891,-0.010236
1770947954.958466,5.987624,3.847390,3.577126,-20.184662,-0.049921,-0.048376,-0.009259
1770947954.963442,5.992600,4.351547,3.204971,-21.111879,-0.062289,-0.035278,-0.007733
1770947954.968657,5.997816,4.379073,3.275930,-21.133587,-0.063061,-0.035556,-0.007846
1770947954.973436,6.002594,4.343431,3.253407,-21.242691,-0.062424,-0.035007,-0.008129
1770947954.978404,6.007562,4.378056,3.274859,-21.220602,-0.062468,-0.035449,-0.007588
1770947954.983375,6.012533,4.424278,3.373363,-21.286369,-0.062383,-0.035156,-0.007551
1770947954.988332,6.017490,4.366291,3.308211,-21.132051,-0.062895,-0.036283,-0.007996
1770947954.993368,6.022526,4.418957,3.232548,-21.178949,-0.061893,-0.035626,-0.007724
1770947954.998464,6.027622,4.478247,3.367726,-21.151567,-0.062887,-0.035509,-0.006940
1770947955.003269,6.032428,4.485195,3.282725,-21.115702,-0.062545,-0.036093,-0.007046
1770947955.008257,6.037415,4.500266,3.357380,-21.125134,-0.062394,-0.035789,-0.006565
1770947955.014424,6.043582,4.558793,3.337994,-21.053257,-0.062432,-0.036210,-0.006052
1770947955.018225,6.047383,4.588024,3.206734,-20.952841,-0.062724,-0.036531,-0.006668
1770947955.023218,6.052377,4.565829,3.268479,-20.987169,-0.062726,-0.036617,-0.006196
1770947955.028177,6.057335,4.587924,3.241895,-21.061024,-0.062161,-0.036428,-0.006842
1770947955.033159,6.062317,4.579460,3.264291,-21.043512,-0.062791,-0.036479,-0.006158
1770947955.038125,6.067283,4.519705,3.131332,-20.997723,-0.062451,-0.036074,-0.007044
1770947955.043413,6.072572,4.495206,3.323385,-20.900928,-0.063221,-0.035956,-0.007224
1770947955.048190,6.077348,4.563941,3.271078,-21.058596,-0.062988,-0.035946,-0.006350
1770947955.053063,6.082222,4.490932,3.099424,-20.942348,-0.062103,-0.035639,-0.007453
1770947955.058041,6.087200,4.510068,3.116158,-21.046566,-0.061665,-0.035598,-0.007489
1770947955.063009,6.092167,4.506606,3.135630,-21.112268,-0.062046,-0.035178,-0.007205
1770947955.068241,6.097400,3.920474,3.463629,-20.340561,-0.048514,-0.047516,-0.009999
1770947955.072972,6.102130,3.932681,3.428913,-20.347267,-0.048396,-0.046948,-0.010302
1770947955.078019,6.107177,4.394157,3.029894,-21.106989,-0.062107,-0.034686,-0.008333
1770947955.082926,6.112084,3.916999,3.441358,-20.434875,-0.047496,-0.046640,-0.009599
1770947955.087918,6.117076,3.944930,3.247692,-20.350883,-0.047023,-0.047327,-0.010961
1770947955.092891,6.122049,3.918382,3.451051,-20.415253,-0.047600,-0.046409,-0.010672
1770947955.097883,6.127041,3.874644,3.272183,-20.427654,-0.047468,-0.046436,-0.010469
1770947955.102841,6.131999,3.907564,3.397818,-20.596752,-0.046814,-0.046077,-0.010714
1770947955.107824,6.136983,3.843102,3.354017,-20.562195,-0.047523,-0.046488,-0.011937
1770947955.112854,6.142012,3.837970,3.235975,-20.521667,-0.047437,-0.046267,-0.012695
1770947955.117815,6.146974,3.813759,3.273695,-20.697556,-0.046724,-0.045504,-0.011971
1770947955.122743,6.151901,5.013172,3.027059,-20.942780,-0.049632,-0.042116,-0.020972
1770947955.127722,6.156881,3.792902,3.353115,-20.763779,-0.046368,-0.045201,-0.012133
1770947955.133111,6.162270,3.766735,3.360940,-20.800171,-0.046129,-0.044818,-0.012056
1770947955.137702,6.166860,4.888455,3.173416,-21.210241,-0.048428,-0.041074,-0.021790
1770947955.143003,6.172162,4.918814,3.099931,-21.135511,-0.048981,-0.041668,-0.021813
1770947955.147961,6.177119,4.867603,3.066517,-21.211214,-0.048208,-0.041315,-0.022096
1770947955.152760,6.181918,4.955259,3.103091,-21.334892,-0.048841,-0.040936,-0.021589
1770947955.157611,6.186770,4.918467,3.077317,-21.358820,-0.048480,-0.040418,-0.022370
1770947955.162605,6.191763,4.940742,3.035915,-21.431856,-0.048448,-0.040658,-0.022065
1770947955.167715,6.196873,4.939306,3.059177,-21.392963,-0.048713,-0.040803,-0.022328
1770947955.172595,6.201754,5.390918,2.780153,-22.080301,-0.062756,-0.028896,-0.020250
1770947955.177526,6.206684,5.455626,2.810279,-22.080872,-0.062679,-0.028773,-0.020352
1770947955.182690,6.211848,5.460099,2.788554,-22.104866,-0.062872,-0.028531,-0.019881
1770947955.187478,6.216636,5.472616,2.659457,-22.207720,-0.061995,-0.028431,-0.019883
1770947955.192483,6.221641,5.452229,2.737782,-22.226675,-0.062741,-0.028499,-0.020522
1770947955.197438,6.226596,5.466187,2.714139,-22.189587,-0.063104,-0.028173,-0.020368
1770947955.202527,6.231685,5.517210,2.738611,-22.107697,-0.063869,-0.028376,-0.019804
1770947955.207393,6.236551,5.430881,2.748286,-22.033199,-0.063546,-0.029006,-0.020471
1770947955.212363,6.241521,5.496068,2.699319,-21.989265,-0.063358,-0.028599,-0.020045
1770947955.217402,6.246560,5.466609,2.796125,-21.923094,-0.063422,-0.029089,-0.020056
1770947955.222326,6.251484,5.454502,2.714926,-21.916388,-0.063423,-0.028644,-0.019704
1770947955.227304,6.256462,5.487687,2.561970,-21.805058,-0.062502,-0.028914,-0.019533
1770947955.232293,6.261452,5.022858,3.144742,-21.120558,-0.049527,-0.041262,-0.020799
1770947955.237260,6.266418,5.007971,2.929724,-20.807386,-0.049002,-0.041645,-0.020538
1770947955.242257,6.271415,3.913835,3.857378,-20.875843,-0.047241,-0.044251,-0.007982
1770947955.247222,6.276381,5.012135,2.895608,-27.088009,-0.045134,-0.011061,-0.015515
1770947955.252199,6.281357,4.968873,2.938221,-26.961422,-0.046290,-0.011492,-0.015673
1770947955.257178,6.286337,5.018084,2.818668,-26.815105,-0.046074,-0.011172,-0.015377
1770947955.262171,6.291329,5.141271,2.853896,-27.352009,-0.046880,-0.010724,-0.016860
1770947955.267123,6.296282,4.981089,3.068920,-26.643394,-0.045855,-0.012380,-0.014931
1770947955.272154,6.301313,3.829700,2.811215,-26.410831,-0.042787,-0.012304,-0.027540
1770947955.278441,6.307599,4.054715,1.556803,-26.412169,-0.038289,-0.010070,-0.021041
1770947955.282230,6.311389,4.432759,5.415396,-21.588659,-0.043253,-0.032698,-0.010216
1770947955.287044,6.316203,4.897859,1.867330,-19.509983,-0.045947,-0.037044,-0.003862
1770947955.292018,6.321177,3.759299,2.115758,-19.407021,-0.044419,-0.036411,-0.015686
1770947955.297163,6.326322,3.797854,1.839886,-19.059742,-0.044163,-0.037761,-0.015530
1770947955.302000,6.331159,3.850939,1.193562,-19.361195,-0.035786,-0.028637,-0.015937
1770947955.306960,6.336118,3.886878,1.254402,-18.980705,-0.035191,-0.029238,-0.014349
1770947955.311974,6.341132,3.943847,1.267180,-18.575417,-0.035442,-0.030362,-0.014113
1770947955.317038,6.346196,4.074181,1.263397,-17.998806,-0.034436,-0.030167,-0.013717
1770947955.321891,6.351049,3.800456,1.177507,-17.207403,-0.035466,-0.025821,-0.005738
1770947955.326858,6.356016,2.537641,1.417893,-16.531475,-0.032264,-0.027337,-0.017587
1770947955.331897,6.361056,2.491636,1.143466,-15.812393,-0.031141,-0.028368,-0.019325
1770947955.336918,6.366076,2.529615,1.119180,-15.205495,-0.030425,-0.026895,-0.018471
1770947955.341800,6.370958,2.051564,1.115538,-14.155725,-0.015520,-0.036715,-0.020497
1770947955.346803,6.375961,2.591087,1.184318,-13.679222,-0.018970,-0.028889,-0.023832
1770947955.351765,6.380924,1.325377,1.387030,-12.876600,-0.016773,-0.032306,-0.015038
1770947955.356742,6.385900,2.571286,-0.264920,-12.160667,0.001724,-0.038476,-0.003739
1770947955.361719,6.390877,2.468494,0.023525,-11.556427,0.000673,-0.039870,-0.002567
1770947955.366777,6.395936,3.245065,-1.419242,-11.622542,0.010704,-0.016126,-0.004766
1770947955.371666,6.400825,2.149273,-1.227227,-11.168432,0.010089,-0.016505,-0.015440
1770947955.376706,6.405865,2.183550,-0.681714,-10.218328,0.006852,-0.019838,-0.014352
1770947955.381603,6.410761,2.827454,-0.356364,-9.643279,0.002764,-0.014107,-0.014747
1770947955.386595,6.415754,1.792026,3.879750,-9.053228,-0.006681,-0.012996,0.009420
1770947955.391579,6.420738,2.253425,1.400887,-9.159425,0.005875,-0.003726,0.017717
1770947955.396625,6.425783,0.626700,2.223629,-7.886625,0.009993,-0.016300,0.006223
1770947955.401643,6.430801,1.509286,1.606963,-7.931414,0.017754,0.002300,0.003397
1770947955.406619,6.435777,1.584796,2.024065,-6.990441,0.017219,0.001985,0.003860
1770947955.411542,6.440700,1.613077,2.114238,-6.354371,0.015353,0.000416,0.005953
1770947955.416696,6.445854,1.581774,1.861861,-5.714512,0.014656,-0.000882,0.006459
1770947955.421451,6.450609,1.642824,1.693413,-5.274670,0.014870,-0.001714,0.007051
1770947955.426462,6.455621,1.624097,2.210939,-4.073347,0.001445,-0.009751,0.008256
1770947955.431453,6.460611,0.825485,0.853433,-2.878650,-0.010677,-0.018624,-0.019423
1770947955.436491,6.465649,-0.262873,0.843575,-2.093382,-0.011027,-0.025000,-0.009252
1770947955.441382,6.470540,-0.126208,-0.091408,-2.178972,-0.001599,-0.016319,-0.007855
1770947955.446427,6.475585,-0.173914,-0.130597,-1.759444,-0.000737,-0.017274,-0.006238
1770947955.451334,6.480492,-0.103623,-1.352778,-1.625564,0.008689,-0.015016,-0.002497
1770947955.456299,6.485457,-1.175068,-1.549673,-1.422006,0.007670,-0.014507,-0.013017
1770947955.461288,6.490446,-1.121867,-3.224082,-1.966353,0.028342,-0.017288,-0.006375
1770947955.466249,6.495407,-1.170384,-3.237071,-1.794577,0.028377,-0.017851,-0.005506
1770947955.471420,6.500578,-0.575378,0.254719,-0.186496,-0.001255,-0.005325,0.003331
1770947955.476273,6.505431,0.264155,0.161491,-0.055845,-0.001928,0.002163,0.001692
1770947955.481188,6.510346,0.244020,0.176137,0.072126,-0.002219,0.000975,0.001546
1770947955.486181,6.515339,0.349279,0.359595,0.220113,-0.003884,0.001432,0.003275
1770947955.491147,6.520305,0.311816,0.265603,0.218787,-0.003613,0.000909,0.002947
1770947955.496121,6.525279,0.010983,0.186209,0.070707,-0.002856,0.000770,0.000524
1770947955.501148,6.530306,0.053675,0.162223,0.008244,-0.002859,0.001767,-0.000108
1770947955.506215,6.535373,-0.381579,0.214192,-0.394059,-0.005908,-0.005249,-0.000963
1770947955.511142,6.540300,0.153691,1.601250,-4.631320,0.005576,0.014996,-0.004841
1770947955.516233,6.545391,0.211578,1.679828,-4.716575,0.005625,0.016433,-0.004452
1770947955.521024,6.550182,0.272479,2.131295,-4.041216,-0.005917,0.005922,-0.002643
1770947955.526016,6.555175,0.168289,1.999349,-4.074667,-0.005683,0.005820,-0.003996
1770947955.531131,6.560289,-0.204356,0.035589,-0.459381,0.000359,-0.003699,-0.008469
1770947955.535989,6.565147,0.083531,0.143175,0.031995,-0.002611,0.001661,0.000346
1770947955.540941,6.570099,0.059172,0.041647,-0.023612,-0.001586,0.001409,0.000035
1770947955.546721,6.575879,0.043376,0.009811,0.023242,-0.001713,0.000736,0.000136
1770947955.550891,6.580050,-1.450630,0.035884,-0.682061,-0.008627,-0.008101,-0.013195
1770947955.555875,6.585033,0.203720,1.944336,-3.796021,-0.005946,0.005308,-0.003224
1770947955.560844,6.590003,0.053223,4.904491,-4.531236,-0.017204,0.001409,-0.004492
1770947955.565832,6.594990,0.216095,2.095403,-3.877152,-0.006723,0.005421,-0.002950
1770947955.570925,6.600084,0.165219,2.159749,-3.887459,-0.006655,0.005770,-0.003361
1770947955.575888,6.605047,0.209253,2.041370,-3.869790,-0.006464,0.005702,-0.003062
1770947955.580769,6.609927,0.268962,1.611991,-3.742188,-0.000044,0.014387,-0.002136
1770947955.585758,6.614916,0.061508,0.061891,0.015323,-0.001709,0.001759,0.000435
1770947955.590720,6.619879,0.026414,0.129445,0.050904,-0.002615,0.001051,-0.000148
1770947955.596486,6.625645,0.049148,0.110481,0.051248,-0.002304,0.001261,0.000130
1770947955.600698,6.629856,0.073795,0.158098,0.094962,-0.002698,0.001693,0.000174
1770947955.605653,6.634812,0.075513,0.050775,0.056221,-0.001509,0.001228,0.000519
1770947955.610726,6.639884,0.052755,0.037893,0.012909,-0.001926,0.000793,-0.000089
1770947955.615761,6.644919,0.064678,0.102998,0.050296,-0.002242,0.001444,0.000360
1770947955.620597,6.649755,0.054168,0.129068,0.063237,-0.002696,0.001151,-0.000259
1770947955.625562,6.654720,0.054628,0.109964,0.030385,-0.002381,0.001391,-0.000052
1770947955.630570,6.659728,0.079745,0.120509,0.068549,-0.002173,0.001653,-0.000073
1770947955.635526,6.664684,0.041982,0.150730,0.057342,-0.002688,0.001368,-0.000059
1770947955.640596,6.669755,0.053478,0.052984,0.022488,-0.001750,0.001017,0.000188
1770947955.645504,6.674663,0.062894,0.062444,0.015153,-0.001961,0.001105,0.000228
1770947955.650573,6.679731,0.035995,0.149642,0.092854,-0.002689,0.000981,-0.000165
1770947955.655449,6.684608,0.068885,0.082972,0.056981,-0.001676,0.001479,0.000437
1770947955.660446,6.689605,0.059683,0.096107,0.052049,-0.001784,0.001425,0.000310
1770947955.665400,6.694558,0.075156,0.124765,0.062595,-0.002164,0.001625,0.000025
1770947955.670419,6.699577,0.077536,0.157535,0.094587,-0.002551,0.001601,0.000654
1770947955.675355,6.704514,0.071197,0.052245,0.056718,-0.001589,0.001028,0.000076
1770947955.680321,6.709479,0.054053,0.036874,0.036220,-0.001226,0.001138,0.000156
1770947955.685304,6.714462,0.070136,0.033107,0.025957,-0.001634,0.001189,0.000017
1770947955.690295,6.719454,0.070087,0.152581,0.076288,-0.002444,0.001792,0.000441
1770947955.695268,6.724426,0.062854,0.083806,0.052381,-0.001889,0.001650,0.000546
1770947955.700262,6.729420,0.044222,0.083400,0.029081,-0.001727,0.001428,0.000260
1770947955.705236,6.734395,0.065137,0.156344,0.083637,-0.002692,0.001434,0.000283
1770947955.710264,6.739422,0.077043,0.054332,0.064354,-0.001820,0.000870,0.000467
1770947955.715383,6.744541,0.062385,0.155212,0.124084,-0.001933,0.002010,0.000301
1770947955.720167,6.749326,0.067118,0.116348,0.082004,-0.002109,0.001120,-0.000082
1770947955.725134,6.754292,0.059124,0.125597,0.080009,-0.002243,0.001060,0.000207
1770947955.730126,6.759284,0.088969,0.124765,0.092970,-0.002068,0.001726,0.000559
1770947955.735268,6.764426,0.097120,0.085559,0.078442,-0.001897,0.001426,0.000665
1770947955.740080,6.769238,0.057032,0.081214,0.067245,-0.001823,0.001210,-0.000131
1770947955.745288,6.774446,0.057033,0.079767,0.057512,-0.001853,0.001053,0.000261
1770947955.750030,6.779189,0.052736,0.188989,0.128462,-0.002718,0.001747,0.000474
1770947955.755010,6.784169,0.072891,0.063335,0.062056,-0.001729,0.001416,0.000605
1770947955.759993,6.789151,0.058614,0.070820,0.074955,-0.001473,0.001418,0.000350
1770947955.765005,6.794164,0.060343,0.199568,0.140767,-0.003271,0.001661,0.000175
1770947955.770034,6.799193,0.043894,0.052638,0.028465,-0.001674,0.000868,0.000213
1770947955.774918,6.804076,0.071018,0.080897,0.060824,-0.001876,0.001035,0.000200
1770947955.780106,6.809264,0.045977,0.099058,0.086331,-0.002014,0.001318,-0.000089
1770947955.784889,6.814047,0.061102,0.060204,0.072789,-0.001870,0.000702,0.000068
1770947955.789861,6.819020,0.045034,0.102424,0.092736,-0.002307,0.000512,-0.000057
1770947955.794833,6.823991,0.046571,0.050442,0.052187,-0.001832,0.000850,-0.000095
1770947955.800079,6.829237,0.036571,0.093096,0.068823,-0.002293,0.000625,-0.000080
1770947955.804790,6.833949,0.105503,0.054754,0.095830,-0.001658,0.000995,0.000662
1770947955.810695,6.839854,0.095304,0.152634,0.110998,-0.002527,0.001830,0.000846
1770947955.814725,6.843883,0.103471,0.114898,0.075067,-0.002250,0.001328,0.000710
1770947955.819728,6.848886,0.074279,0.089156,0.071485,-0.002049,0.001031,0.000162
1770947955.824698,6.853857,0.057702,0.154613,0.094398,-0.002407,0.001473,0.000771
1770947955.829810,6.858968,0.052748,0.108092,0.074627,-0.001779,0.001213,0.000625
1770947955.834776,6.863935,0.069202,0.116790,0.091060,-0.002358,0.001127,0.000127
1770947955.839640,6.868798,0.055024,0.015851,0.020554,-0.001613,0.000603,-0.000254
1770947955.844957,6.874115,0.039629,0.020065,0.040806,-0.001402,0.000807,-0.000081
1770947955.849777,6.878935,0.030621,0.121924,0.096332,-0.002516,0.000936,-0.000078
1770947955.854583,6.883741,0.081478,-0.051413,0.083206,-0.000779,0.000738,0.000537
1770947955.859552,6.888710,-0.278562,0.710926,0.149753,0.000229,0.002713,-0.007806
1770947955.864544,6.893702,0.072959,0.162985,0.106106,-0.002674,0.001258,0.000183
1770947955.869709,6.898868,0.058571,0.167983,0.123259,-0.002542,0.001345,0.000068
1770947955.874540,6.903698,0.076913,0.128310,0.108804,-0.002338,0.001456,0.000815
1770947955.879478,6.908636,0.074160,0.100233,0.078778,-0.001924,0.001085,0.000334
1770947955.884483,6.913642,0.065610,0.129100,0.105830,-0.002349,0.000843,0.000102
1770947955.889430,6.918589,0.063122,0.073102,0.084683,-0.001490,0.001436,0.000593
1770947955.894409,6.923568,0.043671,0.154981,0.099766,-0.002193,0.001578,0.000208
1770947955.899437,6.928595,0.018542,0.166072,0.113170,-0.002821,0.001025,-0.000327
1770947955.904350,6.933509,0.061806,0.142159,0.121057,-0.002202,0.001386,-0.000001
1770947955.909385,6.938543,0.056064,0.107524,0.087478,-0.002200,0.000694,0.000218
1770947955.914326,6.943484,0.039376,0.064014,0.066017,-0.002022,0.000666,0.000039
1770947955.919300,6.948458,0.060255,0.162069,0.136842,-0.002464,0.000863,-0.000035
1770947955.924273,6.953431,0.030156,0.104735,0.060550,-0.002374,0.000627,-0.000092
1770947955.929259,6.958417,0.058171,0.141340,0.109957,-0.002734,0.000825,0.000273
1770947955.934492,6.963650,0.045489,0.173575,0.118598,-0.002723,0.000932,0.000141
1770947955.939209,6.968368,0.075990,0.123526,0.080940,-0.002660,0.000956,0.000045
1770947955.944189,6.973347,0.055476,0.136265,0.120726,-0.002604,0.000998,-0.000029
1770947955.949342,6.978500,0.073818,0.126702,0.110611,-0.002149,0.001105,0.000733
1770947955.954157,6.983316,0.053643,0.067214,0.065118,-0.001519,0.001501,0.000200
1770947955.959122,6.988281,0.044690,0.080782,0.068166,-0.002098,0.000574,0.000253
1770947955.964098,6.993256,0.072940,0.091401,0.089609,-0.002385,0.000710,0.000117
1770947955.969082,6.998240,0.051053,0.108153,0.092910,-0.002295,0.001084,0.000473
1770947955.974139,7.003297,0.057527,0.074804,0.089883,-0.002024,0.000752,0.000140
1770947955.979057,7.008215,0.057633,0.059736,0.072086,-0.001771,0.000852,0.000197
1770947955.984032,7.013190,0.022424,0.040432,0.035905,-0.001658,0.000904,0.000076
1770947955.988993,7.018151,0.052748,0.058987,0.064900,-0.001466,0.000969,0.000011
1770947955.994025,7.023184,0.089280,0.066435,0.079313,-0.001814,0.001079,0.000649
1770947955.998941,7.028099,0.043888,0.109874,0.083280,-0.002039,0.000916,0.000368
1770947956.003958,7.033116,0.083329,0.123819,0.092520,-0.002290,0.000877,0.000475
1770947956.010513,7.039672,0.040368,0.033860,0.035689,-0.001954,0.000504,-0.000096
1770947956.014046,7.043204,0.057627,0.148852,0.114859,-0.002269,0.001190,0.000560
1770947956.018862,7.048021,0.066031,0.145756,0.127520,-0.002199,0.001167,0.000104
1770947956.023867,7.053026,0.082273,0.095368,0.081813,-0.002111,0.001002,0.000475
1770947956.028839,7.057997,0.077795,0.159151,0.149408,-0.002675,0.001135,0.000498
1770947956.033843,7.063002,0.101310,0.124490,0.100603,-0.002296,0.001409,0.000630
1770947956.038793,7.067951,0.067356,0.122482,0.095956,-0.002303,0.001170,0.000025
1770947956.043790,7.072948,0.047663,0.076420,0.061806,-0.002254,0.000520,0.000141
1770947956.048740,7.077898,0.099076,0.103918,0.081476,-0.001868,0.001567,0.000442
1770947956.053722,7.082880,0.098515,0.035120,-0.037026,-0.001657,0.001205,0.000297
1770947956.058695,7.087853,-0.546571,0.094206,-0.147478,-0.001646,-0.006406,0.003355
1770947956.063673,7.092832,-0.612049,0.027597,-0.213422,-0.002224,-0.006709,0.002491
1770947956.068651,7.097810,-0.644357,0.036857,-0.293677,-0.002540,-0.006125,0.001786
1770947956.073745,7.102904,-0.586531,-0.157976,-0.491178,-0.000607,-0.006045,0.002553
1770947956.078638,7.107797,-0.810942,2.086709,-0.182971,-0.015698,-0.009051,-0.007289
1770947956.083616,7.112775,-0.776588,1.800910,-0.309515,-0.013247,-0.009034,-0.007236
1770947956.088568,7.117727,-0.757749,1.823463,-0.365246,-0.013487,-0.008780,-0.007131
1770947956.093546,7.122704,-0.725236,1.941805,-0.614201,-0.014252,-0.008356,-0.007123
1770947956.098523,7.127681,-0.719716,1.739720,-0.653193,-0.013647,-0.008764,-0.006476
1770947956.103522,7.132680,-0.621499,1.690057,-0.861179,-0.013549,-0.006833,-0.006921
1770947956.108524,7.137682,0.712318,1.552638,-1.341927,-0.011561,0.000147,-0.018511
1770947956.113447,7.142605,0.750760,1.372386,-1.593411,-0.011609,0.000137,-0.019241
1770947956.118441,7.147599,0.852836,1.710260,-1.741462,-0.011931,0.000024,-0.018504
1770947956.123423,7.152581,0.051613,1.370754,-1.782526,-0.008885,-0.010674,-0.015116
1770947956.128419,7.157578,0.087786,1.453977,-1.947866,-0.009602,-0.010664,-0.015698
1770947956.133453,7.162611,0.247398,1.286286,-2.528638,-0.017680,-0.004544,-0.004941
1770947956.138381,7.167540,-1.130980,1.246746,-2.620162,-0.018942,-0.005428,-0.019775
1770947956.143336,7.172494,0.522635,1.024593,-2.904284,-0.017120,-0.003791,-0.003718
1770947956.148464,7.177622,0.344039,1.920764,-3.323056,-0.023582,-0.010912,-0.001555
1770947956.153285,7.182443,0.991088,1.349952,-3.959225,-0.032898,0.002717,0.000281
1770947956.158281,7.187439,1.204811,0.317545,-4.677983,-0.025870,0.005537,-0.000038
1770947956.163255,7.192414,1.253727,1.001105,-4.792030,-0.033845,0.002436,0.001391
1770947956.168554,7.197712,0.227317,3.720322,-5.672803,-0.038908,-0.005874,0.014045
1770947956.173217,7.202375,0.393058,0.949333,-5.416139,-0.030945,-0.008803,0.002765
1770947956.178236,7.207394,0.476226,0.895032,-5.661489,-0.031452,-0.007767,0.002852
1770947956.183270,7.212428,0.335462,3.138016,-5.516740,-0.041008,-0.009120,-0.004701
1770947956.188144,7.217303,0.367435,2.944535,-5.750495,-0.041367,-0.009347,-0.005394
1770947956.193118,7.222276,0.409957,2.636461,-6.119174,-0.040875,-0.009198,-0.006033
1770947956.198148,7.227306,1.602473,3.158358,-6.104287,-0.049549,-0.013803,-0.016079
1770947956.203086,7.232245,1.694344,2.897532,-6.342330,-0.050165,-0.014551,-0.016280
1770947956.208254,7.237412,0.904615,3.028335,-6.544940,-0.048959,-0.023415,-0.013881
1770947956.213081,7.242240,0.895232,2.991795,-6.953151,-0.050300,-0.023335,-0.013229
1770947956.218009,7.247167,0.877758,2.992549,-7.340139,-0.050840,-0.023060,-0.014901
1770947956.222999,7.252157,1.007561,2.701079,-7.809301,-0.051897,-0.021585,-0.015013
1770947956.227963,7.257121,1.099280,2.563192,-8.158934,-0.052903,-0.020802,-0.015515
1770947956.233810,7.262969,1.492666,2.117226,-9.392944,-0.063791,-0.009527,-0.015083
1770947956.238106,7.267264,1.904443,2.102303,-10.234814,-0.072629,-0.007873,-0.013557
1770947956.242913,7.272071,3.078638,1.778380,-10.103658,-0.064038,-0.013187,-0.009902
1770947956.247862,7.277020,1.614252,3.609006,-10.595491,-0.079362,-0.010364,-0.022461
1770947956.252855,7.282013,1.635497,3.441106,-10.923452,-0.080176,-0.010352,-0.022495
1770947956.257829,7.286987,1.692757,3.370985,-11.223724,-0.081307,-0.008371,-0.023516
1770947956.262810,7.291968,1.705929,3.122355,-11.596266,-0.081203,-0.008137,-0.023579
1770947956.267795,7.296953,1.757664,3.075057,-12.036470,-0.082119,-0.006639,-0.023923
1770947956.272759,7.301917,0.822201,3.104208,-12.344201,-0.081630,-0.014950,-0.021973
1770947956.278804,7.307963,0.853141,2.940376,-12.475725,-0.082414,-0.014955,-0.022535
1770947956.283017,7.312176,2.048046,2.739763,-13.023932,-0.083614,-0.009997,-0.032408
1770947956.287702,7.316860,3.323510,2.308928,-12.678523,-0.074870,-0.015454,-0.027798
1770947956.292675,7.321834,3.289745,2.147752,-13.046671,-0.074074,-0.014475,-0.028886
1770947956.297694,7.326853,3.273285,2.213846,-13.322251,-0.074624,-0.012715,-0.028759
1770947956.302965,7.332123,3.253024,2.108429,-13.592282,-0.075983,-0.012284,-0.029095
1770947956.307617,7.336776,2.959216,3.730858,-13.640905,-0.083102,-0.014514,-0.037817
1770947956.312680,7.341838,2.159852,3.841607,-13.151368,-0.088317,-0.035212,-0.035355
1770947956.317586,7.346744,2.073720,4.051355,-13.476502,-0.089777,-0.033775,-0.035480
1770947956.322548,7.351706,3.290786,3.981760,-13.621023,-0.092327,-0.032556,-0.023621
1770947956.327549,7.356708,3.693646,3.611446,-14.712602,-0.105121,-0.021864,-0.022026
1770947956.332516,7.361675,4.597171,3.175093,-14.969409,-0.101982,-0.013432,-0.029832
1770947956.337471,7.366629,4.534463,3.167094,-15.109350,-0.102919,-0.013309,-0.030356
1770947956.342455,7.371614,4.551289,3.321239,-15.439297,-0.105577,-0.011786,-0.031394
1770947956.347430,7.376589,4.552486,3.299274,-15.647182,-0.105487,-0.011645,-0.031453
1770947956.352466,7.381624,4.486850,3.076708,-15.756519,-0.104928,-0.011080,-0.031573
1770947956.357393,7.386551,4.464770,3.072342,-15.914252,-0.106172,-0.010299,-0.031297
1770947956.362391,7.391549,4.420904,3.192771,-16.109055,-0.107671,-0.010514,-0.032641
1770947956.367398,7.396557,4.367884,3.097154,-16.401176,-0.108052,-0.009770,-0.032384
1770947956.372437,7.401595,3.631679,3.147409,-16.593018,-0.109877,-0.022211,-0.032973
1770947956.377385,7.406544,3.595789,3.280830,-16.789730,-0.110557,-0.021100,-0.032529
1770947956.382282,7.411440,3.518087,3.187290,-17.001043,-0.109844,-0.020055,-0.032906
1770947956.387262,7.416420,3.545557,3.172580,-17.047558,-0.111052,-0.020397,-0.033158
1770947956.392270,7.421428,4.429980,2.881872,-17.053822,-0.105254,-0.010986,-0.039235
1770947956.397281,7.426439,4.428885,2.871583,-17.198780,-0.105605,-0.010934,-0.039868
1770947956.402237,7.431396,4.381873,5.133411,-17.662418,-0.126467,-0.020618,-0.049861
1770947956.407212,7.436370,4.328313,5.163147,-17.754074,-0.126523,-0.020535,-0.050204
1770947956.412178,7.441336,4.345411,5.097660,-17.854866,-0.126272,-0.021007,-0.050523
1770947956.417144,7.446303,4.407141,5.140444,-17.827118,-0.126330,-0.020551,-0.049485
1770947956.422104,7.451262,4.376992,5.054983,-17.925823,-0.127285,-0.020435,-0.050364
1770947956.427094,7.456252,4.558786,4.226938,-17.754164,-0.118027,-0.016697,-0.050243
1770947956.432087,7.461245,4.642238,4.224718,-17.873663,-0.117986,-0.015830,-0.049778
1770947956.437118,7.466277,4.543960,4.852702,-18.174896,-0.126698,-0.019597,-0.050310
1770947956.442033,7.471192,4.512536,4.871548,-18.251060,-0.127205,-0.020156,-0.050658
1770947956.447043,7.476201,4.537683,4.762285,-18.410959,-0.126181,-0.019412,-0.050976
1770947956.452002,7.481160,4.506044,4.673317,-18.531704,-0.126942,-0.019895,-0.050829
1770947956.456968,7.486126,4.517163,4.802137,-18.682556,-0.127719,-0.019090,-0.051074
1770947956.461946,7.491104,4.494257,4.743682,-18.824944,-0.127565,-0.018798,-0.051890
1770947956.466947,7.496105,4.509235,4.540872,-18.747974,-0.126751,-0.018914,-0.052143
1770947956.472018,7.501176,4.078588,4.641071,-20.583485,-0.144972,-0.026204,-0.051474
1770947956.477103,7.506261,3.647520,4.661459,-19.051706,-0.124998,-0.028156,-0.050134
1770947956.481849,7.511007,4.875486,4.594311,-19.022655,-0.124050,-0.027404,-0.036365
1770947956.486843,7.516001,3.581326,4.507233,-19.189281,-0.124931,-0.027820,-0.051211
1770947956.491808,7.520967,4.783033,4.468980,-19.073307,-0.123671,-0.027093,-0.037204
1770947956.496815,7.525973,4.767342,4.355447,-19.122543,-0.122665,-0.026227,-0.037319
1770947956.502071,7.531229,4.815682,4.479485,-19.262302,-0.124435,-0.026093,-0.037172
1770947956.506873,7.536031,4.792109,4.324347,-19.297112,-0.123367,-0.025213,-0.036971
1770947956.511748,7.540906,4.771454,4.140498,-19.200558,-0.121684,-0.024252,-0.036976
1770947956.516832,7.545990,4.829777,4.310120,-19.453981,-0.122921,-0.024481,-0.037251
1770947956.521679,7.550837,4.773298,4.229487,-19.460342,-0.122812,-0.023774,-0.038451
1770947956.526695,7.555853,4.819926,4.275375,-19.584232,-0.123144,-0.023535,-0.038062
1770947956.531680,7.560839,4.802711,4.218627,-19.607307,-0.123014,-0.023403,-0.038012
1770947956.536623,7.565781,4.801611,4.291684,-19.795292,-0.123972,-0.023479,-0.038694
1770947956.541600,7.570758,4.773863,4.228034,-19.896816,-0.123391,-0.023624,-0.038578
1770947956.546670,7.575828,4.732795,4.315076,-19.941315,-0.124758,-0.024788,-0.039482
1770947956.551592,7.580750,4.741914,4.316500,-20.030144,-0.124784,-0.025109,-0.038562
1770947956.556530,7.585689,4.778836,4.353272,-20.059479,-0.125320,-0.025031,-0.038311
1770947956.561528,7.590687,4.827617,4.580800,-20.191660,-0.128084,-0.025669,-0.038145
1770947956.566757,7.595915,5.727358,4.187516,-20.186985,-0.120940,-0.013682,-0.044117
1770947956.571621,7.600780,5.752904,4.260010,-20.209024,-0.121541,-0.014108,-0.044090
1770947956.576516,7.605675,4.827271,4.525271,-20.241491,-0.127309,-0.025925,-0.037663
1770947956.581451,7.610610,5.716004,4.224511,-20.360807,-0.121795,-0.013518,-0.045389
1770947956.586407,7.615566,5.708423,4.210923,-20.391945,-0.121676,-0.013973,-0.044987
1770947956.591388,7.620546,5.667748,4.261815,-20.546835,-0.121873,-0.014422,-0.045809
1770947956.596370,7.625528,5.698483,4.323473,-20.698034,-0.122634,-0.014195,-0.046161
1770947956.601531,7.630689,5.661698,4.299170,-20.658455,-0.123006,-0.014455,-0.045732
1770947956.606400,7.635559,5.619663,4.238521,-20.655075,-0.122774,-0.014272,-0.045534
1770947956.611305,7.640464,5.661223,4.236639,-20.702971,-0.122760,-0.014320,-0.045679
1770947956.616428,7.645586,5.626457,4.285124,-20.688704,-0.123751,-0.014107,-0.046132
1770947956.621258,7.650417,5.637548,4.276009,-20.681004,-0.123127,-0.014261,-0.046034
1770947956.626231,7.655389,5.679520,4.193619,-20.691128,-0.121923,-0.013538,-0.045810
1770947956.631316,7.660475,5.644062,4.005398,-20.602272,-0.120681,-0.012995,-0.045481
1770947956.636265,7.665423,5.671694,4.103333,-20.757133,-0.121311,-0.012916,-0.046216
1770947956.641160,7.670319,5.679341,4.074156,-20.731262,-0.120721,-0.012767,-0.045627
1770947956.646155,7.675313,5.652329,3.986028,-20.627403,-0.120086,-0.012299,-0.046240
1770947956.651140,7.680299,5.716882,4.062220,-20.636229,-0.120612,-0.012747,-0.045141
1770947956.656121,7.685279,5.691899,4.036978,-20.517006,-0.120028,-0.012798,-0.045711
1770947956.661133,7.690291,5.731439,3.982024,-20.496571,-0.119644,-0.011998,-0.045080
1770947956.666078,7.695236,5.708273,3.926051,-20.409029,-0.119179,-0.012296,-0.044840
1770947956.671037,7.700196,5.730855,3.948147,-20.382240,-0.119438,-0.012033,-0.045047
1770947956.676027,7.705186,5.806056,3.944115,-20.410421,-0.118579,-0.011840,-0.044364
1770947956.681027,7.710186,5.703381,3.849107,-20.461119,-0.118411,-0.011564,-0.045136
1770947956.686285,7.715444,4.257976,5.837684,-24.536119,-0.149789,-0.025820,-0.050679
1770947956.690973,7.720132,3.777086,5.699313,-25.801115,-0.153822,-0.025130,-0.051766
1770947956.696230,7.725388,5.163434,5.694773,-25.713875,-0.153576,-0.024428,-0.037538
1770947956.701052,7.730211,5.166090,5.748089,-25.700111,-0.154003,-0.024358,-0.037155
1770947956.705891,7.735050,5.169159,5.831345,-25.748804,-0.154523,-0.024523,-0.037164
1770947956.710965,7.740124,5.293880,4.870656,-25.512205,-0.146170,-0.019167,-0.038958
1770947956.715832,7.744990,5.192762,5.726476,-25.745573,-0.153880,-0.025203,-0.037425
1770947956.720823,7.749981,3.885430,5.742366,-25.793688,-0.154222,-0.026475,-0.051449
1770947956.725801,7.754959,4.078281,5.031775,-25.500994,-0.146104,-0.021408,-0.052420
1770947956.730868,7.760026,3.896221,5.803375,-25.789932,-0.154153,-0.026668,-0.051377
1770947956.735814,7.764972,3.908127,5.738198,-25.747297,-0.152876,-0.026810,-0.051061
1770947956.740752,7.769910,3.931692,5.833057,-25.523901,-0.153839,-0.027480,-0.051064
1770947956.745768,7.774926,3.987320,5.732277,-25.458145,-0.153118,-0.027161,-0.050209
1770947956.750846,7.780005,4.024338,5.834139,-25.436930,-0.152462,-0.026934,-0.049800
1770947956.755676,7.784834,4.035881,5.780610,-25.339087,-0.152085,-0.026546,-0.050106
1770947956.760649,7.789808,4.073997,5.734721,-25.308506,-0.150656,-0.026475,-0.050357
1770947956.765738,7.794896,4.058549,5.758276,-25.295874,-0.151527,-0.026793,-0.050892
1770947956.770663,7.799822,4.082962,5.640922,-25.254528,-0.149754,-0.026125,-0.050828
1770947956.775602,7.804761,4.133193,5.587529,-25.186958,-0.149342,-0.026313,-0.050810
1770947956.780586,7.809744,4.070616,5.558278,-25.254240,-0.148446,-0.025518,-0.051806
1770947956.785553,7.814712,4.030238,5.430725,-25.290428,-0.148272,-0.025710,-0.052559
1770947956.790531,7.819690,5.128800,3.581807,-20.176338,-0.113546,-0.020803,-0.035141
1770947956.795594,7.824752,4.978122,3.842812,-19.966654,-0.118283,-0.020819,-0.037150
1770947956.800591,7.829749,4.965301,3.947152,-20.089912,-0.119327,-0.021024,-0.037774
1770947956.805463,7.834621,4.975401,3.912964,-20.104382,-0.118674,-0.020832,-0.037867
1770947956.810970,7.840128,4.917313,3.784178,-19.913881,-0.117734,-0.020414,-0.038098
1770947956.815399,7.844557,4.875989,3.758879,-19.976076,-0.117289,-0.020834,-0.038827
1770947956.820433,7.849591,4.908571,3.732959,-19.965275,-0.117534,-0.020356,-0.038359
1770947956.825376,7.854534,4.907680,3.713801,-19.866692,-0.117038,-0.020591,-0.038383
1770947956.830388,7.859547,4.941255,3.746585,-20.070663,-0.117036,-0.020267,-0.038458
1770947956.835378,7.864537,4.967714,3.841839,-20.119606,-0.117850,-0.021003,-0.037741
1770947956.840305,7.869463,4.973988,3.866291,-20.014580,-0.118122,-0.021433,-0.038017
1770947956.845557,7.874715,4.975396,3.838417,-20.041573,-0.117762,-0.021162,-0.037704
1770947956.850469,7.879628,5.029313,3.872418,-20.082439,-0.118025,-0.021104,-0.037227
1770947956.855263,7.884421,5.063728,4.074697,-20.145573,-0.119862,-0.021670,-0.037644
1770947956.860222,7.889380,5.061693,3.981730,-20.096722,-0.119328,-0.021655,-0.036649
1770947956.865208,7.894367,5.132015,4.042492,-20.129148,-0.119359,-0.021446,-0.036913
1770947956.870254,7.899412,5.068095,3.969001,-20.146259,-0.118419,-0.021940,-0.037123
1770947956.875160,7.904318,5.116984,3.966224,-20.038012,-0.118621,-0.021597,-0.036359
1770947956.880150,7.909308,5.101274,3.844811,-20.019077,-0.117177,-0.021532,-0.036374
1770947956.885125,7.914283,5.077831,3.895160,-19.999828,-0.118381,-0.021575,-0.036375
1770947956.890089,7.919248,5.146160,3.974007,-19.919765,-0.118316,-0.022181,-0.036207
1770947956.895089,7.924248,5.097351,3.907673,-19.952469,-0.118047,-0.021736,-0.036672
1770947956.900083,7.929241,5.169534,3.992276,-20.172905,-0.118804,-0.021406,-0.036008
1770947956.905087,7.934246,5.080925,3.822860,-20.078461,-0.117106,-0.021090,-0.037153
1770947956.910027,7.939185,5.101973,3.796720,-19.987520,-0.117283,-0.021021,-0.036270
1770947956.914986,7.944144,5.040801,3.728831,-19.986843,-0.116844,-0.020739,-0.036938
1770947956.919981,7.949140,5.085853,3.809242,-19.944332,-0.117585,-0.020664,-0.036680
1770947956.924948,7.954106,5.095148,3.805571,-19.895025,-0.117216,-0.020553,-0.036307
1770947956.929945,7.959103,5.122982,3.855050,-19.928850,-0.117439,-0.020828,-0.036492
1770947956.934952,7.964110,5.072987,3.756682,-19.753405,-0.116897,-0.020413,-0.036291
1770947956.939885,7.969043,5.137182,3.772379,-19.765091,-0.116704,-0.020107,-0.036195
1770947956.944853,7.974011,5.090104,3.754211,-19.699093,-0.116398,-0.020316,-0.035978
1770947956.950000,7.979158,5.057233,3.704597,-19.736504,-0.115991,-0.019995,-0.036857
1770947956.954837,7.983995,5.030807,3.687902,-19.702084,-0.116164,-0.019945,-0.036730
1770947956.959795,7.988953,5.039244,3.700943,-19.763931,-0.116287,-0.020206,-0.036767
1770947956.964775,7.993933,5.040108,3.640706,-19.724834,-0.115589,-0.019832,-0.036495
1770947956.969774,7.998933,4.984062,3.755938,-19.744217,-0.116719,-0.020363,-0.037342
1770947956.974847,8.004005,5.009233,3.660507,-19.612068,-0.115736,-0.020090,-0.036640
1770947956.979723,8.008881,4.988572,3.659672,-19.580730,-0.116000,-0.020072,-0.037187
1770947956.984836,8.013994,4.978788,3.628960,-19.570034,-0.115525,-0.019686,-0.037483
1770947956.989680,8.018839,5.008325,3.793925,-19.685488,-0.117354,-0.020337,-0.036594
1770947956.994707,8.023865,4.963623,3.709975,-19.583866,-0.116385,-0.020356,-0.037624
1770947956.999631,8.028790,5.019876,3.906298,-19.679243,-0.118005,-0.020688,-0.037357
1770947957.004625,8.033783,4.978455,3.804724,-19.672609,-0.117325,-0.020690,-0.037415
1770947957.009817,8.038975,4.982686,3.695300,-19.657028,-0.116239,-0.020210,-0.037129
1770947957.014740,8.043898,4.934439,3.723869,-19.586040,-0.116723,-0.020586,-0.037896
1770947957.019560,8.048718,4.949328,3.714740,-19.592613,-0.117273,-0.020049,-0.037540
1770947957.024513,8.053671,4.920187,3.710269,-19.661110,-0.117108,-0.019930,-0.037971
1770947957.029506,8.058664,4.919389,3.582051,-19.598381,-0.116007,-0.019060,-0.037720
1770947957.034486,8.063644,4.914688,3.657312,-19.578308,-0.116681,-0.019666,-0.037749
1770947957.039466,8.068624,4.853439,3.566341,-19.474472,-0.115616,-0.019433,-0.038431
1770947957.044486,8.073644,4.904813,3.628757,-19.488468,-0.116307,-0.019178,-0.037970
1770947957.049438,8.078596,4.857203,3.632405,-19.384624,-0.116384,-0.019975,-0.038727
1770947957.054400,8.083558,4.879095,3.577281,-19.442425,-0.115774,-0.019058,-0.038555
1770947957.059381,8.088540,4.901545,3.579719,-19.417412,-0.115608,-0.018886,-0.038479
1770947957.064351,8.093510,4.904449,3.685425,-19.470392,-0.116583,-0.019444,-0.038527
1770947957.069380,8.098539,4.918120,3.504186,-19.392597,-0.114321,-0.018698,-0.038227
1770947957.074308,8.103466,4.860420,3.503118,-19.314758,-0.114729,-0.018660,-0.038613
1770947957.079314,8.108472,4.846344,3.497597,-19.327049,-0.114874,-0.018532,-0.038733
1770947957.084575,8.113734,4.843552,3.452201,-19.034756,-0.113825,-0.018610,-0.038576
1770947957.089250,8.118409,5.521567,3.061947,-20.163998,-0.108554,-0.010866,-0.044336
1770947957.094247,8.123405,4.883875,3.677253,-19.319168,-0.115655,-0.019725,-0.038506
1770947957.099437,8.128595,4.878034,3.609380,-19.255939,-0.114476,-0.019898,-0.038227
1770947957.104216,8.133375,4.876931,3.657591,-19.134502,-0.115194,-0.020476,-0.038031
1770947957.110773,8.139932,4.910980,3.814406,-19.114254,-0.116053,-0.021156,-0.038473
1770947957.114140,8.143298,4.936884,3.880200,-19.219126,-0.116493,-0.021737,-0.037909
1770947957.119179,8.148337,4.915340,3.986783,-19.109879,-0.117468,-0.022475,-0.037179
1770947957.124082,8.153240,3.791754,4.076382,-19.354851,-0.120967,-0.026236,-0.052006
1770947957.129347,8.158506,3.767000,4.081429,-19.232464,-0.121661,-0.026561,-0.051519
1770947957.134062,8.163220,3.723191,4.189263,-19.166573,-0.120715,-0.027492,-0.051364
1770947957.139038,8.168196,3.833841,4.303505,-18.966530,-0.121488,-0.027456,-0.049860
1770947957.144007,8.173166,3.759485,4.431592,-18.799053,-0.121461,-0.028296,-0.050537
1770947957.148996,8.178154,4.607050,4.510366,-18.691628,-0.123814,-0.018307,-0.051866
1770947957.153971,8.183130,4.614375,4.631241,-18.437469,-0.123464,-0.018566,-0.050758
1770947957.158959,8.188117,4.579714,4.831213,-18.264462,-0.124133,-0.018711,-0.050426
1770947957.163932,8.193091,4.721188,3.616542,-18.150219,-0.114034,-0.012962,-0.039869
1770947957.168929,8.198087,3.679277,3.864950,-17.656319,-0.115858,-0.023714,-0.031609
1770947957.173881,8.203039,3.640641,4.029536,-17.328094,-0.115436,-0.024859,-0.031251
1770947957.178864,8.208023,4.299766,4.124613,-16.841778,-0.116135,-0.016921,-0.031765
1770947957.183966,8.213125,4.185424,4.380433,-16.465755,-0.114521,-0.018888,-0.031071
1770947957.188811,8.217969,3.596056,1.063805,-14.510489,-0.086229,-0.020542,-0.034496
1770947957.193800,8.222958,3.324596,0.387960,-14.081327,-0.079821,-0.013488,-0.050110
1770947957.199003,8.228161,2.000514,0.705369,-13.305102,-0.068174,-0.025118,-0.046876
1770947957.203774,8.232932,2.301262,-0.890308,-12.746324,-0.058604,-0.024307,-0.036571
1770947957.209003,8.238162,3.086175,-0.350405,-11.875150,-0.059604,-0.015128,-0.036470
1770947957.213700,8.242859,3.142382,0.037575,-11.190870,-0.058961,-0.016663,-0.034303
1770947957.218818,8.247976,2.061850,0.881436,-10.423522,-0.063958,-0.023041,-0.025113
1770947957.223666,8.252824,2.808306,-0.924416,-10.008074,-0.050376,-0.011343,-0.018773
1770947957.228695,8.257853,2.799679,-0.666677,-9.506434,-0.050983,-0.012206,-0.018430
1770947957.234027,8.263186,1.499567,-0.799678,-9.036224,-0.050103,-0.016668,-0.031885
1770947957.238605,8.267763,1.270298,-0.326674,-8.358505,-0.052138,-0.019364,-0.030316
1770947957.243574,8.272732,2.052881,-0.168674,-8.044877,-0.053180,-0.010981,-0.030676
1770947957.248621,8.277779,1.668586,-1.733782,-7.592834,-0.020937,-0.005582,-0.030968
1770947957.253530,8.282689,1.626055,-1.519109,-7.216837,-0.021835,-0.006055,-0.030080
1770947957.258515,8.287673,0.654152,-1.410389,-6.577787,-0.022613,-0.010717,-0.022943
1770947957.263493,8.292652,0.684083,-1.187955,-6.174407,-0.023846,-0.011608,-0.022527
1770947957.268963,8.298121,0.780139,-2.883474,-6.577502,-0.000515,-0.008607,-0.013609
1770947957.273458,8.302616,1.326444,-2.693990,-6.411640,-0.003509,-0.002227,-0.014839
1770947957.278484,8.307642,1.292161,-2.693534,-6.213109,-0.002382,-0.002865,-0.014687
1770947957.283565,8.312723,1.319302,-2.543473,-5.934674,-0.002484,-0.002939,-0.014155
1770947957.288425,8.317584,0.151938,-2.501117,-5.142382,-0.002971,-0.003260,-0.024216
1770947957.293367,8.322525,-0.976558,-2.581970,-4.564018,-0.002351,-0.008642,-0.018951
1770947957.298410,8.327568,-1.176496,-2.519509,-4.205132,-0.002241,-0.009486,-0.019184
1770947957.303431,8.332589,-1.266070,-2.544836,-3.952674,-0.000667,-0.009212,-0.020056
1770947957.308303,8.337461,-1.709862,-2.624684,-2.884901,0.006782,-0.016230,-0.019721
1770947957.313305,8.342463,0.861282,1.474038,-2.021933,-0.013596,0.001288,-0.013926
1770947957.318250,8.347409,0.742203,1.637995,-1.643290,-0.014192,0.000535,-0.015339
1770947957.323232,8.352390,0.647105,1.423140,-1.454570,-0.012528,0.001004,-0.015755
1770947957.328207,8.357365,0.550536,1.227084,-1.195364,-0.012360,0.000996,-0.016358
1770947957.333214,8.362372,0.465021,1.453047,-0.863293,-0.013553,0.000431,-0.016040
1770947957.338164,8.367322,0.355851,1.554852,-0.685755,-0.013712,0.000491,-0.016382
1770947957.343148,8.372307,0.236558,1.453113,-0.462869,-0.012684,-0.000197,-0.016814
1770947957.348151,8.377309,-0.846820,1.623904,0.014315,-0.013592,-0.008148,-0.005521
1770947957.353101,8.382259,-0.666373,-0.194848,-0.388439,-0.001413,-0.005527,0.003363
1770947957.358349,8.387507,-0.702876,-0.191416,-0.232265,-0.001190,-0.007370,0.004598
1770947957.363091,8.392249,0.110551,0.030575,0.008792,-0.002505,0.001456,0.001923
1770947957.368072,8.397230,0.129610,0.086240,0.124051,-0.002702,0.000707,0.002333
1770947957.373024,8.402182,0.241434,0.187802,0.236485,-0.003889,0.000673,0.003114
1770947957.378031,8.407189,0.263556,0.164665,0.141107,-0.003636,0.000808,0.002266
1770947957.382985,8.412144,0.040014,-0.052538,-0.060450,-0.001281,0.000635,0.000281
1770947957.387965,8.417124,0.049718,-0.185259,-0.116217,-0.000489,-0.000349,0.000179
1770947957.392957,8.422116,0.112413,0.109830,0.050005,-0.002521,0.002107,0.001686
1770947957.397922,8.427081,-0.020042,-0.051491,-0.133400,-0.002088,0.000558,0.000281
1770947957.402966,8.432125,0.022884,-0.030306,-0.059550,-0.001596,0.000615,0.000013
1770947957.407878,8.437037,0.065047,-0.038619,-0.031663,-0.001230,0.000939,0.000453
1770947957.412859,8.442017,0.062758,0.072255,0.008359,-0.002314,0.000992,0.000071
1770947957.417821,8.446980,0.038565,0.056109,-0.018165,-0.002060,0.001006,0.000404
1770947957.422813,8.451971,0.063035,0.030273,-0.028164,-0.002229,0.000734,0.000084
1770947957.427798,8.456956,0.055796,-0.019373,-0.040684,-0.001656,0.000841,0.000347
1770947957.432869,8.462027,0.068320,0.039496,0.018342,-0.001790,0.001141,0.000706
1770947957.437847,8.467005,0.082978,0.024642,0.006207,-0.002040,0.001245,0.000580
1770947957.442731,8.471890,0.098556,-0.015454,0.013759,-0.001545,0.000667,0.000669
1770947957.447706,8.476864,0.072478,0.063182,0.015740,-0.002602,0.000908,0.000354
1770947957.452676,8.481834,0.063240,0.049507,0.020667,-0.002099,0.000775,0.000375
1770947957.457659,8.486817,0.034529,0.003118,-0.001969,-0.001664,0.000634,0.000118
1770947957.462642,8.491800,0.063145,0.096390,0.030798,-0.001779,0.001961,0.001032
1770947957.467620,8.496778,0.047814,0.026183,-0.005775,-0.002043,0.000874,0.000011
1770947957.472612,8.501770,0.050444,0.114092,0.048862,-0.002357,0.001547,0.000753
1770947957.478769,8.507927,0.082179,-0.045482,0.002145,-0.001200,0.000891,0.000704
1770947957.482529,8.511687,0.050873,0.056644,0.043962,-0.001707,0.001268,0.000077
1770947957.487523,8.516682,0.067987,-0.009973,0.020100,-0.001286,0.000856,0.000740
1770947957.492529,8.521688,0.065919,-0.052465,-0.019866,-0.001182,0.000460,0.000422
1770947957.497500,8.526658,0.024146,0.008743,0.007411,-0.001699,0.000583,0.000287
1770947957.502546,8.531704,0.071863,0.035269,0.046442,-0.001830,0.001202,0.000420
1770947957.507435,8.536593,0.032649,-0.050129,-0.032339,-0.001451,0.000341,0.000468
1770947957.512500,8.541658,0.086317,0.058391,0.045401,-0.002290,0.001179,0.000619
1770947957.517412,8.546571,0.063286,-0.026300,-0.001219,-0.001587,0.000592,0.000509
1770947957.522382,8.551540,0.053246,0.039967,0.050414,-0.002056,0.000850,0.000211
1770947957.527362,8.556520,0.064749,-0.039180,-0.002054,-0.001608,0.000074,0.000420
1770947957.532480,8.561639,0.052020,-0.022120,0.014332,-0.001472,0.000503,0.000413
1770947957.537336,8.566494,0.024936,0.016999,-0.012811,-0.001924,0.000173,0.000191
1770947957.542281,8.571440,0.049934,0.042910,0.041040,-0.001972,0.000650,0.000239
1770947957.547391,8.576550,0.064076,-0.023274,0.011435,-0.001444,0.000676,0.000612
1770947957.552243,8.581402,0.044300,0.050196,0.053816,-0.001969,0.000848,0.000435
1770947957.557229,8.586388,0.082505,0.046663,0.041208,-0.002123,0.001125,0.000424
1770947957.562216,8.591375,0.035114,0.056353,0.041827,-0.001751,0.001105,0.000238
1770947957.567224,8.596382,0.057717,-0.005082,0.030271,-0.001684,0.000308,0.000523
1770947957.572433,8.601592,0.072545,-0.038433,0.005869,-0.001350,0.000296,0.000374
1770947957.577136,8.606295,0.077228,0.084440,0.081676,-0.002226,0.001162,0.000823
1770947957.582127,8.611285,0.058407,-0.032024,0.006121,-0.001133,0.000907,0.000784
1770947957.587115,8.616273,0.064441,0.046740,0.041915,-0.001935,0.000937,0.000352
1770947957.592085,8.621244,0.084770,-0.009441,0.048456,-0.001560,0.000612,0.000628
1770947957.597117,8.626276,-0.001434,-0.016349,0.047748,-0.001108,0.000314,0.000222
1770947957.602024,8.631182,0.047024,0.049970,0.066098,-0.001870,0.000693,0.000262
1770947957.607060,8.636219,0.065198,0.044918,0.065872,-0.002101,0.000601,0.000620
1770947957.612020,8.641178,0.037236,-0.027737,0.004458,-0.001408,0.000308,0.000192
1770947957.616957,8.646116,0.056069,0.026564,0.025075,-0.001995,0.000557,0.000188
1770947957.621955,8.651114,0.043812,0.064204,0.065521,-0.001663,0.001084,0.000355
1770947957.626949,8.656108,0.048208,0.061642,0.060064,-0.001918,0.000850,0.000286
1770947957.631906,8.661064,0.057712,0.084741,0.062531,-0.001921,0.001183,0.000633
1770947957.636859,8.666017,0.059465,0.005125,0.025233,-0.001656,0.000832,0.000159
1770947957.641859,8.671017,0.034031,-0.004916,0.027768,-0.001592,0.000498,0.000106
1770947957.646897,8.676055,0.054574,0.003378,0.051815,-0.001559,0.000546,0.000297
1770947957.651829,8.680988,0.043201,0.050037,0.064092,-0.002146,0.000390,0.000324
1770947957.656803,8.685961,0.036376,0.059805,0.070924,-0.001999,0.000941,0.000484
1770947957.661781,8.690940,0.067264,0.120692,0.119763,-0.002323,0.001180,0.000665
1770947957.666767,8.695925,0.024810,0.021987,0.065149,-0.001582,0.000560,0.000135
1770947957.671705,8.700863,0.035390,-0.017808,0.008714,-0.001630,0.000326,-0.000197
1770947957.676685,8.705844,0.048017,-0.031409,0.014305,-0.001350,0.000249,0.000352
1770947957.681726,8.710884,0.015984,-0.083306,0.006992,-0.000716,-0.000006,0.000342
1770947957.686677,8.715835,0.047393,0.071981,0.057908,-0.002062,0.000679,0.000377
1770947957.691638,8.720796,0.026283,-0.092969,0.002530,-0.000680,0.000129,0.000055
1770947957.696635,8.725793,0.046477,0.002516,0.097446,-0.001571,0.000430,0.000768
1770947957.701580,8.730738,-0.258939,-0.991475,-0.541087,0.005829,-0.008908,-0.007373
1770947957.706553,8.735711,0.075836,-0.018903,0.049273,-0.001212,0.000871,0.000590
1770947957.711590,8.740748,0.036459,-0.006303,0.035145,-0.001788,-0.000039,0.000228
1770947957.716518,8.745676,0.054245,0.045529,0.065253,-0.001857,0.000438,0.000230
1770947957.721525,8.750683,0.056117,0.049796,0.072889,-0.001845,0.000873,0.000367
1770947957.726504,8.755662,0.054267,-0.011112,0.037821,-0.001481,0.000448,0.000243
1770947957.731460,8.760619,0.038756,0.076598,0.066178,-0.001870,0.000978,0.000368
1770947957.736453,8.765611,0.018443,-0.041345,0.011742,-0.000921,0.000367,0.000043
1770947957.741438,8.770597,0.045300,-0.017243,0.049779,-0.001112,0.000406,0.000305
1770947957.746731,8.775889,0.058754,0.099515,0.111557,-0.002046,0.001152,0.000939
1770947957.751415,8.780574,0.014088,-0.006133,0.030451,-0.001618,0.000062,-0.000055
1770947957.756661,8.785819,0.057207,0.134698,0.133519,-0.002605,0.000750,0.000287
1770947957.761667,8.790825,0.037329,0.032627,0.062375,-0.001642,0.000924,0.000317
1770947957.766639,8.795798,0.030312,0.013730,0.042557,-0.001854,0.000177,0.000220
1770947957.771312,8.800470,0.012600,-0.028667,0.026874,-0.001627,-0.000425,-0.000328
1770947957.776253,8.805411,0.029260,0.021149,0.044960,-0.001774,0.000174,0.000080
1770947957.781309,8.810467,0.048833,-0.031328,0.032283,-0.001216,0.000382,0.000228
1770947957.786247,8.815406,0.051466,0.065184,0.079757,-0.002085,0.000617,0.000406
1770947957.791225,8.820383,0.041853,0.124047,0.126362,-0.002463,0.001123,0.000678
1770947957.796203,8.825361,0.089087,0.044174,0.074539,-0.001794,0.000825,0.000856
1770947957.801192,8.830351,0.070019,0.084210,0.107002,-0.002036,0.001002,0.000598
1770947957.806329,8.835488,0.041838,-0.000568,0.070221,-0.001655,0.000171,0.000195
1770947957.811188,8.840347,0.037518,0.018919,0.072918,-0.001892,0.000055,0.000241
1770947957.816089,8.845247,0.043808,-0.015661,0.051319,-0.001244,0.000271,0.000271
1770947957.821174,8.850332,0.050012,-0.010788,0.048869,-0.001362,0.000365,0.000510
1770947957.826064,8.855222,0.045688,-0.004993,0.049779,-0.001497,0.000262,0.000260
1770947957.831110,8.860268,0.025616,0.016403,0.063567,-0.001676,0.000494,0.000499
1770947957.836046,8.865205,0.043382,0.002918,0.054734,-0.001446,0.000380,0.000290
1770947957.841024,8.870182,0.029210,-0.052684,0.031389,-0.001071,-0.000113,-0.000017
1770947957.846502,8.875661,0.053034,-0.023434,0.056536,-0.001197,0.000386,0.000479
1770947957.850943,8.880101,0.058941,0.031598,0.070157,-0.001591,0.000802,0.000436
1770947957.855942,8.885101,0.049646,0.069859,0.086618,-0.002292,0.000315,0.000082
1770947957.860919,8.890077,0.029150,0.039423,0.072365,-0.001867,0.000650,0.000273
1770947957.865922,8.895081,0.058873,-0.025715,0.056771,-0.000846,0.000761,0.000468
1770947957.870923,8.900082,0.022002,0.000093,0.050697,-0.001724,0.000119,0.000035
1770947957.875853,8.905011,0.039513,0.099673,0.097677,-0.002371,0.000689,0.000341
1770947957.880867,8.910025,0.068688,0.082519,0.113588,-0.001900,0.001034,0.000865
1770947957.885801,8.914959,0.017371,0.043010,0.058849,-0.001979,0.000772,0.000009
1770947957.890802,8.919961,0.045105,0.047733,0.059914,-0.002098,0.000466,0.000325
1770947957.895769,8.924928,0.024810,-0.045966,0.020446,-0.001434,-0.000081,-0.000167
1770947957.900762,8.929920,0.059456,0.061190,0.087440,-0.001623,0.000899,0.000845
1770947957.905770,8.934928,0.062114,-0.009634,0.061414,-0.001546,0.000525,0.000642
1770947957.910719,8.939878,0.074146,0.047007,0.074065,-0.001878,0.000940,0.000833
1770947957.915799,8.944958,0.048466,0.028270,0.071664,-0.001426,0.000505,0.000588
1770947957.920651,8.949810,0.066019,0.044186,0.095955,-0.001493,0.000964,0.000812
1770947957.925640,8.954799,0.054903,0.040646,0.098812,-0.001896,0.000631,0.000659
1770947957.930716,8.959875,0.049805,-0.006580,0.051379,-0.001231,0.000407,0.000329
1770947957.935595,8.964753,0.035388,0.002170,0.058778,-0.001243,0.000668,0.000534
1770947957.940577,8.969735,0.024310,-0.067407,0.015416,-0.001014,-0.000062,0.000299
1770947957.947150,8.976308,0.064226,0.012571,0.060483,-0.001741,0.000802,0.000542
1770947957.950541,8.979699,0.034526,-0.014546,0.058383,-0.001433,0.000184,0.000201
1770947957.955497,8.984655,0.025772,0.021835,0.054410,-0.001191,0.000823,0.000326
1770947957.960506,8.989664,0.086216,0.031412,0.102918,-0.001128,0.001043,0.000833
1770947957.965475,8.994634,0.086027,0.061974,0.120933,-0.001661,0.001147,0.000932
1770947957.970509,8.999668,0.070289,0.080738,0.095166,-0.002135,0.000870,0.000612
1770947957.975433,9.004591,0.069021,0.052090,0.079523,-0.001719,0.000629,0.000628
1770947957.980458,9.009616,0.042027,0.038202,0.062060,-0.001841,0.000521,0.000291
1770947957.985388,9.014546,0.038582,0.024185,0.060215,-0.001319,0.000733,0.000463
1770947957.990364,9.019522,0.062067,0.000360,0.073391,-0.001215,0.000783,0.000711
1770947957.995490,9.024648,0.049594,0.085202,0.089319,-0.002178,0.000849,0.000208
1770947958.000330,9.029489,0.055543,0.027776,0.085548,-0.001736,0.000582,0.000535
1770947958.005551,9.034710,0.081655,0.025751,0.179564,-0.001826,0.000619,0.000694
1770947958.011456,9.040615,-0.211923,1.618183,-0.458456,-0.001495,0.005976,-0.002722
1770947958.015238,9.044396,0.070157,0.002093,0.071512,-0.001478,0.000612,0.000632
1770947958.020229,9.049388,0.049436,0.068141,0.075282,-0.001921,0.000621,0.000380
1770947958.025214,9.054372,0.019126,-0.808669,-2.933139,-0.004136,-0.009923,-0.009856
1770947958.030185,9.059343,0.233656,2.038436,-3.621915,-0.006726,0.005268,-0.002758
1770947958.035174,9.064332,0.189864,1.973265,-3.528189,-0.006589,0.004860,-0.003037
1770947958.040151,9.069309,0.150453,2.018284,-3.663229,-0.006639,0.005326,-0.003170
1770947958.045101,9.074260,0.517808,-0.622319,-2.654189,-0.002220,0.004142,0.001497
1770947958.050124,9.079282,0.081161,-0.037661,0.053183,-0.001240,0.000047,0.000652
1770947958.055090,9.084248,0.084546,0.072699,0.125839,-0.002070,0.000820,0.000359
1770947958.060056,9.089215,0.072028,-0.005455,0.093608,-0.001291,0.000338,0.000677
1770947958.065033,9.094191,0.054981,-0.055717,0.046138,-0.000772,0.000125,0.000404
1770947958.070029,9.099187,0.080867,0.086254,0.119853,-0.002430,0.000743,0.000419
1770947958.074992,9.104151,0.016537,0.064757,0.094373,-0.002205,0.000153,-0.000271
1770947958.079982,9.109140,0.045241,0.083048,0.095918,-0.002148,0.000635,0.000275
1770947958.084957,9.114115,0.036554,0.086489,0.095480,-0.002169,0.000904,0.000407
1770947958.090129,9.119287,0.056338,0.057397,0.100208,-0.001843,0.000832,0.000486
1770947958.095136,9.124295,0.039473,0.055849,0.098018,-0.001663,0.000684,0.000404
1770947958.100002,9.129160,0.048322,0.082842,0.092755,-0.002163,0.000921,0.000398
1770947958.104922,9.134081,0.015210,-0.023676,0.051896,-0.000956,0.000250,0.000035
1770947958.109880,9.139039,0.066735,0.001259,0.074958,-0.001634,0.000418,0.000445
1770947958.114833,9.143991,0.084041,-0.008883,0.088900,-0.001271,0.000385,0.000548
1770947958.119800,9.148958,0.078552,0.055200,0.112114,-0.001760,0.000647,0.000583
1770947958.124792,9.153951,0.060466,0.133532,0.138835,-0.002288,0.001168,0.000376
1770947958.129889,9.159048,0.034911,0.048251,0.100453,-0.001843,0.000547,0.000375
1770947958.134862,9.164021,0.044357,0.005163,0.065044,-0.001529,0.000139,0.000276
1770947958.139718,9.168876,0.042734,0.147944,0.164064,-0.002917,0.000516,0.000118
1770947958.144697,9.173855,0.082855,0.048900,0.120002,-0.002127,0.000355,0.000435
1770947958.149663,9.178822,0.065092,0.003519,0.087206,-0.001320,0.000391,0.000533
1770947958.154656,9.183815,0.067766,0.039321,0.121180,-0.001451,0.000507,0.000506
1770947958.159631,9.188789,0.063835,0.032527,0.114044,-0.001175,0.000916,0.000716
1770947958.164609,9.193768,0.037140,0.046309,0.096261,-0.001649,0.000580,0.000260
1770947958.169821,9.198979,0.053031,-0.071253,0.055099,-0.000605,0.000201,0.000473
1770947958.174597,9.203755,0.033747,0.014231,0.088948,-0.001450,0.000281,0.000286
1770947958.179553,9.208711,0.066025,0.002348,0.095706,-0.001125,0.000525,0.000464
1770947958.184699,9.213857,0.010193,0.039761,0.067489,-0.001457,0.000469,0.000348
1770947958.189516,9.218674,0.074322,0.048289,0.107994,-0.001999,0.000682,0.000329
1770947958.194476,9.223634,0.053087,0.112068,0.137799,-0.002497,0.000577,0.000291
1770947958.200013,9.229171,0.024770,0.001852,0.080140,-0.001627,0.000222,0.000135
1770947958.204493,9.233651,0.041392,0.053551,0.100957,-0.001783,0.000790,0.000216
1770947958.209429,9.238587,0.030697,0.026706,0.091926,-0.001484,0.000436,0.000473
1770947958.214405,9.243563,0.047940,0.116587,0.137114,-0.002323,0.000531,0.000640
1770947958.219460,9.248618,0.039020,0.033644,0.095572,-0.001566,0.000520,0.000424
1770947958.224360,9.253518,0.074286,0.074984,0.127468,-0.001943,0.000804,0.000432
1770947958.229410,9.258568,0.068400,0.050907,0.091313,-0.001652,0.000987,0.000616
1770947958.234372,9.263530,0.019223,0.069601,0.092917,-0.002091,0.000350,-0.000240
1770947958.239398,9.268557,0.045082,0.002189,0.070941,-0.001247,0.000475,0.000546
1770947958.244270,9.273428,0.070249,0.057261,0.125067,-0.002010,0.000881,0.000649
1770947958.249364,9.278522,0.028025,0.032909,0.087860,-0.001035,0.000894,0.000545
1770947958.254231,9.283390,0.063192,-0.051099,0.071887,-0.001037,0.000198,0.000622
1770947958.259206,9.288365,0.065607,0.009433,0.085068,-0.001214,0.000802,0.000405
1770947958.264189,9.293348,0.044898,-0.000309,0.086874,-0.001043,0.000633,0.000519
1770947958.269200,9.298358,0.084913,0.037982,0.088208,-0.002018,0.000391,0.000452
1770947958.274150,9.303309,0.057461,-0.026337,0.084984,-0.001064,0.000435,0.000526
1770947958.279302,9.308460,0.063424,0.043034,0.096607,-0.001940,0.000435,0.000453
1770947958.284087,9.313245,0.041952,0.047150,0.100151,-0.001746,0.000404,0.000308
1770947958.289074,9.318233,0.023235,0.069301,0.106635,-0.001552,0.000713,0.000478
1770947958.294061,9.323219,0.036678,0.097844,0.122040,-0.002188,0.000629,0.000011
1770947958.299037,9.328195,0.028947,0.035940,0.098820,-0.001844,0.000179,0.000010
1770947958.304060,9.333219,0.045403,0.051182,0.107484,-0.001759,0.000477,0.000415
1770947958.309005,9.338164,0.081859,-0.049265,0.080257,-0.000947,0.000295,0.000598
1770947958.313998,9.343157,0.061924,-0.008229,0.140323,-0.001357,0.000134,0.000478
1770947958.319098,9.348257,0.168718,2.590448,-3.180938,-0.012751,0.002352,-0.001981
1770947958.323925,9.353083,0.189360,1.931437,-3.556128,-0.006544,0.004479,-0.003368
1770947958.328907,9.358065,0.226350,2.060915,-3.527078,-0.006863,0.004581,-0.002489
1770947958.333948,9.363106,0.240454,1.859492,-3.542943,-0.006586,0.004941,-0.002096
1770947958.338875,9.368034,-1.403326,-0.193517,-0.764684,-0.005953,-0.006817,-0.009371
1770947958.343847,9.373005,0.048936,0.050974,0.099490,-0.001775,0.000520,0.000239
1770947958.348854,9.378012,0.044730,0.007760,0.056058,-0.001125,0.000400,0.000243
1770947958.353950,9.383109,0.052028,0.042150,0.091918,-0.001525,0.000501,0.000358
1770947958.358795,9.387953,0.053897,0.053823,0.122058,-0.001462,0.000869,0.000686
1770947958.363804,9.392962,0.048229,0.075172,0.089331,-0.001720,0.001068,0.000239
1770947958.368905,9.398063,0.028822,0.090970,0.104285,-0.002214,0.000712,0.000540
1770947958.373735,9.402894,0.056882,0.053957,0.119784,-0.001289,0.001575,0.000689
1770947958.378736,9.407895,0.045393,0.020779,0.087631,-0.001250,0.000712,0.000411
1770947958.383716,9.412874,0.054936,-0.023368,0.065843,-0.000958,0.000139,0.000491
1770947958.388661,9.417819,0.032931,0.131974,0.120124,-0.002438,0.000859,0.000041
1770947958.393705,9.422863,0.036938,-0.010593,0.059891,-0.001260,0.000235,0.000297
1770947958.399011,9.428169,0.053180,0.010262,0.075575,-0.001324,0.000863,0.000537
1770947958.403606,9.432764,0.060066,0.140693,0.159684,-0.002483,0.001105,0.000646
1770947958.408566,9.437725,0.051672,0.082297,0.115164,-0.002166,0.000577,0.000253
1770947958.413610,9.442768,0.044360,0.096014,0.103851,-0.002035,0.000804,0.000317
1770947958.418777,9.447935,0.022521,0.054762,0.098925,-0.001667,0.000456,0.000231
1770947958.423529,9.452688,0.065759,0.074983,0.133139,-0.001656,0.000918,0.000311
1770947958.428591,9.457749,0.036094,0.062438,0.097464,-0.001661,0.000423,0.000319
1770947958.433536,9.462695,0.046044,0.073098,0.101596,-0.002271,0.000505,0.000308
1770947958.438438,9.467597,0.033724,0.045724,0.104395,-0.001573,0.000713,0.000338
1770947958.443420,9.472579,0.057571,0.055599,0.102600,-0.001399,0.000968,0.000757
1770947958.448517,9.477675,0.052558,0.066587,0.097956,-0.001775,0.000878,0.000537
1770947958.453381,9.482540,0.050409,0.107313,0.133377,-0.001991,0.001257,0.000540
1770947958.458365,9.487523,0.056273,-0.001272,0.081460,-0.001374,0.000305,0.000314
1770947958.463341,9.492500,0.053637,0.073221,0.118356,-0.001809,0.000681,0.000360
1770947958.468315,9.497474,0.048134,0.035464,0.084632,-0.001668,0.000559,0.000574
1770947958.473290,9.502449,0.029494,0.013090,0.095981,-0.001209,0.000430,0.000287
1770947958.478289,9.507447,0.080303,0.040135,0.115678,-0.001667,0.000600,0.000730
1770947958.483240,9.512398,0.059880,0.091758,0.136731,-0.002130,0.000638,0.000255
1770947958.488240,9.517399,0.069180,0.036293,0.110165,-0.001921,0.000293,0.000113
1770947958.493209,9.522367,0.065798,-0.006332,0.090367,-0.001194,0.000568,0.000301
1770947958.498245,9.527403,0.049680,-0.039288,0.060869,-0.000957,0.000053,0.000301
1770947958.503273,9.532432,0.033064,0.035877,0.106677,-0.001665,0.000416,0.000521
1770947958.508152,9.537310,0.056313,-0.012491,0.088616,-0.001332,0.000321,0.000284
1770947958.513149,9.542308,0.059300,0.056976,0.107474,-0.001440,0.000803,0.000452
1770947958.518282,9.547440,0.064037,0.035033,0.103002,-0.001356,0.000856,0.000483
1770947958.523086,9.552244,0.086681,0.070327,0.146684,-0.001693,0.000862,0.000664
1770947958.528053,9.557212,0.071811,0.038815,0.117719,-0.001488,0.000792,0.000496
1770947958.533117,9.562275,0.039108,-0.058007,0.059423,-0.001134,-0.000175,0.000174
1770947958.538029,9.567187,0.052988,0.049295,0.118317,-0.001748,0.000471,0.000117
1770947958.543009,9.572168,0.044380,0.006726,0.085280,-0.001632,0.000017,0.000170
1770947958.548012,9.577170,0.032132,0.005962,0.095497,-0.001314,0.000150,0.000344
1770947958.552979,9.582137,0.064211,0.077100,0.143353,-0.001497,0.001130,0.000465
1770947958.557928,9.587086,0.069775,0.007143,0.111109,-0.001105,0.000576,0.000899
1770947958.562909,9.592067,0.056433,0.012006,0.074318,-0.001505,0.000367,0.000411
1770947958.568149,9.597308,0.046697,-0.007019,0.089098,-0.001248,0.000270,0.000324
1770947958.572879,9.602037,0.060828,0.088795,0.130532,-0.002067,0.001098,0.000709
1770947958.577868,9.607026,0.046710,0.040985,0.099833,-0.001933,0.000257,-0.000088
1770947958.582834,9.611993,0.036733,-0.008097,0.059396,-0.001471,-0.000207,0.000144
1770947958.587810,9.616968,0.047728,-0.064730,0.037508,-0.000708,0.000187,0.000314
1770947958.592798,9.621957,0.038648,0.054935,0.092790,-0.001811,0.000764,0.000181
1770947958.597851,9.627009,0.050742,-0.022768,0.073769,-0.001002,0.000219,0.000341
1770947958.602736,9.631895,0.058458,0.015986,0.075383,-0.001700,-0.000040,0.000241
1770947958.607739,9.636898,0.046658,0.075499,0.124576,-0.001995,0.000491,0.000207
1770947958.612695,9.641854,0.049557,0.104204,0.134983,-0.001709,0.001313,0.000363
1770947958.617652,9.646811,0.019175,0.049431,0.144839,-0.001850,0.000217,0.000239
1770947958.622654,9.651813,-0.696508,-0.307092,-0.580237,0.001882,-0.006895,-0.000301
1770947958.627640,9.656799,0.150280,2.017814,-3.511255,-0.007322,0.004691,-0.003027
1770947958.632798,9.661957,0.139454,2.008054,-3.539254,-0.006872,0.004707,-0.003153
1770947958.637586,9.666744,0.155584,1.989289,-3.563506,-0.006611,0.005204,-0.003233
1770947958.642568,9.671726,0.038380,0.001221,0.081515,-0.001446,-0.000010,0.000231
1770947958.647542,9.676700,0.022470,0.056887,0.107729,-0.001847,0.000614,0.000231
1770947958.652535,9.681693,0.043347,0.041589,0.088495,-0.001918,0.000700,0.000481
1770947958.657510,9.686668,0.054456,0.076065,0.124311,-0.002048,0.000757,0.000513
1770947958.662513,9.691671,0.055566,0.065461,0.119202,-0.002163,0.000513,0.000296
1770947958.667628,9.696787,0.056967,0.092570,0.140306,-0.002325,0.000497,0.000212
1770947958.672486,9.701644,0.049115,0.118294,0.138190,-0.002245,0.000922,0.000706
1770947958.677499,9.706657,0.054200,0.027451,0.085969,-0.001550,0.000575,0.000435
1770947958.682397,9.711555,0.049318,0.061494,0.096717,-0.001717,0.000686,0.000142
1770947958.687380,9.716538,0.050689,0.023576,0.089615,-0.001724,0.000228,0.000307
1770947958.692366,9.721524,0.056887,0.139219,0.152532,-0.002347,0.000889,0.000464
1770947958.697398,9.726556,0.030865,0.038913,0.086733,-0.001613,0.000402,0.000398
1770947958.702355,9.731513,-1.097088,1.490309,-2.541724,-0.001724,0.000871,-0.005347
1770947958.707300,9.736459,0.253493,1.863856,-3.456831,-0.006107,0.004925,-0.002453
1770947958.712265,9.741424,0.218818,2.019101,-3.560117,-0.006378,0.004871,-0.002815
1770947958.717262,9.746421,0.201293,1.993339,-3.565934,-0.006687,0.005483,-0.002348
1770947958.722234,9.751393,0.204500,1.922477,-3.588719,-0.006738,0.004872,-0.003199
1770947958.727326,9.756485,-0.762246,1.879123,-1.998983,-0.002864,0.001740,-0.008570
1770947958.732252,9.761410,0.051851,0.032176,0.095251,-0.001617,0.000674,0.000626
1770947958.737188,9.766346,0.016328,0.092955,0.122439,-0.002279,0.000270,-0.000187
1770947958.742203,9.771362,0.060032,0.071690,0.124105,-0.002294,0.000415,0.000145
1770947958.747113,9.776271,0.045465,0.054419,0.110628,-0.002002,0.000548,0.000149
1770947958.752079,9.781237,0.059540,0.045493,0.112996,-0.002040,0.000236,0.000515
1770947958.757086,9.786244,0.031771,0.021860,0.090938,-0.001645,0.000278,0.000222
1770947958.762073,9.791231,0.070980,-0.004445,0.076025,-0.000989,0.000560,0.000684
1770947958.767036,9.796194,0.054038,0.010220,0.077612,-0.001560,0.000307,0.000389
1770947958.772024,9.801183,0.060780,0.067141,0.120828,-0.002145,0.000508,0.000241
1770947958.776995,9.806154,0.047976,0.034180,0.087478,-0.001254,0.000830,0.000634
1770947958.781972,9.811130,0.068231,0.054394,0.076106,-0.002074,0.000746,0.000100
1770947958.786963,9.816121,0.050047,0.137456,0.124876,-0.002454,0.000768,0.000404
1770947958.791942,9.821101,0.076067,0.089865,0.142123,-0.002061,0.000975,0.000888
1770947958.796905,9.826063,0.015604,0.053713,0.093390,-0.001121,0.000854,0.000204
1770947958.801890,9.831048,0.055919,0.007973,0.070395,-0.001742,0.000192,0.000080
1770947958.806865,9.836024,0.040353,0.021418,0.092282,-0.001592,0.000303,0.000075
1770947958.811867,9.841026,0.063761,0.054574,0.113984,-0.001924,0.000563,0.000732
1770947958.816808,9.845966,0.066078,0.065325,0.140150,-0.001684,0.000644,0.000751
1770947958.821840,9.850998,0.076675,0.022337,0.084545,-0.001547,0.000580,0.000617
1770947958.826768,9.855927,0.065119,0.161587,0.162327,-0.002636,0.000976,0.000890
1770947958.831766,9.860924,0.022858,0.001794,0.051655,-0.001330,0.000019,0.000010
1770947958.836751,9.865909,0.059590,0.107989,0.158279,-0.002046,0.000822,0.000371
1770947958.841770,9.870928,0.051884,0.054662,0.121582,-0.001782,0.000662,0.000450
1770947958.846740,9.875898,0.041719,0.068741,0.115688,-0.001709,0.000539,0.000408
1770947958.851674,9.880832,0.059696,0.079670,0.140463,-0.001965,0.000773,0.000606
1770947958.856652,9.885810,0.059197,0.093805,0.130054,-0.002351,0.000364,0.000507
1770947958.861630,9.890789,0.044891,0.031289,0.076320,-0.001844,0.000155,0.000409
1770947958.866595,9.895753,0.010604,0.059584,0.096639,-0.001820,0.000206,-0.000126
1770947958.871739,9.900898,0.046406,0.035936,0.076201,-0.001682,0.000437,0.000362
1770947958.876577,9.905735,0.073028,0.132455,0.141213,-0.002149,0.001065,0.000586
1770947958.881546,9.910704,0.035438,0.018260,0.077838,-0.001187,0.000462,0.000222
1770947958.886523,9.915682,0.047612,0.087691,0.117420,-0.002249,0.000582,0.000312
1770947958.891493,9.920651,0.069598,0.000813,0.087409,-0.001351,0.000156,0.000374
1770947958.896513,9.925672,0.058992,0.069763,0.112642,-0.001979,0.000360,0.000185
1770947958.901464,9.930623,0.046314,0.075027,0.082507,-0.001930,0.000739,0.000065
1770947958.906444,9.935602,0.055511,0.036781,0.080364,-0.001715,0.000237,0.000237
1770947958.911430,9.940588,0.068641,0.066531,0.127742,-0.001951,0.000525,0.000569
1770947958.916431,9.945589,0.059267,0.019834,0.101445,-0.001625,0.000106,0.000508
1770947958.921396,9.950555,0.080613,0.026043,0.122771,-0.001262,0.000805,0.000639
1770947958.926375,9.955533,0.053746,0.041877,0.166472,-0.001794,0.000173,0.000676
1770947958.931489,9.960647,-0.649926,-0.122781,-0.626924,-0.004080,-0.007088,-0.001692
1770947958.936317,9.965475,0.040364,0.069807,0.102599,-0.001952,0.000678,0.000063
1770947958.941287,9.970445,0.052004,0.000443,0.083525,-0.001382,0.000406,0.000406
1770947958.946254,9.975412,0.017042,0.102533,0.123539,-0.002308,0.000505,-0.000085
1770947958.951220,9.980379,0.058031,0.004594,0.082032,-0.001531,0.000058,0.000360
1770947958.956353,9.985512,0.081720,0.053887,0.144419,-0.001587,0.001016,0.001144
1770947958.961275,9.990434,0.092108,0.060809,0.127392,-0.002192,0.000539,0.000780
1770947958.966236,9.995394,0.067289,0.051180,0.103640,-0.001900,0.000346,0.000380
1770947958.971173,10.000331,0.058855,0.098811,0.136771,-0.002293,0.000908,0.000521
1770947958.976151,10.005310,0.024736,0.014111,0.068581,-0.001451,0.000425,0.000169
1770947958.981139,10.010298,0.044001,-0.042442,0.056147,-0.000968,-0.000016,0.000092
1770947958.986111,10.015269,0.074362,0.064207,0.135120,-0.001697,0.000715,0.000589
1770947958.991155,10.020314,0.067935,0.110242,0.138011,-0.001932,0.000907,0.000897
1770947958.996256,10.025414,0.037832,0.075433,0.123434,-0.001784,0.000718,0.000207
1770947959.001054,10.030212,0.055410,0.055304,0.120317,-0.001858,0.000517,0.000624
1770947959.006021,10.035179,0.053293,-0.048525,0.082671,-0.000703,0.000290,0.000561
1770947959.011321,10.040479,0.065230,0.035766,0.134676,-0.001276,0.000701,0.000751
1770947959.015969,10.045127,0.042298,0.090450,0.138353,-0.002027,0.000646,0.000385
1770947959.020961,10.050120,0.057398,0.011305,0.111433,-0.001396,0.000659,0.000578
1770947959.025935,10.055093,0.079157,0.061193,0.129285,-0.001860,0.000319,0.000493
1770947959.030957,10.060116,0.067000,0.010163,0.078358,-0.001374,0.000404,0.000478
1770947959.035888,10.065047,0.034466,0.004937,0.061540,-0.000956,0.000584,0.000630
1770947959.040866,10.070025,0.045214,0.062649,0.125806,-0.001885,0.000566,0.000520
1770947959.045882,10.075040,0.051193,0.048117,0.119219,-0.001601,0.000636,0.000393
1770947959.050795,10.079953,0.053694,0.035051,0.122703,-0.001460,0.000554,0.000569
1770947959.055812,10.084970,0.049429,0.047979,0.122681,-0.001686,0.000568,0.000693
1770947959.061009,10.090167,0.063868,0.025997,0.129386,-0.001675,0.000391,0.000493
1770947959.065788,10.094946,0.062698,0.068383,0.135843,-0.001704,0.000637,0.000424
1770947959.070744,10.099903,0.048423,-0.019079,0.069249,-0.001550,-0.000062,0.000166
1770947959.075723,10.104881,0.037838,0.026952,0.112904,-0.001401,0.000845,0.000526
1770947959.081049,10.110207,0.082302,0.123606,0.160441,-0.002206,0.000598,0.000536
1770947959.085660,10.114818,0.068682,0.040752,0.119502,-0.001458,0.000975,0.000503
1770947959.090650,10.119808,0.029875,0.026736,0.091652,-0.001654,0.000137,0.000338
1770947959.095669,10.124827,0.055566,0.056176,0.118196,-0.001685,0.000695,0.000307
1770947959.100924,10.130083,0.066800,0.096064,0.134520,-0.001569,0.000975,0.000906
1770947959.105596,10.134754,0.067443,0.005263,0.082552,-0.001470,0.000248,0.000367
1770947959.110650,10.139808,0.063689,0.085095,0.130446,-0.001801,0.000977,0.000627
1770947959.115614,10.144773,0.057117,0.022044,0.108109,-0.001475,0.000587,0.000438
1770947959.120561,10.149720,0.013499,-0.011164,0.094848,-0.001185,-0.000146,0.000334
1770947959.125524,10.154683,0.065841,0.041136,0.127426,-0.001999,0.000296,0.000402
1770947959.130476,10.159634,0.058001,0.055951,0.137672,-0.001714,0.000495,0.000828
1770947959.135593,10.164751,0.052382,-0.023164,0.100717,-0.000823,0.000658,0.000570
1770947959.140480,10.169638,0.042209,0.092021,0.146590,-0.002052,0.000622,0.000479
1770947959.145465,10.174623,0.056192,0.134748,0.171665,-0.002186,0.001049,0.000621
1770947959.150410,10.179569,0.058084,-0.018946,0.101673,-0.001032,0.000227,0.000411
1770947959.155546,10.184705,0.077988,0.073016,0.142077,-0.001817,0.000910,0.000692
1770947959.160514,10.189672,0.078381,0.015375,0.097515,-0.001376,0.000509,0.000802
1770947959.165371,10.194529,0.087346,0.033020,0.139025,-0.001559,0.000558,0.000788
1770947959.170326,10.199485,0.001696,-0.004339,0.098699,-0.001611,-0.000168,-0.000243
1770947959.175279,10.204438,0.073852,-0.019607,0.091085,-0.001114,0.000434,0.000523
1770947959.180329,10.209487,0.059636,0.025521,0.096486,-0.001307,0.000573,0.000554
1770947959.185236,10.214395,0.055094,0.013792,0.116910,-0.001247,0.000534,0.000686
1770947959.190216,10.219374,0.068896,0.097851,0.161974,-0.002049,0.000837,0.000644
1770947959.195240,10.224399,0.061048,0.101682,0.142308,-0.001891,0.000821,0.000492
1770947959.200179,10.229337,0.069791,0.040806,0.099292,-0.001559,0.000569,0.000415
1770947959.205169,10.234327,0.050559,0.078045,0.119674,-0.002012,0.000358,0.000207
1770947959.210172,10.239330,0.043634,0.000174,0.086309,-0.001368,0.000140,0.000289
1770947959.215159,10.244318,0.032622,0.058727,0.112041,-0.001757,0.000776,0.000302
1770947959.220091,10.249249,0.061019,-0.031591,0.068484,-0.001082,0.000239,0.000380
1770947959.225134,10.254292,0.093239,0.053411,0.144731,-0.002022,0.000379,0.000744
1770947959.230099,10.259258,0.039349,-0.054272,0.059583,-0.000774,0.000133,0.000486
1770947959.235056,10.264215,0.055855,-0.028056,0.137390,-0.001194,-0.000107,0.000498
1770947959.240037,10.269196,0.200695,-0.453367,-0.639081,-0.000536,-0.006543,0.017940
1770947959.245038,10.274196,0.037839,0.033496,0.081851,-0.001575,0.000346,0.000343
1770947959.249965,10.279124,0.071317,0.101288,0.151622,-0.002536,0.000571,0.000425
1770947959.255136,10.284294,0.072500,0.070078,0.133307,-0.002107,0.000542,0.000561
1770947959.260246,10.289404,0.058807,0.069357,0.116659,-0.001913,0.000536,0.000508
1770947959.264922,10.294080,0.047690,0.061602,0.093005,-0.001676,0.000887,0.000477
1770947959.269890,10.299048,0.065585,0.116145,0.159884,-0.002457,0.000522,0.000072
1770947959.274862,10.304021,0.038482,-0.026487,0.064178,-0.001312,-0.000103,0.000359
1770947959.279837,10.308996,0.072575,0.018030,0.119715,-0.001460,0.000181,0.000882
1770947959.284940,10.314098,0.064759,-0.004089,0.126883,-0.000956,0.000488,0.000755
1770947959.289808,10.318966,0.054190,0.141748,0.165338,-0.002711,0.000504,0.000335
1770947959.294851,10.324009,0.036486,0.096122,0.124904,-0.001998,0.001050,0.000408
1770947959.299764,10.328922,0.062296,0.079365,0.142346,-0.002060,0.000712,0.000879
1770947959.304739,10.333898,0.051083,0.029982,0.115347,-0.001816,0.000011,0.000303
1770947959.309729,10.338887,0.084881,-0.026575,0.105631,-0.001235,0.000064,0.000544
1770947959.314724,10.343882,0.023345,0.060096,0.093215,-0.001809,0.000562,0.000013
1770947959.319726,10.348884,0.038286,0.014017,0.086293,-0.001505,0.000141,0.000334
1770947959.324650,10.353808,0.056127,0.087375,0.140115,-0.002172,0.000788,0.000471
1770947959.329651,10.358809,0.048021,0.095913,0.133274,-0.002221,0.000467,0.000133
1770947959.334691,10.363850,0.064574,0.018216,0.079138,-0.001191,0.000817,0.000492
1770947959.339576,10.368734,0.040480,0.050205,0.115174,-0.001600,0.000701,0.000419
1770947959.344715,10.373873,0.066704,0.062010,0.134536,-0.001974,0.000259,0.000467
1770947959.349574,10.378732,0.049270,0.034135,0.107070,-0.001360,0.000743,0.000643
1770947959.354507,10.383665,0.056413,0.062015,0.128098,-0.001485,0.000961,0.000562
1770947959.359586,10.388744,0.039609,0.066674,0.095759,-0.001780,0.000685,0.000120
1770947959.364773,10.393931,0.059327,0.124467,0.157293,-0.002421,0.000829,0.000544
1770947959.369448,10.398607,0.067593,0.119983,0.144349,-0.002133,0.000887,0.000793
1770947959.374441,10.403600,0.042629,0.047218,0.103771,-0.001564,0.000467,0.000127
1770947959.379573,10.408731,0.058498,0.043846,0.120949,-0.001423,0.000596,0.000565
1770947959.384441,10.413599,0.045725,0.003279,0.089548,-0.001340,0.000234,0.000448
1770947959.389380,10.418538,0.064470,0.000106,0.091027,-0.001308,0.000402,0.000545
1770947959.394343,10.423502,0.061228,0.098676,0.150062,-0.002021,0.001064,0.000420
1770947959.399478,10.428636,0.075286,0.124376,0.160275,-0.002037,0.000849,0.000907
1770947959.404319,10.433478,0.022306,0.067931,0.094415,-0.001807,0.000639,-0.000028
1770947959.409367,10.438525,0.075480,0.037523,0.109130,-0.001756,0.000328,0.000729
1770947959.414300,10.443459,0.064429,0.016829,0.079358,-0.001294,0.000765,0.000580
1770947959.419367,10.448525,0.068633,0.054696,0.118330,-0.001919,0.000251,0.000284
1770947959.424283,10.453441,0.069241,0.083390,0.154086,-0.001840,0.000756,0.000638
1770947959.429212,10.458370,0.050551,0.073661,0.147796,-0.001535,0.000752,0.000821
1770947959.434256,10.463414,0.055773,0.016290,0.094047,-0.001921,-0.000198,0.000210
1770947959.439159,10.468317,0.076683,0.107889,0.141655,-0.002047,0.000907,0.000573
1770947959.444138,10.473296,0.057704,0.113737,0.160608,-0.002419,0.000685,0.000367
1770947959.449107,10.478266,0.061770,0.079986,0.131525,-0.001882,0.000773,0.000700
1770947959.454228,10.483386,0.030750,-0.014203,0.066635,-0.001188,0.000146,0.000445
1770947959.459063,10.488221,0.048604,0.031752,0.089731,-0.001548,0.000431,0.000175
1770947959.464233,10.493391,0.056313,0.123212,0.166397,-0.002346,0.000908,0.000290
1770947959.469009,10.498168,0.043907,0.048276,0.132485,-0.001562,0.000593,0.000524
1770947959.473991,10.503150,0.069808,0.083771,0.152015,-0.002211,0.000562,0.000228
1770947959.479424,10.508583,0.054281,0.003339,0.069114,-0.001465,0.000029,0.000393
1770947959.483957,10.513115,0.064690,0.052910,0.133309,-0.001867,0.000558,0.000534
1770947959.488927,10.518085,0.058231,0.080354,0.122259,-0.002203,0.000391,0.000397
1770947959.493906,10.523064,0.069610,0.039563,0.120924,-0.001482,0.000548,0.000690
1770947959.498879,10.528037,0.047538,0.086059,0.132306,-0.001782,0.000697,0.000464
1770947959.503903,10.533062,0.054477,0.042233,0.104829,-0.001729,0.000241,0.000495
1770947959.508839,10.537997,0.057476,-0.019171,0.083443,-0.001168,0.000319,0.000461
1770947959.513859,10.543017,0.077898,0.069514,0.130323,-0.001682,0.000775,0.000900
1770947959.518779,10.547937,0.055390,0.084647,0.132791,-0.001896,0.000537,0.000788
1770947959.523892,10.553051,0.049403,0.037692,0.118750,-0.001688,0.000290,0.000451
1770947959.528853,10.558012,0.010987,0.090702,0.110006,-0.001900,0.000455,-0.000034
1770947959.534003,10.563161,0.055172,0.023955,0.086589,-0.001747,0.000155,0.000497
1770947959.538784,10.567942,0.049163,0.002200,0.100986,-0.001345,0.000252,0.000421
1770947959.543823,10.572981,0.096719,0.090906,0.218796,-0.001640,0.001242,0.001174
1770947959.548803,10.577961,-0.335480,-0.196973,-0.231819,-0.002467,-0.001345,0.001187
1770947959.553674,10.582832,0.065897,0.003066,0.083226,-0.001427,0.000395,0.000643
1770947959.558770,10.587928,0.044100,-0.004833,0.074510,-0.001081,0.000398,0.000471
1770947959.563713,10.592871,0.042138,0.073316,0.137566,-0.002086,0.000224,0.000256
1770947959.568672,10.597831,0.083721,0.093533,0.157494,-0.002185,0.000557,0.000499
1770947959.573598,10.602756,0.044989,-0.001157,0.114470,-0.001245,0.000215,0.000408
1770947959.579404,10.608562,0.038216,0.085466,0.135350,-0.001849,0.000627,0.000307
1770947959.584022,10.613180,0.028131,0.014762,0.086207,-0.001140,0.000294,0.000624
1770947959.588500,10.617658,0.047364,0.113716,0.165129,-0.002183,0.000938,0.000607
1770947959.593470,10.622628,0.080635,0.048131,0.139366,-0.001556,0.000640,0.000933
1770947959.598490,10.627649,0.044261,0.020768,0.096955,-0.001432,0.000316,0.000502
1770947959.603495,10.632654,0.036821,0.036473,0.128523,-0.001588,0.000576,0.000524
1770947959.608577,10.637736,0.074071,0.104649,0.150464,-0.001883,0.001083,0.000883
1770947959.613842,10.643001,0.038910,0.140285,0.133357,-0.002555,0.000833,0.000060
1770947959.618395,10.647553,0.068983,0.114623,0.134906,-0.002124,0.001223,0.000808
1770947959.623348,10.652507,0.046301,-0.015580,0.069557,-0.000877,0.000591,0.000466
1770947959.628460,10.657618,0.064393,0.076982,0.114379,-0.001711,0.001098,0.000349
1770947959.633324,10.662482,0.043569,0.098998,0.123415,-0.001721,0.001269,0.000819
1770947959.638299,10.667458,0.061431,0.039101,0.100455,-0.001756,0.000236,0.000305
1770947959.643352,10.672510,0.077897,0.035566,0.125261,-0.001274,0.000988,0.000710
1770947959.648263,10.677421,0.036038,0.022481,0.106994,-0.001492,0.000056,0.000474
1770947959.653230,10.682388,0.013519,0.048299,0.091385,-0.001748,0.000216,0.000164
1770947959.658288,10.687447,0.050996,0.060716,0.105504,-0.002021,0.000428,0.000486
1770947959.663216,10.692374,0.048768,0.140518,0.135441,-0.002629,0.000495,0.000156
1770947959.668150,10.697308,0.051495,0.045113,0.116592,-0.001858,0.000265,0.000245
1770947959.673121,10.702280,0.079913,0.065430,0.139634,-0.001900,0.000375,0.000348
1770947959.678199,10.707357,0.050078,0.089104,0.149820,-0.001697,0.001034,0.000436
1770947959.683108,10.712267,0.033043,0.129200,0.139571,-0.002140,0.000681,0.000321
1770947959.688096,10.717254,0.065882,0.011778,0.102863,-0.000982,0.000648,0.000532
1770947959.693098,10.722256,0.052821,0.041445,0.094526,-0.001583,0.000578,0.000237
1770947959.698166,10.727324,0.044580,0.070368,0.106795,-0.001751,0.000736,0.000362
1770947959.702996,10.732154,0.040572,0.046307,0.110860,-0.001386,0.000749,0.000536
1770947959.707986,10.737144,0.067882,0.105952,0.153597,-0.002194,0.001170,0.000538
1770947959.713059,10.742218,0.042590,0.050476,0.109030,-0.001515,0.000027,0.000062
1770947959.717938,10.747096,0.055305,0.075639,0.121943,-0.002020,0.000604,0.000398
1770947959.722924,10.752082,0.078677,0.060588,0.116883,-0.001724,0.000748,0.000779
1770947959.727901,10.757059,0.056259,0.060839,0.125499,-0.001707,0.000578,0.000612
1770947959.732980,10.762138,0.047503,0.022225,0.083099,-0.001360,0.000314,0.000543
1770947959.737893,10.767051,0.060729,0.094235,0.131573,-0.002057,0.000726,0.000456
1770947959.742934,10.772093,0.028091,-0.002265,0.067969,-0.001307,0.000175,0.000244
1770947959.747828,10.776986,0.075817,-0.018795,0.057368,-0.001163,0.000279,0.000410
1770947959.752794,10.781952,0.033077,-0.022054,0.082759,-0.000878,0.000486,0.000120
1770947959.757785,10.786943,0.033164,0.014978,0.076518,-0.001448,0.000234,0.000223
1770947959.762797,10.791955,0.046561,0.115967,0.141566,-0.002194,0.000842,0.000527
1770947959.768105,10.797263,0.054119,0.117280,0.168067,-0.001951,0.000803,0.000643
1770947959.772722,10.801881,0.068856,0.054383,0.099195,-0.001877,0.000305,0.000264
1770947959.777719,10.806878,0.076065,0.017155,0.103536,-0.001323,0.000550,0.000550
1770947959.782687,10.811846,0.047073,0.110652,0.126033,-0.002017,0.000837,0.000219
1770947959.787714,10.816873,0.064184,0.074838,0.104488,-0.001702,0.000665,0.000185
1770947959.792650,10.821809,0.054496,0.098690,0.150831,-0.002104,0.000755,0.000559
1770947959.797605,10.826763,0.053057,0.140585,0.183739,-0.002098,0.001070,0.000772
1770947959.802649,10.831808,0.058643,0.059196,0.114544,-0.001887,0.000562,0.000505
1770947959.807629,10.836788,0.070161,0.093609,0.158124,-0.002015,0.000614,0.000897
1770947959.812587,10.841746,0.049662,0.094654,0.136586,-0.002218,0.000487,0.000124
1770947959.817840,10.846998,0.030676,0.080214,0.123942,-0.001653,0.000724,0.000455
1770947959.822485,10.851643,0.048066,0.042922,0.106370,-0.001497,0.000340,0.000319
1770947959.827542,10.856701,0.062992,0.086458,0.143589,-0.002026,0.000674,0.000461
1770947959.832493,10.861651,0.081689,0.092159,0.140169,-0.002031,0.000856,0.000276
1770947959.837663,10.866821,0.085299,0.028409,0.111200,-0.001804,0.000268,0.000621
1770947959.843403,10.872561,0.044864,0.042162,0.125553,-0.001817,0.000100,0.000241
1770947959.847741,10.876899,-0.267765,0.229524,0.619933,0.003901,-0.006524,-0.000401
1770947959.852396,10.881554,-0.224031,-0.270589,-0.293287,-0.000452,-0.010547,-0.007432
1770947959.857399,10.886557,0.074078,0.054263,0.109995,-0.001738,0.000691,0.000708
1770947959.862346,10.891505,0.057522,0.092671,0.102916,-0.001990,0.000853,-0.000009
1770947959.867316,10.896474,0.044576,0.040101,0.102834,-0.001338,0.000665,0.000397
1770947959.872439,10.901597,0.031283,0.034161,0.114568,-0.001444,0.000593,0.000279
1770947959.877337,10.906495,0.036371,0.084763,0.113377,-0.002068,0.000463,0.000361
1770947959.882225,10.911383,0.028079,0.008450,0.068237,-0.001669,0.000034,0.000306
1770947959.887211,10.916369,0.036676,0.096630,0.124351,-0.002010,0.000721,0.000367
1770947959.892314,10.921472,0.017070,0.044401,0.090898,-0.001409,0.000558,0.000267
1770947959.897183,10.926342,0.075941,0.006102,0.115871,-0.001389,0.000601,0.000593
1770947959.902156,10.931314,-0.221697,0.160575,0.544007,0.004402,-0.006195,-0.000270
1770947959.907179,10.936338,0.051639,0.075130,0.141536,-0.001795,0.000342,0.000617
1770947959.912129,10.941288,0.045727,-0.018710,0.067229,-0.001110,0.000339,0.000283
1770947959.917097,10.946255,0.078933,-0.003344,0.099345,-0.000948,0.000546,0.000422
1770947959.922439,10.951598,0.075897,0.028552,0.115322,-0.001056,0.000855,0.000789
1770947959.927040,10.956198,0.048313,0.047950,0.105897,-0.001751,0.000433,0.000111
1770947959.932037,10.961195,0.052645,0.107346,0.163164,-0.002157,0.000652,0.000581
1770947959.937057,10.966216,0.058274,0.066455,0.136648,-0.001924,0.000484,0.000651
1770947959.943421,10.972580,0.034114,0.014145,0.099658,-0.001383,0.000325,0.000665
1770947959.946970,10.976128,0.034103,0.050642,0.119907,-0.001767,0.000415,0.000287
1770947959.951934,10.981092,0.036623,0.097831,0.129472,-0.001704,0.001050,0.000293
1770947959.956908,10.986066,0.009887,-0.006093,0.075552,-0.000965,0.000360,0.000121
1770947959.961883,10.991041,0.065896,0.084958,0.138213,-0.002005,0.000973,0.000551
1770947959.966914,10.996073,0.073453,0.174744,0.177541,-0.002901,0.000833,0.000533
1770947959.971888,11.001046,0.042402,0.095047,0.133244,-0.002087,0.000462,0.000187
1770947959.976832,11.005990,0.049492,-0.011440,0.071616,-0.001359,0.000142,0.000272
1770947959.981969,11.011127,0.042121,0.114754,0.143475,-0.001676,0.001159,0.000993
1770947959.986795,11.015954,0.034328,0.017092,0.079607,-0.001559,0.000207,-0.000213
1770947959.991787,11.020945,0.051900,0.096269,0.139036,-0.001903,0.000730,0.000319
1770947959.996945,11.026103,0.052468,0.113573,0.132759,-0.002360,0.000574,0.000208
1770947960.001725,11.030883,0.056298,0.072226,0.118522,-0.001848,0.000580,0.000092
1770947960.006696,11.035855,0.063615,0.048724,0.131104,-0.001661,0.000621,0.000714
1770947960.011747,11.040906,0.069927,0.125655,0.159625,-0.002553,0.000755,0.000239
1770947960.016801,11.045960,0.035602,-0.057856,0.039434,-0.000949,-0.000083,0.000197
1770947960.021635,11.050794,0.067511,0.009833,0.078592,-0.001399,0.000453,0.000469
1770947960.026632,11.055790,0.046742,0.099712,0.134715,-0.002110,0.000665,0.000460
1770947960.031853,11.061011,0.039331,0.028953,0.099195,-0.001362,0.000553,0.000408
1770947960.036588,11.065746,0.050771,0.097170,0.130922,-0.001995,0.000854,0.000492
1770947960.041539,11.070697,0.055398,0.015785,0.088562,-0.001407,0.000551,0.000489
1770947960.046566,11.075724,0.063783,0.075525,0.119153,-0.002033,0.000664,0.000509
1770947960.051524,11.080683,0.043190,0.067523,0.117402,-0.001778,0.000263,0.000194
1770947960.056480,11.085639,0.098634,0.131884,0.174069,-0.002621,0.000911,0.000558
1770947960.061465,11.090623,0.046139,0.024740,0.092241,-0.001356,0.000589,0.000375
1770947960.066505,11.095663,0.038002,0.090874,0.138272,-0.001498,0.001321,0.000419
1770947960.071424,11.100583,0.014824,0.022516,0.090744,-0.001382,0.000511,0.000427
1770947960.076490,11.105649,0.036248,0.037402,0.090608,-0.001753,0.000197,0.000295
1770947960.081423,11.110581,0.073353,0.073623,0.126382,-0.002008,0.000656,0.000352
1770947960.086359,11.115517,0.046498,0.078258,0.141557,-0.001725,0.001045,0.000721
1770947960.091324,11.120482,0.050081,0.082523,0.139257,-0.001981,0.000641,0.000259
1770947960.096309,11.125467,0.027479,0.047083,0.107933,-0.001300,0.000793,0.000455
1770947960.101310,11.130468,0.052714,0.063912,0.127625,-0.001482,0.000810,0.000524
1770947960.106279,11.135438,0.032726,0.118833,0.148453,-0.002350,0.000606,0.000164
1770947960.111504,11.140663,0.062865,0.070125,0.136211,-0.001877,0.000560,0.000764
1770947960.116354,11.145512,0.054292,0.065323,0.146238,-0.001782,0.000659,0.000312
1770947960.121193,11.150352,0.056349,0.040620,0.114635,-0.002030,0.000274,0.000228
1770947960.126466,11.155624,0.085585,0.073685,0.142302,-0.001751,0.000911,0.000819
1770947960.131530,11.160688,0.065309,0.002230,0.084107,-0.001330,0.000407,0.000450
1770947960.136135,11.165293,0.072635,0.034472,0.128854,-0.001624,0.000471,0.000505
1770947960.141143,11.170301,0.056535,0.023588,0.103278,-0.001271,0.000562,0.000498
1770947960.146276,11.175435,0.036059,0.113365,0.139813,-0.002320,0.000546,0.000283
1770947960.151114,11.180272,0.059965,-0.010069,0.083510,-0.001228,0.000327,0.000175
1770947960.156090,11.185249,-0.198864,0.152149,0.643429,0.004623,-0.006019,0.000323
1770947960.161200,11.190359,-0.702698,0.528918,0.433324,-0.000545,-0.011473,-0.014733
1770947960.166397,11.195555,0.037309,0.143263,0.155133,-0.002499,0.000561,0.000085
1770947960.170979,11.200138,0.077434,0.095013,0.160077,-0.002019,0.000806,0.000638
1770947960.175974,11.205132,0.059049,0.062508,0.147695,-0.001956,0.000308,0.000799
1770947960.181031,11.210189,0.040700,0.025151,0.069810,-0.001363,0.000668,0.000520
1770947960.185927,11.215086,0.087823,0.008197,0.114295,-0.001268,0.000519,0.000799
1770947960.190898,11.220056,0.075240,0.041849,0.134198,-0.001643,0.000664,0.000585
1770947960.195940,11.225098,0.072881,0.044312,0.127719,-0.001757,0.000603,0.000761
1770947960.200916,11.230074,0.035412,0.001017,0.073968,-0.001505,0.000057,0.000072
1770947960.205850,11.235009,0.076724,0.052423,0.126131,-0.001406,0.001018,0.000738
1770947960.210825,11.239984,0.076292,0.042589,0.122827,-0.001522,0.000630,0.000432
