t_wall,t_rel,Fx,Fy,Fz,Mx,My,Mz
1770940808.409029,0.003682,0.695344,-0.143431,0.171726,0.002954,-0.000375,0.011135
1770940808.414014,0.008667,-0.416779,-0.099228,0.063097,0.000710,-0.003925,-0.001350
1770940808.418962,0.013615,-0.414908,0.002644,0.102122,0.000127,-0.003613,-0.001428
1770940808.423944,0.018597,0.681423,-0.157219,0.187379,0.003130,-0.000207,0.010935
1770940808.428907,0.023560,-0.402260,-0.114778,0.069127,0.001026,-0.003581,-0.001545
1770940808.433933,0.028586,-0.421193,-0.049674,0.085359,0.000206,-0.004437,-0.001856
1770940808.439000,0.033653,0.685221,-0.145582,0.235475,0.003094,-0.000515,0.010531
1770940808.443854,0.038507,-0.384421,0.019675,0.134855,-0.000162,-0.003476,-0.001110
1770940808.448853,0.043507,0.663227,-0.153084,0.215475,0.003365,-0.000402,0.010870
1770940808.453841,0.048495,-0.421665,-0.004497,0.129138,0.000230,-0.003419,-0.001329
1770940808.458812,0.053465,-0.394877,-0.115405,0.078221,0.000878,-0.004043,-0.001471
1770940808.463764,0.058417,0.269863,-0.094343,0.275327,-0.000005,0.004015,-0.003761
1770940808.468768,0.063421,0.238322,-0.145529,0.261805,0.000158,0.003337,-0.004328
1770940808.473731,0.068384,0.234027,-0.180268,0.242581,0.000898,0.003897,-0.004127
1770940808.478710,0.073363,-0.417634,-0.206445,0.026268,0.001846,-0.003940,-0.001056
1770940808.483686,0.078339,-0.414395,-0.160908,0.053288,0.001130,-0.004099,-0.001752
1770940808.488662,0.083315,0.290936,-0.150549,0.253599,0.000672,0.003720,-0.003654
1770940808.493641,0.088294,0.669835,-0.233301,0.188342,0.003612,-0.000612,0.010633
1770940808.498616,0.093270,-0.436064,-0.119317,0.074498,0.001137,-0.003865,-0.001879
1770940808.503600,0.098253,0.273489,-0.107218,0.275304,0.000140,0.003968,-0.003861
1770940808.508574,0.103227,-0.404160,-0.169501,0.038544,0.001422,-0.004041,-0.001499
1770940808.513546,0.108199,0.257487,-0.161750,0.234413,0.001281,0.004020,-0.003806
1770940808.518527,0.113180,-0.374511,-0.035956,0.103596,0.000415,-0.003800,-0.001566
1770940808.523728,0.118381,0.268791,-0.084804,0.280280,0.000017,0.003590,-0.004042
1770940808.528519,0.123173,-0.368655,-0.059758,0.079600,0.000653,-0.003730,-0.001293
1770940808.533491,0.128144,-0.388360,-0.021640,0.155038,-0.000148,-0.003853,-0.001478
1770940808.538444,0.133097,1.306883,-0.797758,-0.834517,0.007237,0.004616,0.012634
1770940808.543419,0.138072,0.298485,-0.133116,0.247335,0.000853,0.003748,-0.003787
1770940808.548450,0.143103,-0.425807,-0.214346,0.008431,0.002013,-0.003741,-0.001533
1770940808.553373,0.148026,0.269236,-0.116240,0.269377,0.000763,0.004375,-0.003924
1770940808.558598,0.153251,0.300982,-0.126932,0.307105,0.000776,0.004121,-0.003615
1770940808.563602,0.158255,0.284790,-0.163915,0.240146,0.001290,0.004103,-0.003674
1770940808.568600,0.163254,-0.362129,-0.072555,0.086046,0.001057,-0.003578,-0.001001
1770940808.573531,0.168185,-0.386918,-0.112613,0.044207,0.001115,-0.003755,-0.001237
1770940808.578529,0.173182,-0.369236,-0.011824,0.111392,0.000454,-0.003196,-0.001247
1770940808.583484,0.178137,-0.407047,-0.021325,0.103780,-0.000072,-0.004407,-0.001640
1770940808.588488,0.183141,-0.382015,-0.052520,0.089050,0.000643,-0.003157,-0.001283
1770940808.593469,0.188122,0.260353,-0.171552,0.222075,0.000831,0.003596,-0.004116
1770940808.598454,0.193107,-0.360418,-0.100895,0.086874,0.000913,-0.003899,-0.001322
1770940808.603389,0.198042,0.320436,-0.112773,0.273471,0.000825,0.004069,-0.003666
1770940808.608450,0.203103,-0.376407,0.045903,0.128664,-0.000001,-0.003572,-0.001492
1770940808.613317,0.207970,-0.387944,-0.061418,0.074723,0.000767,-0.003833,-0.001661
1770940808.618428,0.213081,-0.379037,0.072428,0.154254,-0.000416,-0.003839,-0.001859
1770940808.623293,0.217946,-0.332653,0.005145,0.119267,0.000437,-0.003296,-0.000909
1770940808.628281,0.222934,-0.355844,-0.075092,0.107299,0.000655,-0.003561,-0.001024
1770940808.633265,0.227918,-0.294750,0.042318,0.150386,-0.000103,-0.003168,-0.001043
1770940808.638375,0.233028,-0.347808,0.010523,0.122381,0.000035,-0.003728,-0.001345
1770940808.643197,0.237850,0.290653,-0.115731,0.259096,0.000187,0.003813,-0.003856
1770940808.648177,0.242830,-0.382209,-0.050800,0.108624,0.000459,-0.003473,-0.001552
1770940808.653338,0.247991,0.318570,-0.060339,0.319736,-0.000046,0.004020,-0.003471
1770940808.657952,0.252605,0.295875,-0.130052,0.239274,0.000449,0.003727,-0.003703
1770940808.662876,0.257529,-0.342686,-0.018702,0.122758,0.000167,-0.003246,-0.001156
1770940808.667861,0.262514,-0.367960,0.038476,0.154217,0.000003,-0.003602,-0.001568
1770940808.672863,0.267516,-0.364383,0.024348,0.160531,-0.000604,-0.004028,-0.001525
1770940808.677820,0.272474,-0.403816,-0.029065,0.095087,0.000276,-0.003304,-0.001732
1770940808.682801,0.277454,-0.400467,-0.031476,0.112141,0.000061,-0.003885,-0.001382
1770940808.687773,0.282426,-0.324989,0.047254,0.158033,-0.000181,-0.002751,-0.001213
1770940808.692755,0.287409,-0.382786,0.003046,0.127332,-0.000234,-0.003779,-0.001832
1770940808.697731,0.292384,-0.372684,0.002948,0.116873,0.000001,-0.003764,-0.001562
1770940808.702710,0.297363,-0.372413,0.035160,0.159588,0.000207,-0.003311,-0.001272
1770940808.707683,0.302336,-0.395033,-0.049091,0.111366,0.000398,-0.003943,-0.001694
1770940808.712664,0.307317,-0.372353,0.044079,0.156057,-0.000289,-0.003583,-0.001229
1770940808.717641,0.312294,-0.388771,-0.067365,0.090494,0.000703,-0.003215,-0.001299
1770940808.722620,0.317273,-0.385467,-0.046654,0.103673,0.000249,-0.004001,-0.001601
1770940808.727595,0.322248,-0.413819,-0.131455,0.059084,0.001057,-0.003627,-0.001639
1770940808.732584,0.327237,-0.380190,0.033939,0.122997,-0.000179,-0.003463,-0.001665
1770940808.737553,0.332206,-0.419791,-0.106065,0.026567,0.000792,-0.003678,-0.001923
1770940808.742532,0.337185,-0.394946,-0.033497,0.092090,0.000227,-0.003743,-0.001624
1770940808.747501,0.342154,-0.334338,0.031547,0.139938,0.000242,-0.003012,-0.001346
1770940808.752473,0.347126,-0.403707,0.002283,0.109376,0.000040,-0.003683,-0.001891
1770940808.757470,0.352123,-0.358084,-0.072325,0.096807,0.000683,-0.003477,-0.001436
1770940808.762446,0.357100,-0.437611,-0.066602,0.070869,0.000399,-0.004026,-0.001780
1770940808.767418,0.362072,-0.379976,-0.076733,0.055562,0.000823,-0.003350,-0.001546
1770940808.772439,0.367092,-0.409116,-0.035846,0.099565,0.000337,-0.003845,-0.001677
1770940808.777399,0.372052,-0.393502,0.014940,0.127859,-0.000264,-0.003686,-0.001772
1770940808.782340,0.376993,-0.417638,-0.119618,0.061007,0.001001,-0.003681,-0.001537
1770940808.787331,0.381984,-0.396883,0.024972,0.140319,-0.000110,-0.003693,-0.001467
1770940808.792309,0.386962,-0.381142,-0.007210,0.108916,0.000040,-0.003596,-0.001632
1770940808.797289,0.391943,0.273694,-0.019112,0.349849,-0.000627,0.004089,-0.003943
1770940808.802277,0.396930,-0.390275,-0.037316,0.126069,0.000128,-0.003869,-0.001532
1770940808.807239,0.401892,-0.403259,-0.181135,0.047170,0.001398,-0.004200,-0.001515
1770940808.812469,0.407123,-0.423288,-0.008217,0.105019,0.000014,-0.004279,-0.001924
1770940808.817418,0.412071,0.254301,-0.098186,0.268953,0.000076,0.004185,-0.003795
1770940808.822412,0.417065,-0.377767,0.016025,0.133420,-0.000052,-0.003325,-0.001436
1770940808.827372,0.422025,-0.325496,0.014699,0.129961,0.000259,-0.003194,-0.000823
1770940808.832411,0.427064,-0.356371,0.040518,0.138898,-0.000535,-0.003559,-0.001159
1770940808.837337,0.431991,-0.392476,0.054625,0.147977,-0.000304,-0.003614,-0.001569
1770940808.842307,0.436960,0.273746,-0.218214,0.319912,0.001104,0.003561,-0.003837
1770940808.847052,0.441705,0.291144,-1.778532,-0.622659,0.018359,-0.015089,0.004241
1770940808.852049,0.446702,0.245354,-0.184045,0.205770,0.000588,0.003309,-0.004505
1770940808.857016,0.451669,0.283652,-0.142264,0.258095,0.000418,0.004084,-0.003298
1770940808.862001,0.456655,-0.382503,-0.020954,0.118893,0.000189,-0.003576,-0.001369
1770940808.866994,0.461647,1.135650,0.583296,-3.940909,0.003486,0.011586,0.009043
1770940808.872038,0.466691,1.167127,0.791460,-3.961192,0.003233,0.011963,0.010044
1770940808.876961,0.471615,1.105230,0.886050,-4.259759,0.003028,0.012739,0.009044
1770940808.881991,0.476644,-0.119879,0.510869,-4.365861,-0.004627,0.016757,0.005775
1770940808.886883,0.481536,1.475950,-0.146087,-1.344729,-0.003494,0.004338,-0.001863
1770940808.891862,0.486515,-0.405253,-0.045609,0.066531,-0.000160,-0.004061,-0.001937
1770940808.896836,0.491489,-0.432066,-0.059048,0.060494,0.000427,-0.003357,-0.001668
1770940808.901824,0.496478,-0.422304,-0.123613,0.044177,0.001036,-0.003311,-0.001083
1770940808.906791,0.501445,-0.423879,-0.126994,0.056656,0.000848,-0.004068,-0.001426
1770940808.911778,0.506431,-0.365388,-0.040254,0.119731,0.000329,-0.003440,-0.001062
1770940808.916739,0.511392,-0.390106,0.045819,0.141538,-0.000461,-0.003311,-0.001524
1770940808.921728,0.516381,0.268825,-0.029825,0.321939,-0.000292,0.004441,-0.003612
1770940808.926699,0.521352,0.278347,-0.120629,0.275108,0.000500,0.004310,-0.003514
1770940808.931687,0.526340,-0.359083,-0.139356,0.067059,0.001570,-0.003469,-0.000795
1770940808.936651,0.531304,-0.370993,-0.117458,0.058926,0.001184,-0.003605,-0.000902
1770940808.941640,0.536293,-0.370905,-0.078663,0.121646,0.000709,-0.003739,-0.001149
1770940808.946611,0.541264,-0.349517,0.056506,0.175468,-0.000178,-0.002993,-0.001031
1770940808.951593,0.546246,0.278046,-0.110728,0.309049,0.000611,0.004171,-0.003483
1770940808.956567,0.551220,-0.369461,0.049177,0.174148,-0.000560,-0.003253,-0.001235
1770940808.961541,0.556194,0.249076,-0.074491,0.287368,-0.000251,0.003573,-0.004030
1770940808.966527,0.561180,0.266452,-0.034021,0.323905,-0.000547,0.003894,-0.003822
1770940808.971548,0.566201,0.258703,-0.123683,0.274171,0.000549,0.004045,-0.003794
1770940808.976463,0.571116,0.236928,-0.024082,0.304796,-0.000514,0.004174,-0.004078
1770940808.981476,0.576129,0.250897,-0.088762,0.247404,0.000306,0.004073,-0.004104
1770940808.986427,0.581080,0.282692,-0.060323,0.305483,0.000277,0.004523,-0.003675
1770940808.991436,0.586089,-0.393865,-0.125412,0.062438,0.001000,-0.003757,-0.001272
1770940808.996452,0.591105,0.300156,-0.016640,0.303377,-0.000218,0.004469,-0.003451
1770940809.001425,0.596078,-0.399608,0.021781,0.151132,-0.000217,-0.003653,-0.001563
1770940809.006347,0.601000,0.254177,-0.011159,0.287764,-0.000246,0.004432,-0.004043
1770940809.011340,0.605993,0.281946,-0.052053,0.313294,-0.000411,0.004257,-0.003474
1770940809.016298,0.610951,-0.347591,0.119621,0.161173,-0.000616,-0.003609,-0.001164
1770940809.021450,0.616103,0.276454,-0.170259,0.198517,0.000950,0.003327,-0.003543
1770940809.026472,0.621125,-0.361619,0.014015,0.139848,0.000105,-0.003602,-0.001075
1770940809.031242,0.625895,-0.359921,0.038766,0.156617,-0.000168,-0.003332,-0.000897
1770940809.036220,0.630873,-0.345742,0.012193,0.117128,0.000052,-0.003076,-0.001147
1770940809.041190,0.635844,0.305829,-0.071204,0.298732,0.000158,0.004382,-0.003200
1770940809.046169,0.640822,0.262034,-0.090991,0.285261,-0.000134,0.004022,-0.003285
1770940809.051143,0.645796,0.235589,-0.126496,0.239681,0.000348,0.004048,-0.004012
1770940809.056117,0.650770,-0.389808,-0.051182,0.119034,0.000596,-0.003756,-0.001438
1770940809.061106,0.655759,0.236720,0.000310,0.317183,-0.000633,0.004006,-0.004009
1770940809.066070,0.660723,0.280342,-0.043028,0.320013,0.000005,0.004709,-0.003667
1770940809.071049,0.665703,0.244379,-0.135558,0.245332,0.000304,0.003969,-0.003598
1770940809.076028,0.670681,-0.428287,-0.015971,0.085517,-0.000054,-0.004039,-0.001553
1770940809.081012,0.675665,-0.362949,-0.011235,0.132407,0.000162,-0.003613,-0.001205
1770940809.085981,0.680634,-0.380913,-0.021421,0.091559,0.000396,-0.003307,-0.001281
1770940809.091261,0.685914,-0.363043,-0.047635,0.094130,0.000553,-0.003933,-0.001106
1770940809.095929,0.690582,-0.393379,-0.047924,0.107558,0.000295,-0.003764,-0.001265
1770940809.100918,0.695571,0.325647,-0.037197,0.323970,-0.000124,0.004686,-0.002926
1770940809.105897,0.700550,0.224568,-0.037851,0.305604,-0.000450,0.004252,-0.003780
1770940809.110870,0.705523,0.274228,-0.042593,0.314031,-0.000010,0.004688,-0.003439
1770940809.115849,0.710503,0.268681,-0.142750,0.279716,0.000572,0.003793,-0.003315
1770940809.120820,0.715473,0.295428,-0.096587,0.322054,0.000337,0.004151,-0.003235
1770940809.125797,0.720450,0.302225,-0.037264,0.358469,-0.000036,0.004476,-0.002877
1770940809.130780,0.725433,0.289640,-0.157167,0.294062,0.000983,0.004239,-0.003081
1770940809.135760,0.730413,0.274700,-0.197339,0.251007,0.001268,0.003737,-0.003923
1770940809.140743,0.735396,0.278315,-0.182934,0.265864,0.000989,0.003859,-0.003305
1770940809.145712,0.740365,0.254622,-0.116789,0.315922,0.000811,0.003851,-0.003640
1770940809.150701,0.745354,0.237207,-0.239538,0.309056,0.001254,0.003094,-0.004086
1770940809.155668,0.750321,0.833922,-0.890064,-2.742669,-0.004775,-0.012750,-0.000622
1770940809.160645,0.755298,1.147766,0.533588,-3.750109,0.004282,0.011706,0.010179
1770940809.165622,0.760276,1.156309,1.130210,-3.140985,-0.008733,0.002995,0.009952
1770940809.170598,0.765251,-0.007425,-1.808751,-1.218101,0.016737,-0.014021,0.006687
1770940809.175579,0.770232,0.286068,-0.166145,0.281077,0.001108,0.004017,-0.003177
1770940809.180552,0.775206,0.310734,-0.116281,0.285950,0.000494,0.004070,-0.003645
1770940809.185528,0.780181,-0.447836,-0.192847,0.035582,0.001399,-0.004419,-0.001921
1770940809.190503,0.785156,0.262119,-0.148998,0.292309,0.000502,0.003972,-0.003958
1770940809.195682,0.790335,0.220689,-0.129562,0.306893,0.000347,0.003616,-0.004130
1770940809.200664,0.795317,0.211719,-0.121762,0.267832,0.000345,0.003574,-0.004663
1770940809.205671,0.800324,0.329325,-0.072679,0.331330,0.000309,0.004286,-0.003330
1770940809.210469,0.805122,0.252931,-0.137246,0.316080,0.000597,0.004099,-0.003846
1770940809.215613,0.810266,0.252298,-0.115266,0.304227,0.000306,0.004037,-0.003795
1770940809.220588,0.815241,0.239472,-0.140865,0.277349,0.000816,0.004183,-0.003590
1770940809.225672,0.820326,0.276575,-0.075110,0.323017,-0.000157,0.004076,-0.003681
1770940809.230427,0.825080,0.269800,-0.096096,0.322477,0.000008,0.003826,-0.003597
1770940809.235507,0.830160,0.268065,-0.156537,0.306610,0.000746,0.003912,-0.004067
1770940809.240581,0.835234,0.293545,-0.055658,0.350830,0.000328,0.004686,-0.003449
1770940809.245290,0.839943,0.318240,-0.085522,0.319903,0.000307,0.004157,-0.003299
1770940809.250286,0.844939,0.280380,-0.171528,0.290994,0.001015,0.003743,-0.003814
1770940809.255235,0.849888,0.253668,-0.078663,0.350897,0.000309,0.004309,-0.003651
1770940809.260205,0.854858,0.280971,-0.146826,0.309755,0.000729,0.003906,-0.003741
1770940809.265176,0.859829,0.271840,-0.125971,0.281415,0.000729,0.004088,-0.004253
1770940809.270178,0.864831,0.247510,-0.162114,0.306089,0.000702,0.003562,-0.003678
1770940809.275131,0.869784,0.285283,-0.145632,0.312163,0.000366,0.003649,-0.003444
1770940809.280120,0.874773,0.289933,-0.062305,0.366019,0.000120,0.004614,-0.003522
1770940809.285095,0.879748,0.254102,-0.043179,0.354786,-0.000137,0.004203,-0.003663
1770940809.290129,0.884783,0.268246,-0.075171,0.348224,-0.000003,0.004268,-0.003576
1770940809.295054,0.889707,0.258698,-0.039154,0.342367,-0.000590,0.003953,-0.003839
1770940809.300024,0.894677,0.280982,-0.157669,0.285543,0.000783,0.003878,-0.003817
1770940809.304995,0.899648,0.266938,-0.131160,0.284774,0.000283,0.003697,-0.003643
1770940809.309973,0.904626,0.299880,-0.088087,0.325887,0.000500,0.004316,-0.003409
1770940809.315227,0.909880,0.233394,-0.110146,0.287572,0.000637,0.004127,-0.003696
1770940809.319960,0.914613,0.295528,-0.069133,0.333789,-0.000118,0.003936,-0.004034
1770940809.324924,0.919577,0.273813,-0.160463,0.271668,0.000762,0.003799,-0.004138
1770940809.329894,0.924547,0.283313,-0.185139,0.279046,0.001265,0.003743,-0.003591
1770940809.334864,0.929517,0.284129,-0.112102,0.298998,0.000431,0.004452,-0.003505
1770940809.339890,0.934543,0.235963,-0.125767,0.270730,0.000802,0.004046,-0.003782
1770940809.344864,0.939517,0.266590,-0.226390,0.240062,0.001450,0.003595,-0.003873
1770940809.349827,0.944480,0.251492,-0.143301,0.286647,0.000738,0.003867,-0.003771
1770940809.354807,0.949460,0.225349,-0.072378,0.273231,0.000040,0.003843,-0.004187
1770940809.359752,0.954405,0.256028,-0.076829,0.291981,0.000080,0.004224,-0.003774
1770940809.364735,0.959388,0.251509,-0.081395,0.323383,-0.000151,0.004067,-0.003960
1770940809.369693,0.964346,-0.386112,-0.065578,0.123044,0.000527,-0.004037,-0.001720
1770940809.374718,0.969372,0.300587,-0.059364,0.328425,0.000352,0.004336,-0.003274
1770940809.379705,0.974359,0.309804,-0.053828,0.325596,0.000191,0.004075,-0.003655
1770940809.384734,0.979387,0.265947,0.033127,0.347183,-0.000931,0.004330,-0.003383
1770940809.389678,0.984331,0.256298,-0.048996,0.339919,-0.000240,0.003904,-0.003677
1770940809.394606,0.989259,0.285586,-0.087029,0.325059,0.000749,0.004780,-0.003346
1770940809.399571,0.994224,0.257548,-0.176422,0.249205,0.000581,0.003619,-0.004217
1770940809.404543,0.999196,0.276099,-0.053473,0.344051,-0.000108,0.004467,-0.003557
1770940809.409557,1.004210,0.258990,-0.031677,0.331712,-0.000130,0.004548,-0.003391
1770940809.414534,1.009187,0.225534,-0.144523,0.262679,0.000299,0.003382,-0.004134
1770940809.419475,1.014128,0.244493,-0.102671,0.310532,0.000291,0.003405,-0.004343
1770940809.424517,1.019171,-0.408131,-0.052550,0.108792,0.000248,-0.004074,-0.001683
1770940809.429433,1.024086,0.269845,-0.171861,0.256041,0.000510,0.003271,-0.004129
1770940809.434452,1.029105,0.283580,-0.106051,0.324725,-0.000024,0.003870,-0.003481
1770940809.439390,1.034043,0.317775,-0.056442,0.354485,0.000097,0.004672,-0.003116
1770940809.444583,1.039237,0.298279,-0.036554,0.325958,-0.000102,0.004305,-0.003706
1770940809.449523,1.044176,0.263054,-0.074539,0.287857,0.000187,0.004346,-0.004048
1770940809.454340,1.048993,0.310954,0.010379,0.391435,-0.000306,0.004271,-0.003811
1770940809.459329,1.053982,0.281027,-0.319823,0.129796,0.002832,0.003105,-0.004454
1770940809.464269,1.058922,0.295082,0.008853,0.326057,0.000019,0.004825,-0.003289
1770940809.469246,1.063899,0.335569,0.051143,0.398860,-0.000471,0.004269,-0.003116
1770940809.474293,1.068946,0.248249,-0.068241,0.297115,-0.000184,0.003589,-0.004312
1770940809.479225,1.073879,-0.349400,0.061334,0.178567,-0.000376,-0.003565,-0.001636
1770940809.484193,1.078846,0.265019,-0.114333,0.272454,0.000113,0.003710,-0.004031
1770940809.489159,1.083812,0.273597,-0.073829,0.296702,0.000307,0.003952,-0.003899
1770940809.494216,1.088869,0.280092,-0.117553,0.297955,0.000302,0.003798,-0.003264
1770940809.499131,1.093784,-0.323221,0.042490,0.148818,0.000100,-0.003366,-0.001074
1770940809.504100,1.098753,-0.353630,-0.102131,0.111651,0.001012,-0.003427,-0.001273
1770940809.509105,1.103758,0.233150,-0.042431,0.318899,-0.000061,0.004050,-0.004061
1770940809.514117,1.108771,0.301045,-0.160752,0.272030,0.001362,0.004206,-0.003820
1770940809.519033,1.113686,-0.327628,-0.043734,0.111431,0.000558,-0.003769,-0.000968
1770940809.524009,1.118662,-0.364855,-0.112926,0.097186,0.001131,-0.003669,-0.001073
1770940809.528979,1.123632,0.244966,-0.038768,0.309732,-0.000231,0.003774,-0.004151
1770940809.533981,1.128634,0.287335,-0.114938,0.283807,0.000484,0.004057,-0.003757
1770940809.538990,1.133643,0.340057,-0.184645,0.270185,0.001809,0.004371,-0.003200
1770940809.544078,1.138731,0.269583,-0.068502,0.296515,0.000196,0.004217,-0.004244
1770940809.548903,1.143556,0.264131,-0.100530,0.274330,-0.000079,0.003878,-0.003947
1770940809.553885,1.148538,0.308552,-0.079571,0.335163,0.000581,0.004628,-0.003262
1770940809.558838,1.153491,-0.387607,0.022431,0.128224,-0.000130,-0.003857,-0.001886
1770940809.563838,1.158492,0.230118,-0.113809,0.295331,0.000628,0.004278,-0.003822
1770940809.568790,1.163444,0.260126,-0.105680,0.304291,0.000026,0.003764,-0.003976
1770940809.573781,1.168434,0.271207,-0.093778,0.285943,0.000246,0.004198,-0.003734
1770940809.578761,1.173414,-0.420657,-0.024279,0.099545,0.000417,-0.003420,-0.001832
1770940809.583719,1.178372,-0.343504,-0.045096,0.111874,0.000437,-0.003615,-0.001109
1770940809.588695,1.183348,0.263632,-0.087681,0.306406,0.000076,0.003831,-0.004196
1770940809.593674,1.188328,0.249583,-0.086370,0.293761,0.000222,0.003734,-0.004345
1770940809.598653,1.193306,0.290547,-0.145647,0.273392,0.000680,0.003964,-0.003806
1770940809.603637,1.198290,0.262018,-0.022565,0.345610,-0.000340,0.003785,-0.004280
1770940809.609045,1.203698,-0.381362,0.006799,0.152427,0.000325,-0.003612,-0.001612
1770940809.613626,1.208280,0.226123,-0.113514,0.274855,0.000045,0.003646,-0.004531
1770940809.618574,1.213227,0.312457,-0.163109,0.268313,0.001051,0.003591,-0.003997
1770940809.623574,1.218227,0.271474,-0.100447,0.273340,0.000316,0.003875,-0.004464
1770940809.628605,1.223258,0.260541,-0.048168,0.323090,0.000107,0.003673,-0.004226
1770940809.633525,1.228178,0.255003,-0.087176,0.325406,-0.000088,0.003740,-0.003940
1770940809.638524,1.233177,-0.356876,-0.076924,0.132496,0.000560,-0.003769,-0.001107
1770940809.643540,1.238193,0.297059,-0.092104,0.304706,0.000626,0.004394,-0.003569
1770940809.648572,1.243225,0.320806,-0.067023,0.322519,0.000249,0.004168,-0.003765
1770940809.653426,1.248079,0.299333,-0.090179,0.323633,0.000145,0.003963,-0.003884
1770940809.658613,1.253266,0.271436,-0.025185,0.349977,-0.000227,0.003958,-0.003934
1770940809.663430,1.258083,0.295017,-0.115934,0.307630,0.000532,0.003764,-0.003916
1770940809.668360,1.263013,0.274379,-0.127518,0.293091,0.000030,0.003262,-0.004173
1770940809.673639,1.268292,0.299759,-0.121819,0.305606,0.000296,0.003704,-0.003901
1770940809.678342,1.272995,-0.457907,-0.104976,0.080292,0.000855,-0.004022,-0.002515
1770940809.683281,1.277934,-0.401820,-0.134407,0.088318,0.001330,-0.004158,-0.002006
1770940809.688521,1.283174,0.288564,-0.037172,0.330224,-0.000091,0.004400,-0.003904
1770940809.693244,1.287897,0.291008,-0.063786,0.344368,-0.000034,0.004115,-0.003664
1770940809.698253,1.292906,0.256951,-0.142508,0.314287,0.000872,0.003863,-0.003719
1770940809.703192,1.297845,0.302271,-0.030034,0.369070,-0.000641,0.004202,-0.003418
1770940809.708145,1.302798,0.277527,-0.075526,0.339632,0.000466,0.004285,-0.003973
1770940809.713182,1.307836,0.274887,0.007436,0.344346,-0.000765,0.004209,-0.003788
1770940809.718175,1.312828,0.237902,-0.083451,0.290460,-0.000276,0.003590,-0.004292
1770940809.723150,1.317803,0.268296,-0.173182,0.235056,0.000784,0.003647,-0.003946
1770940809.728107,1.322760,0.346571,-0.176727,0.279311,0.001326,0.004023,-0.003421
1770940809.733085,1.327738,0.300303,-0.133319,0.296471,0.000724,0.004140,-0.003861
1770940809.738041,1.332694,-0.378512,-0.131733,0.095037,0.001244,-0.003945,-0.001668
1770940809.743097,1.337750,-0.338234,-0.092615,0.115454,0.000854,-0.003520,-0.001045
1770940809.747997,1.342650,0.289461,-0.065108,0.331885,-0.000001,0.004239,-0.003686
1770940809.752969,1.347622,0.240826,-0.125252,0.299826,0.000491,0.003854,-0.004212
1770940809.757982,1.352635,-0.383027,-0.020245,0.129910,0.000396,-0.003485,-0.001660
1770940809.762942,1.357595,0.305353,-0.108312,0.424609,0.000283,0.004201,-0.003275
1770940809.767897,1.362550,0.080466,1.905133,-0.964674,-0.013484,0.007788,0.010315
1770940809.773153,1.367806,0.319886,-0.067836,0.324316,0.000280,0.003634,-0.003907
1770940809.777919,1.372572,0.309843,-0.021706,0.358322,0.000050,0.004167,-0.003564
1770940809.782830,1.377483,1.175454,0.928168,-3.121496,-0.008133,0.002237,0.009733
1770940809.787851,1.382504,1.111454,0.629286,-3.974727,0.004661,0.011721,0.009543
1770940809.792818,1.387471,1.274633,1.258584,-3.328235,-0.008272,0.003874,0.011081
1770940809.797838,1.392491,1.151254,0.644074,-3.835582,0.003981,0.012062,0.009625
1770940809.802760,1.397413,-0.462250,0.502730,-0.439195,-0.012080,-0.007649,-0.005000
1770940809.807759,1.402412,0.249711,-0.154732,0.273904,0.001033,0.003937,-0.003925
1770940809.812747,1.407401,-0.356890,0.030001,0.171275,0.000025,-0.003492,-0.001328
1770940809.817729,1.412382,-0.337594,-0.035979,0.131248,0.000530,-0.003438,-0.001155
1770940809.822787,1.417440,-0.342607,-0.041162,0.117339,0.000652,-0.003163,-0.001533
1770940809.827658,1.422312,-0.376396,-0.127914,0.049582,0.001585,-0.003676,-0.002063
1770940809.832690,1.427344,0.697342,-0.234167,0.201754,0.004167,-0.000392,0.010634
1770940809.837601,1.432254,-0.383794,-0.106234,0.058008,0.001269,-0.003577,-0.002106
1770940809.843333,1.437986,-0.865309,-4.406690,-2.155164,0.044185,-0.020972,-0.006498
1770940809.847564,1.442217,1.309222,0.949853,-3.375138,-0.006787,0.004493,0.008829
1770940809.852653,1.447306,1.216840,0.498695,-4.060958,0.005730,0.013044,0.008341
1770940809.857495,1.452148,1.275499,0.833744,-3.341732,-0.006652,0.003215,0.008491
1770940809.862500,1.457153,1.335450,0.276945,-4.255894,0.004716,0.013032,0.006541
1770940809.867450,1.462103,-0.355817,0.181709,-0.391971,-0.009959,-0.005629,-0.003213
1770940809.872551,1.467205,-0.356786,-0.275561,-0.062939,0.003005,-0.003421,-0.002112
1770940809.877521,1.472174,-0.343086,-0.156662,-0.015028,0.001795,-0.002931,-0.001918
1770940809.882387,1.477041,-0.350717,-0.128532,0.023730,0.002067,-0.002552,-0.001507
1770940809.887369,1.482023,-0.343378,-0.140166,0.013650,0.001620,-0.003448,-0.001781
1770940809.892364,1.487017,0.291693,-0.169918,0.219514,0.001330,0.004275,-0.003825
1770940809.897337,1.491990,-0.414770,-0.166799,0.037644,0.001737,-0.003754,-0.001865
1770940809.902758,1.497411,-0.366399,0.012354,0.148126,0.000282,-0.003547,-0.001413
1770940809.907580,1.502233,0.275730,-0.134210,0.257152,0.000888,0.004364,-0.004073
1770940809.912348,1.507001,0.269376,-0.120933,0.291582,0.000887,0.004204,-0.003918
1770940809.917424,1.512077,-0.351624,-0.067516,0.096966,0.000738,-0.003347,-0.001042
1770940809.922281,1.516934,0.283640,-0.118482,0.293671,0.000572,0.004000,-0.004091
1770940809.927189,1.521842,0.310557,-0.132386,0.269170,0.000937,0.004412,-0.003323
1770940809.932173,1.526827,0.277891,-0.081319,0.295126,0.000479,0.004229,-0.003768
1770940809.937139,1.531792,0.265467,-0.015793,0.333486,-0.000220,0.004186,-0.003968
1770940809.942208,1.536861,0.290659,-0.117322,0.316082,0.000724,0.004380,-0.003774
1770940809.947130,1.541784,0.295548,-0.077784,0.301763,0.000103,0.003881,-0.003791
1770940809.952077,1.546730,0.308103,-0.083512,0.291544,0.000283,0.004263,-0.003529
1770940809.957074,1.551727,0.295853,-0.042530,0.344187,-0.000221,0.004515,-0.003310
1770940809.962045,1.556699,0.317852,-0.167998,0.245254,0.001389,0.003974,-0.003402
1770940809.967002,1.561655,1.368765,1.021460,-2.711990,-0.006805,0.003143,0.010655
1770940809.971987,1.566640,1.229627,1.019940,-3.095205,-0.007529,0.002979,0.010721
1770940809.977038,1.571692,0.272068,-0.089117,0.291335,0.000539,0.004768,-0.003814
1770940809.981946,1.576599,0.249659,-0.092434,0.279177,0.000102,0.003957,-0.004099
1770940809.986914,1.581568,0.296983,-0.134199,0.283951,0.000524,0.003855,-0.003871
1770940809.991893,1.586546,0.279175,-0.208276,0.237525,0.000852,0.003349,-0.003928
1770940809.996890,1.591543,0.265128,-0.123751,0.304999,0.000448,0.003657,-0.004019
1770940810.001860,1.596513,0.281555,-0.168792,0.270160,0.000680,0.003640,-0.003653
1770940810.006822,1.601475,0.276413,-0.083798,0.296297,-0.000029,0.004127,-0.003669
1770940810.011796,1.606449,0.254940,-0.078259,0.301026,0.000054,0.003998,-0.003896
1770940810.016899,1.611552,0.260227,-0.077252,0.319769,0.000214,0.003912,-0.003916
1770940810.021761,1.616414,0.237308,-0.092972,0.290632,-0.000282,0.003371,-0.004182
1770940810.026750,1.621403,0.233852,0.026135,0.360608,-0.000674,0.003873,-0.004149
1770940810.031721,1.626374,0.299819,-0.063228,0.343877,-0.000083,0.004357,-0.003518
1770940810.036688,1.631341,0.272430,-0.207248,0.252545,0.001160,0.003628,-0.003670
1770940810.042023,1.636676,0.279371,-0.085677,0.322920,0.000003,0.004450,-0.003593
1770940810.046678,1.641331,0.243341,-0.057057,0.306841,0.000330,0.004559,-0.003704
1770940810.051656,1.646309,0.269609,-0.080216,0.334113,0.000302,0.004589,-0.003321
1770940810.056600,1.651253,0.310542,-0.113005,0.300368,0.000717,0.004322,-0.002883
1770940810.061587,1.656240,0.301970,-0.135145,0.304752,0.000839,0.004025,-0.003236
1770940810.066592,1.661245,0.277183,-0.116122,0.275032,0.000296,0.003989,-0.003877
1770940810.071525,1.666178,0.288333,-0.125867,0.391522,0.000727,0.004023,-0.003044
1770940810.076521,1.671174,-0.322374,2.357490,-1.594793,-0.017461,0.003525,-0.009985
1770940810.081491,1.676145,1.262789,1.338631,-3.121563,-0.009261,0.004317,0.011270
1770940810.086471,1.681124,1.221670,0.897916,-3.198394,-0.007445,0.002783,0.009870
1770940810.091462,1.686115,0.001442,-0.917333,-2.001171,0.000284,0.000006,-0.008087
1770940810.096474,1.691127,0.282582,-0.014011,0.357654,-0.000393,0.004704,-0.003485
1770940810.101396,1.696049,0.286226,-0.124713,0.303477,0.000405,0.003866,-0.003769
1770940810.106388,1.701041,0.258646,-0.104942,0.286381,0.000100,0.003697,-0.004256
1770940810.111357,1.706010,0.259951,-0.106583,0.300698,0.000864,0.004712,-0.003686
1770940810.116446,1.711099,0.256898,-0.023585,0.324821,-0.000690,0.003340,-0.004387
1770940810.121307,1.715960,0.259704,-0.094638,0.302746,0.000609,0.004023,-0.004054
1770940810.126295,1.720948,0.300870,-0.045411,0.356361,-0.000305,0.004114,-0.003573
1770940810.131271,1.725924,0.248341,-0.133562,0.278149,0.000346,0.003895,-0.004196
1770940810.136248,1.730901,0.273772,-0.005565,0.381416,-0.000411,0.004010,-0.003984
1770940810.141226,1.735879,0.300974,-0.104282,0.323224,0.000389,0.003748,-0.003262
1770940810.146277,1.740930,0.279847,0.019421,0.352940,-0.000442,0.004930,-0.003666
1770940810.151250,1.745903,0.261972,-0.168817,0.254924,0.001134,0.003805,-0.003763
1770940810.156159,1.750813,0.259477,-0.138043,0.260063,0.000713,0.003814,-0.004271
1770940810.161138,1.755791,0.313531,-0.067652,0.320147,-0.000083,0.004251,-0.003559
1770940810.166113,1.760767,0.267956,-0.063879,0.344866,-0.000120,0.004057,-0.003842
1770940810.171102,1.765755,0.282565,-0.045290,0.336194,-0.000426,0.003804,-0.004099
1770940810.176358,1.771011,0.272030,-0.039744,0.348564,-0.000145,0.004165,-0.004229
1770940810.181033,1.775686,0.274625,-0.153527,0.284685,0.001069,0.004127,-0.003197
1770940810.186049,1.780702,0.328368,-0.093395,0.303465,0.000170,0.004106,-0.003497
1770940810.191010,1.785663,0.298751,-0.105326,0.304746,0.000152,0.003552,-0.003885
1770940810.195982,1.790635,0.260398,-0.183886,0.267594,0.000826,0.003350,-0.004301
1770940810.200940,1.795593,0.319176,-0.117673,0.311801,0.000589,0.004210,-0.003559
1770940810.205932,1.800586,0.293615,-0.016701,0.356912,-0.000145,0.004284,-0.004004
1770940810.210924,1.805577,0.279941,-0.168394,0.267049,0.001163,0.003965,-0.003404
1770940810.215904,1.810557,-0.373656,-0.024607,0.160421,0.000545,-0.003524,-0.001406
1770940810.220864,1.815517,0.311335,-0.101304,0.314479,0.000451,0.004387,-0.003435
1770940810.225844,1.820498,0.247191,-0.089276,0.318871,0.000153,0.003547,-0.003944
1770940810.230818,1.825471,0.295813,-0.039790,0.345767,-0.000043,0.004231,-0.003738
1770940810.235822,1.830475,0.295887,-0.172131,0.301386,0.000755,0.003520,-0.003824
1770940810.240781,1.835434,0.282594,-0.164550,0.281646,0.000771,0.003545,-0.003909
1770940810.246134,1.840787,-0.395783,-0.049984,0.146540,0.000428,-0.003807,-0.001496
1770940810.250798,1.845451,0.219322,-0.126069,0.302893,0.000746,0.003795,-0.004441
1770940810.255696,1.850349,0.249096,-0.117991,0.276751,0.000290,0.003834,-0.003976
1770940810.260688,1.855341,0.303029,-0.043776,0.365815,-0.000565,0.003915,-0.003686
1770940810.265663,1.860317,-0.403975,-0.047151,0.124503,0.000622,-0.003319,-0.001440
1770940810.270638,1.865291,0.325072,-0.129784,0.352211,0.000918,0.004088,-0.003405
1770940810.275611,1.870265,0.324199,-0.093322,0.349469,0.000555,0.004426,-0.003375
1770940810.280613,1.875267,0.287192,-0.150784,0.298286,0.000829,0.004090,-0.003433
1770940810.285603,1.880256,0.314775,-0.020826,0.363445,-0.000263,0.004194,-0.003640
1770940810.290603,1.885256,0.325370,-0.141930,0.325951,0.000505,0.003555,-0.003453
1770940810.295536,1.890189,0.292012,-0.076605,0.337654,-0.000073,0.004219,-0.003585
1770940810.300794,1.895447,0.250266,-0.235101,0.236927,0.001223,0.003207,-0.003944
1770940810.305482,1.900135,0.274236,-0.214586,0.224264,0.001151,0.003602,-0.004067
1770940810.310589,1.905242,-0.379801,-0.143799,0.075013,0.001189,-0.004050,-0.001419
1770940810.315521,1.910175,0.245399,-0.136025,0.283036,0.000520,0.003867,-0.003910
1770940810.320523,1.915176,0.583349,-0.251868,0.317331,0.010356,-0.004755,0.001524
1770940810.325412,1.920065,0.561920,-0.324392,0.245354,0.010589,-0.004745,0.001200
1770940810.330375,1.925028,-0.521764,-0.332125,-0.064624,0.002493,-0.003572,-0.002139
1770940810.335371,1.930024,-0.513495,-0.193086,0.039639,0.001306,-0.002960,-0.001808
1770940810.340742,1.935395,1.299453,-0.063756,0.228725,0.007588,0.004582,-0.001725
1770940810.345344,1.939997,0.556923,-0.179808,0.363257,0.009394,-0.004455,0.001423
1770940810.350310,1.944963,1.323901,-0.244109,0.098244,0.009232,0.004416,-0.001735
1770940810.355260,1.949913,1.363590,-0.034161,0.166914,0.007630,0.005187,-0.001591
1770940810.360228,1.954881,1.334698,-0.122226,0.172112,0.008440,0.004768,-0.001337
1770940810.365216,1.959869,1.297960,-0.175745,0.156849,0.008889,0.004072,-0.002118
1770940810.370366,1.965019,0.153208,-0.191614,0.245896,0.000521,0.003993,-0.004236
1770940810.375203,1.969856,0.119086,-0.253780,0.183193,0.001256,0.004087,-0.004551
1770940810.380135,1.974788,0.169537,-0.283033,0.231745,0.001242,0.003515,-0.004116
1770940810.385168,1.979821,0.501489,-0.308861,-0.393992,-0.000688,-0.000663,0.009455
1770940810.390112,1.984765,1.333342,-0.144098,0.178479,0.008247,0.004482,-0.001947
1770940810.395095,1.989748,1.310804,-0.136488,0.214052,0.008384,0.004387,-0.002269
1770940810.400064,1.994717,1.306213,-0.208105,0.160819,0.008887,0.004189,-0.001943
1770940810.405038,1.999691,0.171178,-0.179034,0.238494,0.000437,0.004005,-0.004477
1770940810.410049,2.004702,-0.525436,-0.150911,0.047224,0.000925,-0.003126,-0.002041
1770940810.415118,2.009771,0.164656,-0.178042,0.225436,0.000670,0.003860,-0.004365
1770940810.419984,2.014637,0.210555,-0.154836,0.252708,0.000659,0.003751,-0.004309
1770940810.424978,2.019632,0.212557,-0.111407,0.267907,0.000015,0.003680,-0.004303
1770940810.429919,2.024572,0.248035,-0.200797,0.237253,0.000904,0.003680,-0.003789
1770940810.434872,2.029525,0.241851,-0.128403,0.282623,0.000610,0.003965,-0.004050
1770940810.439874,2.034527,0.311564,0.025883,0.363115,-0.000527,0.004530,-0.003646
1770940810.444911,2.039564,0.291785,-0.102305,0.307466,0.000201,0.004037,-0.003728
1770940810.450022,2.044675,0.261552,-0.114384,0.313935,0.000473,0.003927,-0.003818
1770940810.454828,2.049481,0.281853,-0.128428,0.308695,0.000752,0.004098,-0.003700
1770940810.459831,2.054484,0.284823,-0.149023,0.288845,0.000843,0.003831,-0.003542
1770940810.464771,2.059424,0.274860,-0.218816,0.235265,0.001348,0.003648,-0.003921
1770940810.469720,2.064373,0.245206,-0.183927,0.266308,0.001403,0.004209,-0.003633
1770940810.474774,2.069427,0.310134,-0.078399,0.335390,0.000115,0.003930,-0.003677
1770940810.479718,2.074372,0.230766,-0.167476,0.285031,0.000898,0.003758,-0.003972
1770940810.484698,2.079351,0.272117,-0.146181,0.291090,0.000620,0.004036,-0.004205
1770940810.489674,2.084327,-0.381936,-0.017639,0.128791,0.000345,-0.003265,-0.001253
1770940810.494631,2.089284,0.272485,-0.130705,0.307211,0.000675,0.003845,-0.003579
1770940810.499615,2.094268,0.278030,-0.058519,0.319027,0.000197,0.004001,-0.003895
1770940810.504643,2.099296,0.246199,-0.080638,0.299109,-0.000046,0.003883,-0.003838
1770940810.509625,2.104278,0.270264,-0.059841,0.309684,-0.000274,0.003626,-0.004046
1770940810.515008,2.109662,0.251720,-0.147013,0.233008,0.000543,0.003383,-0.004020
1770940810.519556,2.114209,0.270424,-0.128467,0.293256,0.000787,0.004290,-0.003465
1770940810.524499,2.119152,0.254159,-0.216105,0.267637,0.001576,0.003524,-0.004079
1770940810.529481,2.124134,0.240101,-0.160334,0.252960,0.000565,0.003244,-0.004593
1770940810.534456,2.129109,0.257765,-0.115791,0.316731,0.000566,0.004089,-0.004076
1770940810.539429,2.134082,0.297620,-0.156531,0.276857,0.001140,0.004131,-0.003453
1770940810.544429,2.139082,0.256286,-0.118720,0.294736,0.000241,0.003957,-0.004076
1770940810.549396,2.144049,0.280341,-0.170363,0.265374,0.001184,0.004041,-0.003882
1770940810.554364,2.149017,0.273946,-0.095611,0.308309,0.000215,0.003946,-0.003494
1770940810.559341,2.153994,0.222037,-0.198173,0.230041,0.000947,0.003225,-0.004541
1770940810.564334,2.158988,0.275417,-0.215704,0.261176,0.001882,0.003947,-0.003414
1770940810.569285,2.163938,0.257016,-0.162924,0.303487,0.000479,0.003167,-0.004089
1770940810.574433,2.169086,0.259682,-0.163465,0.287630,0.001325,0.004268,-0.003508
1770940810.579350,2.174003,0.240992,-0.102006,0.287820,0.000706,0.004364,-0.003487
1770940810.584286,2.178939,0.289589,-0.115221,0.280569,0.000747,0.003949,-0.003838
1770940810.589244,2.183897,0.298078,-0.127427,0.300149,0.000854,0.004454,-0.003793
1770940810.594228,2.188881,0.258323,-0.128073,0.291054,0.000609,0.003807,-0.004121
1770940810.599176,2.193829,0.295455,-0.071540,0.343254,0.000582,0.004810,-0.003258
1770940810.604141,2.198794,0.243157,0.017525,0.365489,-0.000763,0.003715,-0.003865
1770940810.609154,2.203807,0.276191,-0.096979,0.331089,0.000190,0.003910,-0.003726
1770940810.614135,2.208788,0.282847,-0.055211,0.321246,-0.000194,0.003970,-0.003853
1770940810.619118,2.213771,0.229540,-0.095070,0.319589,-0.000037,0.003713,-0.004252
1770940810.624415,2.219069,0.271303,-0.056820,0.339324,0.000505,0.004521,-0.003964
1770940810.629049,2.223702,0.258420,-0.137663,0.282441,0.000739,0.004076,-0.003807
1770940810.634008,2.228661,0.281437,-0.111282,0.294250,0.000844,0.004197,-0.004001
1770940810.639068,2.233721,0.280003,-0.111423,0.308654,0.000708,0.004273,-0.003515
1770940810.644581,2.239234,0.275002,-0.108912,0.298766,0.000376,0.003742,-0.003923
1770940810.648937,2.243590,0.243409,-0.104714,0.318542,0.000099,0.003549,-0.004165
1770940810.654007,2.248661,0.302782,-0.176177,0.278075,0.001294,0.003775,-0.003414
1770940810.658902,2.253555,0.315828,-0.145570,0.318973,0.000527,0.003845,-0.003238
1770940810.663877,2.258530,0.236562,-0.174331,0.253489,0.000539,0.003255,-0.004140
1770940810.668834,2.263487,0.282782,-0.173533,0.273373,0.001315,0.003752,-0.003830
1770940810.673890,2.268543,0.265278,-0.086172,0.273355,0.000163,0.003654,-0.004052
1770940810.679200,2.273853,0.266369,-0.177860,0.274378,0.001007,0.003767,-0.003883
1770940810.683793,2.278446,0.365895,-1.005760,-0.002715,0.010627,0.005406,-0.004504
1770940810.688826,2.283479,1.149922,-0.637217,-0.635814,0.004243,0.004436,0.011839
1770940810.693743,2.288397,1.537026,1.128464,-2.725420,-0.006869,0.004053,0.008800
1770940810.698717,2.293370,0.264235,-0.171218,0.254582,0.000834,0.003403,-0.004165
1770940810.703691,2.298344,0.255055,-0.088952,0.309450,0.000468,0.004413,-0.003859
1770940810.708899,2.303552,0.289650,-0.160234,0.302107,0.001153,0.004109,-0.003252
1770940810.714041,2.308694,0.331807,-0.082264,0.296865,0.000267,0.004237,-0.003436
1770940810.718823,2.313476,0.298426,-0.164515,0.244910,0.001097,0.003728,-0.003659
1770940810.723737,2.318390,0.258206,-0.042002,0.312404,-0.000570,0.003508,-0.003960
1770940810.728590,2.323243,0.289610,-0.137621,0.301577,0.001187,0.004128,-0.003357
1770940810.733566,2.328219,0.233576,-0.197506,0.240269,0.001156,0.003443,-0.004017
1770940810.738613,2.333266,0.270464,-0.046205,0.352650,0.000190,0.004447,-0.003278
1770940810.743603,2.338256,0.227873,-0.153284,0.231704,0.000577,0.003569,-0.004174
1770940810.748479,2.343132,0.290018,-0.006429,0.340409,-0.000190,0.004559,-0.003628
1770940810.753455,2.348109,0.282350,-0.126798,0.274986,0.000448,0.003899,-0.003958
1770940810.758450,2.353103,0.262020,-0.132429,0.276421,0.000688,0.003706,-0.003656
1770940810.763433,2.358086,0.259919,-0.041070,0.337729,0.000287,0.004332,-0.003847
1770940810.768422,2.363075,0.273895,-0.126047,0.293425,0.000758,0.003979,-0.003551
1770940810.773411,2.368064,0.275421,-0.086163,0.307087,0.000152,0.003852,-0.004137
1770940810.778396,2.373049,0.257425,-0.108662,0.282927,0.000287,0.004199,-0.003511
1770940810.783415,2.378068,0.286806,-0.185787,0.248842,0.001601,0.003794,-0.003709
1770940810.788335,2.382988,0.269676,-0.159114,0.230206,0.000833,0.003889,-0.003884
1770940810.793293,2.387946,0.233621,-0.126745,0.276540,0.000549,0.003730,-0.003831
1770940810.798273,2.392926,0.270373,-0.195314,0.243997,0.001342,0.003831,-0.004146
1770940810.803238,2.397891,0.251277,-0.167935,0.258633,0.000980,0.003753,-0.004194
1770940810.808235,2.402888,0.296863,-0.178465,0.289248,0.001191,0.003644,-0.003324
1770940810.813242,2.407896,0.274839,-0.087589,0.291454,0.000377,0.004024,-0.003420
1770940810.818339,2.412992,0.284518,-0.157429,0.283175,0.000896,0.003948,-0.003725
1770940810.823203,2.417856,0.266825,-0.202905,0.252268,0.001423,0.003627,-0.003744
1770940810.828143,2.422796,0.251543,-0.166500,0.264496,0.001018,0.003397,-0.003831
1770940810.833103,2.427756,0.245020,-0.102089,0.281841,0.000355,0.004148,-0.003891
1770940810.838090,2.432743,0.270941,-0.093490,0.293547,0.001152,0.004812,-0.003490
1770940810.843106,2.437759,0.254434,-0.089607,0.301138,0.000136,0.004030,-0.003740
1770940810.848147,2.442800,0.255616,-0.081322,0.287239,0.000272,0.004176,-0.004005
1770940810.853006,2.447659,0.217271,-0.117058,0.246727,0.000414,0.003698,-0.004083
1770940810.857989,2.452642,0.245199,-0.100162,0.294980,-0.000002,0.003555,-0.003882
1770940810.862979,2.457632,0.267113,-0.140404,0.300248,0.000544,0.003668,-0.003989
1770940810.867953,2.462606,0.253740,-0.099320,0.297458,0.000342,0.003998,-0.004004
1770940810.872967,2.467620,0.255673,-0.224420,0.250308,0.001483,0.003397,-0.003945
1770940810.877995,2.472649,0.281052,-0.188177,0.231830,0.000740,0.003425,-0.003910
1770940810.882965,2.477618,0.289422,-0.111628,0.315895,0.000560,0.004129,-0.003567
1770940810.887878,2.482531,0.292838,-0.010010,0.367092,-0.000074,0.004517,-0.003058
1770940810.892849,2.487503,0.263576,-0.094837,0.315531,-0.000083,0.003855,-0.004004
1770940810.897817,2.492470,0.293767,-0.138266,0.289216,0.000882,0.003934,-0.003498
1770940810.902791,2.497444,0.273649,-0.105575,0.295472,0.000489,0.004257,-0.003687
1770940810.907761,2.502414,0.236529,-0.062019,0.306502,-0.000035,0.004186,-0.003892
1770940810.912775,2.507428,0.235149,-0.157223,0.249569,0.000934,0.003683,-0.003915
1770940810.917916,2.512569,0.237237,-0.114095,0.245099,0.000106,0.003594,-0.004354
1770940810.922845,2.517498,0.245434,-0.141772,0.245683,0.000727,0.003799,-0.004031
1770940810.927698,2.522352,0.207582,-0.052515,0.301381,-0.000073,0.003547,-0.004395
1770940810.932659,2.527312,0.256124,-0.170255,0.258927,0.001203,0.003834,-0.003636
1770940810.937608,2.532261,0.279453,-0.056638,0.323451,-0.000219,0.003883,-0.003780
1770940810.942657,2.537310,0.233651,-0.143498,0.273118,0.000727,0.003786,-0.004392
1770940810.947997,2.542650,0.269225,-0.190303,0.216246,0.001194,0.004065,-0.004016
1770940810.952558,2.547211,0.239823,-0.092304,0.268735,0.000348,0.004359,-0.003998
1770940810.957555,2.552208,0.294073,-0.024125,0.361803,-0.000140,0.004735,-0.003160
1770940810.962537,2.557190,0.273368,-0.002247,0.369055,-0.000212,0.004575,-0.003564
1770940810.967505,2.562158,0.235458,-0.113437,0.289959,0.000595,0.004133,-0.004088
1770940810.972873,2.567527,0.289409,-0.083274,0.289508,0.000502,0.004334,-0.003530
1770940810.977484,2.572137,0.245423,-0.144097,0.235616,0.001154,0.004356,-0.004162
1770940810.982465,2.577118,0.225420,-0.146120,0.214958,0.001109,0.004021,-0.004888
1770940810.987426,2.582079,-0.430148,-0.016615,0.064531,0.000842,-0.002874,-0.001921
1770940810.992420,2.587074,0.245941,-0.162494,0.251274,0.001637,0.004351,-0.005067
1770940810.997367,2.592020,0.195237,-2.258907,-0.871613,0.024083,-0.016549,0.002552
1770940811.002347,2.597000,0.708944,-0.290048,0.071265,0.005903,0.000243,0.010918
1770940811.007321,2.601974,0.705688,-0.160257,0.095277,0.004987,0.001043,0.010281
1770940811.012400,2.607053,0.678735,-0.319341,0.035277,0.006060,0.000003,0.009214
1770940811.017287,2.611941,0.688833,-0.251494,0.059991,0.005307,0.000096,0.009877
1770940811.022349,2.617002,0.707347,-0.256011,-0.009593,0.005796,0.000510,0.009680
1770940811.027255,2.621908,0.724485,-0.299075,-0.055127,0.006188,0.000528,0.009099
1770940811.032211,2.626864,0.701358,-0.344541,-0.114614,0.007071,0.000205,0.008593
1770940811.037167,2.631820,0.713400,-0.307545,-0.114231,0.006517,0.000506,0.008792
1770940811.042581,2.637234,0.703198,-0.390081,-0.181189,0.007300,0.000639,0.007823
1770940811.047158,2.641811,0.619723,0.333816,0.269513,-0.000997,-0.005259,0.008331
1770940811.052102,2.646755,0.744633,-0.321772,-0.237854,0.007184,0.000199,0.007562
1770940811.057123,2.651777,0.673152,0.211718,0.149899,0.000216,-0.004656,0.008489
1770940811.062088,2.656741,-0.458697,-0.064407,0.358680,-0.002697,-0.012142,0.022687
1770940811.067060,2.661713,-1.271919,-3.850279,-1.332816,0.034620,-0.027083,0.012729
1770940811.072581,2.667234,-0.140448,-3.323649,-1.449882,0.033857,-0.024170,-0.000947
1770940811.077023,2.671676,0.712945,0.139424,-0.086812,0.001431,-0.004900,0.006436
1770940811.082213,2.676866,-0.451831,-0.035981,0.125088,-0.001841,-0.011546,0.020716
1770940811.086954,2.681607,-1.283484,-4.063312,-1.684504,0.036746,-0.027409,0.010270
1770940811.091947,2.686600,-1.239427,-3.802293,-1.536711,0.034579,-0.026304,0.009825
1770940811.096920,2.691573,-1.247815,-3.955403,-1.685669,0.035900,-0.026696,0.009071
1770940811.101893,2.696546,-1.293470,-4.057883,-1.792006,0.036810,-0.026810,0.008449
1770940811.106871,2.701524,-1.296845,-4.144382,-1.872649,0.037477,-0.026506,0.008346
1770940811.112316,2.706969,-1.264563,-4.098585,-1.924650,0.037116,-0.026383,0.007647
1770940811.116817,2.711470,-1.263103,-4.189475,-2.019089,0.038051,-0.026122,0.007082
1770940811.121831,2.716485,-1.243577,-4.158276,-2.102502,0.037501,-0.025493,0.007016
1770940811.126829,2.721483,-1.273942,-4.368756,-2.218709,0.039583,-0.026258,0.006015
1770940811.131757,2.726410,-1.251144,-4.120505,-2.148772,0.037526,-0.024825,0.005480
1770940811.136714,2.731367,-1.244463,-4.185710,-2.228941,0.038012,-0.024977,0.005075
1770940811.142172,2.736825,-1.250267,-4.156031,-2.214796,0.037841,-0.024633,0.004375
1770940811.146695,2.741348,-1.271956,-4.307124,-2.366247,0.039011,-0.024774,0.003920
1770940811.151660,2.746313,-1.245655,-4.399047,-2.515702,0.039805,-0.025311,0.003070
1770940811.156656,2.751309,-1.290769,-3.056211,-1.766758,0.026854,-0.025101,0.003386
1770940811.161629,2.756282,-1.302951,-3.155616,-1.870835,0.027883,-0.025036,0.001761
1770940811.166601,2.761254,-1.284690,-3.242094,-1.918950,0.028914,-0.025577,0.001033
1770940811.171579,2.766232,-0.299090,-3.207098,-2.275470,0.028461,-0.024286,0.013346
1770940811.176611,2.771265,-0.246012,-3.389537,-2.512743,0.030089,-0.023828,0.012009
1770940811.181710,2.776363,-0.238078,-3.453846,-2.553308,0.030985,-0.024013,0.011568
1770940811.186515,2.781168,-0.796067,-1.901067,-1.614470,0.015799,-0.031013,0.011373
1770940811.191489,2.786143,-0.905774,-3.784634,-2.827565,0.033252,-0.031360,0.015411
1770940811.196469,2.791122,-0.772841,-2.117325,-1.755584,0.018385,-0.030571,0.010077
1770940811.201437,2.796091,-0.713650,-2.177715,-1.917696,0.018823,-0.030284,0.009232
1770940811.206419,2.801072,-0.716918,-1.436929,-1.554829,0.009330,-0.038336,0.009979
1770940811.211429,2.806082,-0.657567,-1.422632,-1.635335,0.009435,-0.038296,0.009605
1770940811.216405,2.811059,-0.712751,-1.761976,-1.807488,0.013468,-0.037891,0.008324
1770940811.221341,2.815995,-0.651841,-1.639032,-1.912035,0.012275,-0.036484,0.007138
1770940811.226352,2.821005,-0.643337,-1.703347,-2.031988,0.013005,-0.036553,0.005853
1770940811.231307,2.825960,-0.666101,-2.218335,-2.518126,0.018418,-0.037588,0.005088
1770940811.236255,2.830909,-0.521799,-1.988784,-2.439388,0.016868,-0.034673,0.003775
1770940811.241595,2.836248,-0.545960,-2.415392,-2.903288,0.020516,-0.036018,0.002910
1770940811.246273,2.840926,-0.549708,-2.240850,-2.732500,0.019342,-0.032872,0.000605
1770940811.251198,2.845851,-0.547142,-2.710974,-3.309192,0.022823,-0.034201,-0.000607
1770940811.256181,2.850835,0.319803,-1.878110,-3.549895,0.015060,-0.038197,0.009757
1770940811.261176,2.855829,-0.392147,-2.396886,-3.644439,0.020513,-0.045346,0.012690
1770940811.266156,2.860809,-0.353430,-2.450041,-3.833419,0.020960,-0.044879,0.011690
1770940811.271113,2.865766,-0.365044,-2.508726,-3.946575,0.021485,-0.044306,0.010038
1770940811.276136,2.870789,-0.329894,-1.966210,-3.848807,0.013761,-0.052050,0.010672
1770940811.281080,2.875733,-0.271104,-2.191615,-4.020963,0.016520,-0.051757,0.009498
1770940811.286099,2.880752,-0.235322,-2.269348,-4.246715,0.017348,-0.050644,0.007622
1770940811.291055,2.885708,-0.233784,-2.480991,-4.463337,0.019925,-0.049897,0.006838
1770940811.296028,2.890681,-0.082186,-2.660442,-4.693362,0.021465,-0.047828,0.004545
1770940811.300974,2.895627,-0.049149,-2.891245,-4.820763,0.023706,-0.047017,0.003028
1770940811.305963,2.900616,-1.046142,2.241403,-5.479733,-0.003690,-0.058151,-0.000413
1770940811.310950,2.905603,-0.927737,-2.232401,-5.255785,0.014379,-0.058996,0.003070
1770940811.315926,2.910579,-0.992777,0.040347,-5.189784,0.004238,-0.059796,-0.007927
1770940811.320961,2.915614,-0.939777,-0.310496,-5.337189,0.005866,-0.059124,-0.009176
1770940811.325875,2.920528,0.319968,-0.710711,-5.716477,0.009006,-0.057405,0.004004
1770940811.330853,2.925506,0.366523,-0.884557,-5.898468,0.010159,-0.056480,0.001493
1770940811.335816,2.930469,0.230478,-0.416890,-5.930838,0.002788,-0.064977,0.001532
1770940811.340810,2.935463,0.295894,-0.463865,-6.239267,0.003656,-0.064494,0.000346
1770940811.345770,2.940423,-0.518130,-0.656724,-6.701571,0.007676,-0.071610,0.002980
1770940811.350753,2.945406,-0.663577,0.670953,-6.890229,-0.000630,-0.076026,0.001402
1770940811.355737,2.950390,-0.476299,0.421934,-7.260967,0.000818,-0.074009,-0.000877
1770940811.360710,2.955364,-0.493218,0.380812,-7.605646,0.001941,-0.073195,-0.002103
1770940811.365688,2.960341,-0.502659,-0.000995,-7.913809,0.006080,-0.071659,-0.004527
1770940811.370668,2.965321,-0.393712,-0.177269,-8.177298,0.007787,-0.071340,-0.005915
1770940811.375639,2.970292,-0.383654,-0.412884,-8.486444,0.010273,-0.070663,-0.007410
1770940811.380633,2.975286,-0.390073,0.222104,-8.637375,0.001432,-0.079691,-0.008237
1770940811.385643,2.980296,0.053768,-0.208535,-9.145458,0.006874,-0.083148,0.009452
1770940811.390577,2.985230,-0.169654,1.186645,-9.453711,-0.000519,-0.086585,0.006770
1770940811.395555,2.990208,-0.097397,0.735551,-9.804682,0.003675,-0.085843,0.005235
1770940811.400520,2.995173,-0.216608,2.617594,-9.787398,-0.003272,-0.085545,-0.003770
1770940811.405513,3.000166,-0.166581,2.523502,-10.102007,-0.001185,-0.085088,-0.005737
1770940811.410496,3.005149,-0.152500,2.377675,-10.402916,0.001212,-0.083896,-0.006235
1770940811.415570,3.010223,0.044719,2.251848,-10.791138,0.001985,-0.082714,-0.008195
1770940811.420456,3.015109,-0.222558,3.236294,-11.191620,-0.001742,-0.087498,-0.007525
1770940811.425428,3.020081,-1.171030,3.748427,-11.533358,-0.006751,-0.105209,-0.002652
1770940811.430403,3.025056,-1.143811,3.684801,-11.842041,-0.005022,-0.104607,-0.003719
1770940811.435366,3.030019,-1.112424,3.673274,-12.117133,-0.003445,-0.103834,-0.005283
1770940811.440513,3.035166,-1.069098,3.570374,-12.408253,-0.001480,-0.102636,-0.006414
1770940811.445338,3.039991,-1.046810,-0.818461,-12.607508,0.026851,-0.099217,-0.021448
1770940811.450375,3.045028,-1.041782,-0.888327,-12.959885,0.029393,-0.097706,-0.022403
1770940811.455289,3.049942,-1.287689,0.065391,-13.148289,0.025561,-0.103428,-0.022297
1770940811.460265,3.054918,-0.091686,-0.314646,-13.490287,0.028604,-0.100259,-0.012208
1770940811.465243,3.059896,-0.073269,-0.352579,-13.759706,0.029117,-0.100270,-0.013346
1770940811.470254,3.064907,-0.070585,-0.523909,-14.012378,0.030954,-0.099060,-0.014421
1770940811.475197,3.069850,0.023350,-0.545721,-14.385972,0.032247,-0.097715,-0.015339
1770940811.480195,3.074848,-0.508214,0.795004,-15.947953,0.043167,-0.091785,0.001544
1770940811.485140,3.079793,-0.631943,1.222634,-15.887151,0.036870,-0.101072,0.001818
1770940811.490131,3.084784,-0.658987,1.103168,-16.091343,0.038347,-0.100830,0.000766
1770940811.495106,3.089759,-0.682387,1.195230,-16.367668,0.040076,-0.099699,0.000301
1770940811.500069,3.094722,-0.877053,2.334700,-16.211288,0.032085,-0.103653,0.001398
1770940811.505070,3.099723,-0.849467,2.234761,-16.383728,0.034159,-0.102885,0.001474
1770940811.510026,3.104679,-0.838086,2.229439,-16.663555,0.035661,-0.101794,0.000768
1770940811.515018,3.109671,-0.851090,2.040179,-16.845840,0.037151,-0.101793,-0.000494
1770940811.519986,3.114640,-0.802079,2.098271,-17.042591,0.038316,-0.100746,-0.001494
1770940811.524966,3.119619,-0.774408,2.025344,-17.163525,0.039361,-0.100909,-0.001625
1770940811.529945,3.124598,-0.803484,1.845663,-17.213736,0.040501,-0.100664,-0.002649
1770940811.534938,3.129591,-0.815196,1.842453,-17.435587,0.041730,-0.099835,-0.003967
1770940811.539937,3.134590,-0.814783,1.762095,-17.510258,0.041745,-0.099722,-0.004077
1770940811.544880,3.139533,-0.825688,1.628627,-17.707521,0.044029,-0.099357,-0.004851
1770940811.550109,3.144763,-0.752050,1.728773,-17.816963,0.043770,-0.098705,-0.004956
1770940811.554835,3.149488,-0.796411,1.507455,-18.020313,0.046255,-0.098756,-0.005628
1770940811.559812,3.154465,-0.939389,3.260685,-18.097656,0.038382,-0.099129,-0.013684
1770940811.564813,3.159467,-0.909593,3.366212,-18.304636,0.039374,-0.098295,-0.013801
1770940811.569766,3.164419,-1.082104,3.981758,-18.131504,0.029601,-0.110777,-0.011996
1770940811.574749,3.169402,-1.278288,4.713736,-18.254177,0.025381,-0.116996,-0.011111
1770940811.579714,3.174367,-1.275903,4.621685,-18.329208,0.026396,-0.116122,-0.011646
1770940811.584698,3.179351,-1.937001,4.679807,-18.442688,0.025321,-0.122289,-0.009370
1770940811.589673,3.184326,-0.732795,4.369596,-18.315563,0.026114,-0.117362,0.001605
1770940811.594649,3.189302,-0.725689,4.392577,-18.490955,0.027163,-0.116471,0.000677
1770940811.599685,3.194338,-0.716367,4.316669,-18.641575,0.028012,-0.116624,0.000028
1770940811.604608,3.199261,-0.727239,4.391811,-18.639168,0.028754,-0.116397,-0.000323
1770940811.610196,3.204849,-0.722052,4.188745,-18.809336,0.030799,-0.115777,-0.000602
1770940811.614620,3.209274,-0.902335,1.208459,-19.130220,0.042436,-0.124359,-0.010542
1770940811.619547,3.214200,-0.652085,4.310400,-19.279282,0.031504,-0.114620,-0.001862
1770940811.624551,3.219204,-0.612228,4.211017,-19.400459,0.031761,-0.114942,-0.001976
1770940811.629493,3.224146,-0.632556,4.139811,-19.462217,0.032787,-0.115499,-0.002756
1770940811.634471,3.229124,-0.565512,4.055670,-19.636240,0.034545,-0.114784,-0.003269
1770940811.639461,3.234114,-0.567101,4.074819,-19.691517,0.034202,-0.114830,-0.003703
1770940811.644488,3.239141,-0.814892,0.231675,-19.521877,0.050485,-0.122499,-0.015595
1770940811.649646,3.244299,-0.845651,0.233660,-19.692692,0.050468,-0.122764,-0.015624
1770940811.654411,3.249064,-1.056996,1.302684,-19.816566,0.043280,-0.128204,-0.014985
1770940811.659363,3.254016,-1.048019,1.420828,-19.932426,0.042846,-0.127789,-0.015035
1770940811.664343,3.258996,-1.061185,1.224386,-20.091152,0.044874,-0.127225,-0.016043
1770940811.669316,3.263969,-1.058535,1.354280,-20.193443,0.045141,-0.126738,-0.016146
1770940811.674293,3.268946,-1.045800,1.360878,-20.388065,0.046227,-0.125928,-0.016284
1770940811.679322,3.273975,-1.034783,1.428230,-20.463318,0.046390,-0.125465,-0.016095
1770940811.684247,3.278900,-0.977805,1.593250,-20.682655,0.047114,-0.124545,-0.015660
1770940811.689221,3.283875,-1.023305,1.467102,-20.782173,0.047930,-0.124173,-0.017052
1770940811.694203,3.288857,-1.070027,1.276149,-20.837503,0.049101,-0.124262,-0.017595
1770940811.699179,3.293832,-1.050430,1.392241,-21.037100,0.049615,-0.122749,-0.017797
1770940811.704149,3.298802,-1.206718,2.168031,-20.825401,0.038571,-0.135152,-0.015500
1770940811.709128,3.303781,-1.254957,2.171071,-20.976341,0.038591,-0.135022,-0.015819
1770940811.714151,3.308804,-1.245152,2.260542,-21.200970,0.040115,-0.133663,-0.016065
1770940811.719092,3.313745,-1.219563,2.284891,-21.304047,0.040148,-0.133022,-0.016196
1770940811.724062,3.318715,-0.889064,1.517227,-21.931417,0.046139,-0.115382,-0.016807
1770940811.729048,3.323701,0.053477,1.279626,-22.510647,0.047726,-0.112840,-0.026037
1770940811.734021,3.328674,0.024673,1.433059,-22.693058,0.047647,-0.111974,-0.026017
1770940811.738994,3.333647,0.044726,1.446398,-22.901203,0.048172,-0.110955,-0.025808
1770940811.743970,3.338624,-0.213584,2.394340,-23.194820,0.044308,-0.116183,-0.025583
1770940811.748941,3.343594,-0.216270,2.387379,-23.358820,0.044382,-0.115235,-0.025968
1770940811.754019,3.348672,-0.211248,2.226558,-23.452240,0.045177,-0.115201,-0.026498
1770940811.758913,3.353566,-0.247498,2.278650,-23.545448,0.045176,-0.113860,-0.026740
1770940811.763875,3.358528,-0.877680,2.154948,-23.612503,0.046961,-0.120256,-0.025513
1770940811.768880,3.363533,-0.852527,2.036402,-23.661865,0.047402,-0.119967,-0.025643
1770940811.773852,3.368505,-0.849630,2.115263,-23.785126,0.047282,-0.118901,-0.026124
1770940811.778827,3.373480,-0.857533,2.021445,-23.924759,0.048310,-0.118853,-0.026778
1770940811.783850,3.378504,-0.908715,2.010095,-23.988829,0.048015,-0.118237,-0.027071
1770940811.788785,3.383438,-0.887921,1.868984,-24.033808,0.048664,-0.117854,-0.027228
1770940811.793751,3.388404,-0.918797,1.763724,-24.116980,0.049515,-0.116798,-0.028168
1770940811.798715,3.393368,-0.944608,1.768849,-24.231735,0.049599,-0.117162,-0.028618
1770940811.803707,3.398360,-0.961052,1.685944,-24.309105,0.050236,-0.116608,-0.028676
1770940811.808691,3.403344,-0.935513,1.519152,-24.357100,0.050481,-0.116374,-0.029236
1770940811.814120,3.408773,-0.963748,1.430517,-24.412718,0.050732,-0.115784,-0.029699
1770940811.818637,3.413290,-1.066832,1.352692,-24.413237,0.050889,-0.115628,-0.030735
1770940811.823604,3.418257,-1.218525,2.921202,-24.670052,0.046287,-0.114423,-0.035625
1770940811.828597,3.423250,-1.270083,2.817402,-24.723930,0.046639,-0.114482,-0.036384
1770940811.833562,3.428215,-1.323161,2.668232,-24.764013,0.046798,-0.113869,-0.037291
1770940811.838552,3.433205,-1.596400,3.682536,-24.904413,0.040604,-0.119558,-0.037103
1770940811.843517,3.438170,-1.613809,3.669382,-25.025618,0.041303,-0.119334,-0.037345
1770940811.848538,3.443192,-1.604390,3.688302,-25.131447,0.041446,-0.118409,-0.036747
1770940811.853486,3.448139,-1.645533,3.778136,-25.258080,0.040737,-0.117493,-0.037096
1770940811.858459,3.453113,-2.099974,0.348158,-24.500711,0.050968,-0.123532,-0.048083
1770940811.863427,3.458080,-2.184056,0.609525,-24.726334,0.050531,-0.122998,-0.048613
1770940811.868442,3.463095,-2.186002,0.388630,-24.735035,0.050689,-0.122259,-0.048766
1770940811.873380,3.468033,-2.313531,0.620869,-24.913197,0.051052,-0.121475,-0.048698
1770940811.878345,3.472998,-2.355509,0.619947,-25.048162,0.050851,-0.120753,-0.049004
1770940811.883346,3.477999,-1.099193,0.647321,-25.124268,0.057904,-0.127116,-0.044045
1770940811.888327,3.482980,-2.399789,0.712033,-25.330671,0.051447,-0.119841,-0.048487
1770940811.893297,3.487950,-1.162798,0.638265,-25.136820,0.057957,-0.127420,-0.044543
1770940811.898294,3.492948,-1.117431,0.726819,-25.250702,0.057952,-0.126330,-0.043787
1770940811.903270,3.497924,-2.372637,0.645001,-25.286085,0.050805,-0.120074,-0.048827
1770940811.908239,3.502892,-2.438405,0.603362,-25.446905,0.051935,-0.119385,-0.049550
1770940811.913208,3.507861,-1.119492,0.623930,-25.210749,0.058862,-0.125853,-0.044549
1770940811.918373,3.513026,-1.064815,2.894109,-26.909748,0.058929,-0.127581,-0.038905
1770940811.923241,3.517895,-0.676425,5.235874,-31.559294,0.055623,-0.121017,-0.039478
1770940811.928160,3.522813,-0.634707,5.105412,-31.454262,0.055980,-0.120560,-0.039500
1770940811.933120,3.527773,-0.483901,5.028716,-32.030952,0.055532,-0.119875,-0.041078
1770940811.938106,3.532759,-0.694171,5.069987,-31.643541,0.056358,-0.120421,-0.040438
1770940811.943072,3.537725,-0.701177,5.039792,-31.655136,0.057197,-0.120224,-0.040179
1770940811.948053,3.542706,-0.637313,5.130860,-32.071678,0.057433,-0.119871,-0.041266
1770940811.953025,3.547678,-2.773908,2.464885,-28.247013,0.057566,-0.124456,-0.056168
1770940811.958007,3.552660,-1.196964,0.868137,-25.415918,0.056115,-0.136526,-0.045839
1770940811.962985,3.557638,-1.200638,0.995258,-25.451828,0.056092,-0.135328,-0.046056
1770940811.967959,3.562612,-1.539638,1.112609,-25.328907,0.068265,-0.143662,-0.047387
1770940811.972950,3.567603,-1.193715,0.784776,-25.376049,0.056960,-0.136360,-0.046140
1770940811.977912,3.572565,-1.580823,1.041825,-25.332273,0.068908,-0.143935,-0.047781
1770940811.982894,3.577547,-0.765421,4.945006,-31.886906,0.057640,-0.118795,-0.043016
1770940811.987874,3.582527,-0.666492,4.856164,-31.841913,0.059270,-0.118321,-0.041414
1770940811.992852,3.587506,-0.645196,5.057940,-31.329618,0.046065,-0.127588,-0.041884
1770940811.997833,3.592486,-0.681149,4.878456,-31.281982,0.046345,-0.127731,-0.042388
1770940812.002810,3.597463,-0.743231,5.002548,-31.357899,0.046142,-0.127348,-0.042668
1770940812.007780,3.602433,-0.721810,4.878978,-31.262470,0.045470,-0.126713,-0.042714
1770940812.012759,3.607413,-0.762890,4.982147,-31.441748,0.045670,-0.125793,-0.043166
1770940812.017746,3.612400,-0.805106,4.719234,-31.295645,0.046697,-0.125984,-0.043564
1770940812.022805,3.617458,-1.701338,6.213254,-28.699783,0.062684,-0.140101,-0.042709
1770940812.027701,3.622354,-1.028718,0.464084,-28.123468,0.055441,-0.141470,-0.060171
1770940812.032683,3.627336,-0.819653,4.726764,-31.551073,0.047361,-0.124700,-0.044355
1770940812.037659,3.632312,-0.788840,4.792528,-31.593361,0.047486,-0.124752,-0.043562
1770940812.042630,3.637283,-0.835320,4.706445,-31.474039,0.047243,-0.124838,-0.043958
1770940812.047585,3.642238,-0.806511,4.907811,-31.645689,0.046531,-0.125286,-0.044159
1770940812.052584,3.647238,-2.011847,1.462763,-25.688911,0.066069,-0.146637,-0.049760
1770940812.057563,3.652216,-2.022669,1.346557,-25.663231,0.066547,-0.146901,-0.049870
1770940812.062540,3.657193,-2.034776,1.272440,-25.651438,0.067050,-0.146102,-0.049918
1770940812.067519,3.662172,-2.059537,1.395883,-25.599337,0.066453,-0.146203,-0.049345
1770940812.072805,3.667458,-2.077804,1.338674,-25.655249,0.066786,-0.146167,-0.050043
1770940812.077478,3.672131,-0.964174,1.099335,-25.888376,0.066969,-0.143875,-0.059166
1770940812.082460,3.677114,-1.053647,1.154813,-25.996986,0.067134,-0.144248,-0.059839
1770940812.087415,3.682068,-0.968681,1.058757,-25.889330,0.066948,-0.144306,-0.059949
1770940812.092435,3.687088,-1.019394,1.094553,-25.891951,0.066557,-0.144346,-0.060107
1770940812.097373,3.692026,-1.026510,1.128442,-25.965963,0.066834,-0.144537,-0.059803
1770940812.102341,3.696995,-1.005958,1.198364,-25.996693,0.067202,-0.144450,-0.059661
1770940812.107332,3.701985,-1.016363,1.132485,-26.050476,0.067469,-0.143899,-0.060381
1770940812.112315,3.706969,-1.030540,1.128765,-26.150990,0.067509,-0.143637,-0.060473
1770940812.117304,3.711957,-0.986959,1.087876,-26.163137,0.067715,-0.144223,-0.059964
1770940812.122317,3.716970,-1.024137,1.116074,-26.240471,0.067961,-0.144426,-0.060698
1770940812.127240,3.721894,-0.994213,1.174690,-26.165899,0.067617,-0.144009,-0.060006
1770940812.132227,3.726881,-2.092337,1.414695,-25.919407,0.067598,-0.145725,-0.050937
1770940812.137202,3.731855,-1.022950,1.170542,-26.192966,0.067832,-0.143790,-0.060644
1770940812.142195,3.736848,-2.107967,1.230064,-25.895403,0.068223,-0.146123,-0.050719
1770940812.147163,3.741817,-0.988734,1.092240,-26.323521,0.068532,-0.144008,-0.060424
1770940812.152147,3.746800,-2.112922,1.484221,-26.081966,0.068577,-0.145240,-0.050492
1770940812.157117,3.751770,-2.108814,1.449563,-25.991133,0.068275,-0.145072,-0.050380
1770940812.162085,3.756738,-2.152185,1.343532,-25.972469,0.068955,-0.144979,-0.050569
1770940812.167077,3.761730,-2.175922,1.407522,-25.989601,0.068515,-0.145102,-0.050842
1770940812.172137,3.766790,-1.073300,1.179230,-26.214325,0.068183,-0.143705,-0.060587
1770940812.177059,3.771712,-1.072268,1.128855,-26.153954,0.068334,-0.143551,-0.060635
1770940812.182129,3.776782,-1.133033,1.093467,-26.166237,0.067940,-0.143775,-0.060725
1770940812.186971,3.781625,-1.159983,1.288949,-26.365448,0.068231,-0.143182,-0.060863
1770940812.191963,3.786616,-1.197347,1.216476,-26.260674,0.068356,-0.143339,-0.060491
1770940812.196930,3.791584,-1.235637,1.298372,-26.211973,0.067911,-0.143580,-0.061211
1770940812.201920,3.796573,-1.231037,1.404993,-26.269768,0.067730,-0.143040,-0.060076
1770940812.206903,3.801557,-1.252094,1.382767,-26.334154,0.068114,-0.142832,-0.060949
1770940812.211867,3.806520,-1.324938,1.332066,-26.287519,0.068514,-0.143010,-0.061155
1770940812.216864,3.811517,-1.293999,1.357880,-26.443291,0.068789,-0.142915,-0.060540
1770940812.221827,3.816480,-1.366882,1.411239,-26.085676,0.068628,-0.142894,-0.060696
1770940812.226795,3.821448,-1.116024,2.326617,-29.646175,0.062577,-0.128018,-0.068808
1770940812.231784,3.826437,-1.856657,2.214309,-31.273125,0.064297,-0.126318,-0.054289
1770940812.236762,3.831415,-1.857928,1.543781,-31.329422,0.068575,-0.119896,-0.055650
1770940812.242356,3.837009,-1.441871,4.800381,-31.547466,0.068564,-0.122929,-0.059622
1770940812.246724,3.841377,-1.386092,1.428448,-26.402000,0.068705,-0.142988,-0.060925
1770940812.251784,3.846437,-1.331573,1.562075,-26.483316,0.068103,-0.142912,-0.060472
1770940812.256683,3.851336,-1.344105,1.501657,-26.489120,0.068729,-0.142843,-0.060157
1770940812.261652,3.856305,-1.350640,1.681867,-26.511665,0.067996,-0.143071,-0.060390
1770940812.266627,3.861280,-1.392909,1.700837,-26.588089,0.068146,-0.143464,-0.060760
1770940812.271605,3.866258,-1.382920,1.723285,-26.657148,0.068135,-0.143712,-0.060238
1770940812.276734,3.871387,-1.412210,1.706068,-26.655439,0.068833,-0.143382,-0.060277
1770940812.281743,3.876396,-1.402002,1.815307,-26.737547,0.068869,-0.142952,-0.059810
1770940812.286526,3.881179,-1.367680,1.764711,-26.738033,0.068187,-0.143595,-0.060230
1770940812.291512,3.886166,-1.387701,1.797233,-26.835993,0.069088,-0.143496,-0.060066
1770940812.296480,3.891134,-1.371729,1.872640,-26.739477,0.068577,-0.143541,-0.059179
1770940812.301473,3.896126,-1.435233,2.051483,-26.876329,0.068576,-0.143989,-0.059564
1770940812.306444,3.901097,-1.400293,1.920268,-26.843481,0.068685,-0.143378,-0.059373
1770940812.311445,3.906098,-1.378239,1.846407,-26.780756,0.068767,-0.143695,-0.060071
1770940812.316427,3.911080,-1.424128,1.971500,-26.807089,0.068562,-0.143961,-0.059680
1770940812.321385,3.916039,-1.384015,2.028942,-26.900318,0.068521,-0.144490,-0.059270
1770940812.326355,3.921009,-1.396561,1.868213,-26.886572,0.069178,-0.143375,-0.059629
1770940812.331341,3.925994,-1.389305,1.847170,-26.820055,0.069306,-0.143483,-0.059913
1770940812.336309,3.930962,-1.390567,1.975837,-26.858992,0.069149,-0.144102,-0.059454
1770940812.342206,3.936859,-1.429545,1.975545,-26.938999,0.068899,-0.143319,-0.059631
1770940812.346258,3.940912,-1.424724,2.137045,-27.006552,0.068734,-0.144219,-0.060061
1770940812.351245,3.945898,-1.442446,1.968013,-26.914248,0.069080,-0.143604,-0.060382
1770940812.356222,3.950875,-1.433142,2.084883,-26.926239,0.068772,-0.144021,-0.059687
1770940812.361202,3.955855,-1.404794,2.058593,-26.886703,0.068331,-0.143590,-0.059772
1770940812.366188,3.960841,-1.453294,1.979191,-26.726215,0.068475,-0.143870,-0.059637
1770940812.371162,3.965815,-1.418414,2.095333,-26.876244,0.068068,-0.143441,-0.059114
1770940812.376208,3.970861,-1.446430,1.981833,-26.712864,0.068453,-0.143703,-0.059881
1770940812.381118,3.975771,-1.422984,1.958932,-26.813818,0.068931,-0.143384,-0.059147
1770940812.386088,3.980741,-1.446985,2.129272,-26.763542,0.067791,-0.143762,-0.059517
1770940812.391069,3.985723,-1.467759,1.981617,-26.711981,0.068115,-0.143931,-0.060084
1770940812.396043,3.990696,-1.471995,1.994618,-26.694187,0.068377,-0.143539,-0.059434
1770940812.401019,3.995672,-1.527208,1.946883,-26.677546,0.068181,-0.143265,-0.060066
1770940812.406183,4.000836,-1.506163,1.939957,-26.702869,0.068502,-0.144291,-0.059990
1770940812.411012,4.005665,-1.508498,2.029480,-26.740692,0.067322,-0.143837,-0.059562
1770940812.415983,4.010636,-1.538933,2.046301,-26.665365,0.067563,-0.143620,-0.059552
1770940812.420942,4.015595,-1.625820,2.120034,-26.727808,0.067293,-0.142751,-0.059970
1770940812.425900,4.020553,-1.565959,2.018767,-26.541128,0.066804,-0.143061,-0.059475
1770940812.430891,4.025544,-1.648848,1.999853,-26.510321,0.066491,-0.143444,-0.059381
1770940812.435866,4.030519,-1.693463,2.150150,-26.616896,0.066548,-0.142930,-0.059870
1770940812.442076,4.036729,-1.723297,2.062238,-26.526112,0.066458,-0.143166,-0.059389
1770940812.445796,4.040450,-1.660869,1.927901,-26.449459,0.066501,-0.142803,-0.059489
1770940812.450822,4.045475,-1.713326,2.172241,-26.630192,0.066058,-0.142590,-0.059565
1770940812.455778,4.050431,-1.801118,2.124016,-26.640877,0.066710,-0.142882,-0.059676
1770940812.460748,4.055401,-1.748788,2.187518,-26.667347,0.066130,-0.142347,-0.059658
1770940812.465734,4.060388,-1.770432,2.273344,-26.553207,0.065086,-0.142466,-0.059023
1770940812.470710,4.065363,-1.834335,2.159286,-26.587042,0.066069,-0.141908,-0.059795
1770940812.475720,4.070374,-1.835014,2.144196,-26.615929,0.065949,-0.142091,-0.059171
1770940812.480664,4.075317,-1.837068,2.247530,-26.747543,0.065427,-0.142188,-0.058681
1770940812.485634,4.080287,-1.838689,2.174762,-26.553631,0.064873,-0.142192,-0.059406
1770940812.490682,4.085335,-1.838499,2.262969,-26.583817,0.064347,-0.142146,-0.058607
1770940812.495604,4.090257,-1.836749,2.214381,-26.532593,0.064831,-0.142379,-0.058876
1770940812.500573,4.095226,-1.841855,2.290343,-26.647690,0.064582,-0.142254,-0.059321
1770940812.505779,4.100432,-1.821653,2.390194,-26.728325,0.064267,-0.142460,-0.058333
1770940812.510658,4.105311,-1.827034,2.461416,-26.632826,0.063495,-0.143505,-0.058433
1770940812.515638,4.110291,-1.837294,2.601699,-26.784090,0.063512,-0.142558,-0.058062
1770940812.520504,4.115157,-1.815913,2.536306,-26.755753,0.064384,-0.142912,-0.057828
1770940812.525473,4.120126,-1.810390,2.522394,-26.640453,0.064021,-0.142676,-0.058475
1770940812.530440,4.125093,-1.781909,2.481070,-26.459276,0.064227,-0.143197,-0.058507
1770940812.535414,4.130067,-1.759890,1.990873,-27.979921,0.071232,-0.132528,-0.061674
1770940812.542329,4.136982,-1.745906,2.602691,-26.849724,0.064082,-0.143258,-0.057856
1770940812.545440,4.140093,-1.808963,2.667249,-26.950880,0.064817,-0.143559,-0.058248
1770940812.550465,4.145118,-1.811416,2.701736,-27.039381,0.064220,-0.143319,-0.058076
1770940812.555346,4.149999,-1.848323,2.741685,-26.986702,0.063704,-0.143451,-0.058468
1770940812.560314,4.154968,-1.796990,2.699960,-27.045290,0.064465,-0.142647,-0.058102
1770940812.565276,4.159929,-1.831018,2.799797,-27.006775,0.064342,-0.142780,-0.057536
1770940812.570251,4.164904,-1.859765,2.639249,-26.933117,0.064630,-0.142853,-0.058220
1770940812.575284,4.169937,-1.882418,2.761019,-26.989532,0.063934,-0.143012,-0.058701
1770940812.580203,4.174856,-1.888838,2.688663,-26.990158,0.064559,-0.142592,-0.058534
1770940812.585173,4.179826,-1.897966,2.628379,-27.005230,0.065442,-0.142986,-0.058867
1770940812.590181,4.184834,-1.910918,2.540563,-26.892313,0.065436,-0.143107,-0.058385
1770940812.595151,4.189804,-1.905427,2.711806,-27.070635,0.065274,-0.142135,-0.058547
1770940812.600123,4.194776,-1.919182,2.675366,-27.077574,0.065406,-0.142036,-0.058880
1770940812.605173,4.199826,-1.957401,2.699696,-27.087006,0.065528,-0.142276,-0.059413
1770940812.610088,4.204741,-1.945425,2.555425,-27.136509,0.066451,-0.142012,-0.059650
1770940812.615059,4.209712,-1.960912,2.650911,-27.170706,0.065267,-0.142110,-0.059197
1770940812.620088,4.214741,-1.937500,2.759516,-27.144844,0.065538,-0.141696,-0.059512
1770940812.625020,4.219673,-1.960558,2.639047,-27.093771,0.066460,-0.141180,-0.059804
1770940812.629994,4.224647,-1.960759,2.476370,-27.010786,0.066617,-0.141277,-0.060251
1770940812.634962,4.229615,-1.961874,2.539913,-27.100872,0.066195,-0.141436,-0.060111
1770940812.639939,4.234592,-1.970703,2.474089,-27.173920,0.067248,-0.140784,-0.060298
1770940812.644974,4.239627,-1.930021,2.427925,-27.165634,0.066925,-0.140812,-0.060121
1770940812.650088,4.244741,-2.032752,2.447339,-27.210690,0.067144,-0.140664,-0.060485
1770940812.654870,4.249523,-2.040681,2.493687,-27.104216,0.066729,-0.140350,-0.060895
1770940812.659870,4.254523,-2.032157,2.405911,-27.140715,0.066810,-0.140538,-0.061470
1770940812.664866,4.259519,-2.026339,2.409842,-27.099043,0.066454,-0.140532,-0.061511
1770940812.669808,4.264461,-2.056198,2.317273,-27.226393,0.068223,-0.140133,-0.061780
1770940812.674825,4.269478,-2.017388,2.299383,-27.042936,0.067239,-0.140147,-0.061463
1770940812.679755,4.274408,-1.997304,2.328269,-27.058435,0.067549,-0.139956,-0.060924
1770940812.684745,4.279398,-2.005009,2.265500,-27.110313,0.068235,-0.140224,-0.061912
1770940812.689731,4.284384,-2.026149,2.162717,-26.961082,0.067411,-0.139791,-0.061496
1770940812.694700,4.289353,-2.085269,2.223847,-27.010277,0.066993,-0.140591,-0.061821
1770940812.699686,4.294339,-2.108630,2.289250,-27.106268,0.067855,-0.139822,-0.061620
1770940812.705575,4.300228,-2.106319,2.374950,-27.093155,0.067153,-0.139918,-0.061152
1770940812.709665,4.304318,-2.113474,2.406364,-27.172472,0.066889,-0.139915,-0.061378
1770940812.714605,4.309258,-0.973231,2.221401,-27.058735,0.074644,-0.147134,-0.058121
1770940812.719591,4.314245,-2.124138,2.301870,-27.046618,0.067127,-0.139663,-0.061484
1770940812.724563,4.319216,-2.129626,2.439923,-27.056059,0.066139,-0.139932,-0.060675
1770940812.729547,4.324200,-0.981301,2.381075,-27.102722,0.073271,-0.147462,-0.057166
1770940812.734523,4.329176,-1.005395,2.312177,-27.046217,0.073702,-0.147880,-0.057876
1770940812.739487,4.334140,-0.996826,2.370636,-27.069979,0.073265,-0.147704,-0.057306
1770940812.744544,4.339197,-1.010443,2.455906,-27.103834,0.073107,-0.147644,-0.057018
1770940812.749628,4.344281,-0.994115,2.564168,-27.084019,0.072442,-0.147257,-0.056470
1770940812.754511,4.349164,-1.052401,2.479348,-27.056070,0.073333,-0.147314,-0.056607
1770940812.759429,4.354082,-1.064711,2.438293,-26.924196,0.072638,-0.147561,-0.057066
1770940812.764446,4.359099,-1.013243,2.532346,-27.013611,0.072648,-0.147435,-0.056421
1770940812.769364,4.364017,-1.054269,2.538211,-26.816067,0.071772,-0.147258,-0.056588
1770940812.774494,4.369148,-1.066351,2.497138,-26.838753,0.072007,-0.147508,-0.057284
1770940812.779693,4.374346,-1.046142,2.579503,-26.879692,0.071686,-0.147707,-0.055886
1770940812.784350,4.379004,-1.106534,2.575779,-26.968439,0.072097,-0.147237,-0.056563
1770940812.789293,4.383946,-1.061952,2.568059,-26.916409,0.071952,-0.147505,-0.056374
1770940812.794309,4.388962,-1.087261,2.534761,-26.868029,0.072054,-0.147110,-0.056398
1770940812.799223,4.393876,-1.068624,2.595263,-26.919067,0.072094,-0.147104,-0.055444
1770940812.804244,4.398897,-1.114008,2.534009,-26.820930,0.071709,-0.147555,-0.056121
1770940812.809228,4.403881,-1.069024,2.556650,-26.878048,0.072036,-0.147596,-0.055623
1770940812.814344,4.408997,-1.100232,2.571388,-26.839220,0.071323,-0.147905,-0.056064
1770940812.819161,4.413814,-1.086874,2.617643,-26.796906,0.071471,-0.148098,-0.056039
1770940812.824150,4.418803,-1.063630,2.485917,-26.706518,0.071302,-0.148098,-0.055685
1770940812.829160,4.423814,-1.092597,2.556906,-26.665920,0.071450,-0.147997,-0.055702
1770940812.834070,4.428724,-1.102636,2.653024,-26.608849,0.071076,-0.148335,-0.055932
1770940812.839053,4.433706,0.361814,2.128588,-27.135809,0.060974,-0.132836,-0.057841
1770940812.844145,4.438798,0.252879,2.511350,-32.162064,0.071462,-0.115016,-0.059259
1770940812.849040,4.443693,0.215828,2.567707,-32.172459,0.071324,-0.115153,-0.059202
1770940812.853986,4.448639,0.124863,3.313760,-32.723717,0.070432,-0.115622,-0.059907
1770940812.858962,4.453615,0.212420,2.668130,-31.681227,0.070662,-0.116101,-0.058579
1770940812.863931,4.458584,0.180210,2.470336,-31.588240,0.071285,-0.116760,-0.058556
1770940812.868912,4.463565,0.200412,2.697902,-31.728025,0.071352,-0.116425,-0.058618
1770940812.874662,4.469315,0.289740,1.419463,-27.016546,0.066698,-0.138355,-0.063412
1770940812.878915,4.473568,-1.303314,2.164180,-25.336309,0.064792,-0.129360,-0.060421
1770940812.883841,4.478494,-1.307131,2.012039,-25.089294,0.064539,-0.130328,-0.060188
1770940812.888816,4.483469,-1.212873,2.146545,-24.832792,0.063133,-0.131482,-0.059096
1770940812.893804,4.488457,-1.173856,2.191275,-24.753361,0.063139,-0.131590,-0.058379
1770940812.898783,4.493436,-1.024839,1.711737,-24.602594,0.067038,-0.120363,-0.059319
1770940812.905483,4.500137,-0.987772,1.862341,-24.363348,0.066246,-0.121572,-0.058359
1770940812.908836,4.503489,-0.816592,0.332040,-24.052113,0.070295,-0.122352,-0.049464
1770940812.913904,4.508557,-0.747181,0.364895,-23.629671,0.069015,-0.124283,-0.048319
1770940812.918706,4.513359,-0.441758,-0.519325,-22.831362,0.070980,-0.121418,-0.047221
1770940812.923671,4.518324,-1.489833,-0.329307,-22.162363,0.070502,-0.127701,-0.035975
1770940812.928649,4.523302,-0.611246,-0.173753,-21.417290,0.066831,-0.122090,-0.035875
1770940812.933624,4.528277,-1.728667,-0.800195,-20.859928,0.072020,-0.112117,-0.047810
1770940812.938591,4.533244,-1.151186,2.120695,-21.083355,0.065216,-0.104786,-0.036997
1770940812.943598,4.538251,-1.136622,2.459274,-20.262070,0.061946,-0.107921,-0.033110
1770940812.948875,4.543528,-0.806053,2.189662,-19.163870,0.059868,-0.105519,-0.030075
1770940812.953580,4.548233,0.047079,1.217416,-18.464554,0.059386,-0.100684,-0.021557
1770940812.958524,4.553177,0.481639,-0.249494,-17.949841,0.067119,-0.089539,-0.018975
1770940812.963487,4.558140,-0.574596,0.703047,-16.572292,0.050493,-0.099254,-0.027939
1770940812.968450,4.563103,0.054148,0.967309,-15.354733,0.045437,-0.096279,-0.025904
1770940812.973823,4.568476,-0.885186,-0.363156,-15.067945,0.046229,-0.077612,-0.029513
1770940812.978442,4.573095,-0.802301,-0.062697,-13.853718,0.039955,-0.082099,-0.025359
1770940812.983432,4.578085,-0.785498,0.380936,-13.124556,0.036072,-0.084631,-0.022368
1770940812.988463,4.583116,-0.689386,1.199894,-13.464280,0.040028,-0.054493,-0.019125
1770940812.993359,4.588012,-0.695185,1.736567,-12.743652,0.035323,-0.057439,-0.014747
1770940812.998330,4.592983,-0.767264,1.830571,-11.922438,0.032133,-0.059753,-0.010889
1770940813.003299,4.597953,-0.562303,1.112172,-11.246614,0.033232,-0.057850,-0.009303
1770940813.008322,4.602975,1.555793,1.513162,-10.570988,0.038303,-0.045671,-0.006524
1770940813.013685,4.608338,1.739941,0.561174,-9.962788,0.041620,-0.042572,-0.004309
1770940813.018244,4.612897,0.455055,0.841650,-9.200279,0.037503,-0.045811,-0.013403
1770940813.023223,4.617876,0.073348,-0.198073,-7.419668,0.026257,-0.061547,-0.022644
1770940813.028193,4.622846,1.021070,-0.261780,-7.803434,0.038923,-0.040413,-0.000512
1770940813.033164,4.627817,1.173753,-1.956639,-7.776990,0.049075,-0.025225,-0.000453
1770940813.038147,4.632800,1.146204,-1.601341,-6.831882,0.043938,-0.028843,0.002165
1770940813.043124,4.637777,0.577857,-1.084004,-6.195958,0.038818,-0.024477,-0.010580
1770940813.048084,4.642738,0.366196,-2.753982,-5.009977,0.030310,-0.039438,-0.017806
1770940813.053105,4.647758,0.504569,-4.485823,-5.682245,0.047356,-0.024899,-0.016003
1770940813.058049,4.652702,0.864665,-0.038145,-4.382413,0.024382,-0.023501,-0.010530
1770940813.063030,4.657683,0.911064,0.528816,-3.504046,0.020966,-0.022473,-0.009903
1770940813.068013,4.662666,0.867442,0.717917,-2.981093,0.017435,-0.024997,-0.007635
1770940813.072998,4.667651,1.077377,-0.242218,-2.744773,0.021101,-0.020994,-0.004881
1770940813.078027,4.672680,1.102110,0.238841,-2.067790,0.006559,-0.021182,-0.003725
1770940813.082963,4.677616,2.414105,0.162701,-2.966558,0.002710,-0.007371,-0.010771
1770940813.087923,4.682576,1.283683,-0.845399,-6.732396,0.014708,-0.003339,-0.011461
1770940813.092907,4.687561,1.293183,-0.603402,-6.437523,0.012805,-0.004319,-0.010349
1770940813.097873,4.692526,1.307547,-0.514251,-5.976336,0.010480,-0.006810,-0.008175
1770940813.102849,4.697502,1.510407,-2.065576,-6.007256,0.018318,-0.003351,-0.009131
1770940813.107857,4.702510,0.557640,-1.876521,-1.747969,0.023092,-0.017131,-0.004598
1770940813.113108,4.707761,0.599571,-1.852543,-1.635029,0.022861,-0.017382,-0.003809
1770940813.117794,4.712447,0.579781,-1.900529,-1.534728,0.023086,-0.018533,-0.003184
1770940813.122745,4.717398,0.641246,-2.973279,-1.939293,0.036959,-0.018490,-0.001924
1770940813.127744,4.722397,0.663856,-2.915963,-1.776089,0.036157,-0.018869,-0.000857
1770940813.132710,4.727363,0.765446,-2.719058,-1.614382,0.034379,-0.017893,0.000326
1770940813.137685,4.732338,0.729586,-2.960488,-1.600008,0.037201,-0.019309,0.000781
1770940813.142672,4.737325,0.755446,-3.143399,-1.501643,0.039543,-0.019899,0.001772
1770940813.147965,4.742618,-0.108718,-3.319601,-3.012040,0.030172,-0.017402,-0.001363
1770940813.152647,4.747300,0.810441,1.767966,-4.839041,0.001619,0.013775,0.007545
1770940813.157612,4.752265,0.868756,1.683213,-4.436208,0.001003,0.011882,0.005632
1770940813.162590,4.757243,0.594152,2.219178,-2.899428,0.003746,0.001195,0.008198
1770940813.167555,4.762208,0.697496,-0.358360,-0.150368,0.006405,0.001055,0.008387
1770940813.172890,4.767544,0.662541,-0.384418,-0.110608,0.006583,0.000629,0.008314
1770940813.177913,4.772566,0.650410,-0.388110,-0.075081,0.006686,0.000335,0.008173
1770940813.182555,4.777208,0.674425,-0.387993,-0.113122,0.006531,0.000534,0.008545
1770940813.187811,4.782464,0.697028,-0.344872,-0.056743,0.006449,0.001504,0.009245
1770940813.192497,4.787150,0.696494,-0.322199,-0.066468,0.005886,0.001393,0.009332
1770940813.197420,4.792073,-0.463333,-0.347899,-0.194383,0.003432,-0.002582,-0.003380
1770940813.202397,4.797050,-0.510397,-0.414223,-0.225335,0.003677,-0.002726,-0.003397
1770940813.207388,4.802042,-0.486474,-0.334242,-0.187947,0.003309,-0.001997,-0.003673
1770940813.212349,4.807002,0.692916,-0.307469,0.005991,0.005911,0.000770,0.009237
1770940813.217324,4.811977,0.706855,-0.365964,-0.059278,0.006028,0.000710,0.009872
1770940813.222287,4.816940,0.710909,-0.287407,-0.017304,0.005132,0.000720,0.009488
1770940813.227289,4.821942,0.688941,-0.354640,-0.034173,0.005797,0.000580,0.008993
1770940813.232255,4.826909,0.670382,-0.444881,-0.026272,0.006704,0.000278,0.008911
1770940813.237233,4.831887,0.681699,-0.253130,0.095882,0.004990,0.000517,0.008730
1770940813.242365,4.837018,-0.468032,-0.323269,-0.161552,0.003050,-0.002190,-0.003191
1770940813.247241,4.841895,0.674431,-0.340031,0.045282,0.005764,0.000527,0.009377
1770940813.252240,4.846893,0.674904,-0.333679,0.018730,0.005713,0.000757,0.009490
1770940813.257163,4.851816,-0.474308,-0.231971,-0.095512,0.002691,-0.001667,-0.002958
1770940813.262125,4.856778,-0.431089,-0.239446,-0.069884,0.002770,-0.001766,-0.002861
1770940813.267099,4.861753,-0.494687,-0.395248,-0.183406,0.004082,-0.002510,-0.003264
1770940813.272080,4.866733,0.707715,-0.385240,-0.002640,0.006105,0.000435,0.009903
1770940813.277130,4.871783,0.655051,-0.283780,0.070980,0.005028,0.000428,0.009174
1770940813.282545,4.877198,-0.464031,-0.333553,-0.128402,0.003333,-0.002659,-0.002964
1770940813.287068,4.881721,-0.485673,-0.330695,-0.143991,0.003666,-0.002092,-0.002821
1770940813.292233,4.886886,-0.489646,-0.352784,-0.153502,0.003287,-0.002845,-0.003134
1770940813.296985,4.891638,-0.423566,-0.322740,-0.119332,0.003616,-0.002472,-0.002350
1770940813.301991,4.896645,-0.470191,-0.288638,-0.106015,0.002880,-0.002529,-0.002886
1770940813.307068,4.901721,-0.456368,-0.235689,-0.099048,0.002098,-0.002737,-0.002938
1770940813.311897,4.906550,-0.519659,-0.407539,-0.181343,0.003508,-0.003163,-0.003521
1770940813.316956,4.911609,0.674160,-0.248026,0.066172,0.004584,0.000306,0.009393
1770940813.322001,4.916655,-0.431084,-0.203722,-0.065500,0.002061,-0.002694,-0.003014
1770940813.326849,4.921502,-0.442824,-0.252863,-0.098264,0.002435,-0.002680,-0.002944
1770940813.331815,4.926468,-0.426729,-0.290027,-0.103477,0.002899,-0.002536,-0.002941
1770940813.336798,4.931452,-0.447387,-0.283941,-0.108784,0.003261,-0.002264,-0.002319
1770940813.341854,4.936507,-0.469628,-0.254451,-0.093904,0.002448,-0.002705,-0.003033
1770940813.346779,4.941432,-0.453589,-0.235773,-0.100912,0.002289,-0.002589,-0.002904
1770940813.351785,4.946439,0.650354,-0.338814,0.104072,0.005345,-0.000329,0.009365
1770940813.356837,4.951490,-0.475893,-0.239119,-0.069261,0.002370,-0.002826,-0.002825
1770940813.361691,4.956344,-0.458908,-0.314363,-0.116001,0.003417,-0.002297,-0.002748
1770940813.366669,4.961322,-0.452603,-0.246883,-0.074674,0.002453,-0.002669,-0.003107
1770940813.371607,4.966260,-0.460050,-0.321693,-0.111473,0.003141,-0.002876,-0.002704
1770940813.376681,4.971334,0.692528,-0.317693,0.072358,0.005224,0.000082,0.009377
1770940813.381589,4.976242,-0.453279,-0.276609,-0.101023,0.002770,-0.002876,-0.002808
1770940813.386610,4.981263,-0.466384,-0.207050,-0.032720,0.002279,-0.002956,-0.002843
1770940813.391604,4.986258,-0.443488,-0.273103,-0.070049,0.002844,-0.002731,-0.002567
1770940813.396511,4.991164,-0.427323,-0.317287,-0.077447,0.003591,-0.002646,-0.002306
1770940813.401496,4.996149,-0.449348,-0.333836,-0.112575,0.003412,-0.002514,-0.002483
1770940813.406472,5.001126,-0.471475,-0.368119,-0.138867,0.003465,-0.003138,-0.002783
1770940813.411456,5.006109,-0.467131,-0.317504,-0.133397,0.002954,-0.003023,-0.002789
1770940813.416497,5.011151,0.671593,-0.198110,0.127686,0.004258,0.000524,0.009921
1770940813.421396,5.016049,-0.420381,-0.282536,-0.105063,0.002953,-0.002492,-0.002480
1770940813.426397,5.021050,-0.434136,-0.181435,-0.032663,0.002181,-0.002291,-0.002348
1770940813.431364,5.026017,-0.435765,-0.195185,-0.046998,0.002190,-0.002341,-0.002610
1770940813.436340,5.030993,-0.456546,-0.208658,-0.053447,0.002072,-0.002262,-0.002602
1770940813.441334,5.035987,0.678331,-0.206985,0.137855,0.004625,0.000802,0.009997
1770940813.446338,5.040991,-0.467388,-0.237682,-0.054633,0.002583,-0.003104,-0.002592
1770940813.451382,5.046035,-0.454630,-0.307144,0.015014,0.003147,-0.002949,-0.002667
1770940813.456256,5.050909,-0.898763,-1.056545,-0.518334,0.007695,-0.010061,-0.012616
1770940813.461234,5.055887,-0.467565,-0.257781,-0.081630,0.002636,-0.002742,-0.002721
1770940813.466200,5.060853,0.646207,-0.277986,0.113268,0.004726,-0.000134,0.009362
1770940813.471181,5.065834,-0.491331,-0.279641,-0.086926,0.002809,-0.003008,-0.002776
1770940813.476191,5.070844,-0.426177,-0.259092,-0.073618,0.002509,-0.002888,-0.002794
1770940813.481132,5.075785,-0.453551,-0.247272,-0.084117,0.002488,-0.002850,-0.002566
1770940813.486145,5.080798,0.691173,-0.264250,0.095159,0.004899,0.000504,0.010232
1770940813.491192,5.085845,-0.451261,-0.202475,-0.038015,0.002237,-0.002708,-0.002226
1770940813.496067,5.090720,-0.459124,-0.230454,-0.049722,0.002090,-0.003079,-0.002772
1770940813.501042,5.095695,-0.432935,-0.232347,-0.039960,0.002497,-0.002815,-0.002685
1770940813.506601,5.101254,-0.476908,-0.283454,-0.104148,0.002369,-0.003363,-0.002796
1770940813.511107,5.105760,-0.470297,-0.313132,-0.104400,0.002966,-0.003136,-0.002688
1770940813.515969,5.110622,-0.522859,-0.314454,-0.104216,0.002911,-0.003481,-0.003116
1770940813.520947,5.115600,-0.407346,-0.271610,-0.072570,0.002826,-0.002924,-0.002290
1770940813.525935,5.120589,0.650775,-0.368661,0.131447,0.006048,-0.000318,0.009371
1770940813.530914,5.125567,0.637271,-0.267390,0.185985,0.004670,0.000017,0.010054
1770940813.535877,5.130530,-0.471287,-0.164065,-0.022572,0.001725,-0.002796,-0.002690
1770940813.541308,5.135961,-0.478085,-0.310339,-0.082818,0.003036,-0.003298,-0.002482
1770940813.546008,5.140661,-0.448360,-0.249958,-0.026639,0.002387,-0.003228,-0.002506
1770940813.550951,5.145604,-0.455092,-0.247946,-0.070355,0.002411,-0.003294,-0.002442
1770940813.555788,5.150441,-0.503713,-0.104730,-0.026515,0.001105,-0.002472,-0.002876
1770940813.560786,5.155439,-0.436520,-0.253680,-0.045352,0.002666,-0.002995,-0.002439
1770940813.565748,5.160401,-0.488844,-0.268713,-0.063662,0.002566,-0.003587,-0.002749
1770940813.570725,5.165378,-0.454992,-0.123178,0.008084,0.001236,-0.003080,-0.002342
1770940813.575726,5.170379,-0.448172,-0.220970,-0.019600,0.002426,-0.002990,-0.002243
1770940813.580685,5.175338,-0.458156,-0.324387,-0.072641,0.003305,-0.002871,-0.002650
1770940813.585772,5.180425,-0.528645,-0.338442,-0.123155,0.003431,-0.003067,-0.002687
1770940813.590713,5.185366,-0.493090,-0.277576,-0.058141,0.002506,-0.003959,-0.002830
1770940813.595607,5.190260,-0.450253,-0.259106,-0.045721,0.002478,-0.003463,-0.002554
1770940813.600580,5.195233,-0.489700,-0.287166,-0.082153,0.002536,-0.003538,-0.002870
1770940813.606238,5.200891,-0.464314,-0.253334,-0.044687,0.002506,-0.003258,-0.002473
1770940813.610560,5.205214,-0.439679,-0.132962,0.014124,0.001299,-0.002845,-0.002493
1770940813.615550,5.210203,-0.498233,-0.349440,-0.116051,0.002912,-0.003979,-0.002831
1770940813.620524,5.215178,-0.456929,-0.321150,-0.085586,0.003265,-0.003293,-0.002101
1770940813.625479,5.220132,-0.473122,-0.214037,-0.039492,0.002270,-0.003478,-0.002794
1770940813.630457,5.225110,-0.430130,-0.216909,-0.022622,0.002356,-0.002699,-0.001985
1770940813.635431,5.230084,-0.450541,-0.262750,-0.029934,0.002786,-0.003140,-0.002533
1770940813.640478,5.235132,-0.464477,-0.238768,-0.035860,0.002613,-0.003302,-0.002594
1770940813.645511,5.240164,-0.441263,-0.218038,-0.058996,0.002466,-0.002836,-0.002382
1770940813.650576,5.245229,-0.439417,-0.198485,-0.027323,0.002334,-0.002526,-0.002529
1770940813.655377,5.250030,-0.490739,-0.199994,-0.014710,0.001719,-0.003861,-0.002883
1770940813.660325,5.254978,-0.469784,-0.297179,-0.078053,0.002698,-0.003743,-0.002323
1770940813.665302,5.259955,-0.472672,-0.266530,-0.065439,0.002651,-0.003007,-0.002822
1770940813.670331,5.264984,-0.499677,-0.345323,-0.082339,0.003195,-0.003798,-0.002492
1770940813.675284,5.269938,-0.497193,-0.206322,-0.024717,0.002135,-0.003201,-0.002840
1770940813.680231,5.274884,-0.456826,-0.179932,0.001597,0.001931,-0.002961,-0.002662
1770940813.685221,5.279874,-0.454405,-0.137433,0.005540,0.001210,-0.003122,-0.002484
1770940813.690196,5.284849,-0.403672,-0.204937,0.018776,0.002618,-0.002451,-0.002137
1770940813.695155,5.289808,-0.505742,-0.297019,-0.079840,0.002904,-0.003743,-0.002797
1770940813.700143,5.294796,-0.447363,-0.280765,-0.028377,0.002989,-0.003309,-0.002470
1770940813.706278,5.300931,-0.485887,-0.236821,-0.033363,0.002284,-0.003476,-0.002597
1770940813.710109,5.304762,0.638850,-0.293549,0.176453,0.004791,-0.000411,0.009598
1770940813.715135,5.309788,-0.484409,-0.267567,-0.080940,0.002569,-0.003353,-0.003099
1770940813.720081,5.314734,-0.439498,-0.173952,-0.003407,0.001661,-0.003721,-0.001998
1770940813.725026,5.319679,-0.484279,-0.143972,-0.015551,0.001325,-0.003308,-0.002966
1770940813.730011,5.324665,-0.474375,-0.310459,-0.092022,0.002867,-0.003911,-0.002620
1770940813.734986,5.329639,-0.465815,-0.151586,-0.006733,0.001724,-0.002718,-0.002141
1770940813.739966,5.334619,1.337811,-0.239234,-0.128531,0.003105,0.008225,0.006781
1770940813.744972,5.339625,-0.455769,-0.063164,0.027142,0.001023,-0.002301,-0.002437
1770940813.750086,5.344739,-0.422535,-0.190460,-0.033771,0.002523,-0.002191,-0.001844
1770940813.754904,5.349557,-0.444349,-0.058830,0.084208,0.001076,-0.003378,-0.002552
1770940813.759861,5.354514,0.222510,-0.331978,0.185879,0.003341,0.004488,-0.005073
1770940813.764847,5.359500,-1.002704,-1.509441,-0.495992,0.009891,-0.011954,-0.013581
1770940813.769828,5.364481,-0.466678,-0.299246,-0.080025,0.002687,-0.003974,-0.002575
1770940813.774825,5.369478,-0.425934,-0.130498,0.007009,0.001310,-0.002489,-0.002172
1770940813.779774,5.374427,0.654433,-0.078921,0.226613,0.003287,0.000375,0.009827
1770940813.784749,5.379402,-0.424421,-0.189049,-0.017509,0.002236,-0.003034,-0.002391
1770940813.789741,5.384394,-0.431803,-0.179815,-0.005118,0.002081,-0.002468,-0.001870
1770940813.794791,5.389444,-0.408457,-0.215334,-0.020904,0.002227,-0.002557,-0.001955
1770940813.799688,5.394341,-0.450372,-0.213172,-0.006105,0.002190,-0.003040,-0.001993
1770940813.806586,5.401239,-0.440851,-0.223710,-0.026501,0.002155,-0.002940,-0.002259
1770940813.809651,5.404304,-0.471217,-0.124560,-0.001698,0.001240,-0.003491,-0.002741
1770940813.814695,5.409348,-0.485483,-0.258190,-0.074674,0.002505,-0.003193,-0.002788
1770940813.819695,5.414348,-0.470525,-0.279478,-0.054782,0.002451,-0.003662,-0.002623
1770940813.824582,5.419235,-0.431481,-0.148372,0.008065,0.001400,-0.002934,-0.002313
1770940813.829551,5.424204,-0.429434,-0.296406,-0.035739,0.003175,-0.003508,-0.002039
1770940813.834531,5.429184,-0.440573,-0.136738,0.028682,0.001784,-0.002499,-0.002063
1770940813.839509,5.434162,-0.460622,-0.168426,-0.004449,0.001888,-0.003312,-0.002557
1770940813.844611,5.439265,-0.463993,-0.247097,-0.034319,0.002613,-0.003462,-0.002679
1770940813.849466,5.444119,-0.461435,-0.099669,0.030473,0.000802,-0.003000,-0.002569
1770940813.854468,5.449121,-0.471563,-0.206052,-0.028411,0.002198,-0.003074,-0.002401
1770940813.859425,5.454078,-0.459025,-0.169201,0.022117,0.001830,-0.003069,-0.002213
1770940813.864438,5.459091,-0.460244,-0.226626,-0.039630,0.002216,-0.003138,-0.002444
1770940813.869382,5.464036,-0.426467,-0.168298,-0.005866,0.002010,-0.002516,-0.002521
1770940813.874373,5.469027,0.195374,-0.258258,0.151353,0.002024,0.004226,-0.004981
1770940813.879375,5.474028,-0.505908,-0.242689,-0.045710,0.002018,-0.003902,-0.002746
1770940813.884296,5.478949,-0.426917,-0.338523,-0.071039,0.003263,-0.003815,-0.002229
1770940813.889286,5.483939,-0.465332,-0.221426,-0.012730,0.002368,-0.003024,-0.002161
1770940813.894256,5.488909,-0.386575,-0.123263,0.052388,0.001240,-0.002900,-0.001984
1770940813.899235,5.493888,-0.466449,-0.196058,-0.026075,0.001860,-0.002993,-0.002284
1770940813.904226,5.498879,-0.496364,-0.214953,-0.035651,0.001912,-0.003035,-0.002449
1770940813.909199,5.503852,-0.466396,-0.186145,-0.013554,0.001595,-0.003446,-0.002456
1770940813.914244,5.508897,-0.454977,-0.167215,0.005579,0.001438,-0.003225,-0.002502
1770940813.919169,5.513822,-0.417303,-0.078468,0.055374,0.000969,-0.002620,-0.001741
1770940813.924135,5.518788,-0.469424,-0.227676,-0.043678,0.002166,-0.003601,-0.002566
1770940813.929099,5.523752,-0.401977,-0.177292,0.001502,0.002018,-0.002824,-0.002111
1770940813.934077,5.528730,-0.421032,-0.174196,0.041520,0.002172,-0.002847,-0.001847
1770940813.939054,5.533708,-0.444036,-0.173381,0.020034,0.001897,-0.003209,-0.002346
1770940813.944079,5.538732,-0.447872,-0.122545,0.042167,0.001261,-0.003481,-0.002189
1770940813.949004,5.543657,-0.440272,-0.144560,0.024228,0.001438,-0.003059,-0.002186
1770940813.954081,5.548734,-0.409018,-0.144215,0.027734,0.001868,-0.002605,-0.002225
1770940813.958970,5.553623,-0.474423,-0.232254,-0.028591,0.002205,-0.003786,-0.002904
1770940813.963941,5.558594,-0.451305,-0.238639,-0.022651,0.002462,-0.003095,-0.002461
1770940813.968918,5.563571,-0.476431,-0.313873,-0.071652,0.002786,-0.004188,-0.002700
1770940813.974133,5.568787,0.218402,-0.182942,0.207871,0.001347,0.004345,-0.004586
1770940813.978879,5.573533,-0.447543,-0.283746,-0.053369,0.002722,-0.003893,-0.002356
1770940813.983862,5.578515,-0.433701,-0.154260,0.014828,0.001347,-0.003120,-0.002288
1770940813.988827,5.583480,-0.406788,-0.177432,-0.011992,0.002047,-0.002535,-0.001940
1770940813.993813,5.588466,0.167739,-0.353465,0.069748,0.002703,0.003637,-0.005416
1770940813.998792,5.593445,0.656526,-1.101390,-2.750202,-0.002690,-0.013207,-0.002978
1770940814.003767,5.598420,1.118137,0.775465,-3.315007,-0.006336,0.003852,0.008046
1770940814.008768,5.603421,1.131876,0.957238,-3.450993,-0.006495,0.004337,0.008384
1770940814.014507,5.609160,1.158243,0.726847,-3.410610,-0.006493,0.003311,0.008560
1770940814.018775,5.613429,1.165327,0.881181,-3.378526,-0.006474,0.004179,0.008904
1770940814.023651,5.618304,1.129333,0.865928,-3.328269,-0.006646,0.003241,0.008484
1770940814.028652,5.623305,1.145768,0.992392,-3.304720,-0.007272,0.004201,0.008470
1770940814.033626,5.628279,1.144936,0.772587,-3.373063,-0.006885,0.003579,0.009227
1770940814.038606,5.633259,1.092144,0.259116,-4.058036,0.005973,0.012294,0.007373
1770940814.043662,5.638315,1.129452,0.858533,-3.266848,-0.006841,0.003694,0.008255
1770940814.048565,5.643218,1.133920,1.082493,-3.288287,-0.007198,0.004154,0.008527
1770940814.053537,5.648190,1.127831,0.876871,-3.390563,-0.006667,0.003996,0.008096
1770940814.058530,5.653183,1.139494,0.929765,-3.349849,-0.007377,0.003936,0.008149
1770940814.063494,5.658147,1.093709,0.967120,-3.377037,-0.006941,0.004071,0.008479
1770940814.068471,5.663124,1.133889,0.898731,-3.472895,-0.005722,0.004914,0.008984
1770940814.074299,5.668952,-0.462143,-0.205899,-0.031460,0.002240,-0.003069,-0.002677
1770940814.078461,5.673115,-0.446585,-0.274983,-0.089422,0.002615,-0.003449,-0.002206
1770940814.083412,5.678065,-0.475742,-0.188319,-0.028203,0.001929,-0.003181,-0.002555
1770940814.088361,5.683014,-0.463790,-0.177806,-0.013083,0.001589,-0.003341,-0.002343
1770940814.093361,5.688014,-0.465671,-0.263885,-0.078818,0.002246,-0.003290,-0.002292
1770940814.098339,5.692992,-0.424496,-0.119303,0.018997,0.001243,-0.002624,-0.002235
1770940814.103312,5.697965,-0.452756,-0.225185,-0.027645,0.002244,-0.003274,-0.002325
1770940814.108433,5.703087,-0.455037,-0.168146,-0.030022,0.001795,-0.002745,-0.002708
1770940814.113922,5.708575,-0.436612,-0.226451,-0.069645,0.002315,-0.002864,-0.002437
1770940814.118249,5.712903,-0.436766,-0.248078,-0.056508,0.002453,-0.002662,-0.002166
1770940814.123200,5.717853,-0.496899,-0.155419,-0.039832,0.001520,-0.002788,-0.002870
1770940814.128199,5.722852,0.698057,-0.249577,0.107993,0.004817,0.000538,0.010827
1770940814.133170,5.727823,0.643776,-0.348988,0.090198,0.005534,-0.000405,0.009626
1770940814.138159,5.732812,0.680516,-0.160071,0.111772,0.004195,0.000852,0.010488
1770940814.143173,5.737826,0.681655,-0.262856,0.063009,0.004893,0.000533,0.010636
1770940814.148111,5.742764,0.708196,-0.323612,0.004865,0.005506,0.000023,0.010094
1770940814.153078,5.747731,0.693300,-0.248320,0.017511,0.005178,0.000336,0.009824
1770940814.158069,5.752722,0.668684,-0.338959,-0.040060,0.005801,0.000230,0.009149
1770940814.163051,5.757704,0.725885,-0.293641,-0.068101,0.005154,0.000311,0.009604
1770940814.168018,5.762671,0.703235,-0.258508,-0.096016,0.005171,0.000251,0.009102
1770940814.174351,5.769005,0.746492,-0.317361,-0.164720,0.005838,-0.000035,0.009151
1770940814.178059,5.772712,0.731585,-0.308088,-0.231079,0.005581,-0.000195,0.008892
1770940814.182961,5.777615,0.765801,-0.248745,-0.283155,0.005306,0.000778,0.008852
1770940814.187932,5.782586,0.677744,0.319429,0.119614,-0.001493,-0.004663,0.009534
1770940814.192912,5.787565,0.696600,0.378915,0.116683,-0.002242,-0.004541,0.008654
1770940814.197882,5.792535,0.725197,0.290369,-0.019066,-0.001178,-0.004805,0.008428
1770940814.202858,5.797511,0.741794,0.358035,0.011711,-0.001824,-0.004542,0.007989
1770940814.207892,5.802545,-0.104291,-3.173610,-1.422438,0.032192,-0.024394,0.000043
1770940814.212831,5.807484,0.780292,0.326879,-0.147498,-0.000857,-0.004548,0.008034
1770940814.217928,5.812582,0.800201,0.257223,-0.218914,0.000155,-0.004662,0.007537
1770940814.222780,5.817433,-0.028691,-3.212693,-1.597447,0.032367,-0.024040,-0.001338
1770940814.227749,5.822402,0.022981,-3.138632,-1.658785,0.031825,-0.023263,-0.001530
1770940814.232729,5.827382,0.030874,-3.188282,-1.822643,0.031961,-0.023294,-0.002425
1770940814.237700,5.832354,0.009367,-3.407267,-2.033987,0.033809,-0.023897,-0.002652
1770940814.242706,5.837359,0.028876,-3.416048,-2.104253,0.033879,-0.023630,-0.003525
1770940814.247651,5.842304,0.101181,-3.491237,-2.326770,0.034504,-0.023248,-0.003366
1770940814.252633,5.847286,0.135305,-3.528552,-2.480206,0.034458,-0.022738,-0.003987
1770940814.257626,5.852279,0.160030,-3.571082,-2.591660,0.034978,-0.022295,-0.004983
1770940814.262597,5.857250,0.321353,-1.654973,-1.457761,0.013606,-0.017383,-0.009360
1770940814.267579,5.862232,0.276666,-1.871786,-1.684555,0.015664,-0.017735,-0.010180
1770940814.272660,5.867313,0.167341,-1.099306,-1.525847,0.005597,-0.020981,-0.012195
1770940814.277519,5.872172,-0.405666,-1.220159,-1.740981,0.007917,-0.026837,-0.008731
1770940814.282502,5.877155,0.659491,-1.181471,-2.209944,0.008935,-0.023454,0.000686
1770940814.287516,5.882169,0.666753,-1.409950,-2.522430,0.010676,-0.023538,-0.000616
1770940814.292516,5.887170,1.116974,-0.679055,-3.025795,-0.005334,-0.019323,-0.000726
1770940814.297430,5.892083,1.080064,-1.152808,-3.638029,-0.001129,-0.021090,-0.001432
1770940814.302450,5.897103,1.186009,-0.809153,-3.447154,-0.004122,-0.018538,-0.003100
1770940814.307647,5.902300,1.193398,-1.166595,-4.075853,-0.001326,-0.020376,-0.003271
1770940814.312535,5.907188,1.218702,-1.485811,-4.421903,0.002209,-0.019939,-0.003834
1770940814.317450,5.912103,1.310035,-1.386524,-4.606470,0.001030,-0.019207,-0.005023
1770940814.322362,5.917015,0.526603,-0.685160,-4.562106,-0.004378,-0.034415,-0.003599
1770940814.327307,5.921960,0.623231,-0.663179,-4.974220,-0.003045,-0.032306,-0.004458
1770940814.332260,5.926913,0.624736,-0.840814,-5.302583,-0.001346,-0.032368,-0.006368
1770940814.337264,5.931917,1.859485,-1.022787,-5.930985,0.000568,-0.027064,0.005757
1770940814.342652,5.937305,2.038438,-0.979643,-6.389843,0.000905,-0.026227,0.004184
1770940814.347209,5.941862,2.083289,-0.807670,-6.784554,0.005113,-0.028307,0.004413
1770940814.352180,5.946834,0.863614,-1.118732,-7.289277,0.001686,-0.024000,0.000363
1770940814.357143,5.951797,0.191130,-1.205978,-7.751859,0.004940,-0.031564,0.003068
1770940814.362147,5.956800,0.182358,1.501272,-9.071371,0.004132,-0.020356,0.014427
1770940814.367121,5.961774,0.103498,3.034715,-9.097437,-0.000862,-0.023494,0.006615
1770940814.372156,5.966810,0.173071,3.052075,-9.262501,-0.000709,-0.022966,0.005664
1770940814.377165,5.971818,0.205946,-0.681701,-9.971836,0.008415,-0.039082,-0.009490
1770940814.382105,5.976758,0.270609,-1.859282,-9.969650,0.019338,-0.027741,-0.008674
1770940814.387023,5.981676,0.296528,-1.100291,-10.038702,0.012379,-0.037595,-0.007240
1770940814.392003,5.986656,0.773515,-1.397829,-10.666565,0.014952,-0.044880,0.007508
1770940814.396987,5.991641,0.598952,0.108017,-10.906630,0.009358,-0.049741,0.006232
1770940814.401957,5.996610,0.804244,-0.201489,-11.415398,0.010245,-0.047792,0.003717
1770940814.406960,6.001614,0.844438,-0.304568,-12.051608,0.013183,-0.046115,0.002689
1770940814.411924,6.006577,0.846419,-0.593534,-12.709605,0.016757,-0.045617,0.000252
1770940814.416883,6.011536,0.189636,-0.570729,-13.271619,0.019369,-0.051355,0.002374
1770940814.421869,6.016522,0.229257,-0.790480,-13.675928,0.021972,-0.050042,0.000230
1770940814.426846,6.021499,0.255910,0.133002,-13.578034,0.013521,-0.059966,0.001564
1770940814.431830,6.026483,1.143202,1.058565,-13.855621,0.009352,-0.064166,0.014330
1770940814.436800,6.031453,-0.101542,1.285375,-14.340826,-0.001002,-0.058327,0.010435
1770940814.442274,6.036927,-0.215611,2.823747,-14.645261,-0.005145,-0.058026,0.002767
1770940814.446747,6.041400,0.279010,2.420671,-15.585418,-0.014271,-0.048073,0.002771
1770940814.451736,6.046389,0.306300,2.348362,-15.944715,-0.012355,-0.047665,0.001395
1770940814.456711,6.051364,-0.368654,2.396791,-16.158356,-0.010366,-0.054389,0.002895
1770940814.461687,6.056340,-0.267338,2.316057,-16.571920,-0.010301,-0.053671,0.001370
1770940814.466672,6.061326,-0.250376,2.285345,-17.048737,-0.007458,-0.052045,0.000249
1770940814.471643,6.066296,-0.725510,3.642108,-16.659927,-0.020646,-0.068750,0.003162
1770940814.476664,6.071317,-0.646065,3.626410,-17.057030,-0.018224,-0.067572,0.002260
1770940814.481798,6.076451,0.463688,-0.065824,-17.421745,-0.003861,-0.074643,0.002993
1770940814.486579,6.081232,0.452535,-0.110499,-17.876835,-0.001289,-0.073741,0.002327
1770940814.491555,6.086208,0.458884,-0.286140,-18.663231,0.012709,-0.065383,0.002158
1770940814.496529,6.091182,0.483012,-0.365748,-18.990311,0.013727,-0.064958,0.001166
1770940814.501501,6.096154,0.547878,-0.565999,-19.330902,0.016276,-0.063894,0.001046
1770940814.506528,6.101181,0.582345,-0.486667,-19.675900,0.017198,-0.062868,0.000529
1770940814.511436,6.106089,0.615593,-0.541110,-19.975109,0.018073,-0.063017,0.000125
1770940814.516503,6.111156,-0.031240,-0.671300,-20.073809,0.018973,-0.069789,0.002471
1770940814.521418,6.116071,-0.142016,0.395209,-19.913996,0.011952,-0.074789,0.001559
1770940814.526391,6.121044,-0.094173,0.445570,-20.210625,0.012545,-0.074363,0.000698
1770940814.531367,6.126020,-1.209773,0.484419,-20.554537,0.002103,-0.067023,-0.003753
1770940814.536343,6.130996,-1.269099,0.466598,-20.869896,0.003632,-0.065999,-0.004887
1770940814.542202,6.136856,-1.236327,0.727352,-21.021959,0.002632,-0.065256,-0.005115
1770940814.546326,6.140979,-0.253319,1.115585,-21.400578,-0.002069,-0.071656,-0.013244
1770940814.551306,6.145959,-0.258703,1.251033,-21.813526,-0.000551,-0.070067,-0.013883
1770940814.556234,6.150887,-0.227016,1.340453,-22.100582,-0.000039,-0.068657,-0.013977
1770940814.561231,6.155884,-0.131249,1.253097,-22.357775,0.000843,-0.068043,-0.014317
1770940814.566211,6.160864,-0.127662,1.254192,-22.583061,0.002143,-0.067742,-0.014601
1770940814.571184,6.165837,-0.125264,1.227107,-22.871674,0.003008,-0.066590,-0.014935
1770940814.576183,6.170836,-0.114748,1.327844,-23.026051,0.002953,-0.066287,-0.014775
1770940814.581319,6.175972,-0.612338,-0.664205,-23.032257,0.006763,-0.076988,-0.030516
1770940814.586132,6.180785,-0.560235,-0.602453,-23.279490,0.007026,-0.076602,-0.030425
1770940814.591098,6.185751,0.972972,-0.792008,-24.035719,-0.003809,-0.067250,-0.017824
1770940814.596080,6.190733,0.360770,-0.815482,-23.921993,-0.002863,-0.073281,-0.015851
1770940814.601052,6.195705,0.307069,-0.057566,-23.766188,-0.008871,-0.079330,-0.015670
1770940814.606124,6.200777,0.560894,1.150610,-24.738546,-0.000332,-0.065014,-0.006376
1770940814.611017,6.205670,0.595101,1.233644,-25.085268,0.000070,-0.064103,-0.006583
1770940814.615995,6.210648,0.684411,1.227105,-25.284887,-0.000097,-0.063703,-0.006931
1770940814.620978,6.215631,0.655397,0.990453,-25.464941,0.002046,-0.063353,-0.007162
1770940814.625951,6.220604,0.748277,1.001543,-25.758917,0.002599,-0.062410,-0.007528
1770940814.630914,6.225568,0.761714,0.830765,-25.850933,0.003062,-0.062841,-0.007762
1770940814.635898,6.230551,0.860647,0.953422,-26.017447,0.002567,-0.062645,-0.008167
1770940814.642420,6.237073,0.873389,0.911582,-26.287594,0.003677,-0.061462,-0.009032
1770940814.645872,6.240525,0.901877,1.030280,-26.512699,0.003752,-0.060875,-0.009032
1770940814.650842,6.245495,0.902539,0.887913,-26.684868,0.003567,-0.061274,-0.010446
1770940814.655826,6.250479,0.889238,1.516767,-26.175440,-0.002543,-0.071917,-0.007049
1770940814.660787,6.255440,0.910425,0.784209,-26.918068,0.006170,-0.060387,-0.011068
1770940814.665774,6.260427,0.906499,1.366194,-26.392815,-0.001252,-0.072161,-0.007981
1770940814.671012,6.265665,0.931387,1.440512,-26.561237,-0.001510,-0.071476,-0.008696
1770940814.675805,6.270458,0.922799,1.387097,-26.720104,-0.000184,-0.070745,-0.009293
1770940814.680691,6.275344,0.915065,1.361734,-26.456623,-0.000390,-0.070939,-0.008681
1770940814.685712,6.280365,-1.037204,1.280096,-30.113413,0.004266,-0.074405,-0.028702
1770940814.690714,6.285367,0.831902,1.309613,-31.305513,0.001546,-0.071870,-0.024835
1770940814.695630,6.290283,0.845723,1.138748,-31.493351,0.001353,-0.071889,-0.025896
1770940814.700605,6.295258,-0.345898,2.035091,-28.365349,-0.009339,-0.063855,-0.020620
1770940814.706577,6.301230,1.022809,1.449491,-27.267286,0.001421,-0.069597,-0.010736
1770940814.710589,6.305242,-0.165957,1.450632,-27.422014,-0.009314,-0.060111,-0.015213
1770940814.715554,6.310208,-0.140453,1.470575,-27.512964,-0.008604,-0.060213,-0.015288
1770940814.720535,6.315188,-0.117547,1.464854,-27.593706,-0.008414,-0.060845,-0.015698
1770940814.725493,6.320146,-0.162138,1.079852,-28.236006,0.005592,-0.052042,-0.017490
1770940814.730464,6.325117,-0.101738,1.240802,-28.455486,0.006820,-0.051059,-0.016655
1770940814.735443,6.330096,-0.821540,1.245492,-28.247034,0.007764,-0.060129,-0.014855
1770940814.742306,6.336959,-0.105969,1.198853,-28.582397,0.007366,-0.051211,-0.017504
1770940814.745417,6.340070,-0.784178,1.272250,-28.411983,0.009123,-0.059258,-0.014793
1770940814.750475,6.345128,0.308857,1.242709,-28.487732,0.011328,-0.059235,-0.004179
1770940814.755368,6.350021,0.095185,2.009967,-28.207193,0.007356,-0.066249,-0.002979
1770940814.760340,6.354994,0.080223,1.972815,-28.394011,0.007445,-0.065607,-0.003677
1770940814.765322,6.359976,0.065835,2.081570,-28.494389,0.007384,-0.065222,-0.003678
1770940814.770295,6.364948,0.068805,2.070799,-28.629103,0.008415,-0.064920,-0.004162
1770940814.775301,6.369955,0.100628,2.050365,-28.735470,0.008293,-0.064148,-0.004482
1770940814.780235,6.374888,0.030786,2.051304,-28.835865,0.008646,-0.063594,-0.005093
1770940814.785209,6.379862,0.013567,2.170107,-28.867844,0.007890,-0.063269,-0.005053
1770940814.790204,6.384857,-0.028167,1.989571,-29.037079,0.008639,-0.062719,-0.005740
1770940814.795175,6.389828,-0.047880,2.163881,-29.064436,0.008524,-0.062471,-0.005892
1770940814.800149,6.394802,1.094183,2.245492,-29.284527,0.019500,-0.070060,-0.002442
1770940814.806376,6.401029,1.061740,2.060815,-29.401876,0.020132,-0.069781,-0.002920
1770940814.810097,6.404750,1.036695,2.248220,-29.413593,0.019690,-0.069875,-0.002542
1770940814.815096,6.409749,1.018319,2.156172,-29.460951,0.019165,-0.070335,-0.003802
1770940814.820069,6.414722,1.001518,2.198332,-29.649107,0.019538,-0.069846,-0.004023
1770940814.825047,6.419700,1.046110,2.097143,-29.612383,0.019742,-0.070047,-0.003787
1770940814.830018,6.424671,-0.063300,2.065295,-29.787674,0.009688,-0.060235,-0.008132
1770940814.834989,6.429642,-0.022080,2.188324,-29.955345,0.010103,-0.060436,-0.008411
1770940814.839981,6.434634,-0.043689,1.957135,-29.848160,0.010337,-0.060943,-0.008630
1770940814.844975,6.439628,-0.044504,2.037335,-30.130526,0.011341,-0.059489,-0.009123
1770940814.850147,6.444800,-0.061889,2.020407,-30.243553,0.010825,-0.059442,-0.009655
1770940814.854902,6.449555,-0.071019,1.960475,-30.264132,0.011306,-0.059305,-0.010152
1770940814.859878,6.454531,-0.070659,2.082319,-30.282816,0.010491,-0.059596,-0.010674
1770940814.864863,6.459516,-0.148914,2.598884,-29.767982,0.004837,-0.070295,-0.007635
1770940814.869838,6.464491,-0.208819,2.596539,-29.746887,0.004094,-0.071609,-0.008555
1770940814.874831,6.469484,-0.437226,-0.494824,-29.311964,0.012912,-0.076397,-0.015546
1770940814.879783,6.474437,-0.422093,-0.515646,-29.375307,0.012848,-0.075787,-0.015868
1770940814.884755,6.479409,-0.407858,-0.597806,-29.561750,0.013136,-0.075363,-0.016726
1770940814.889760,6.484413,-0.140657,2.453465,-30.192066,0.006352,-0.069255,-0.009427
1770940814.894719,6.489372,-0.177373,2.351173,-30.298164,0.006810,-0.068503,-0.010225
1770940814.899688,6.494341,-0.418847,-0.689102,-29.647860,0.013870,-0.074472,-0.017189
1770940814.904820,6.499473,0.588745,-0.751259,-29.438320,0.016744,-0.075808,-0.007049
1770940814.909649,6.504302,0.578023,-0.692013,-29.697365,0.017211,-0.074958,-0.007389
1770940814.914968,6.509621,1.552024,-0.693395,-29.721302,0.029600,-0.083913,-0.003912
1770940814.919645,6.514298,0.570661,-0.752674,-29.807823,0.018324,-0.074650,-0.007873
1770940814.924581,6.519234,0.565758,-0.748100,-29.901733,0.018939,-0.073935,-0.007946
1770940814.929563,6.524216,1.526932,-0.780378,-29.864527,0.029841,-0.083488,-0.004675
1770940814.934530,6.529183,1.527724,-0.821349,-29.880386,0.030084,-0.083722,-0.004829
1770940814.939511,6.534164,1.559892,-0.849231,-29.913528,0.030037,-0.083517,-0.005026
1770940814.944645,6.539298,0.570480,-0.837536,-30.013170,0.018395,-0.074763,-0.009365
1770940814.949802,6.544456,0.631336,-1.003052,-30.075748,0.019950,-0.074112,-0.009087
1770940814.954506,6.549159,0.588484,-0.944255,-30.067104,0.019454,-0.074153,-0.009813
1770940814.959437,6.554090,0.657879,-0.891113,-30.200188,0.019910,-0.073570,-0.009567
1770940814.964431,6.559084,0.660860,-0.848643,-30.333061,0.020307,-0.073230,-0.009769
1770940814.969366,6.564019,0.645933,-0.993736,-30.204763,0.020410,-0.073697,-0.010119
1770940814.974464,6.569117,0.671550,-0.900896,-30.242500,0.020055,-0.074042,-0.010227
1770940814.979488,6.574141,0.703171,-0.978787,-30.412622,0.021494,-0.073161,-0.009992
1770940814.984305,6.578959,0.704982,-0.982256,-30.258167,0.020117,-0.073484,-0.010076
1770940814.989289,6.583942,1.879753,1.806575,-32.149452,0.009539,-0.064587,-0.010193
1770940814.994266,6.588919,0.130954,-1.170467,-30.397219,0.021511,-0.081271,-0.008812
1770940814.999251,6.593904,0.666135,-1.103457,-30.372440,0.021286,-0.073469,-0.011098
1770940815.004278,6.598931,0.733854,-1.090350,-30.508253,0.021406,-0.073035,-0.010901
1770940815.009230,6.603883,0.696992,-1.049825,-30.530699,0.021326,-0.072639,-0.010330
1770940815.014181,6.608834,0.679260,-1.152711,-30.560778,0.022140,-0.072399,-0.010881
1770940815.019143,6.613796,0.015460,-1.178514,-30.412474,0.021916,-0.080873,-0.009060
1770940815.024123,6.618776,0.018013,-1.115107,-30.470619,0.021335,-0.081073,-0.009143
1770940815.029104,6.623757,0.039037,-0.991616,-30.599976,0.021470,-0.080787,-0.009033
1770940815.034069,6.628722,-0.029236,-1.061845,-30.635557,0.021659,-0.080449,-0.009793
1770940815.039565,6.634218,-0.003865,-1.082834,-30.748123,0.022728,-0.079684,-0.009701
1770940815.044053,6.638706,0.054641,-0.978096,-30.747259,0.021319,-0.079656,-0.008971
1770940815.049010,6.643663,0.034060,-0.988939,-30.815666,0.021683,-0.079424,-0.009221
1770940815.053993,6.648647,0.020490,-1.057065,-30.907175,0.022498,-0.078989,-0.009284
1770940815.058965,6.653619,0.029027,-0.951707,-30.963497,0.021545,-0.079069,-0.010424
1770940815.063946,6.658599,0.023400,-1.031878,-31.061443,0.023136,-0.078197,-0.009757
1770940815.068919,6.663572,0.027874,-0.980417,-30.988428,0.022179,-0.078587,-0.009660
1770940815.074059,6.668712,0.039816,-0.954302,-31.070663,0.022483,-0.078851,-0.010021
1770940815.078972,6.673625,0.005275,-1.034448,-31.096935,0.022654,-0.078802,-0.010243
1770940815.083929,6.678582,0.018907,-0.998399,-31.060848,0.021604,-0.079019,-0.010746
1770940815.088839,6.683492,0.060393,-0.932599,-31.239811,0.022127,-0.078541,-0.009814
1770940815.093810,6.688463,0.033880,-0.936053,-31.261669,0.021969,-0.078350,-0.010616
1770940815.098785,6.693438,0.029013,-0.947121,-31.260002,0.022230,-0.078396,-0.010153
1770940815.103759,6.698412,0.036374,-0.959033,-31.446781,0.022662,-0.077282,-0.010995
1770940815.108804,6.703458,0.011652,-1.009897,-31.331905,0.022312,-0.078348,-0.011096
1770940815.114183,6.708836,0.006112,-1.041563,-31.419121,0.023333,-0.077831,-0.010525
1770940815.118724,6.713377,0.068907,-1.063404,-31.392389,0.023514,-0.078139,-0.010467
1770940815.123651,6.718304,0.028284,-1.054459,-31.442478,0.023241,-0.077558,-0.011143
1770940815.128643,6.723296,0.071116,-0.936638,-31.628036,0.023882,-0.077060,-0.011275
1770940815.133626,6.728280,0.049596,-0.946994,-31.536470,0.023376,-0.077282,-0.011043
1770940815.138645,6.733298,0.030764,-0.880723,-31.642433,0.023074,-0.076781,-0.011290
1770940815.143586,6.738239,0.032100,-0.956919,-31.650030,0.022979,-0.076597,-0.011935
1770940815.148560,6.743213,0.026423,-1.027144,-31.752851,0.024279,-0.076615,-0.012022
1770940815.153529,6.748183,0.052938,-0.894799,-31.770683,0.023354,-0.076058,-0.011221
1770940815.158515,6.753168,0.042831,-0.971981,-31.783260,0.024137,-0.075654,-0.011340
1770940815.163494,6.758147,-0.113946,-0.113107,-31.642302,0.017258,-0.083197,-0.010904
1770940815.168461,6.763114,-0.107925,-0.060939,-31.686716,0.017219,-0.082472,-0.011321
1770940815.173471,6.768125,0.042528,-0.751959,-31.963736,0.023135,-0.075643,-0.012251
1770940815.178532,6.773185,-0.113041,0.095220,-31.722435,0.016491,-0.082269,-0.011517
1770940815.183440,6.778093,-0.103334,0.049288,-31.836020,0.017415,-0.081778,-0.011442
1770940815.188424,6.783077,-0.143694,0.040574,-31.790466,0.017669,-0.081813,-0.011213
1770940815.193360,6.788013,-0.141941,0.010012,-31.724913,0.017383,-0.082352,-0.010944
1770940815.198357,6.793010,-0.183388,-0.172786,-31.698116,0.017938,-0.081857,-0.011480
1770940815.203308,6.797961,-0.174016,0.089585,-31.868248,0.017066,-0.081466,-0.012132
1770940815.208321,6.802974,-0.000953,-0.775967,-32.100151,0.023549,-0.074825,-0.012097
1770940815.213531,6.808184,-0.186618,-0.014428,-31.824476,0.017969,-0.081066,-0.011300
1770940815.218325,6.812978,-0.212358,-0.065586,-31.738224,0.016999,-0.082064,-0.011316
1770940815.223200,6.817853,-0.148807,0.050100,-31.813639,0.017326,-0.080986,-0.010818
1770940815.228202,6.822855,-0.189982,0.145660,-31.863153,0.016793,-0.080871,-0.010963
1770940815.233165,6.827818,-0.248710,0.098507,-31.812378,0.016385,-0.081045,-0.011200
1770940815.238300,6.832953,-0.223726,0.120103,-31.778233,0.015875,-0.081553,-0.011205
1770940815.243531,6.838185,-0.193499,-0.045465,-31.893616,0.016794,-0.081314,-0.011180
1770940815.248126,6.842779,-0.226373,0.145261,-31.873051,0.015865,-0.081425,-0.011679
1770940815.253078,6.847731,-0.253688,0.158652,-31.893400,0.015818,-0.081050,-0.011863
1770940815.258123,6.852776,-0.240247,0.264957,-31.981064,0.015667,-0.080523,-0.011814
1770940815.263037,6.857690,0.834684,0.162859,-31.912680,0.027963,-0.089225,-0.008146
1770940815.268015,6.862668,0.830911,0.203728,-32.020226,0.028363,-0.088807,-0.007515
1770940815.272993,6.867646,0.797354,0.081881,-32.077286,0.028732,-0.088552,-0.008210
1770940815.277981,6.872634,-0.283418,0.266874,-32.170151,0.016679,-0.080254,-0.012324
1770940815.282996,6.877649,0.802357,0.296902,-32.242931,0.028372,-0.088541,-0.007780
1770940815.288024,6.882678,0.806921,0.221789,-32.315979,0.028943,-0.087513,-0.008122
1770940815.292918,6.887571,0.803535,0.269824,-32.029381,0.027515,-0.088424,-0.008415
1770940815.297872,6.892525,1.674514,-0.874295,-35.062981,0.032527,-0.067581,-0.012310
1770940815.302885,6.897538,2.002074,0.701022,-37.975235,0.022220,-0.063237,-0.014640
1770940815.307874,6.902527,1.988799,1.103723,-38.145283,0.019948,-0.064302,-0.015815
1770940815.312854,6.907507,1.923501,0.644916,-37.906853,0.021821,-0.063436,-0.015626
1770940815.317791,6.912444,1.965344,0.935201,-38.163177,0.019731,-0.064089,-0.016285
1770940815.322771,6.917424,1.940617,2.534412,-38.587345,0.013920,-0.065212,-0.020214
1770940815.327761,6.922415,-0.129645,0.423354,-32.992207,0.023415,-0.086483,-0.007472
1770940815.332719,6.927372,0.759105,0.397589,-32.472969,0.028337,-0.086979,-0.008167
1770940815.337969,6.932622,0.787813,0.499201,-32.603157,0.027504,-0.087013,-0.008832
1770940815.342712,6.937365,0.763395,0.595133,-32.702003,0.028666,-0.086605,-0.008836
1770940815.347661,6.942314,0.737949,0.513499,-32.670296,0.028109,-0.086979,-0.008805
1770940815.352634,6.947288,0.754994,0.457787,-32.692207,0.028233,-0.087177,-0.008810
1770940815.357622,6.952276,0.771347,0.549690,-32.757896,0.028199,-0.086659,-0.008755
1770940815.362594,6.957247,0.764360,0.609701,-32.772938,0.028142,-0.086399,-0.009000
1770940815.367578,6.962231,0.760128,0.442709,-32.766357,0.029074,-0.085782,-0.008963
1770940815.374365,6.969018,0.757854,0.539530,-32.670525,0.028017,-0.086952,-0.009002
1770940815.377660,6.972313,0.772609,0.647779,-32.735672,0.028261,-0.086031,-0.008675
1770940815.382569,6.977222,-0.349821,0.536171,-32.756744,0.016902,-0.078389,-0.013145
1770940815.387486,6.982139,0.781524,0.609048,-32.765759,0.027472,-0.087177,-0.009416
1770940815.392481,6.987134,0.781567,0.579280,-32.741539,0.028448,-0.086581,-0.008234
1770940815.397439,6.992092,-0.339952,0.471644,-32.785221,0.016884,-0.078406,-0.013218
1770940815.402414,6.997067,0.764850,0.475454,-32.761948,0.028617,-0.087115,-0.009001
1770940815.407430,7.002084,0.802909,0.522308,-32.846542,0.028595,-0.086518,-0.009045
1770940815.412347,7.007000,0.756956,0.556271,-32.834084,0.028848,-0.086101,-0.008850
1770940815.417358,7.012011,0.776209,0.567928,-32.922035,0.028430,-0.086152,-0.009417
1770940815.422617,7.017271,0.718451,0.508559,-32.891991,0.029210,-0.085909,-0.009527
1770940815.427292,7.021945,0.741003,0.508689,-32.804462,0.028352,-0.086889,-0.009581
1770940815.432287,7.026941,0.790362,0.609892,-32.947186,0.028736,-0.085261,-0.009373
1770940815.438494,7.033147,-0.340838,0.610309,-32.924511,0.016806,-0.077844,-0.013451
1770940815.442246,7.036900,0.760911,0.487304,-32.942802,0.029049,-0.086221,-0.009806
1770940815.447287,7.041940,0.743274,0.573609,-32.920113,0.029647,-0.086211,-0.009489
1770940815.452203,7.046856,0.763594,0.731017,-33.095943,0.029208,-0.085428,-0.009574
1770940815.457144,7.051797,0.759422,0.592727,-33.099453,0.029355,-0.085238,-0.009899
1770940815.462156,7.056809,0.612330,1.264068,-32.383274,0.021968,-0.096326,-0.007552
1770940815.467130,7.061783,0.756893,0.516254,-33.002541,0.030071,-0.085491,-0.009568
1770940815.472090,7.066743,0.613347,1.161870,-32.424313,0.022968,-0.096462,-0.007663
1770940815.477092,7.071745,0.639334,1.189727,-32.508545,0.022712,-0.095608,-0.007747
1770940815.482101,7.076754,0.597882,1.172546,-32.465843,0.022600,-0.096296,-0.008006
1770940815.487046,7.081699,0.651198,1.119328,-32.484787,0.022859,-0.095576,-0.007517
1770940815.492016,7.086669,0.616060,1.132469,-32.432381,0.022809,-0.096184,-0.007767
1770940815.496986,7.091639,0.635165,1.087102,-32.470039,0.022557,-0.096032,-0.007797
1770940815.501962,7.096616,0.636507,0.999824,-32.374962,0.022138,-0.096340,-0.008069
1770940815.506963,7.101616,0.598106,1.052990,-32.379597,0.022058,-0.096834,-0.008216
1770940815.511894,7.106548,0.606678,1.164707,-32.511559,0.022117,-0.095935,-0.008128
1770940815.516871,7.111524,0.578463,1.059898,-32.528816,0.022591,-0.096310,-0.008668
1770940815.521878,7.116531,0.623072,1.104370,-32.430458,0.021985,-0.096066,-0.007864
1770940815.526872,7.121526,0.589544,1.069654,-32.452980,0.022384,-0.096029,-0.008322
1770940815.531837,7.126490,0.577983,1.111819,-32.519974,0.022676,-0.095524,-0.008566
1770940815.538384,7.133037,0.537733,1.074059,-32.419559,0.022615,-0.095872,-0.008216
1770940815.541790,7.136444,0.551146,1.149943,-32.527351,0.022428,-0.095447,-0.008571
1770940815.546772,7.141425,0.541963,1.115450,-32.414032,0.022298,-0.095582,-0.008001
1770940815.551735,7.146388,0.500030,1.164707,-32.477200,0.022515,-0.095288,-0.008347
1770940815.556702,7.151355,0.530120,1.004039,-32.455250,0.022928,-0.095417,-0.008374
1770940815.561704,7.156358,0.495444,1.139467,-32.378189,0.021555,-0.095687,-0.008731
1770940815.566673,7.161326,0.494360,1.103231,-32.458721,0.022126,-0.095062,-0.008432
1770940815.571659,7.166312,0.490359,1.172394,-32.389656,0.021523,-0.095703,-0.008588
1770940815.576644,7.171297,0.484558,1.130763,-32.534401,0.022809,-0.095340,-0.008462
1770940815.581737,7.176390,0.561665,1.168486,-32.486568,0.022237,-0.095736,-0.008058
1770940815.586637,7.181291,0.508830,1.181382,-32.427883,0.023262,-0.095174,-0.008001
1770940815.591569,7.186222,0.519204,1.183692,-32.399078,0.022349,-0.095809,-0.008186
1770940815.596545,7.191198,1.567201,1.088702,-32.383152,0.025670,-0.096918,0.003056
1770940815.601509,7.196162,0.510712,1.066691,-32.339142,0.022651,-0.096088,-0.008389
1770940815.606538,7.201191,1.289768,-0.443292,-36.967400,0.016369,-0.076421,-0.023863
1770940815.611504,7.206157,1.693002,1.736806,-39.096363,0.018476,-0.065499,-0.017595
1770940815.616636,7.211289,1.699815,1.730928,-38.749271,0.017577,-0.065551,-0.017680
1770940815.621423,7.216076,1.015745,0.434058,-35.497581,0.023809,-0.088632,-0.018487
1770940815.626470,7.221123,0.555325,1.303173,-32.701912,0.022523,-0.095028,-0.007965
1770940815.631378,7.226031,1.583680,1.260475,-33.520374,0.020133,-0.093223,-0.016851
1770940815.636356,7.231009,1.551541,1.297566,-33.462353,0.020686,-0.094007,-0.016710
1770940815.641337,7.235990,1.578019,1.307118,-33.488091,0.020427,-0.093054,-0.016351
1770940815.646616,7.241269,1.586563,1.336781,-33.511723,0.019695,-0.093354,-0.016967
1770940815.651298,7.245951,1.556321,1.269404,-33.450409,0.020261,-0.093418,-0.016608
1770940815.656239,7.250892,1.597988,0.597242,-33.990303,0.027523,-0.081900,-0.018311
1770940815.661241,7.255894,1.574754,1.310490,-33.405296,0.020325,-0.093671,-0.016488
1770940815.666222,7.260875,1.579105,1.289776,-33.447685,0.020236,-0.092956,-0.016439
1770940815.671198,7.265851,1.581768,1.192713,-33.347378,0.020335,-0.093273,-0.016396
1770940815.676174,7.270827,1.588958,1.245476,-33.403168,0.019965,-0.093257,-0.016790
1770940815.681152,7.275805,1.530962,1.045133,-33.367153,0.021062,-0.092743,-0.016818
1770940815.686127,7.280780,1.546307,1.084902,-33.332802,0.020954,-0.093255,-0.016646
1770940815.691113,7.285767,1.560132,1.172581,-33.269062,0.020066,-0.093262,-0.016428
1770940815.696113,7.290766,1.552291,1.147211,-33.246841,0.020176,-0.093652,-0.016548
1770940815.701079,7.295732,1.526649,1.145919,-33.295685,0.020338,-0.092760,-0.016869
1770940815.706090,7.300744,0.523882,1.119807,-32.279366,0.021613,-0.095396,-0.007767
1770940815.711085,7.305738,1.535871,0.531406,-33.713066,0.027232,-0.082337,-0.018215
1770940815.716232,7.310885,0.552926,0.550617,-32.882988,0.028621,-0.084625,-0.010650
1770940815.720989,7.315642,1.524719,1.252958,-33.170876,0.019902,-0.093016,-0.016341
1770940815.725969,7.320622,1.529413,0.671183,-33.722252,0.027070,-0.081654,-0.017892
1770940815.730931,7.325584,1.497000,0.498830,-33.632172,0.027524,-0.082271,-0.018273
1770940815.735915,7.330568,1.519611,0.506337,-33.492546,0.027538,-0.082301,-0.017372
1770940815.740917,7.335570,1.523666,0.591632,-33.475891,0.026432,-0.082722,-0.017734
1770940815.746194,7.340847,1.458705,0.568815,-33.539566,0.026282,-0.081981,-0.018510
1770940815.750862,7.345515,1.408825,0.437465,-33.344387,0.026644,-0.082472,-0.018194
1770940815.755813,7.350466,1.393621,0.434943,-33.238701,0.027406,-0.082287,-0.017968
1770940815.760809,7.355463,1.418675,0.486987,-33.220520,0.026761,-0.082351,-0.017590
1770940815.765774,7.360427,1.416635,0.618010,-33.162895,0.025881,-0.082914,-0.017538
1770940815.770762,7.365415,1.423895,0.521807,-33.038673,0.025398,-0.082978,-0.017680
1770940815.775779,7.370432,1.944534,0.412459,-33.180641,0.024005,-0.076384,-0.018639
1770940815.780715,7.375368,1.961623,0.565602,-33.107052,0.023342,-0.076572,-0.018279
1770940815.785711,7.380364,1.965742,0.533312,-33.076370,0.023043,-0.076670,-0.018159
1770940815.790642,7.385295,1.959472,0.692238,-33.025723,0.022319,-0.075769,-0.017659
1770940815.795638,7.390291,1.934397,0.591672,-32.849136,0.022448,-0.076503,-0.017467
1770940815.800606,7.395259,1.931650,0.606207,-32.769852,0.021896,-0.076289,-0.017657
1770940815.805629,7.400282,1.859025,0.441798,-32.647171,0.021955,-0.076770,-0.018041
1770940815.810602,7.405255,1.902671,0.579531,-32.610889,0.021141,-0.076746,-0.017481
1770940815.815555,7.410208,1.851124,0.668535,-32.731487,0.020771,-0.075686,-0.018085
1770940815.820555,7.415208,1.871044,0.720640,-32.646324,0.020252,-0.076307,-0.017830
1770940815.825500,7.420154,1.796690,0.604224,-32.445824,0.020200,-0.076486,-0.017611
1770940815.830485,7.425138,1.771803,0.512382,-32.336788,0.020205,-0.075964,-0.017458
1770940815.835452,7.430105,1.772274,0.545504,-32.279060,0.019835,-0.075967,-0.017352
1770940815.840481,7.435134,1.721864,0.560956,-32.343307,0.020713,-0.076089,-0.017647
1770940815.845681,7.440334,1.645342,0.505403,-32.307392,0.019479,-0.076014,-0.018024
1770940815.850430,7.445084,1.685833,-0.421787,-32.437782,0.026643,-0.070558,-0.018386
1770940815.855370,7.450023,1.672830,-0.265239,-32.503189,0.026605,-0.069977,-0.018021
1770940815.860349,7.455002,1.627127,0.589700,-32.332729,0.019577,-0.074485,-0.018179
1770940815.865325,7.459978,1.629329,-0.228319,-32.367661,0.025705,-0.069328,-0.018248
1770940815.870298,7.464951,1.600404,-0.327824,-32.381981,0.026106,-0.069881,-0.018668
1770940815.875274,7.469927,1.580628,-0.272752,-32.420731,0.026109,-0.069680,-0.018713
1770940815.880353,7.475006,1.574463,0.718133,-32.187393,0.018287,-0.075048,-0.018516
1770940815.885228,7.479882,1.593374,-0.184944,-32.445274,0.025557,-0.069748,-0.018781
1770940815.890197,7.484850,1.574374,-0.354105,-32.340195,0.026624,-0.069765,-0.018486
1770940815.895192,7.489845,1.577606,-0.404309,-32.317535,0.027143,-0.069720,-0.018407
1770940815.900167,7.494820,1.646628,-0.113439,-32.227150,0.025466,-0.069979,-0.018009
1770940815.905145,7.499799,1.612603,-0.214564,-31.963039,0.025303,-0.070747,-0.017586
1770940815.910118,7.504771,1.587954,-0.331252,-31.777855,0.025143,-0.070881,-0.017760
1770940815.915168,7.509821,1.939361,1.023089,-35.700424,0.036203,-0.080124,-0.010616
1770940815.920074,7.514727,2.008323,1.246060,-35.764595,0.034963,-0.080297,-0.010329
1770940815.925026,7.519679,2.716601,1.300112,-37.015102,0.031976,-0.078951,-0.017712
1770940815.930027,7.524680,1.951589,1.027962,-35.740570,0.036462,-0.080113,-0.010060
1770940815.934999,7.529653,1.946805,1.139400,-35.621979,0.035921,-0.080673,-0.009856
1770940815.939980,7.534633,1.931274,1.209801,-35.745049,0.035193,-0.080248,-0.009933
1770940815.944959,7.539612,0.970737,1.305216,-35.024799,0.030735,-0.074634,-0.026883
1770940815.949944,7.544597,1.486982,-0.391481,-31.583635,0.025164,-0.071377,-0.017609
1770940815.954933,7.549586,1.507199,-0.326846,-31.488127,0.024375,-0.072139,-0.017356
1770940815.959898,7.554551,1.474072,-0.398001,-31.388374,0.024161,-0.071563,-0.017586
1770940815.964869,7.559522,1.483844,-0.231225,-31.452152,0.023498,-0.071881,-0.017904
1770940815.969846,7.564499,1.490684,-0.255490,-31.412130,0.023215,-0.071768,-0.017535
1770940815.974824,7.569477,1.472339,-0.469452,-31.296131,0.023951,-0.072175,-0.017820
1770940815.979816,7.574469,1.486211,-0.381617,-31.229267,0.023643,-0.072133,-0.017661
1770940815.984781,7.579434,1.447917,-0.469001,-31.165682,0.023942,-0.071971,-0.017617
1770940815.989766,7.584419,1.468186,-0.423880,-31.054571,0.023194,-0.072784,-0.017025
1770940815.994737,7.589391,1.446523,-0.500979,-30.953739,0.023641,-0.072437,-0.017135
1770940815.999711,7.594364,1.477065,-0.356917,-31.090084,0.022805,-0.072248,-0.017408
1770940816.004735,7.599388,1.520334,-0.336676,-31.020620,0.022820,-0.072562,-0.016877
1770940816.009669,7.604322,1.474807,-0.438647,-31.063829,0.023264,-0.072890,-0.017567
1770940816.014854,7.609507,1.942539,-0.323853,-31.928783,0.020131,-0.085799,-0.005113
1770940816.019612,7.614265,2.344482,3.759427,-35.790970,0.022205,-0.073525,-0.003128
1770940816.024595,7.619248,1.278056,3.848885,-35.663925,0.020843,-0.072435,-0.014135
1770940816.029567,7.624220,1.261658,3.995723,-35.636879,0.020461,-0.072645,-0.014712
1770940816.034556,7.629210,1.315568,3.891347,-35.609459,0.019959,-0.073020,-0.014112
1770940816.039617,7.634270,1.313985,3.982758,-35.414753,0.020441,-0.073315,-0.013555
1770940816.044571,7.639224,1.305769,3.941973,-35.465271,0.019642,-0.073332,-0.013801
1770940816.049484,7.644137,1.325466,3.804844,-35.139690,0.019244,-0.075555,-0.012917
1770940816.054516,7.649169,1.995923,4.020151,-35.327675,0.016549,-0.067306,-0.013815
1770940816.059476,7.654129,2.097792,3.053706,-35.234344,0.019524,-0.062826,-0.014790
1770940816.064448,7.659101,1.873457,2.107627,-33.716961,0.009996,-0.077394,-0.021454
1770940816.069410,7.664063,1.897414,2.106443,-33.385044,0.008339,-0.078415,-0.021085
1770940816.074411,7.669064,1.859315,1.971322,-33.083683,0.010071,-0.079055,-0.020444
1770940816.079475,7.674128,1.898515,2.191252,-32.594185,0.007154,-0.080516,-0.019196
1770940816.084346,7.678999,1.997037,2.175891,-32.374077,0.006687,-0.081246,-0.018052
1770940816.089310,7.683963,2.005859,2.105942,-31.805996,0.005289,-0.082558,-0.017182
1770940816.094291,7.688944,2.009518,1.821987,-31.112249,0.005509,-0.084619,-0.015810
1770940816.099262,7.693916,1.976446,1.191516,-31.166346,0.012342,-0.075545,-0.016448
1770940816.104268,7.698921,2.516300,2.532610,-30.862137,0.010577,-0.069423,-0.003509
1770940816.109223,7.703876,1.501954,1.895880,-30.660114,0.012522,-0.064460,-0.014285
1770940816.114260,7.708914,2.113231,2.270360,-29.780146,0.005144,-0.058732,-0.013012
1770940816.119201,7.713854,2.695832,0.359358,-26.217196,0.024199,-0.070023,-0.004973
1770940816.124134,7.718787,1.653555,1.711672,-22.185192,0.008463,-0.074961,-0.002486
1770940816.129140,7.723793,1.728083,0.929011,-21.463469,0.011348,-0.073238,0.000073
1770940816.134113,7.728766,0.925708,0.913260,-20.555912,0.013293,-0.056410,-0.009090
1770940816.139117,7.733770,0.767956,1.255576,-19.088654,0.008657,-0.060752,-0.005621
1770940816.144060,7.738713,1.657677,-1.590033,-18.197899,0.023677,-0.040080,0.000417
1770940816.149055,7.743708,0.459758,-1.099136,-17.186661,0.016596,-0.041656,-0.005738
1770940816.154019,7.748672,2.334687,-1.935523,-15.299641,0.027380,-0.039868,-0.002608
1770940816.159050,7.753704,2.276289,-2.284361,-14.727848,0.031211,-0.030119,-0.000172
1770940816.163981,7.758634,1.882543,-1.944996,-13.008246,0.013049,-0.034277,-0.012413
1770940816.168951,7.763604,0.554153,-5.147644,-11.765490,0.038929,-0.036343,0.006896
1770940816.173964,7.768617,0.772455,-0.027145,-12.041258,0.018323,-0.022424,0.020422
1770940816.178923,7.773576,0.651022,0.302605,-11.276310,0.014822,-0.023457,0.023897
1770940816.183886,7.778539,0.294332,0.489152,-10.235443,0.010093,-0.018640,0.010560
1770940816.188858,7.783511,0.414804,-0.573612,-9.719296,0.013918,-0.014639,0.011315
1770940816.193849,7.788502,0.275031,-0.569291,-8.818662,0.013543,-0.017213,0.014802
1770940816.198826,7.793479,0.195961,-0.725195,-8.202066,0.012923,-0.017427,0.016203
1770940816.203796,7.798450,-0.219144,-1.227717,-7.927176,0.015082,-0.002370,-0.001624
1770940816.208778,7.803432,-0.255688,-1.410406,-7.230547,0.013679,-0.004143,-0.000497
1770940816.213739,7.808392,1.024490,-1.358526,-6.298244,0.020838,-0.009186,0.004403
1770940816.218755,7.813408,0.982543,-1.451775,-6.310705,0.023480,-0.009140,0.000823
1770940816.223680,7.818333,2.251019,-0.023731,-9.515608,0.009983,-0.000077,0.003812
1770940816.228688,7.823341,2.187576,-0.070442,-9.097504,0.009315,-0.001632,0.004072
1770940816.233651,7.828304,0.712801,0.429188,-8.050406,0.004879,-0.000997,-0.011590
1770940816.238642,7.833295,1.894332,-0.420531,-3.973841,0.007637,0.002756,-0.001000
1770940816.243628,7.838281,0.585874,-2.513347,-4.081365,0.020187,-0.001941,-0.007044
1770940816.248584,7.843237,0.190535,-2.359293,-3.002155,0.027870,-0.008113,-0.005364
1770940816.253564,7.848217,0.005954,-1.622556,-2.006012,0.015474,-0.017810,-0.003411
1770940816.258523,7.853177,-0.129509,-1.736469,-1.741982,0.016602,-0.018828,-0.003412
1770940816.263517,7.858170,-0.170265,-1.498431,-1.393672,0.013422,-0.019257,-0.002079
1770940816.268495,7.863148,-0.197227,-1.412901,-1.178784,0.011941,-0.019475,-0.001458
1770940816.274241,7.868894,-0.254849,-2.854450,-1.509748,0.029389,-0.021121,-0.000430
1770940816.278580,7.873233,-0.269627,-2.626720,-1.282984,0.026447,-0.020885,0.000759
1770940816.283582,7.878236,-1.276865,-3.157129,-1.437038,0.027717,-0.020005,-0.011161
1770940816.288538,7.883191,-0.338101,-3.013682,-1.290450,0.029557,-0.023628,0.001082
1770940816.293387,7.888041,-1.335918,-4.069958,-1.915066,0.036827,-0.017091,-0.013260
1770940816.298380,7.893034,0.700801,-0.276889,-0.294787,0.004461,0.000944,0.009384
1770940816.303343,7.897996,0.815212,-0.273722,-0.318479,0.005131,0.000731,0.009528
1770940816.308407,7.903060,0.785575,-0.169061,-0.261431,0.004328,0.000786,0.009881
1770940816.313396,7.908049,0.737942,-0.281727,-0.262273,0.005171,-0.000330,0.009066
1770940816.318274,7.912927,-0.125461,-3.777167,-1.919173,0.037992,-0.019695,0.001090
1770940816.323397,7.918051,0.817641,-0.251489,-0.319848,0.005561,0.000985,0.010267
1770940816.328262,7.922915,0.776522,-0.249129,-0.293529,0.005091,0.000494,0.010032
1770940816.333566,7.928219,0.765249,-0.416177,-0.309760,0.006860,-0.000029,0.009613
1770940816.338665,7.933318,0.778883,-0.342615,-0.278980,0.005996,-0.000101,0.009578
1770940816.343255,7.937908,0.748342,-0.323681,-0.219534,0.005930,-0.000088,0.009389
1770940816.348149,7.942802,0.778343,-0.470202,-0.309159,0.006885,-0.000219,0.010857
1770940816.353183,7.947836,0.733254,-0.299533,-0.245577,0.005326,-0.000136,0.009581
1770940816.358401,7.953054,0.773674,-0.375494,-0.256761,0.006129,0.000103,0.010035
1770940816.363065,7.957718,0.792990,-0.302058,-0.237546,0.005635,0.000704,0.009869
1770940816.368044,7.962697,0.763651,-0.342016,-0.176756,0.006112,0.000268,0.009659
1770940816.373052,7.967705,0.773879,-0.233446,-0.147908,0.005285,0.000726,0.010469
1770940816.378073,7.972727,0.765443,-0.291298,-0.182598,0.005544,0.000306,0.010424
1770940816.383068,7.977721,0.743294,-0.285624,-0.181447,0.005369,0.000502,0.010665
1770940816.387958,7.982611,0.756111,-0.222035,-0.139738,0.004998,0.000432,0.010236
1770940816.392952,7.987605,0.731885,-0.250737,-0.098792,0.005087,0.000059,0.009561
1770940816.397919,7.992572,0.725213,-0.431599,-0.197532,0.006638,-0.000454,0.009658
1770940816.402891,7.997544,0.749403,-0.258097,-0.067739,0.005364,0.000724,0.010114
1770940816.407888,8.002542,0.755527,-0.290336,-0.149321,0.005674,0.000495,0.010196
1770940816.412846,8.007499,0.763012,-0.197187,-0.095593,0.004916,0.000363,0.010352
1770940816.417817,8.012470,0.755917,-0.275264,-0.099179,0.005075,-0.000188,0.009644
1770940816.422814,8.017467,0.781218,-0.375501,-0.102094,0.006459,0.000225,0.010457
1770940816.427783,8.022436,0.760719,-0.302855,-0.084328,0.005542,0.000202,0.010513
1770940816.432758,8.027411,0.711173,-0.291607,-0.083787,0.005703,0.000028,0.009964
1770940816.437790,8.032443,0.715271,-0.362204,-0.099742,0.006009,-0.000421,0.009621
1770940816.442768,8.037421,0.737907,-0.313775,-0.103224,0.005127,0.000104,0.010275
1770940816.447698,8.042351,0.765848,-0.278588,-0.127293,0.005236,0.000435,0.010545
1770940816.452681,8.047334,0.735692,-0.290009,-0.107042,0.005299,0.000271,0.010584
1770940816.457626,8.052279,0.716691,-0.308480,-0.077483,0.005197,-0.000157,0.010027
1770940816.462636,8.057289,0.750987,-0.305080,-0.159520,0.005478,0.000182,0.010368
1770940816.467601,8.062254,0.750627,-0.173925,-0.053630,0.004574,0.000683,0.010866
1770940816.472681,8.067334,0.716518,-0.259335,-0.051054,0.005137,0.000412,0.010143
1770940816.477647,8.072300,0.758784,-0.298752,-0.131744,0.005472,0.000080,0.010351
1770940816.482675,8.077328,0.713484,-0.364201,-0.086696,0.005620,-0.000609,0.010162
1770940816.487584,8.082237,0.753150,-0.217129,-0.055313,0.004752,0.000403,0.010607
1770940816.492479,8.087132,0.699798,-0.381182,-0.065096,0.005857,-0.000303,0.009950
1770940816.497477,8.092130,0.728042,-0.402301,-0.136508,0.006596,-0.000358,0.010591
1770940816.502446,8.097099,0.710541,-0.281823,-0.035725,0.005474,-0.000036,0.010242
1770940816.507441,8.102094,0.735509,-0.389303,-0.101336,0.006299,-0.000403,0.010569
1770940816.512518,8.107171,0.713948,-0.243508,-0.033157,0.005273,0.000128,0.009644
1770940816.517367,8.112020,0.732052,-0.291737,-0.093814,0.005383,-0.000186,0.009856
1770940816.522407,8.117060,-0.402921,-0.191685,-0.036952,0.002365,-0.002861,-0.002522
1770940816.527367,8.122020,-0.273475,0.584701,-0.476703,-0.014608,-0.005789,-0.006616
1770940816.532313,8.126966,0.717392,-0.354802,-0.036961,0.005915,-0.000294,0.010052
1770940816.537295,8.131948,0.733582,-0.390919,-0.123883,0.005677,-0.000385,0.010899
1770940816.542288,8.136941,0.730283,-0.177209,-0.004463,0.004076,0.000517,0.010570
1770940816.547271,8.141925,0.722574,-0.173752,-0.017196,0.004542,0.000489,0.010193
1770940816.552243,8.146896,0.710951,-0.306925,-0.075673,0.005254,-0.000404,0.010543
1770940816.557259,8.151912,0.717875,-0.264288,-0.022836,0.004868,-0.000094,0.010008
1770940816.562508,8.157161,0.697756,-0.317291,-0.034647,0.005420,-0.000532,0.010198
1770940816.567447,8.162100,0.763606,-0.256951,-0.027610,0.005204,0.000621,0.010725
1770940816.572456,8.167109,0.712966,-0.329588,-0.042349,0.005759,-0.000403,0.010348
1770940816.577167,8.171820,0.714265,-0.338173,-0.046214,0.005532,-0.000240,0.010545
1770940816.582202,8.176855,0.694070,-0.265169,-0.040417,0.004910,-0.000352,0.010270
1770940816.587070,8.181723,0.722734,-0.209303,-0.037920,0.004374,0.000162,0.010450
1770940816.592017,8.186670,0.703283,-0.275119,0.022299,0.005086,-0.000008,0.010620
1770940816.597017,8.191670,0.716729,-0.323021,-0.036569,0.005314,-0.000298,0.010608
1770940816.601997,8.196650,0.702568,-0.328812,-0.012813,0.005359,-0.000486,0.009849
1770940816.606985,8.201638,0.727726,-0.376159,-0.093059,0.006078,-0.000087,0.010472
1770940816.611954,8.206607,0.708479,-0.323335,-0.075783,0.005842,-0.000446,0.010734
1770940816.616934,8.211587,0.683785,-0.306940,-0.007728,0.005061,-0.000751,0.010062
1770940816.621909,8.216562,0.691223,-0.229823,0.076989,0.005135,0.000016,0.010126
1770940816.627024,8.221678,0.725076,-0.321703,-0.001587,0.005854,0.000180,0.010616
1770940816.631856,8.226509,0.757001,-0.168206,0.051877,0.004356,0.000374,0.010668
1770940816.636897,8.231550,0.717184,-0.278934,0.003767,0.005364,-0.000102,0.010086
1770940816.641827,8.236480,0.747889,-0.312341,-0.056537,0.005493,0.000296,0.011401
1770940816.646833,8.241486,0.758917,-0.279867,-0.025005,0.005691,0.000325,0.011134
1770940816.651808,8.246461,0.724605,-0.372645,-0.019300,0.006140,-0.000412,0.010337
1770940816.656754,8.251407,0.713511,-0.265485,0.042413,0.004996,0.000105,0.010405
1770940816.661732,8.256386,0.719025,-0.345647,-0.044803,0.005630,-0.000097,0.010374
1770940816.666706,8.261359,0.722778,-0.280271,0.054189,0.004917,0.000033,0.010528
1770940816.671684,8.266337,0.692231,-0.124325,0.095517,0.004031,0.000365,0.010454
1770940816.676683,8.271337,0.676316,-0.323176,0.028443,0.005287,-0.000376,0.009913
1770940816.682227,8.276881,-0.411923,-0.209258,-0.103804,0.002037,-0.003122,-0.002288
1770940816.686688,8.281341,0.718249,-0.370258,-0.035568,0.006096,-0.000306,0.010142
1770940816.691679,8.286332,-0.382973,-0.221334,-0.079911,0.002438,-0.002976,-0.001881
1770940816.696573,8.291226,0.713614,-0.185432,0.051306,0.004702,0.000069,0.010680
1770940816.701545,8.296198,0.709810,-0.381681,0.013367,0.006161,-0.000464,0.010045
1770940816.706577,8.301230,0.716305,-0.337344,0.047036,0.005773,-0.000431,0.009878
1770940816.711529,8.306182,0.726688,-0.409977,-0.074870,0.006687,0.000092,0.010825
1770940816.716550,8.311203,0.707936,-0.280671,0.038566,0.004960,-0.000272,0.010616
1770940816.721465,8.316118,0.696679,-0.279350,0.038168,0.005209,-0.000417,0.010286
1770940816.726561,8.321214,0.733056,-0.251852,0.039998,0.005310,-0.000084,0.010492
1770940816.731415,8.326068,0.693815,-0.181524,0.072526,0.004549,0.000260,0.010414
1770940816.736461,8.331114,0.687171,-0.157792,0.097276,0.004210,-0.000042,0.010217
1770940816.741457,8.336111,0.675730,-0.279800,0.045131,0.004778,-0.000572,0.010028
1770940816.746649,8.341302,-0.311433,0.103855,-0.341665,-0.009655,-0.005213,-0.002155
1770940816.751407,8.346060,1.123719,0.809433,-3.573199,-0.005609,0.004023,0.007926
1770940816.756306,8.350959,1.172636,0.746737,-3.582711,-0.004733,0.004159,0.008709
1770940816.761281,8.355934,1.219949,0.834200,-3.541124,-0.006128,0.003873,0.008945
1770940816.766270,8.360923,1.232404,0.833534,-3.593856,-0.005574,0.004374,0.009106
1770940816.771236,8.365889,0.605960,-0.348222,-0.086499,0.004292,-0.000529,0.011861
1770940816.776270,8.370924,-0.390345,-0.211590,-0.069189,0.002371,-0.003314,-0.002137
1770940816.781190,8.375844,0.725497,-0.140588,0.065061,0.004095,0.000980,0.011115
1770940816.786186,8.380839,0.708898,-0.167096,0.029338,0.004194,-0.000029,0.010113
1770940816.791122,8.385775,0.699661,-0.431524,-0.012012,0.006642,-0.000770,0.010532
1770940816.796119,8.390772,0.696615,-0.346227,-0.003743,0.006257,-0.000243,0.010254
1770940816.801114,8.395767,0.692438,-0.262391,0.061918,0.004713,0.000014,0.010515
1770940816.806350,8.401003,-0.420598,-0.149173,-0.046628,0.001068,-0.003528,-0.002230
1770940816.811076,8.405730,0.695199,-0.310053,-0.005153,0.005251,-0.000384,0.010267
1770940816.816080,8.410733,0.695055,-0.257062,0.023890,0.004861,-0.000427,0.010457
1770940816.821011,8.415664,0.686383,-0.172984,0.065294,0.004152,-0.000154,0.010075
1770940816.826072,8.420725,0.669825,-0.462516,0.002400,0.006618,-0.001114,0.010747
1770940816.830976,8.425629,-0.429407,-0.294033,0.000683,0.003320,-0.003408,-0.002049
1770940816.835957,8.430610,1.624262,1.007898,-2.871734,-0.003339,0.005089,0.008093
1770940816.840952,8.435606,1.139487,0.934685,-3.544725,-0.006068,0.004113,0.009014
1770940816.846383,8.441036,1.144907,0.923433,-3.731039,-0.005779,0.004087,0.007885
1770940816.850889,8.445542,1.279484,2.181710,-1.993403,-0.011163,0.010910,0.022948
1770940816.855857,8.450510,0.692004,-0.305025,0.067642,0.005298,-0.000422,0.010255
1770940816.860833,8.455486,0.698204,-0.278322,0.016610,0.005329,-0.000098,0.010260
1770940816.865815,8.460468,0.691484,-0.296057,0.026998,0.005551,0.000012,0.010413
1770940816.870791,8.465444,0.666784,-0.254240,0.092711,0.005072,-0.000190,0.010659
1770940816.875799,8.470452,0.674715,-0.287504,0.072856,0.004968,-0.000822,0.009967
1770940816.880746,8.475399,-0.353741,-0.161814,-0.080880,0.001793,-0.002887,-0.001667
1770940816.885733,8.480386,0.698684,-0.175665,0.069133,0.004117,0.000356,0.010616
1770940816.890674,8.485327,-0.415070,-0.306558,-0.103007,0.003002,-0.003139,-0.001936
1770940816.895676,8.490330,0.697226,-0.231131,0.063744,0.005224,0.000465,0.010857
1770940816.900651,8.495304,0.699687,-0.289722,0.041963,0.005198,-0.000560,0.010394
1770940816.906391,8.501044,0.668827,-0.263564,0.094285,0.004810,-0.000185,0.010659
1770940816.910646,8.505300,0.689058,-0.266264,0.036072,0.004900,-0.000440,0.010546
1770940816.915644,8.510297,-0.409165,-0.237734,-0.104485,0.002722,-0.002514,-0.001798
1770940816.920578,8.515231,0.676949,-0.319704,0.073355,0.005675,-0.000315,0.010506
1770940816.925517,8.520170,0.201406,-0.267758,0.112910,0.002469,0.004066,-0.004933
1770940816.930522,8.525175,0.672047,-0.333307,0.119475,0.005720,-0.000525,0.010052
1770940816.935493,8.530147,-0.436229,-0.130835,-0.026080,0.001423,-0.003208,-0.001992
1770940816.940580,8.535233,0.692129,-0.235184,0.104207,0.004524,-0.000008,0.010483
1770940816.945446,8.540099,0.681967,-0.198065,0.124988,0.004386,0.000264,0.010535
1770940816.950423,8.545076,0.687853,-0.284577,0.032451,0.005034,-0.000334,0.010109
1770940816.955416,8.550069,-0.398854,-0.143290,-0.056516,0.001787,-0.002428,-0.002215
1770940816.960398,8.555051,0.678795,-0.271651,0.049181,0.004551,-0.000289,0.010481
1770940816.965362,8.560015,0.668953,-0.295717,0.086652,0.005356,-0.000187,0.010413
1770940816.970339,8.564992,-0.393648,-0.179422,-0.037486,0.002135,-0.002885,-0.001868
1770940816.975339,8.569992,-0.437721,-0.280257,-0.104933,0.003107,-0.003168,-0.002025
1770940816.980363,8.575016,0.676557,-0.291091,0.057126,0.004806,-0.000472,0.010370
1770940816.985273,8.579926,0.687966,-0.296906,0.025068,0.005257,-0.000507,0.010479
1770940816.990254,8.584907,-0.476809,-0.332837,-0.146973,0.003262,-0.003402,-0.002615
1770940816.995277,8.589930,0.667627,-0.146270,0.124442,0.003832,0.000054,0.010490
1770940817.000208,8.594862,-0.420857,-0.190671,-0.065989,0.001971,-0.003433,-0.002134
1770940817.005215,8.599868,-0.412192,-0.216747,-0.048334,0.002401,-0.003390,-0.001999
1770940817.010249,8.604902,0.675232,-0.125126,0.083417,0.003816,0.000315,0.010843
1770940817.015267,8.609920,0.668044,-0.220843,0.110987,0.004286,-0.000279,0.010456
1770940817.020173,8.614826,-0.394747,-0.243697,-0.079206,0.002440,-0.003548,-0.002232
1770940817.025071,8.619724,-0.433488,-0.279965,-0.095318,0.002980,-0.003327,-0.002219
1770940817.030061,8.624715,-0.393968,-0.207763,-0.072643,0.002181,-0.003348,-0.001809
1770940817.035056,8.629709,-0.418135,-0.193664,-0.049009,0.002079,-0.003314,-0.002127
1770940817.040110,8.634763,-0.403113,-0.254928,-0.062184,0.002828,-0.003336,-0.001453
1770940817.044996,8.639649,-0.403276,-0.202598,-0.046016,0.002303,-0.003056,-0.001705
1770940817.049997,8.644650,0.713954,-0.290874,0.069298,0.005276,0.000313,0.010980
1770940817.054970,8.649623,0.661463,-0.344973,0.050406,0.005233,-0.000999,0.010694
1770940817.059937,8.654590,-0.435609,-0.235771,-0.078197,0.002603,-0.003159,-0.002156
1770940817.064931,8.659584,0.689278,-0.174558,0.108851,0.004075,0.000153,0.010799
1770940817.069889,8.664542,-0.467726,-0.296827,-0.129060,0.002861,-0.003794,-0.002665
1770940817.074919,8.669573,0.685402,-0.161708,0.099279,0.004209,0.000210,0.010841
1770940817.079844,8.674497,0.707434,-0.163966,0.109989,0.004228,0.000336,0.011298
1770940817.084866,8.679519,-0.458983,-0.107225,-0.031139,0.001358,-0.003021,-0.002570
1770940817.089812,8.684465,-0.413089,-0.236828,-0.084573,0.002464,-0.003151,-0.001923
1770940817.094824,8.689477,-0.454644,-0.234467,-0.086194,0.002540,-0.003173,-0.002133
1770940817.099753,8.694406,0.680636,-0.112813,0.103556,0.003454,0.000188,0.010453
1770940817.105191,8.699844,0.677528,-0.398464,-0.019830,0.006089,-0.000780,0.010212
1770940817.110251,8.704904,-0.425991,-0.222054,-0.078289,0.002212,-0.003506,-0.002202
1770940817.114740,8.709393,0.713524,-0.259229,-0.037887,0.005185,0.000145,0.010650
1770940817.119702,8.714355,0.744018,-0.285047,-0.072693,0.005525,-0.000026,0.010033
1770940817.124626,8.719280,0.727075,-0.295978,-0.120853,0.005506,-0.000222,0.010058
1770940817.129617,8.724270,0.745206,-0.458064,-0.324589,0.007385,-0.000611,0.008561
1770940817.134608,8.729261,0.660087,0.208426,0.129987,-0.000718,-0.004912,0.009506
1770940817.139692,8.734345,0.405982,-0.026766,-0.328206,-0.000364,-0.008168,0.011821
1770940817.144627,8.739280,1.070585,0.231263,-0.811257,-0.002940,-0.002132,0.003886
1770940817.149580,8.744233,-0.076400,-3.359288,-1.763214,0.033441,-0.024429,-0.002162
1770940817.154513,8.749166,0.909289,0.077706,-0.604621,0.001688,-0.004414,0.006016
1770940817.159490,8.754143,0.033151,-3.763694,-2.417819,0.037213,-0.024008,-0.004277
1770940817.164469,8.759122,0.008679,-3.844766,-2.632417,0.037480,-0.023219,-0.005964
1770940817.169437,8.764090,0.116199,-3.837421,-2.870832,0.037314,-0.022084,-0.007297
1770940817.174490,8.769143,0.106557,-2.943534,-2.493878,0.027266,-0.021787,-0.008229
1770940817.179665,8.774318,-0.411972,-1.455998,-1.791047,0.010350,-0.026102,-0.010286
1770940817.184468,8.779121,0.570321,-1.549988,-2.255475,0.013430,-0.024288,-0.000779
1770940817.189360,8.784014,0.634912,-1.968841,-2.746760,0.017960,-0.023594,-0.002535
1770940817.194337,8.788990,0.655716,-1.356308,-2.833042,0.008665,-0.029881,-0.002530
1770940817.199308,8.793961,0.594322,-1.853971,-3.323516,0.013200,-0.030080,-0.004809
1770940817.204309,8.798962,0.759974,-2.049551,-3.795125,0.015594,-0.028078,-0.006190
1770940817.209293,8.803946,0.401572,-2.442876,-4.236791,0.019222,-0.034044,-0.005501
1770940817.214263,8.808916,1.242652,-1.604699,-4.654006,0.011560,-0.035225,0.001808
1770940817.219219,8.813872,1.705696,-2.260465,-5.870425,0.010778,-0.024570,-0.000821
1770940817.224172,8.818825,1.129528,-1.923387,-5.873223,0.006252,-0.041469,0.003511
1770940817.229179,8.823832,1.246968,-2.235093,-6.355375,0.009544,-0.040131,0.000536
1770940817.234153,8.828806,1.379909,-2.604589,-6.845371,0.013566,-0.038071,-0.001641
1770940817.239156,8.833809,1.578634,-1.065011,-6.784616,-0.003215,-0.040067,-0.011641
1770940817.244138,8.838791,1.955923,-0.610822,-7.501534,-0.004758,-0.046118,0.001015
1770940817.249072,8.843725,1.061133,-1.104796,-8.139465,-0.008642,-0.050182,-0.004893
1770940817.254056,8.848710,1.168033,-0.570382,-8.464633,-0.017774,-0.055701,-0.004852
1770940817.259006,8.853659,0.510838,-0.936274,-9.253216,-0.011361,-0.064829,-0.004392
1770940817.264006,8.858659,1.564119,-0.410664,-9.707262,-0.015613,-0.062685,0.006573
1770940817.268986,8.863640,1.853936,-0.690957,-10.234266,-0.013341,-0.059947,0.002492
1770940817.274066,8.868719,1.243214,-1.057483,-10.911741,-0.008550,-0.069522,0.003687
1770940817.278948,8.873601,1.320606,-0.498300,-11.394023,-0.014241,-0.076330,0.002664
1770940817.283990,8.878643,1.313856,1.206142,-11.749012,-0.021458,-0.079063,-0.007595
1770940817.288897,8.883550,1.445579,0.707243,-12.206928,-0.018215,-0.078410,-0.009041
1770940817.294003,8.888656,0.600640,1.485901,-12.853378,-0.020752,-0.088941,-0.007354
1770940817.298844,8.893497,1.814385,1.191131,-13.570671,-0.017948,-0.085749,0.002201
1770940817.303873,8.898526,1.949939,1.351385,-14.507418,-0.013710,-0.083854,0.003331
1770940817.309387,8.904041,1.168551,1.839557,-18.840103,-0.016834,-0.084150,0.008499
1770940817.313796,8.908449,1.356221,1.709229,-19.569042,-0.012453,-0.082716,0.006813
1770940817.318772,8.913425,1.259419,2.342846,-19.652243,-0.020164,-0.091685,0.006715
1770940817.323780,8.918433,-0.068416,3.102635,-19.885273,-0.033645,-0.090649,0.002735
1770940817.328729,8.923382,0.465799,1.577333,-17.388288,-0.033414,-0.099509,0.017214
1770940817.333742,8.928395,0.398292,1.231004,-16.946915,-0.018330,-0.097089,0.017129
1770940817.338714,8.933367,0.369837,1.909903,-17.129265,-0.024538,-0.105074,0.015526
1770940817.343773,8.938426,-0.195475,1.514594,-17.666969,-0.020824,-0.110851,0.018390
1770940817.348671,8.943325,-0.525968,4.150316,-17.632618,-0.029215,-0.116390,0.010077
1770940817.353599,8.948252,-0.386821,3.915095,-17.939394,-0.026965,-0.116535,0.009108
1770940817.358567,8.953220,-0.312522,4.018435,-18.291679,-0.025167,-0.115801,0.008121
1770940817.363565,8.958218,-1.329615,3.868810,-18.619680,-0.035346,-0.112289,0.002853
1770940817.368515,8.963169,-1.139744,3.650582,-18.891911,-0.032389,-0.112045,0.001917
1770940817.374309,8.968962,-1.208562,-0.157080,-19.360985,-0.017870,-0.119135,-0.009395
1770940817.378671,8.973325,0.592998,2.775595,-19.696968,-0.037011,-0.101914,0.010390
1770940817.383478,8.978131,0.078372,3.563296,-19.242119,-0.031372,-0.117386,0.011033
1770940817.388508,8.983161,-0.230871,-0.604802,-20.207603,-0.031796,-0.123112,0.006459
1770940817.393447,8.988101,-0.186326,-1.120525,-20.479685,-0.014691,-0.115661,0.005788
1770940817.398406,8.993059,-0.264197,0.230644,-20.395584,-0.022971,-0.121897,0.003488
1770940817.403376,8.998029,-0.221020,0.470221,-20.379499,-0.034547,-0.129176,0.003102
1770940817.408453,9.003106,-0.203742,0.440693,-20.541847,-0.033582,-0.129090,0.002475
1770940817.413340,9.007993,-0.125340,0.071514,-20.831812,-0.018878,-0.120797,0.001851
1770940817.418349,9.013002,-0.067289,0.238326,-20.927044,-0.018631,-0.120802,0.002140
1770940817.423300,9.017953,-0.057269,0.227527,-21.080173,-0.016903,-0.119673,0.001709
1770940817.428269,9.022922,0.087998,1.077573,-21.361809,-0.008010,-0.109923,0.011391
1770940817.433253,9.027906,0.052947,1.127864,-21.531345,-0.007054,-0.109343,0.010860
1770940817.438307,9.032960,0.065156,1.046734,-21.617523,-0.006727,-0.109498,0.010667
1770940817.443284,9.037937,0.121366,1.065623,-21.643206,-0.006189,-0.108796,0.009847
1770940817.448215,9.042868,-0.394084,1.390547,-22.578381,-0.016766,-0.106940,0.020828
1770940817.453141,9.047794,0.098308,1.175085,-22.060865,-0.005659,-0.107810,0.008873
1770940817.458111,9.052764,0.047010,1.212245,-22.206955,-0.004847,-0.107868,0.008286
1770940817.463106,9.057760,0.073862,1.346472,-22.366467,-0.004582,-0.106700,0.008798
1770940817.468077,9.062730,0.061725,1.234934,-22.602724,-0.004098,-0.107016,0.007794
1770940817.473099,9.067752,-0.001413,1.349470,-22.733583,-0.003558,-0.106359,0.007654
1770940817.478435,9.073088,0.026208,1.477412,-22.995602,-0.003578,-0.105904,0.007126
1770940817.483030,9.077683,-0.022507,1.493993,-23.208044,-0.003524,-0.105498,0.006639
1770940817.488076,9.082729,0.825421,2.238144,-23.138000,-0.005435,-0.106223,0.017827
1770940817.492945,9.087598,0.797232,2.245221,-23.207781,-0.004914,-0.105968,0.017700
1770940817.497957,9.092610,0.629568,2.785363,-22.974525,-0.015180,-0.114204,0.018872
1770940817.502914,9.097567,0.619013,2.728433,-23.039188,-0.014601,-0.114421,0.019008
1770940817.507946,9.102599,-0.105674,2.730235,-23.221788,-0.014000,-0.119871,0.020959
1770940817.512873,9.107526,-0.146327,2.767512,-23.317432,-0.014094,-0.119532,0.020320
1770940817.517961,9.112614,-0.103245,2.981751,-23.450399,-0.014068,-0.118486,0.020964
1770940817.522834,9.117487,-0.145776,2.849399,-23.552681,-0.013594,-0.118761,0.020462
1770940817.527875,9.122529,-0.179659,2.913502,-23.630222,-0.013171,-0.118279,0.019498
1770940817.532775,9.127428,-0.212320,2.944201,-23.625357,-0.013515,-0.118102,0.019665
1770940817.537787,9.132440,-0.220167,2.962422,-23.716297,-0.013611,-0.118219,0.019531
1770940817.542797,9.137450,-0.168366,2.913874,-23.893915,-0.012543,-0.117580,0.019422
1770940817.547801,9.142454,-0.104193,2.939968,-23.928038,-0.012268,-0.117486,0.019508
1770940817.552707,9.147360,-0.155394,2.854694,-24.046434,-0.011214,-0.117593,0.018850
1770940817.557688,9.152341,-0.139030,2.933329,-24.063631,-0.011663,-0.117510,0.017954
1770940817.562653,9.157306,-0.131051,2.858781,-24.140623,-0.010025,-0.117334,0.018223
1770940817.567627,9.162280,-0.075282,2.689646,-24.187355,-0.009717,-0.117835,0.017987
1770940817.572734,9.167387,-0.080410,2.823530,-24.246531,-0.009711,-0.117810,0.017151
1770940817.577574,9.172228,-0.053232,2.717038,-24.301893,-0.009466,-0.117752,0.017032
1770940817.582579,9.177233,-0.039905,2.781291,-24.403688,-0.008863,-0.117470,0.016527
1770940817.587562,9.182215,0.004654,2.741203,-24.459717,-0.008490,-0.117358,0.016277
1770940817.592502,9.187155,0.027775,2.519856,-24.434883,-0.007189,-0.117878,0.015752
1770940817.597500,9.192153,0.070786,2.500851,-24.642649,-0.005855,-0.117846,0.015605
1770940817.602485,9.197139,0.049925,2.522616,-24.562130,-0.006524,-0.118046,0.015558
1770940817.607493,9.202146,0.047505,2.562249,-24.579800,-0.006360,-0.117374,0.015300
1770940817.612451,9.207104,0.004068,2.484074,-24.612589,-0.006030,-0.117794,0.014670
1770940817.617396,9.212049,0.040666,2.487655,-24.729900,-0.004784,-0.117224,0.014335
1770940817.622384,9.217037,0.028043,2.438550,-24.687643,-0.005100,-0.117493,0.014660
1770940817.627344,9.221997,0.087670,2.388374,-24.820459,-0.004420,-0.117457,0.014096
1770940817.632334,9.226987,0.040898,2.318303,-24.754856,-0.004932,-0.117512,0.013385
1770940817.638447,9.233100,0.029574,2.448988,-24.877926,-0.004474,-0.117089,0.013381
1770940817.642360,9.237013,0.111366,2.250366,-24.915100,-0.003970,-0.117355,0.013065
1770940817.647285,9.241938,0.039974,2.347181,-24.952530,-0.003935,-0.117170,0.012618
1770940817.652248,9.246901,0.049683,2.279193,-24.960712,-0.003414,-0.116970,0.012771
1770940817.657213,9.251867,0.028750,2.341564,-24.940577,-0.003907,-0.116867,0.012455
1770940817.662189,9.256842,0.012749,2.251545,-25.020685,-0.002280,-0.116656,0.012781
1770940817.667166,9.261819,-0.027776,2.230747,-24.984104,-0.003524,-0.117160,0.011766
1770940817.672128,9.266781,0.023856,2.193085,-25.054474,-0.002651,-0.117182,0.012141
1770940817.677173,9.271826,-0.007116,2.256017,-25.079941,-0.002763,-0.116667,0.011755
1770940817.682307,9.276961,-0.003191,2.224566,-25.110285,-0.002928,-0.116479,0.011783
1770940817.687799,9.282452,-0.035124,2.179328,-25.085756,-0.002916,-0.116590,0.011927
1770940817.692036,9.286689,0.011367,2.122198,-25.196039,-0.002502,-0.116529,0.011233
1770940817.697037,9.291690,-0.030740,2.043144,-25.253582,-0.002386,-0.116495,0.010457
1770940817.702018,9.296671,-0.016328,2.147789,-25.245192,-0.001829,-0.115658,0.011095
1770940817.707038,9.301691,-0.056249,2.092095,-25.226664,-0.002400,-0.115895,0.010565
1770940817.711958,9.306611,-0.062025,2.022345,-25.325943,-0.001370,-0.115737,0.010424
1770940817.716940,9.311594,-0.320388,3.104717,-25.148983,-0.010443,-0.119649,0.011588
1770940817.721931,9.316584,-0.375486,2.969771,-25.115244,-0.009611,-0.119498,0.011158
1770940817.726906,9.321559,-0.435199,-0.270110,-25.201685,0.000875,-0.126829,0.002511
1770940817.731877,9.326530,-0.447803,-0.226303,-25.304243,0.001355,-0.126571,0.002388
1770940817.738429,9.333082,-0.493371,-0.276330,-25.306562,0.001563,-0.126751,0.002352
1770940817.741935,9.336588,-0.447310,-0.356234,-25.364588,0.002090,-0.126612,0.002153
1770940817.746811,9.341464,-0.453569,-0.217100,-25.450613,0.002416,-0.126780,0.002432
1770940817.751908,9.346561,-0.462764,-0.253096,-25.308611,0.001411,-0.126515,0.001749
1770940817.756783,9.351436,-1.482645,1.578954,-26.375841,-0.013320,-0.123821,-0.002736
1770940817.761754,9.356407,-0.488099,-0.400674,-25.626072,0.003680,-0.125554,0.000794
1770940817.766728,9.361381,-0.500662,-0.186482,-25.749794,0.002844,-0.125546,0.000890
1770940817.771695,9.366348,-0.516441,-0.259443,-25.687540,0.002658,-0.125816,0.000447
1770940817.776764,9.371417,-0.511611,-0.270491,-25.863804,0.003215,-0.125514,0.000681
1770940817.781653,9.376307,-0.606675,0.475364,-25.521152,-0.008414,-0.135915,0.002712
1770940817.786793,9.381446,-0.681149,0.584454,-25.567286,-0.008518,-0.135759,0.002009
1770940817.791609,9.386262,-0.683637,0.550862,-25.579340,-0.008104,-0.135173,0.002026
1770940817.796585,9.391238,-0.654125,0.568110,-25.606718,-0.008390,-0.135608,0.002342
1770940817.801567,9.396220,-0.710060,0.519304,-25.541550,-0.008079,-0.135338,0.002045
1770940817.806588,9.401241,0.358591,0.382286,-25.603634,-0.003264,-0.132644,0.013707
1770940817.811611,9.406264,-0.703237,0.610376,-25.725206,-0.008602,-0.135407,0.001137
1770940817.816530,9.411183,0.375382,0.388121,-25.548342,-0.003340,-0.132719,0.014043
1770940817.821481,9.416134,0.370997,0.322910,-25.656502,-0.002275,-0.132556,0.013679
1770940817.826885,9.421538,0.371657,0.408877,-25.719864,-0.002646,-0.132648,0.013169
1770940817.831781,9.426434,0.370526,0.295893,-25.763926,-0.001589,-0.132561,0.012922
1770940817.836464,9.431117,0.360439,0.237033,-25.749517,-0.001773,-0.132596,0.013220
1770940817.841829,9.436482,0.386145,0.123488,-25.757219,-0.000819,-0.132575,0.013290
1770940817.846577,9.441230,0.341403,0.248035,-25.783302,-0.002278,-0.132707,0.012671
1770940817.851348,9.446001,0.366306,0.252316,-25.896397,-0.001552,-0.132313,0.012502
1770940817.856302,9.450955,0.360988,0.247255,-25.910748,-0.001499,-0.132586,0.012254
1770940817.861307,9.455960,0.388390,0.385762,-25.940956,-0.002441,-0.132144,0.012274
1770940817.866259,9.460912,0.398519,0.330959,-25.986498,-0.001055,-0.132022,0.011742
1770940817.871243,9.465896,0.396534,0.455872,-26.008381,-0.001740,-0.131705,0.011787
1770940817.876254,9.470907,0.363856,0.242940,-26.090496,-0.000896,-0.131925,0.010808
1770940817.881199,9.475852,0.277875,2.049420,-26.011326,-0.011801,-0.133076,0.006268
1770940817.886205,9.480858,0.376303,0.410090,-26.085676,-0.001048,-0.131585,0.011653
1770940817.891166,9.485819,0.299392,2.000716,-26.048229,-0.011258,-0.133139,0.006217
1770940817.896228,9.490881,0.357140,0.420622,-26.276726,-0.000458,-0.130974,0.010711
1770940817.901119,9.495772,0.350210,0.254431,-26.279232,0.000517,-0.131403,0.010988
1770940817.906101,9.500755,0.367375,0.360454,-26.319996,-0.000002,-0.130904,0.010704
1770940817.911210,9.505863,0.393290,0.528136,-26.410473,-0.000193,-0.130328,0.010948
1770940817.916074,9.510727,0.218988,2.286923,-26.401352,-0.011925,-0.131726,0.005385
1770940817.921026,9.515679,0.208272,2.107701,-26.332329,-0.010919,-0.132186,0.005138
1770940817.925979,9.520632,-0.486419,2.171078,-26.486319,-0.012072,-0.138018,0.006872
1770940817.930974,9.525628,0.200492,2.168118,-26.459684,-0.011550,-0.132113,0.004827
1770940817.935953,9.530607,0.325156,0.367200,-26.770353,0.001736,-0.129937,0.009800
1770940817.940962,9.535615,0.329498,0.542764,-26.756474,0.000553,-0.129821,0.010182
1770940817.946279,9.540932,0.209418,2.105949,-26.646400,-0.009878,-0.131726,0.004775
1770940817.950893,9.545546,0.167592,2.278646,-26.636242,-0.010247,-0.131501,0.004690
1770940817.955868,9.550522,-0.515906,2.187490,-26.740686,-0.010904,-0.137303,0.006128
1770940817.960823,9.555476,-0.555940,2.300336,-26.767403,-0.010981,-0.137123,0.006427
1770940817.965816,9.560469,0.158782,2.213545,-26.751657,-0.010158,-0.131671,0.004355
1770940817.970795,9.565448,-0.552649,2.449863,-26.847902,-0.011339,-0.136868,0.006033
1770940817.975797,9.570450,-0.606113,2.292310,-26.841944,-0.011661,-0.137439,0.005092
1770940817.980803,9.575456,0.106009,1.877774,-27.269077,0.006863,-0.123749,0.002736
1770940817.985733,9.580386,-0.578093,1.971896,-27.308764,0.005353,-0.129810,0.004272
1770940817.990695,9.585348,-0.591372,1.938960,-27.251139,0.006077,-0.129185,0.005368
1770940817.995696,9.590349,-0.607840,1.996108,-27.225838,0.004785,-0.129998,0.004664
1770940818.000665,9.595319,-0.619722,2.041167,-27.310829,0.005016,-0.129537,0.004680
1770940818.005644,9.600297,-0.612706,1.993396,-27.334045,0.005073,-0.129482,0.004542
1770940818.010665,9.605318,-0.675430,1.986760,-27.360464,0.005254,-0.129781,0.003945
1770940818.015618,9.610271,-0.697719,2.051870,-27.377493,0.005090,-0.129328,0.004266
1770940818.020577,9.615230,0.513327,1.965459,-28.091722,0.007242,-0.127811,-0.005331
1770940818.025677,9.620330,-0.756204,2.163602,-27.415848,0.004126,-0.129306,0.003310
1770940818.030613,9.625266,0.444403,3.826885,-31.853909,0.008592,-0.136444,-0.009503
1770940818.035492,9.630145,1.232286,3.609805,-32.147568,0.007995,-0.132667,0.000652
1770940818.040598,9.635251,1.193091,3.706689,-32.194260,0.007442,-0.132583,0.000807
1770940818.045845,9.640498,1.219997,3.587655,-32.310509,0.007871,-0.132689,0.000245
1770940818.050590,9.645243,-0.039382,3.685067,-32.188396,-0.004742,-0.129227,-0.002362
1770940818.055422,9.650075,1.183416,3.586532,-32.375298,0.007644,-0.132260,0.000288
1770940818.060473,9.655126,1.147964,3.543813,-32.215126,0.007554,-0.132380,0.000578
1770940818.065369,9.660022,0.020908,1.754440,-29.304245,0.008993,-0.132403,-0.015794
1770940818.070340,9.664993,0.352631,2.249379,-28.535383,0.005976,-0.126029,-0.006422
1770940818.075371,9.670024,0.289739,2.271106,-28.570358,0.005934,-0.126105,-0.006548
1770940818.080301,9.674954,0.339516,2.194930,-28.631674,0.006622,-0.126074,-0.006281
1770940818.085274,9.679927,0.332702,2.242802,-28.632912,0.006165,-0.126194,-0.006517
1770940818.090261,9.684914,0.328794,2.142962,-28.631020,0.007282,-0.125519,-0.006062
1770940818.095208,9.689862,0.316607,2.271496,-28.659050,0.006186,-0.125885,-0.006625
1770940818.100203,9.694856,0.316584,2.327825,-28.608835,0.006038,-0.125741,-0.006080
1770940818.106380,9.701033,0.275470,2.218801,-28.523027,0.005500,-0.126307,-0.006146
1770940818.110153,9.704806,0.272643,2.252154,-28.549747,0.005397,-0.126178,-0.006579
1770940818.115151,9.709804,0.266524,2.161846,-28.490505,0.005774,-0.126317,-0.005979
1770940818.120192,9.714845,0.262265,2.287508,-28.555059,0.005981,-0.125827,-0.006142
1770940818.125097,9.719750,0.246670,2.264763,-28.620810,0.005888,-0.126146,-0.006468
1770940818.130076,9.724729,0.189813,2.283900,-28.619669,0.005758,-0.126072,-0.006550
1770940818.135049,9.729702,0.243885,2.345845,-28.540060,0.004882,-0.126006,-0.006248
1770940818.140067,9.734720,0.272926,2.289798,-28.465483,0.005732,-0.126410,-0.005393
1770940818.145056,9.739709,0.246761,2.336236,-28.499504,0.005044,-0.126543,-0.006140
1770940818.149981,9.744634,0.205673,2.455802,-28.550039,0.005025,-0.126428,-0.006198
1770940818.154965,9.749619,0.260232,2.256139,-28.386677,0.005493,-0.126477,-0.006148
1770940818.159914,9.754567,0.976449,2.275598,-28.525852,0.006269,-0.119699,-0.007385
1770940818.164927,9.759580,0.945245,2.411537,-28.570860,0.005692,-0.119181,-0.007613
1770940818.169893,9.764546,0.956585,2.280418,-28.547291,0.005777,-0.119930,-0.007567
1770940818.174898,9.769551,0.232627,2.294216,-28.355995,0.005404,-0.126612,-0.005715
1770940818.180079,9.774732,0.922902,2.233664,-28.520834,0.006064,-0.119816,-0.007808
1770940818.184899,9.779552,0.940798,2.254314,-28.464140,0.005922,-0.119975,-0.007836
1770940818.189816,9.784469,0.904514,2.325015,-28.497135,0.005616,-0.119983,-0.008118
1770940818.194788,9.789441,0.219556,2.207824,-28.247635,0.004696,-0.127128,-0.006330
1770940818.199774,9.794427,0.896733,2.272961,-28.451107,0.005171,-0.119725,-0.008133
1770940818.206420,9.801073,0.893425,2.438526,-28.506216,0.004439,-0.119521,-0.007900
1770940818.209723,9.804376,0.833202,2.225246,-28.415310,0.004459,-0.120042,-0.008418
1770940818.214772,9.809425,0.839773,2.205885,-28.482033,0.005171,-0.119815,-0.008308
1770940818.219770,9.814423,0.805600,2.235163,-28.442768,0.004847,-0.119731,-0.008174
1770940818.224667,9.819320,0.752521,2.305998,-28.422832,0.004339,-0.119364,-0.008527
1770940818.229625,9.824278,0.799641,2.410308,-28.408875,0.003775,-0.119165,-0.008103
1770940818.234606,9.829259,0.755293,2.274205,-28.327835,0.003976,-0.120153,-0.008194
1770940818.239606,9.834260,1.885549,2.259862,-28.562767,0.015513,-0.123198,-0.003826
1770940818.244560,9.839214,1.838218,2.303299,-28.589081,0.015601,-0.123104,-0.003744
1770940818.249535,9.844188,0.735831,2.351170,-28.522797,0.003997,-0.119160,-0.008395
1770940818.254525,9.849179,1.795090,2.289709,-28.634830,0.015603,-0.122909,-0.003765
1770940818.259467,9.854120,1.816355,2.302286,-28.574190,0.015616,-0.122877,-0.003259
1770940818.264476,9.859129,1.791550,2.408649,-28.635342,0.014829,-0.123007,-0.003751
1770940818.269464,9.864117,0.710657,2.542423,-28.559168,0.002915,-0.118961,-0.007997
1770940818.274492,9.869145,0.685838,2.447400,-28.482544,0.003221,-0.119274,-0.007879
1770940818.279645,9.874298,0.734260,2.474771,-28.550013,0.002956,-0.119265,-0.008206
1770940818.284424,9.879077,0.700214,2.496129,-28.486151,0.003068,-0.119723,-0.007997
1770940818.289393,9.884046,0.756973,2.482838,-28.492229,0.003625,-0.119114,-0.008001
1770940818.294357,9.889010,0.744405,2.464433,-28.412373,0.003615,-0.119102,-0.007989
1770940818.299326,9.893980,0.775774,2.367049,-28.402945,0.003479,-0.119681,-0.008295
1770940818.306312,9.900965,0.767822,2.400326,-28.329178,0.003120,-0.119501,-0.007934
1770940818.309294,9.903947,0.764260,2.358342,-28.313383,0.003986,-0.119280,-0.007973
1770940818.314264,9.908917,0.783446,2.197612,-28.212229,0.004131,-0.119747,-0.007958
1770940818.319296,9.913949,0.761696,2.270650,-28.137299,0.003637,-0.120198,-0.008299
1770940818.324203,9.918856,0.745573,2.213673,-28.119188,0.003711,-0.120409,-0.007952
1770940818.329178,9.923831,0.760234,2.272619,-28.016638,0.003162,-0.121056,-0.007588
1770940818.334248,9.928901,0.747518,2.104440,-28.030180,0.003942,-0.120570,-0.008087
1770940818.339180,9.933833,1.858315,2.061934,-28.244915,0.015793,-0.124157,-0.003433
1770940818.344109,9.938762,1.842558,1.966236,-28.203394,0.014983,-0.124455,-0.003757
1770940818.349089,9.943742,1.815786,2.280515,-28.192392,0.014373,-0.123832,-0.003523
1770940818.354079,9.948732,1.767798,2.081142,-28.197123,0.015141,-0.124260,-0.003355
1770940818.359020,9.953673,1.752407,2.147052,-28.157553,0.014369,-0.124020,-0.003575
1770940818.364089,9.958743,1.754630,2.050172,-28.011757,0.015596,-0.123152,-0.003136
1770940818.370537,9.965190,1.841038,3.877447,-29.296806,0.021810,-0.112128,0.001060
1770940818.374058,9.968711,1.699298,2.159891,-28.158070,0.014144,-0.123360,-0.003500
1770940818.379013,9.973666,1.688470,2.246623,-28.176903,0.013627,-0.123274,-0.003332
1770940818.383959,9.978612,1.644025,2.319980,-28.124195,0.012982,-0.123243,-0.003616
1770940818.388909,9.983562,1.611855,2.307726,-28.159534,0.012667,-0.122733,-0.004008
1770940818.393879,9.988532,1.601287,2.249951,-28.087534,0.013207,-0.122764,-0.003034
1770940818.398863,9.993516,1.569357,2.412398,-28.090103,0.012046,-0.122754,-0.003467
1770940818.403841,9.998494,1.533757,2.410794,-28.226614,0.012338,-0.122387,-0.003815
1770940818.408849,10.003502,1.519737,2.414500,-28.150982,0.011304,-0.122507,-0.003882
1770940818.414099,10.008752,1.526403,2.338447,-28.166384,0.012055,-0.122232,-0.003536
1770940818.418769,10.013422,1.554463,2.357699,-28.176180,0.012165,-0.121893,-0.003667
1770940818.423749,10.018403,1.569054,2.322985,-28.145237,0.011932,-0.122612,-0.003525
1770940818.428724,10.023377,1.533720,2.260837,-27.988287,0.010792,-0.123100,-0.003863
1770940818.433698,10.028352,1.587875,2.237818,-28.017025,0.011607,-0.122485,-0.003380
1770940818.438686,10.033340,1.596425,2.345288,-28.109472,0.011592,-0.122344,-0.003617
1770940818.443643,10.038296,1.553696,2.242502,-28.012117,0.011200,-0.122868,-0.004017
1770940818.448624,10.043277,1.573759,2.131120,-28.059240,0.012335,-0.122757,-0.003673
1770940818.453612,10.048265,1.577321,2.195256,-28.006889,0.012319,-0.122275,-0.003491
1770940818.458574,10.053227,1.569928,2.183577,-28.008654,0.012155,-0.122892,-0.003733
1770940818.463563,10.058216,1.608086,2.137838,-27.995495,0.012570,-0.122458,-0.003635
1770940818.470396,10.065049,1.578170,2.156414,-27.873123,0.012160,-0.123035,-0.003402
1770940818.473536,10.068189,1.604948,2.100678,-27.941542,0.012484,-0.123043,-0.003654
1770940818.478517,10.073170,1.610920,2.191218,-27.851727,0.011943,-0.123212,-0.003380
1770940818.483476,10.078129,1.585603,2.169623,-27.815220,0.011639,-0.123735,-0.003592
1770940818.488437,10.083090,1.551173,2.088566,-27.769905,0.012109,-0.123799,-0.003655
1770940818.493401,10.088054,1.587793,2.179700,-27.864388,0.012555,-0.122950,-0.002899
1770940818.498396,10.093049,1.535782,2.282288,-27.877239,0.011744,-0.122909,-0.003367
1770940818.503384,10.098037,1.539011,2.308744,-27.744827,0.011201,-0.122448,-0.002920
1770940818.508425,10.103078,1.575941,2.293756,-27.732519,0.010071,-0.123384,-0.002718
1770940818.513515,10.108169,1.534135,2.375582,-27.790228,0.010008,-0.122749,-0.002753
1770940818.518316,10.112969,1.503368,2.447390,-27.801399,0.009509,-0.123096,-0.002563
1770940818.523285,10.117938,1.536447,2.488429,-27.685747,0.009233,-0.123020,-0.002067
1770940818.528271,10.122924,1.487545,2.488908,-27.631607,0.008478,-0.123173,-0.001850
1770940818.533242,10.127896,1.494986,2.538062,-27.647493,0.009215,-0.123159,-0.001756
1770940818.538286,10.132940,1.475574,2.534342,-27.600714,0.008651,-0.123667,-0.001921
1770940818.543227,10.137880,1.479955,2.554628,-27.673628,0.008563,-0.122931,-0.002098
1770940818.548234,10.142887,1.508798,2.441570,-27.624474,0.009389,-0.123308,-0.001648
1770940818.553148,10.147801,1.484368,2.608738,-27.475920,0.007772,-0.123983,-0.001519
1770940818.558142,10.152795,1.511912,2.564509,-27.508545,0.008557,-0.123548,-0.001436
1770940818.563109,10.157762,1.486704,2.479107,-27.410650,0.007559,-0.124129,-0.001473
1770940818.568089,10.162742,1.479461,2.461943,-27.362005,0.007821,-0.123884,-0.001411
1770940818.573118,10.167772,1.480039,2.724899,-27.295408,0.006328,-0.123552,-0.000671
1770940818.578561,10.173214,1.504341,2.716933,-27.346052,0.006895,-0.123345,-0.000644
1770940818.583037,10.177690,1.462437,2.640421,-27.305290,0.006956,-0.124051,-0.000828
1770940818.588005,10.182658,1.511596,2.762571,-27.233116,0.005594,-0.124004,-0.000114
1770940818.592944,10.187597,1.475094,2.741732,-27.278877,0.006575,-0.123884,-0.000228
1770940818.597955,10.192608,1.423035,2.676392,-27.150732,0.005674,-0.124608,-0.000606
1770940818.602924,10.197577,1.455972,2.670457,-27.040356,0.005977,-0.124669,-0.000024
1770940818.607955,10.202608,1.467691,2.664116,-27.088467,0.005355,-0.124850,-0.000226
1770940818.612917,10.207570,1.433299,2.707462,-27.060581,0.005410,-0.125018,-0.000270
1770940818.617878,10.212532,1.586388,1.043456,-26.961693,0.017254,-0.123908,0.005512
1770940818.622839,10.217492,1.536064,0.973503,-26.824251,0.016495,-0.124809,0.004935
1770940818.627814,10.222467,1.548905,0.981765,-26.712563,0.016520,-0.124889,0.005348
1770940818.632779,10.227432,1.546659,0.973653,-26.720188,0.017426,-0.124179,0.005912
1770940818.637825,10.232478,1.529415,1.095011,-26.633360,0.016012,-0.124713,0.005500
1770940818.642773,10.237426,1.523615,1.014219,-26.723433,0.017190,-0.124788,0.005832
1770940818.647764,10.242417,1.503907,0.902322,-26.573301,0.016674,-0.124899,0.005760
1770940818.652711,10.247364,1.479392,0.945112,-26.524506,0.016397,-0.125262,0.005435
1770940818.657676,10.252329,1.508341,0.489069,-26.833960,0.023628,-0.117817,0.004010
1770940818.662682,10.257335,1.462067,1.004637,-26.420492,0.015887,-0.124794,0.005884
1770940818.667623,10.262276,1.527035,0.428877,-26.753820,0.023332,-0.118142,0.004028
1770940818.672634,10.267287,1.531023,0.720705,-26.211143,0.009482,-0.123273,0.004047
1770940818.677884,10.272537,0.237735,2.263520,-28.599422,0.019178,-0.123606,-0.011562
1770940818.682645,10.277298,0.821392,1.171439,-30.981201,0.015702,-0.121242,-0.011392
1770940818.687556,10.282209,0.813421,1.378550,-30.999609,0.014950,-0.120661,-0.011018
1770940818.692503,10.287157,0.802028,1.954693,-31.209375,0.011096,-0.121765,-0.012190
1770940818.697492,10.292145,1.474250,1.298611,-31.007025,0.014140,-0.114599,-0.012098
1770940818.702495,10.297148,0.868796,1.210016,-30.789526,0.014869,-0.120927,-0.010462
1770940818.707493,10.302146,1.483731,1.321925,-30.936045,0.013558,-0.115068,-0.012033
1770940818.712446,10.307099,1.332648,1.217866,-29.277229,0.009608,-0.114545,-0.006207
1770940818.717405,10.312058,0.629636,-0.204804,-26.237677,0.012963,-0.119649,-0.006512
1770940818.722989,10.317642,0.659426,-0.218462,-26.097364,0.012465,-0.119431,-0.006128
1770940818.727351,10.322004,0.657992,-0.313512,-26.065428,0.014041,-0.119191,-0.005971
1770940818.732335,10.326988,0.702040,-0.206199,-26.105259,0.013131,-0.119446,-0.005897
1770940818.737334,10.331988,0.658354,-0.305115,-26.030787,0.013269,-0.119536,-0.006274
1770940818.742355,10.337008,0.681123,-0.274189,-26.118315,0.014099,-0.119169,-0.006196
1770940818.747300,10.341954,0.655516,-0.326896,-26.104214,0.013632,-0.119522,-0.005953
1770940818.752273,10.346926,0.697848,-0.272170,-25.980247,0.013109,-0.119717,-0.005819
1770940818.757241,10.351894,0.646901,-0.309032,-26.080824,0.014384,-0.119175,-0.006508
1770940818.762210,10.356863,0.627294,-0.289740,-26.012037,0.013640,-0.119385,-0.006558
1770940818.767201,10.361855,0.677133,-0.340169,-26.091753,0.014878,-0.119009,-0.006457
1770940818.772216,10.366869,0.644024,-0.374392,-25.965204,0.014113,-0.119215,-0.006710
1770940818.777145,10.371799,0.636473,-0.332017,-26.042803,0.014322,-0.119227,-0.006844
1770940818.782120,10.376773,0.623258,-0.495159,-25.899199,0.014537,-0.118879,-0.006667
1770940818.787104,10.381757,1.610818,-0.385819,-25.825058,0.016324,-0.118581,0.003716
1770940818.792118,10.386771,0.626031,-0.452209,-25.828751,0.014813,-0.118871,-0.006557
1770940818.797053,10.391706,1.600716,-0.329724,-25.735861,0.015435,-0.118863,0.003331
1770940818.802029,10.396682,0.636172,-0.403808,-25.772211,0.014490,-0.119456,-0.006312
1770940818.807044,10.401697,0.674895,-0.418133,-25.681913,0.013729,-0.119565,-0.006058
1770940818.811976,10.406629,0.681848,-0.449814,-25.641235,0.013420,-0.119428,-0.006471
1770940818.816961,10.411614,0.610058,-0.469563,-25.668243,0.014197,-0.119239,-0.006759
1770940818.821940,10.416594,0.612413,-0.476162,-25.701611,0.014646,-0.119317,-0.006562
1770940818.826899,10.421552,1.578699,-0.448109,-25.588047,0.015936,-0.118840,0.003953
1770940818.831885,10.426538,1.594136,-0.436091,-25.573904,0.016347,-0.118859,0.003910
1770940818.838505,10.433158,0.647392,-0.475505,-25.666468,0.014871,-0.119283,-0.006624
1770940818.841863,10.436517,0.623129,-0.394780,-25.721537,0.014653,-0.119599,-0.006483
1770940818.847078,10.441731,0.667614,-0.469396,-25.664366,0.014010,-0.119692,-0.006158
1770940818.851983,10.446636,1.612348,-0.303141,-25.594580,0.015197,-0.119361,0.004138
1770940818.856803,10.451456,0.640902,-0.389516,-25.619333,0.013540,-0.119708,-0.006298
1770940818.862033,10.456686,0.619422,-0.307198,-25.689514,0.013281,-0.119926,-0.006506
1770940818.866747,10.461400,0.358011,-0.122458,-25.465343,0.023479,-0.126704,-0.006356
1770940818.871745,10.466398,1.581246,-0.308374,-25.601330,0.015952,-0.118996,0.004200
1770940818.876688,10.471341,1.289258,-0.178409,-25.343002,0.025810,-0.125094,0.003551
1770940818.881691,10.476344,0.589809,-0.320995,-25.621410,0.012846,-0.119853,-0.006540
1770940818.886647,10.481300,0.606132,-0.302952,-25.511717,0.012436,-0.119899,-0.006138
1770940818.891624,10.486278,0.311537,0.052544,-25.433567,0.021477,-0.128132,-0.006762
1770940818.896601,10.491255,0.315576,-0.023045,-25.320704,0.022059,-0.127686,-0.006347
1770940818.901574,10.496227,0.301764,-0.011861,-25.310583,0.022248,-0.127489,-0.006339
1770940818.906658,10.501312,0.296733,-0.002872,-25.395979,0.022682,-0.127384,-0.006574
1770940818.911797,10.506450,0.301581,-0.074031,-25.340334,0.023158,-0.127038,-0.006306
1770940818.916595,10.511249,0.316526,-0.082885,-25.341335,0.022520,-0.127292,-0.006339
1770940818.921504,10.516157,0.297892,-0.186477,-25.369940,0.023798,-0.126783,-0.006763
1770940818.926461,10.521114,0.302090,-0.052912,-25.335585,0.023054,-0.127492,-0.006416
1770940818.931443,10.526096,0.306955,-0.236776,-25.300497,0.024901,-0.126953,-0.006510
1770940818.936454,10.531107,0.323907,-0.121621,-25.303919,0.024030,-0.126830,-0.006219
1770940818.941409,10.536062,0.288343,-0.111772,-25.334206,0.024093,-0.127288,-0.006841
1770940818.946379,10.541033,0.245929,-0.121108,-25.291718,0.023521,-0.127473,-0.006790
1770940818.951348,10.546001,0.270342,-0.004799,-25.271645,0.022436,-0.127830,-0.006930
1770940818.956345,10.550998,0.276470,-0.156145,-25.218431,0.024310,-0.126667,-0.006250
1770940818.961285,10.555938,0.280200,-0.158606,-25.291103,0.024536,-0.126999,-0.006729
1770940818.966289,10.560942,0.302491,-0.156227,-25.231878,0.024227,-0.126841,-0.006556
1770940818.971322,10.565975,0.228531,-0.077288,-25.191273,0.023636,-0.126986,-0.007478
1770940818.976238,10.570891,0.279201,-0.187204,-25.167654,0.022902,-0.127764,-0.007198
1770940818.981245,10.575898,0.192106,-0.229485,-24.851934,0.023250,-0.127081,-0.007272
1770940818.986205,10.580858,0.743661,4.210057,-28.756268,0.014753,-0.111963,-0.007076
1770940818.991181,10.585834,0.142256,-0.229745,-25.034363,0.023109,-0.127372,-0.007482
1770940818.996263,10.590916,0.192116,-0.047629,-25.011532,0.022068,-0.127983,-0.007558
1770940819.001129,10.595782,0.061074,3.340795,-28.105761,0.005872,-0.120600,-0.005032
1770940819.006538,10.601192,0.342472,4.206724,-29.801895,0.005447,-0.109553,0.003846
1770940819.011092,10.605745,0.402340,4.313924,-29.851694,0.005684,-0.109357,0.004648
1770940819.016077,10.610730,0.323907,4.275502,-29.885067,0.005000,-0.110121,0.003510
1770940819.021049,10.615702,0.723535,2.870862,-27.773512,0.002173,-0.125915,-0.006540
1770940819.025994,10.620647,0.192960,-0.132477,-25.061785,0.023598,-0.127026,-0.006673
1770940819.031002,10.625655,0.169247,-0.037927,-25.032011,0.022497,-0.127810,-0.006989
1770940819.035984,10.630637,0.135713,-0.163859,-25.067347,0.023119,-0.127368,-0.007845
1770940819.041048,10.635701,0.230049,0.008685,-25.071484,0.022475,-0.127267,-0.006367
1770940819.046094,10.640747,0.175012,-0.010283,-25.066357,0.021723,-0.127780,-0.007028
1770940819.050923,10.645576,0.156981,0.078096,-25.033518,0.020872,-0.127947,-0.007130
1770940819.055887,10.650540,0.136352,-0.145183,-24.948767,0.021865,-0.127361,-0.007526
1770940819.060838,10.655491,0.123631,-0.106543,-25.029129,0.022525,-0.127168,-0.007346
1770940819.065851,10.660504,0.059275,-0.190865,-25.007154,0.022334,-0.127488,-0.007944
1770940819.070881,10.665534,0.084607,-0.029724,-24.871363,0.020298,-0.128353,-0.007542
1770940819.075789,10.670442,0.739447,-0.074465,-24.856474,0.022242,-0.121951,-0.007817
1770940819.080770,10.675424,0.146091,-0.014879,-24.860128,0.020567,-0.128133,-0.006553
1770940819.085752,10.680405,0.762545,0.081956,-24.840664,0.020910,-0.122305,-0.007986
1770940819.090729,10.685382,0.145797,-0.080275,-24.789555,0.020610,-0.128056,-0.006716
1770940819.095706,10.690359,0.736956,0.065170,-24.822790,0.020688,-0.122812,-0.008662
1770940819.100693,10.695346,0.779521,0.011930,-24.776949,0.021258,-0.122286,-0.007473
1770940819.106480,10.701133,0.744128,0.029549,-24.753725,0.020810,-0.122429,-0.008174
1770940819.110688,10.705341,0.098455,-0.054604,-24.715837,0.019769,-0.128469,-0.007161
1770940819.115632,10.710285,0.151825,-0.032762,-24.699783,0.019935,-0.128284,-0.006675
1770940819.120609,10.715262,0.709674,-0.049363,-24.660660,0.020443,-0.122705,-0.008100
1770940819.125576,10.720229,0.766763,0.006960,-24.666069,0.020037,-0.122056,-0.007465
1770940819.130554,10.725207,0.729407,0.030270,-24.577213,0.020058,-0.122923,-0.007506
1770940819.135529,10.730182,0.774277,-0.055616,-24.523182,0.020317,-0.122712,-0.007250
1770940819.140611,10.735264,0.722518,-0.066681,-24.515987,0.019649,-0.123006,-0.007855
1770940819.145684,10.740337,0.751897,-0.074539,-24.506275,0.019925,-0.122632,-0.007114
1770940819.150472,10.745125,0.771761,0.024183,-24.435110,0.018685,-0.123096,-0.007136
1770940819.155444,10.750098,0.713523,-0.048681,-24.343307,0.018959,-0.123766,-0.007711
1770940819.160411,10.755064,0.736024,0.024165,-24.298607,0.018712,-0.123430,-0.006939
1770940819.165393,10.760046,0.726272,-0.042782,-24.269527,0.018987,-0.123505,-0.006591
1770940819.170484,10.765137,0.728079,0.090426,-24.237083,0.017805,-0.124158,-0.006525
1770940819.175380,10.770033,0.734809,0.061945,-24.243847,0.018783,-0.123875,-0.006673
1770940819.180333,10.774986,0.730100,0.104808,-24.168856,0.017326,-0.124522,-0.006482
1770940819.185311,10.779964,0.712213,0.157964,-24.004539,0.016518,-0.124352,-0.006399
1770940819.190285,10.784938,0.707423,0.079183,-23.974739,0.016954,-0.124228,-0.005916
1770940819.195270,10.789923,0.727107,0.178473,-23.860310,0.016393,-0.124718,-0.005448
1770940819.200246,10.794899,1.363189,0.128021,-26.217907,0.013947,-0.118952,-0.001685
1770940819.206497,10.801150,0.476052,2.451201,-28.266876,0.000405,-0.111830,-0.004218
1770940819.210188,10.804841,1.652179,2.302823,-28.052834,0.012884,-0.116180,0.001095
1770940819.215181,10.809834,1.782523,3.254932,-29.158432,0.024995,-0.102811,0.009629
1770940819.220158,10.814811,1.285765,3.753590,-28.021999,0.011648,-0.105193,0.005104
1770940819.225127,10.819780,0.675444,0.453225,-23.376442,0.011824,-0.126425,-0.004046
1770940819.230105,10.824758,0.824574,3.819137,-23.463896,-0.000145,-0.117773,0.004863
1770940819.235084,10.829737,0.858823,3.748414,-23.354864,0.000270,-0.117092,0.006056
1770940819.240141,10.834794,0.789448,3.759659,-23.193068,0.000306,-0.118063,0.006490
1770940819.245038,10.839691,0.810894,3.815828,-23.037169,-0.000715,-0.117755,0.006868
1770940819.250031,10.844684,0.991142,2.847627,-22.901562,0.004047,-0.115701,0.006469
1770940819.255007,10.849660,0.960961,3.024979,-22.670824,0.002616,-0.115632,0.006764
1770940819.259951,10.854604,1.131225,2.289941,-23.018353,0.013777,-0.106793,0.005434
1770940819.264952,10.859606,1.151245,2.296998,-22.702965,0.012439,-0.107103,0.006399
1770940819.270597,10.865250,1.093344,2.388296,-22.401644,0.011510,-0.107373,0.007294
1770940819.274977,10.869631,0.989354,2.289664,-22.044600,0.009624,-0.108798,0.007831
1770940819.279978,10.874631,1.627419,2.600357,-22.129765,0.016855,-0.107497,-0.000523
1770940819.284916,10.879569,1.519582,2.613464,-21.662153,0.014903,-0.108407,-0.000157
1770940819.289862,10.884515,2.246913,2.415841,-21.334393,0.014125,-0.106523,0.012180
1770940819.294808,10.889461,0.954298,1.995255,-24.154924,-0.008355,-0.112827,-0.003370
1770940819.299841,10.894494,1.493844,0.357805,-23.680729,0.002005,-0.107068,0.001070
1770940819.304859,10.899512,1.038137,0.171085,-24.093575,0.011053,-0.106575,0.001146
1770940819.309769,10.904422,1.333327,1.064933,-22.728590,-0.005182,-0.109143,0.005734
1770940819.314722,10.909375,0.052404,1.497483,-22.092407,-0.013288,-0.113313,-0.002968
1770940819.319748,10.914402,-0.202801,0.816604,-21.364973,0.002312,-0.116105,-0.003389
1770940819.324696,10.919349,0.410603,0.520631,-21.282183,0.008989,-0.100315,-0.006034
1770940819.329674,10.924327,1.553674,0.466261,-17.736523,0.018314,-0.087592,0.003251
1770940819.334635,10.929288,1.405510,-1.244756,-16.017111,0.014922,-0.087429,-0.009188
1770940819.339657,10.934310,1.388195,-0.612356,-15.411182,0.008382,-0.089699,-0.005473
1770940819.344595,10.939248,1.520145,-1.876735,-14.579762,0.014337,-0.085367,-0.003465
1770940819.349589,10.944242,1.266910,-1.269386,-13.884327,0.007613,-0.082550,-0.015048
1770940819.354555,10.949208,1.262213,-0.873052,-13.217752,0.002449,-0.084425,-0.012012
1770940819.359531,10.954185,1.358526,1.152971,-13.167745,-0.010020,-0.076800,0.008983
1770940819.364509,10.959162,1.260822,0.428306,-12.157163,-0.008145,-0.067834,-0.003792
1770940819.370627,10.965281,1.098717,1.070800,-11.162129,-0.017638,-0.070793,0.000024
1770940819.374528,10.969181,1.245644,0.407175,-10.741850,-0.010622,-0.062752,0.001237
1770940819.379543,10.974196,1.165566,0.676373,-10.154749,-0.015180,-0.063525,0.004853
1770940819.384565,10.979218,0.922078,-0.090295,-9.226711,-0.012824,-0.056290,-0.008925
1770940819.389404,10.984057,1.957535,0.190034,-8.483905,-0.006909,-0.052682,-0.003995
1770940819.394349,10.989002,0.639163,0.209787,-7.770497,-0.010147,-0.065559,0.013707
1770940819.399350,10.994003,2.412101,0.167960,-7.277419,-0.007806,-0.036810,-0.002248
1770940819.404399,10.999052,2.199668,-2.528809,-7.522095,0.014575,-0.034612,0.006804
1770940819.409325,11.003978,0.975206,-1.900141,-5.922083,0.014635,-0.047652,-0.001690
1770940819.414292,11.008945,-0.382789,-2.020084,-5.239359,0.011964,-0.058245,0.015684
1770940819.419286,11.013939,1.145600,-1.042169,-4.671633,0.007414,-0.041436,0.001926
1770940819.424239,11.018893,1.026048,-1.717527,-4.626949,0.015355,-0.036422,0.001421
1770940819.429224,11.023878,0.183076,-2.252585,-3.989020,0.018242,-0.035232,-0.004974
1770940819.434199,11.028852,0.649817,-1.827564,-3.647196,0.013849,-0.028146,-0.006560
1770940819.439215,11.033868,0.541886,-1.564134,-3.195480,0.010487,-0.028791,-0.004949
1770940819.444168,11.038821,0.473787,-1.263357,-2.805896,0.007767,-0.029651,-0.003394
1770940819.449157,11.043810,0.392907,-0.665691,-1.897742,0.003731,-0.028694,-0.003046
1770940819.454119,11.048772,0.275271,-1.421325,-2.055091,0.011378,-0.024383,-0.002280
1770940819.459076,11.053730,-0.110126,-1.010823,-1.477465,0.005582,-0.018187,-0.015334
1770940819.464065,11.058718,0.850385,-2.652487,-2.504357,0.029697,-0.017594,-0.007492
1770940819.470524,11.065177,0.882999,-3.396671,-2.685856,0.039597,-0.018335,-0.004638
1770940819.474027,11.068680,0.970476,-1.515809,-1.330720,0.017219,-0.015024,-0.008640
1770940819.479022,11.073675,0.720193,-3.324122,-2.251349,0.039718,-0.020139,-0.001309
1770940819.483974,11.078627,0.677293,-3.123686,-1.919282,0.037087,-0.020152,-0.001464
1770940819.488952,11.083605,0.656745,-3.234486,-1.841401,0.038271,-0.020936,-0.000128
1770940819.493901,11.088554,0.591953,-3.230739,-1.669590,0.038526,-0.021212,0.000373
1770940819.498912,11.093565,1.492477,0.217833,-0.496114,0.006709,-0.000931,0.007945
1770940819.503886,11.098539,1.488506,0.306511,-0.426429,0.005936,-0.000780,0.008474
1770940819.508943,11.103596,1.479508,0.171558,-0.383112,0.006815,-0.001650,0.007525
1770940819.514275,11.108928,0.557618,0.163763,0.153828,-0.002216,-0.005761,0.007139
1770940819.518865,11.113518,0.738988,-0.441134,-0.273778,0.006672,0.000011,0.007149
1770940819.523797,11.118450,0.731689,-0.499947,-0.297155,0.007204,-0.000470,0.007588
1770940819.528775,11.123428,0.757008,-0.347476,-0.142144,0.006226,0.000831,0.007948
1770940819.533750,11.128403,0.748377,-0.500782,-0.298862,0.007494,-0.000146,0.007593
1770940819.538785,11.133438,0.753040,-0.521980,-0.216359,0.007450,-0.000699,0.007615
1770940819.543745,11.138398,0.781225,-0.372924,-0.203606,0.006425,0.000609,0.008550
1770940819.548764,11.143417,0.772925,-0.444904,-0.246467,0.006385,-0.000053,0.008031
1770940819.553663,11.148316,0.776187,-0.447954,-0.217032,0.006560,-0.000297,0.008202
1770940819.558634,11.153287,0.732753,-0.457370,-0.263723,0.006806,-0.000326,0.007545
1770940819.563629,11.158283,0.764084,-0.400380,-0.209550,0.006548,0.000163,0.008297
1770940819.568641,11.163294,0.750044,-0.463340,-0.202819,0.006726,-0.000203,0.007933
1770940819.573650,11.168303,0.735649,-0.496302,-0.224092,0.007136,-0.000477,0.008375
1770940819.578738,11.173391,0.750496,-0.438791,-0.209274,0.007007,-0.000228,0.008582
1770940819.583539,11.178192,0.730562,-0.523341,-0.245236,0.007765,-0.000312,0.008227
1770940819.588508,11.183161,0.762591,-0.443048,-0.139440,0.006911,-0.000087,0.008646
1770940819.593457,11.188110,0.760857,-0.484859,-0.072211,0.007387,-0.000175,0.008679
1770940819.598462,11.193115,0.453681,-1.065647,-1.090547,0.009169,-0.002430,0.012164
1770940819.603438,11.198091,0.754134,-0.380917,-0.133095,0.006344,0.000354,0.008868
1770940819.608510,11.203163,0.756223,-0.474759,-0.219143,0.006891,0.000123,0.009003
1770940819.613578,11.208231,0.759643,-0.368268,-0.141831,0.006090,0.000450,0.009422
1770940819.618381,11.213034,0.755722,-0.427822,-0.153965,0.006584,0.000355,0.008886
1770940819.623354,11.218008,0.700109,-0.464027,-0.088489,0.007029,-0.000376,0.008358
1770940819.628302,11.222955,0.739724,-0.313834,-0.099121,0.005596,-0.000119,0.008705
1770940819.633301,11.227954,0.761512,-0.432990,-0.133242,0.007025,-0.000122,0.008578
1770940819.638505,11.233158,0.754194,-0.353162,-0.083548,0.005950,0.000098,0.008896
1770940819.643471,11.238124,0.738352,-0.347002,-0.080208,0.005883,-0.000097,0.008363
1770940819.648235,11.242888,0.794004,-0.289718,-0.084654,0.005452,0.000565,0.009272
1770940819.653222,11.247875,0.723285,-0.452960,-0.107888,0.006780,-0.000326,0.008746
1770940819.658195,11.252848,0.751544,-0.313296,-0.026864,0.005426,-0.000108,0.009008
1770940819.663170,11.257823,0.733927,-0.410238,-0.076770,0.006399,0.000123,0.009195
1770940819.668133,11.262786,0.749356,-0.365320,-0.064108,0.005585,0.000120,0.009327
1770940819.673176,11.267829,0.776953,-0.443974,-0.131676,0.006629,-0.000099,0.009276
1770940819.678266,11.272919,0.744616,-0.461083,-0.084600,0.006657,-0.000185,0.008933
1770940819.683088,11.277741,0.732475,-0.395149,-0.022862,0.005944,-0.000294,0.008657
1770940819.688071,11.282724,0.723776,-0.390006,-0.016663,0.005785,-0.000780,0.009003
1770940819.693017,11.287670,0.732173,-0.463719,-0.127136,0.006819,-0.000155,0.008645
1770940819.698028,11.292681,0.746093,-0.435419,-0.027578,0.006351,-0.000156,0.009121
1770940819.702992,11.297646,0.760520,-0.405788,-0.043186,0.006098,-0.000091,0.009109
1770940819.708024,11.302677,0.741740,-0.321859,0.034689,0.005082,-0.000306,0.008973
1770940819.712956,11.307609,0.724634,-0.374763,0.019834,0.005644,-0.000519,0.008592
1770940819.718060,11.312713,0.769202,-0.357967,-0.047074,0.005478,-0.000065,0.008881
1770940819.722924,11.317578,0.694766,-0.424540,-0.045336,0.006047,-0.000869,0.008395
1770940819.727864,11.322517,0.767288,-0.389122,-0.048821,0.006128,-0.000023,0.008967
1770940819.732881,11.327534,0.743331,-0.340804,-0.021819,0.005526,0.000048,0.009471
1770940819.738475,11.333128,-0.360081,-0.364512,-0.142135,0.004028,-0.002311,-0.002941
1770940819.742825,11.337478,0.746714,-0.390890,-0.047979,0.005787,-0.000665,0.008738
1770940819.747886,11.342539,0.728298,-0.387727,-0.020656,0.005556,-0.000943,0.008551
1770940819.752783,11.347436,0.716192,-0.223628,0.057220,0.004201,0.000124,0.008110
1770940819.757755,11.352408,0.767338,-0.351806,-0.043084,0.005657,0.000528,0.009194
1770940819.762735,11.357388,-0.431414,-0.370879,-0.183542,0.003056,-0.003638,-0.003136
1770940819.767713,11.362366,0.724034,-0.339655,0.029638,0.005107,-0.000524,0.008752
1770940819.772759,11.367413,0.751245,-0.215131,0.015861,0.004333,-0.000032,0.008531
1770940819.777905,11.372558,0.768390,-0.240785,0.039320,0.004313,0.000006,0.009032
1770940819.782685,11.377338,0.743984,-0.300995,-0.012607,0.005308,0.000086,0.008761
1770940819.787632,11.382286,0.703481,-0.415504,-0.018787,0.006098,-0.000413,0.009100
1770940819.792651,11.387304,0.692907,-0.395485,0.008747,0.005657,-0.001072,0.008770
1770940819.797597,11.392250,-0.397841,-0.223351,-0.099195,0.002059,-0.001885,-0.003242
1770940819.802563,11.397216,0.748783,-0.215588,0.101215,0.004525,0.000318,0.009290
1770940819.807569,11.402222,-0.330475,-0.132452,-0.031536,0.001510,-0.002462,-0.002536
1770940819.812777,11.407430,0.721280,-0.309390,0.045338,0.004960,0.000075,0.008973
1770940819.817482,11.412135,0.726945,-0.382721,0.006909,0.005601,-0.000355,0.009315
1770940819.822533,11.417186,0.752867,-0.378488,-0.006053,0.006056,0.000403,0.009388
1770940819.827421,11.422074,0.734162,-0.383853,-0.055751,0.005931,-0.000134,0.009382
1770940819.832489,11.427142,0.743146,-0.304186,0.038284,0.004902,0.000001,0.009028
1770940819.838586,11.433239,0.741722,-0.364099,0.022579,0.005476,-0.000094,0.009186
1770940819.842420,11.437073,0.711972,-0.315110,0.047656,0.005449,-0.000057,0.009080
1770940819.847419,11.442072,0.740284,-0.293652,0.010510,0.005280,0.000186,0.009437
1770940819.852331,11.446984,0.759296,-0.353468,-0.058253,0.005872,0.000841,0.010028
1770940819.857314,11.451967,0.718479,-0.305837,0.031902,0.005249,-0.000229,0.008534
1770940819.862316,11.456969,0.670646,-0.474013,-0.003487,0.006518,-0.000921,0.009230
1770940819.867265,11.461919,0.763714,-0.330829,0.010442,0.005740,0.000229,0.010016
1770940819.872303,11.466956,0.744978,-0.286488,0.040228,0.005352,0.000099,0.009386
1770940819.877225,11.471878,0.717110,-0.301396,0.034789,0.005421,-0.000097,0.009138
1770940819.882305,11.476958,0.710074,-0.414396,0.017298,0.006103,-0.001005,0.009187
1770940819.887184,11.481837,0.729605,-0.363645,-0.020444,0.005525,-0.000367,0.009472
1770940819.892153,11.486806,0.691837,-0.369338,0.075351,0.005585,-0.000669,0.008871
1770940819.897127,11.491781,0.743413,-0.284792,0.065232,0.005347,-0.000084,0.009655
1770940819.902129,11.496782,-0.439468,-0.345112,-0.037627,0.003441,-0.003761,-0.003149
1770940819.907137,11.501790,0.212736,-2.537906,-1.031953,0.027055,-0.017767,0.000539
1770940819.912131,11.506784,0.713786,-0.273243,0.047835,0.005005,-0.000229,0.009024
1770940819.917042,11.511695,0.736708,-0.250338,0.018155,0.004718,0.000570,0.009431
1770940819.922022,11.516675,0.728994,-0.382324,-0.008340,0.005833,-0.000357,0.009396
1770940819.926978,11.521631,0.731813,-0.349205,0.040137,0.005462,-0.000268,0.009082
1770940819.931970,11.526623,0.725117,-0.363685,0.027946,0.005780,-0.000091,0.009681
1770940819.938529,11.533183,0.715853,-0.473760,-0.001316,0.006646,-0.001010,0.009299
1770940819.941931,11.536584,0.745446,-0.096085,0.087381,0.003554,0.001168,0.010201
1770940819.946983,11.541636,0.690616,-0.476898,-0.028404,0.006466,-0.001276,0.009054
1770940819.951903,11.546556,0.742731,-0.302374,0.045290,0.005436,0.000134,0.009737
1770940819.956876,11.551529,0.712232,-0.292214,0.041747,0.005153,-0.000268,0.009349
1770940819.961871,11.556524,0.739165,-0.334769,-0.015874,0.005719,-0.000083,0.009417
1770940819.966831,11.561484,0.698776,-0.397709,0.024391,0.005985,-0.000894,0.009159
1770940819.971865,11.566519,0.682089,-0.349907,0.061908,0.005367,-0.000497,0.009025
1770940819.976792,11.571445,0.711184,-0.381043,-0.006432,0.005980,-0.000215,0.010013
1770940819.981751,11.576404,0.738433,-0.262917,-0.005385,0.004950,0.000034,0.009349
1770940819.986733,11.581386,0.719739,-0.482537,-0.032419,0.006764,-0.000654,0.009661
1770940819.991708,11.586361,0.713726,-0.348102,0.035383,0.005571,-0.000227,0.009190
1770940819.996720,11.591373,0.715456,-0.333360,0.033814,0.005366,-0.000357,0.009405
1770940820.001672,11.596325,0.722096,-0.314501,0.056094,0.004940,-0.000193,0.009266
1770940820.006721,11.601374,0.699012,-0.298456,0.038933,0.005035,-0.000265,0.009187
1770940820.011686,11.606339,0.747644,-0.376562,-0.023159,0.005629,-0.000112,0.009450
1770940820.016598,11.611251,0.732869,-0.331927,0.035676,0.005149,-0.000371,0.009164
1770940820.021589,11.616242,0.736103,-0.411754,-0.002381,0.006405,0.000004,0.009870
1770940820.026561,11.621214,0.766640,-0.406786,-0.002228,0.006087,-0.000110,0.009898
1770940820.031533,11.626186,0.724864,-0.337984,0.019650,0.005606,-0.000228,0.009818
1770940820.036495,11.631149,0.676798,-0.328178,0.098269,0.005375,-0.000472,0.009232
1770940820.041569,11.636222,0.671308,-0.365934,0.007363,0.005085,-0.000685,0.009042
1770940820.046629,11.641282,1.108237,0.921936,-3.288580,-0.007997,0.005296,0.005722
1770940820.051433,11.646086,1.248476,0.542666,-3.608620,-0.005174,0.004029,0.007434
1770940820.056448,11.651101,1.112550,0.149054,-4.283101,0.006534,0.012682,0.006303
1770940820.061380,11.656033,1.145788,0.509345,-3.572124,-0.005312,0.004314,0.006584
1770940820.066375,11.661028,1.151169,0.754735,-3.610523,-0.005775,0.004672,0.006635
1770940820.071437,11.666090,1.175770,0.756822,-3.559145,-0.006580,0.004071,0.006787
1770940820.076324,11.670977,1.251897,0.625812,-3.650100,-0.005591,0.003601,0.007973
1770940820.081297,11.675950,1.288030,0.868719,-3.560091,-0.006863,0.003273,0.008657
1770940820.086291,11.680944,1.277280,0.927560,-3.515234,-0.007010,0.002533,0.009057
1770940820.091263,11.685916,-0.025450,1.030720,-3.741271,-0.017324,0.007678,0.005202
1770940820.096241,11.690894,-0.021052,0.497724,-4.326317,-0.004914,0.015183,0.005476
1770940820.101216,11.695869,0.109948,1.205630,-3.522667,-0.019831,0.005532,0.008423
1770940820.106600,11.701253,0.184452,1.236896,-3.380404,-0.020795,0.004388,0.010279
1770940820.111173,11.705826,0.692581,1.928290,-3.496150,-0.026096,0.011625,0.024735
1770940820.116198,11.710851,1.270861,-0.392680,-0.675413,-0.003984,0.009363,0.002481
1770940820.121133,11.715786,1.215388,-0.350927,-0.605074,-0.004808,0.008583,0.002957
1770940820.126105,11.720758,1.272765,-0.377553,-0.667551,-0.004940,0.008774,0.004579
1770940820.131082,11.725735,1.292499,-0.361847,-0.680350,-0.005463,0.008326,0.004736
1770940820.136060,11.730713,1.305855,-0.223936,-0.571279,-0.006319,0.009541,0.006156
1770940820.141147,11.735800,1.355099,-0.101109,-0.542578,-0.007838,0.010176,0.006943
1770940820.146156,11.740809,0.389306,-0.114756,-0.375913,-0.015265,0.009777,0.006376
1770940820.151009,11.745662,0.375226,-0.185632,-0.343169,-0.014735,0.008408,0.006810
1770940820.155986,11.750639,0.494513,-0.120223,-0.321741,-0.015638,0.008901,0.008216
1770940820.160924,11.755577,0.545247,-0.056774,-0.257745,-0.016326,0.009561,0.009307
1770940820.165925,11.760578,0.507764,-0.107892,-0.218349,-0.016093,0.008117,0.008981
1770940820.170944,11.765597,0.498314,0.026168,-0.184497,-0.017599,0.009470,0.009396
1770940820.175877,11.770530,0.464609,-0.267568,-0.336160,-0.014948,0.007653,0.009210
1770940820.180851,11.775504,0.444138,-0.226242,-0.307930,-0.015389,0.008277,0.008918
1770940820.185837,11.780490,0.406396,-0.198025,-0.329905,-0.014767,0.009118,0.007046
1770940820.190815,11.785469,1.336568,-0.046679,-0.455656,-0.008670,0.010394,0.008683
1770940820.195789,11.790442,1.310763,-0.137964,-0.504382,-0.008035,0.009838,0.007505
1770940820.200769,11.795422,1.325435,-0.178464,-0.523037,-0.007125,0.009885,0.006710
1770940820.206501,11.801154,1.288218,-0.247205,-0.493142,-0.006295,0.009420,0.006631
1770940820.210745,11.805398,1.265172,-0.351942,-0.471684,-0.004981,0.008761,0.006468
1770940820.215758,11.810411,0.810849,-1.061215,-0.655871,0.002004,-0.001692,-0.004970
1770940820.220690,11.815343,1.237825,-0.385143,-0.649046,-0.005078,0.008275,0.005117
1770940820.225658,11.820312,1.207556,-0.453013,-0.653792,-0.004123,0.008441,0.004681
1770940820.230635,11.825288,1.230233,-0.406789,-0.630116,-0.003919,0.008892,0.002903
1770940820.235613,11.830266,1.141342,-0.445213,-0.572667,-0.003773,0.008864,0.001928
1770940820.240725,11.835378,1.146532,-0.630037,-0.801506,-0.001186,0.009358,0.001056
1770940820.246089,11.840742,0.751468,-0.543113,0.107878,0.005806,0.004251,0.001230
1770940820.250682,11.845335,0.745677,-0.622364,0.014508,0.007413,0.004313,0.000655
1770940820.255530,11.850183,0.721704,-0.612254,0.070643,0.006543,0.003906,-0.000081
1770940820.260579,11.855232,0.612089,-0.696335,-0.003314,0.007138,0.003916,-0.000683
1770940820.265484,11.860137,0.604682,-0.588685,-0.020227,0.007161,0.005328,-0.000802
1770940820.270499,11.865152,0.375790,0.218684,0.451443,-0.002699,0.002857,-0.000610
1770940820.275664,11.870317,-0.484899,-2.739098,-0.972929,0.024551,-0.012820,-0.008816
1770940820.280459,11.875112,-0.519398,-3.464645,-1.156927,0.034774,-0.011905,-0.007994
1770940820.285413,11.880066,-0.605518,-1.773398,-0.583530,0.014059,-0.008845,-0.008024
1770940820.290383,11.885036,-0.664073,-1.340826,-0.420121,0.008983,-0.006936,-0.007744
1770940820.295398,11.890051,-0.734567,-2.126159,-0.637958,0.019164,-0.005591,-0.007751
1770940820.300474,11.895127,0.434268,-2.338381,-0.657856,0.035199,-0.000374,-0.003672
1770940820.306723,11.901376,-0.305373,-1.162659,-0.976272,0.026607,0.024611,0.003808
1770940820.310365,11.905018,1.113202,-0.843360,-0.837925,0.034627,0.024275,0.009512
1770940820.315355,11.910008,1.729824,-0.498028,-1.119943,0.033294,0.031537,0.006781
1770940820.320276,11.914929,3.014664,-0.277194,-1.601294,0.032554,0.033392,0.020762
1770940820.325226,11.919879,1.754455,-0.015926,-1.263023,0.023729,0.035276,0.017064
1770940820.330323,11.924976,1.805816,0.030888,-1.314903,0.024788,0.035047,0.016658
1770940820.335219,11.929872,0.544554,0.043569,-1.033069,0.025016,0.029829,0.029909
1770940820.340163,11.934816,0.578973,0.041316,-0.952562,0.025519,0.029246,0.028214
1770940820.345563,11.940216,0.600951,-0.245565,-0.741502,0.026069,0.027729,0.026664
1770940820.350115,11.944768,0.745852,-0.063173,-0.796880,0.026300,0.027767,0.026860
1770940820.355080,11.949733,0.885859,-0.331178,-0.701002,0.027669,0.027118,0.026583
1770940820.360054,11.954707,0.974604,-2.386669,-1.805095,0.039490,0.027950,0.030980
1770940820.365039,11.959692,0.970685,-2.469877,-1.758744,0.041454,0.026398,0.028208
1770940820.370049,11.964703,1.018284,-2.521046,-1.785783,0.041754,0.025679,0.028204
1770940820.375057,11.969711,1.032656,-2.616026,-1.857773,0.042701,0.025964,0.028233
1770940820.380112,11.974765,0.990492,-2.729527,-1.915013,0.043410,0.025246,0.027402
1770940820.384953,11.979607,1.061521,-2.566874,-1.802203,0.042664,0.025435,0.027518
1770940820.389919,11.984572,0.203390,-2.882868,-1.531865,0.045265,0.015395,0.030976
1770940820.394887,11.989540,0.179553,-0.806395,-0.268307,0.031883,0.017960,0.025492
1770940820.399879,11.994532,0.145681,-3.292350,-1.829741,0.047328,0.015393,0.030163
1770940820.406622,12.001275,0.193688,-1.323801,-0.335990,0.033686,0.016715,0.024465
1770940820.409885,12.004538,0.237245,-1.644545,-0.428840,0.035574,0.016099,0.023609
1770940820.415060,12.009713,0.314818,-1.540074,-0.452751,0.034747,0.015866,0.022954
1770940820.419877,12.014530,0.236619,-1.772422,-0.528239,0.035526,0.016292,0.022774
1770940820.424763,12.019416,0.289852,-1.818915,-0.606176,0.035952,0.016564,0.022389
1770940820.429777,12.024430,0.279596,-1.772743,-0.664461,0.035114,0.017602,0.024857
1770940820.434716,12.029369,0.247111,-1.646097,-0.296931,0.027460,0.008661,0.022528
1770940820.439743,12.034396,0.230547,-1.550548,-0.221043,0.026457,0.009047,0.021949
1770940820.444699,12.039352,0.183142,-1.775465,-0.378236,0.028460,0.007904,0.020708
1770940820.449689,12.044343,0.200198,-1.906146,-0.445494,0.028700,0.007866,0.021059
1770940820.454641,12.049294,-0.567131,-3.342955,-0.743295,0.035301,-0.013762,0.009366
1770940820.459604,12.054257,-0.429782,-2.183271,-0.361064,0.020899,-0.012750,0.009583
1770940820.464581,12.059234,-0.559233,-4.189506,-1.378329,0.041020,-0.016420,0.009650
1770940820.470520,12.065174,-0.535748,-3.101490,-0.769105,0.028766,-0.015639,0.011181
1770940820.474565,12.069218,0.451972,0.191650,0.375129,-0.001128,0.003347,0.021128
1770940820.479536,12.074189,0.495361,0.195670,0.339308,-0.001481,0.003853,0.020986
1770940820.484497,12.079150,0.311840,0.365521,0.442281,-0.002511,0.004791,-0.004142
1770940820.489471,12.084124,-0.540961,-2.936785,-1.087055,0.026860,-0.011738,-0.013117
1770940820.494421,12.089075,-0.541980,-2.843921,-1.065934,0.025816,-0.011372,-0.013301
1770940820.499424,12.094077,-0.556181,-2.915712,-1.103482,0.026881,-0.011526,-0.012754
1770940820.504461,12.099114,-0.533488,-2.999613,-1.113984,0.027753,-0.012171,-0.012640
1770940820.509417,12.104070,-0.477056,-2.734732,-1.025633,0.025356,-0.011179,-0.011895
1770940820.514444,12.109097,-0.483751,-2.568238,-0.850662,0.023792,-0.011500,-0.010999
1770940820.519361,12.114014,-0.027312,-0.644371,-0.043179,0.010934,0.003818,-0.002628
1770940820.524322,12.118975,-0.446978,-2.895848,-0.904309,0.029001,-0.010929,-0.008315
1770940820.529262,12.123915,-0.349228,-2.588428,-0.703400,0.026160,-0.010672,-0.006094
1770940820.534274,12.128927,-0.289177,-2.242385,-0.536770,0.021935,-0.010772,-0.003527
1770940820.539283,12.133936,0.049376,-1.990631,-0.863329,0.013399,-0.005944,-0.000706
1770940820.544221,12.138874,0.868193,-0.780991,-1.000022,0.005727,0.018650,0.013022
1770940820.549188,12.143841,0.126213,-1.626722,-0.702060,0.007866,-0.004548,0.004480
1770940820.554175,12.148829,-0.291604,-1.400323,-0.486823,0.002380,0.002232,-0.008324
1770940820.559155,12.153808,0.502527,-0.903872,-1.558786,0.001592,0.030657,0.004492
1770940820.564124,12.158777,1.925571,-0.569507,-1.740498,-0.001418,0.037047,-0.002268
1770940820.570524,12.165177,-0.111846,-1.647279,-0.992902,-0.002021,0.013884,-0.017078
1770940820.574176,12.168829,0.153927,-2.397711,-1.335953,0.007890,0.012778,-0.011509
1770940820.579289,12.173942,0.620361,-2.062256,-2.024733,-0.003235,0.019107,-0.007257
1770940820.584102,12.178755,0.726332,-2.680577,-2.603850,0.003161,0.022099,-0.004324
1770940820.589018,12.183671,-0.578300,-3.017344,-1.988582,0.006722,0.017921,-0.017712
1770940820.594005,12.188658,-0.291654,-2.652982,-1.801034,0.002456,0.017910,-0.012452
1770940820.598981,12.193634,-0.186263,-2.541225,-1.742319,0.000901,0.017618,-0.009669
1770940820.603949,12.198602,-0.452607,-0.033674,-1.870165,-0.039898,0.046190,-0.001601
1770940820.608972,12.203625,0.801251,0.207130,-2.103869,-0.042079,0.053442,-0.010733
1770940820.614754,12.209407,0.894755,0.299463,-1.918646,-0.043310,0.052378,-0.006906
1770940820.618927,12.213580,0.924690,0.300515,-1.820388,-0.043748,0.050483,-0.005140
1770940820.623867,12.218520,1.515528,0.433983,-2.901586,-0.056673,0.061164,-0.001214
1770940820.628814,12.223467,0.086357,-0.495121,-3.485275,-0.049129,0.069863,-0.017595
1770940820.633825,12.228478,0.110421,-0.419918,-3.429417,-0.050568,0.069418,-0.015986
1770940820.638819,12.233472,0.154327,-0.456975,-3.400101,-0.050993,0.067754,-0.015052
1770940820.643799,12.238452,0.177071,-0.238521,-3.223762,-0.053213,0.066614,-0.012752
1770940820.648748,12.243402,0.213199,-0.076245,-3.157663,-0.055424,0.066539,-0.010641
1770940820.653725,12.248378,1.029237,0.087194,-3.516402,-0.060853,0.078469,-0.011052
1770940820.658707,12.253360,1.046707,0.156579,-3.357643,-0.061846,0.077439,-0.008986
1770940820.663685,12.258338,1.088991,0.214194,-3.284945,-0.064153,0.076460,-0.006638
1770940820.670516,12.265169,2.307605,0.478913,-3.586061,-0.068371,0.083293,-0.013651
1770940820.673720,12.268373,0.756514,0.035601,-3.463971,-0.069614,0.082626,-0.028592
1770940820.678750,12.273403,0.891776,-0.445957,-3.387524,-0.060257,0.080622,-0.027109
1770940820.683633,12.278286,0.942538,-0.932315,-3.942825,-0.054644,0.089200,-0.026909
1770940820.688556,12.283210,0.980081,-0.738416,-3.803333,-0.056761,0.089114,-0.024792
1770940820.693561,12.288214,0.978563,-0.616031,-3.671203,-0.057736,0.088674,-0.023245
1770940820.698530,12.293183,1.018126,-0.327620,-3.484259,-0.059961,0.088969,-0.021341
1770940820.703494,12.298147,1.112997,-0.245530,-3.307420,-0.060079,0.086547,-0.019330
1770940820.708575,12.303229,1.079380,-0.173508,-3.196937,-0.060823,0.086066,-0.017916
1770940820.713872,12.308525,1.113148,0.057454,-3.115296,-0.063530,0.086172,-0.016269
1770940820.718469,12.313122,1.046283,0.155766,-2.989146,-0.065168,0.085309,-0.015351
1770940820.723418,12.318071,1.884412,0.229910,-3.424973,-0.070375,0.097978,-0.015602
1770940820.728364,12.323018,1.882063,0.354320,-3.311046,-0.071648,0.098838,-0.014533
1770940820.733380,12.328033,0.192506,-0.211029,-3.361336,-0.072354,0.096685,-0.032619
1770940820.738515,12.333168,0.146431,0.111944,-3.313744,-0.075315,0.098521,-0.031094
1770940820.743325,12.337978,0.033381,0.150128,-3.193584,-0.075718,0.097097,-0.031370
1770940820.748362,12.343015,0.012830,0.339451,-3.243658,-0.077707,0.099412,-0.030671
1770940820.753277,12.347930,-0.039445,0.610534,-3.055875,-0.079868,0.099801,-0.029537
1770940820.758269,12.352922,-0.084376,0.616722,-2.988228,-0.080444,0.098929,-0.029555
1770940820.763239,12.357892,-0.106956,1.013812,-2.971120,-0.084427,0.100152,-0.028553
1770940820.768213,12.362866,0.229917,-0.572998,-3.999895,-0.073117,0.104105,-0.022094
1770940820.773242,12.367895,0.184845,-2.696649,-5.072087,-0.045535,0.105180,-0.022015
1770940820.778392,12.373045,0.126426,-2.656705,-5.040139,-0.045939,0.105067,-0.022180
1770940820.783178,12.377831,0.098078,-2.519578,-5.030337,-0.047838,0.105824,-0.022392
1770940820.788133,12.382786,0.075196,-2.467679,-4.957379,-0.048197,0.105580,-0.021979
1770940820.793100,12.387753,0.003191,-2.293949,-4.907648,-0.049936,0.106067,-0.022578
1770940820.798078,12.392731,0.731718,-2.951302,-5.734895,-0.041946,0.124740,-0.035248
1770940820.803057,12.397710,0.540274,-2.586850,-5.656842,-0.048860,0.127117,-0.025989
1770940820.808083,12.402736,1.219095,-2.911461,-6.380106,-0.048527,0.141517,-0.040049
1770940820.813038,12.407691,1.125957,-2.529491,-6.336960,-0.053011,0.143341,-0.039927
1770940820.817997,12.412650,2.565503,-1.981491,-5.642845,-0.041968,0.139530,-0.032519
1770940820.822978,12.417631,2.444017,-1.709321,-5.450677,-0.044945,0.141658,-0.032940
1770940820.827922,12.422575,2.512165,-1.159425,-7.262391,-0.060260,0.150617,-0.035941
1770940820.832935,12.427588,2.279203,-1.455672,-5.697154,-0.047372,0.144998,-0.034582
1770940820.838579,12.433232,2.220707,-1.303315,-5.749564,-0.048376,0.145933,-0.034310
1770940820.842908,12.437561,2.146338,-1.267492,-5.713798,-0.048757,0.145874,-0.035099
1770940820.847867,12.442520,2.116301,-1.085681,-5.715335,-0.050436,0.148203,-0.034163
1770940820.852839,12.447493,1.986752,-1.041668,-5.550307,-0.050991,0.146454,-0.035544
1770940820.857810,12.452463,2.027348,-1.026190,-5.711621,-0.050984,0.147731,-0.034641
1770940820.862823,12.457477,0.797919,-5.310678,-5.712234,0.000155,0.109820,-0.049097
1770940820.867764,12.462417,1.879506,-1.150365,-5.716637,-0.050196,0.146815,-0.036710
1770940820.872801,12.467454,0.784177,-5.373896,-5.772791,0.000633,0.110550,-0.049085
1770940820.878308,12.472961,0.769711,-5.146132,-5.716163,-0.002601,0.111749,-0.049174
1770940820.882799,12.477453,0.727903,-5.285450,-5.748951,-0.000887,0.110837,-0.049124
1770940820.887681,12.482335,1.814208,-0.961070,-5.501882,-0.051983,0.147132,-0.035365
1770940820.892653,12.487306,0.724735,-4.990356,-5.580642,-0.004859,0.112129,-0.049182
1770940820.897638,12.492291,0.664255,-4.904370,-5.510941,-0.006153,0.112356,-0.049456
1770940820.902610,12.497263,0.613764,-5.044354,-5.555153,-0.004457,0.111700,-0.049031
1770940820.907642,12.502295,0.605727,-4.912220,-5.515653,-0.006716,0.112405,-0.049156
1770940820.912562,12.507215,0.451411,-4.882492,-5.449198,-0.006838,0.110711,-0.050360
1770940820.917549,12.512203,0.446168,-4.876886,-5.465284,-0.007710,0.111427,-0.050402
1770940820.922574,12.517227,0.419620,-4.680068,-5.367031,-0.010289,0.113136,-0.050861
1770940820.927480,12.522133,0.420646,-4.653145,-5.327742,-0.010571,0.112794,-0.050488
1770940820.932585,12.527238,0.346117,-4.716530,-5.268015,-0.010065,0.111652,-0.050896
1770940820.938585,12.533238,0.355294,-4.512074,-5.278630,-0.013028,0.113018,-0.050813
1770940820.942435,12.537088,0.344905,-4.395117,-5.259114,-0.014316,0.113677,-0.051069
1770940820.947516,12.542170,0.277695,-4.410650,-5.205655,-0.014439,0.113060,-0.051629
1770940820.952457,12.547110,1.629197,-3.910949,-4.545837,-0.006878,0.110980,-0.043004
1770940820.957379,12.552032,1.610542,-3.733915,-4.485937,-0.009307,0.112045,-0.042772
1770940820.962325,12.556978,1.508236,-3.640242,-4.426752,-0.011075,0.113250,-0.043488
1770940820.967329,12.561982,2.463120,-3.532105,-5.004487,-0.016621,0.127800,-0.043708
1770940820.972367,12.567020,0.542538,-4.663214,-5.163275,-0.010996,0.122672,-0.062845
1770940820.977345,12.571998,0.612360,-5.506812,-5.940567,0.000128,0.128415,-0.063934
1770940820.982262,12.576915,0.651715,-5.439249,-5.976603,-0.000821,0.129699,-0.063596
1770940820.987248,12.581901,0.595757,-5.521242,-5.957167,0.000330,0.128594,-0.063651
1770940820.992212,12.586865,0.547456,-5.570047,-5.945718,0.000307,0.128179,-0.064166
1770940820.997187,12.591841,0.565424,-5.421873,-5.898975,-0.001637,0.129108,-0.063859
1770940821.002173,12.596826,0.567360,-5.411609,-5.909171,-0.001757,0.128884,-0.063634
1770940821.007203,12.601856,0.533783,-5.459906,-5.946887,-0.001641,0.129392,-0.063898
1770940821.012120,12.606773,0.434335,-5.570464,-5.975741,-0.000734,0.127873,-0.064893
1770940821.017102,12.611755,0.452397,-5.446919,-5.935510,-0.002710,0.129222,-0.064718
1770940821.022097,12.616750,0.352541,-5.443988,-5.889053,-0.003020,0.128302,-0.065309
1770940821.027058,12.621711,0.406710,-5.179636,-5.826122,-0.006476,0.130286,-0.064860
1770940821.032036,12.626689,0.322360,-5.406181,-5.786371,-0.002972,0.127772,-0.065278
1770940821.038577,12.633230,0.279755,-5.312985,-5.711145,-0.004660,0.127963,-0.065916
1770940821.042181,12.636834,0.298555,-5.484149,-5.763616,-0.002396,0.127158,-0.065231
1770940821.047216,12.641869,0.346008,-5.250364,-5.772115,-0.005576,0.128849,-0.064842
1770940821.052008,12.646662,0.287327,-5.368189,-5.788295,-0.004099,0.127877,-0.065354
1770940821.056923,12.651576,0.245025,-5.474117,-5.793312,-0.002661,0.127002,-0.065821
1770940821.061880,12.656533,0.294151,-5.335613,-5.731062,-0.004437,0.127710,-0.065150
1770940821.066887,12.661540,0.299202,-5.195158,-5.728253,-0.006531,0.128587,-0.065303
1770940821.071927,12.666580,0.284436,-5.281471,-5.817935,-0.005391,0.128907,-0.065749
1770940821.076854,12.671507,0.292077,-5.199996,-5.759992,-0.006532,0.128633,-0.065441
1770940821.081917,12.676570,0.265223,-5.391168,-5.819281,-0.004085,0.128243,-0.066011
1770940821.086798,12.681452,0.259980,-5.275805,-5.682674,-0.005034,0.127960,-0.065811
1770940821.091770,12.686423,0.210119,-5.196605,-5.701838,-0.006669,0.128233,-0.066195
1770940821.096725,12.691378,0.210392,-5.021858,-5.647171,-0.009109,0.129069,-0.066047
1770940821.101721,12.696374,0.199216,-5.178035,-5.589604,-0.006394,0.127703,-0.066011
1770940821.106788,12.701442,0.387036,-5.882828,-6.204307,0.006401,0.135273,-0.066014
1770940821.111695,12.706348,0.266186,-5.014407,-5.614491,-0.008661,0.129438,-0.065716
1770940821.116753,12.711406,0.280785,-5.002091,-5.619587,-0.008920,0.129175,-0.065767
1770940821.121644,12.716297,0.300120,-4.918386,-5.551871,-0.009174,0.129662,-0.065429
1770940821.126623,12.721276,0.251255,-5.021670,-5.501946,-0.007782,0.128221,-0.065748
1770940821.131604,12.726257,0.276436,-5.066786,-5.434206,-0.007148,0.128830,-0.065568
1770940821.136580,12.731233,-0.237138,-5.025150,-5.597549,-0.002733,0.115963,-0.066304
1770940821.141583,12.736236,0.323257,-4.977661,-5.553495,-0.008076,0.129196,-0.065205
1770940821.146594,12.741247,0.320679,-4.867897,-5.576326,-0.009943,0.129794,-0.065426
1770940821.151631,12.746284,0.469546,-5.681617,-6.162290,0.004817,0.136708,-0.065179
1770940821.156482,12.751135,0.302739,-4.885712,-5.498013,-0.009065,0.129578,-0.065249
1770940821.161437,12.756090,0.403611,-5.687704,-6.027340,0.004900,0.135792,-0.065821
1770940821.166435,12.761088,0.405250,-5.615726,-6.095558,0.003602,0.136765,-0.066116
1770940821.171449,12.766102,0.376804,-5.342026,-5.983358,-0.000238,0.137571,-0.067020
1770940821.176454,12.771107,0.349746,-5.486851,-6.059446,0.002056,0.136889,-0.067160
1770940821.181364,12.776017,0.315319,-5.469278,-6.108674,0.001596,0.137108,-0.067379
1770940821.186353,12.781007,0.373525,-5.365721,-6.263372,-0.000773,0.140600,-0.067706
1770940821.191324,12.785977,0.268421,-5.358317,-6.175959,-0.001014,0.139368,-0.068763
1770940821.196280,12.790934,0.191315,-5.366185,-6.151026,-0.001050,0.138324,-0.069519
1770940821.201278,12.795931,0.221383,-5.297761,-6.228809,-0.002745,0.139977,-0.068994
1770940821.206574,12.801228,0.267757,-5.360512,-6.261549,-0.001401,0.140303,-0.068802
1770940821.211263,12.805916,0.252011,-5.372676,-6.275496,-0.001203,0.139567,-0.068644
1770940821.216222,12.810875,0.001429,-4.700571,-5.442967,-0.010094,0.130827,-0.068511
1770940821.221199,12.815852,0.194798,-5.636178,-6.312919,0.002058,0.137928,-0.068826
1770940821.226176,12.820829,0.154946,-5.680667,-6.394366,0.002080,0.138183,-0.069706
1770940821.231215,12.825868,-0.050417,-4.754523,-5.478704,-0.009640,0.130224,-0.069299
1770940821.236131,12.830785,0.232517,-5.541918,-6.419314,0.000155,0.139509,-0.069307
1770940821.241154,12.835807,-0.067369,-4.705415,-5.443816,-0.010175,0.129687,-0.069180
1770940821.246396,12.841049,0.251354,-5.390830,-6.405705,-0.001452,0.140561,-0.068737
1770940821.251110,12.845763,-0.103472,-4.686783,-5.486791,-0.011149,0.130764,-0.069755
1770940821.256082,12.850735,0.138647,-5.588222,-6.361766,0.000674,0.138507,-0.069944
1770940821.261028,12.855681,-0.085722,-4.703447,-5.559906,-0.010821,0.130955,-0.069283
1770940821.266014,12.860667,0.152389,-5.547137,-6.379336,-0.000201,0.138723,-0.069736
1770940821.271001,12.865654,0.139958,-5.653448,-6.485008,0.000884,0.139128,-0.070063
1770940821.275945,12.870599,-0.179645,-4.877828,-5.490644,-0.009126,0.128866,-0.070432
1770940821.280936,12.875590,0.130062,-5.556563,-6.401360,-0.000183,0.138686,-0.069780
1770940821.285941,12.880594,0.122769,-5.632774,-6.458321,0.000642,0.138413,-0.069660
1770940821.290887,12.885540,0.103632,-5.589199,-6.357607,-0.000009,0.138358,-0.070239
1770940821.295907,12.890560,-0.137425,-4.659686,-5.540286,-0.012008,0.131420,-0.070432
1770940821.301016,12.895669,0.029786,-5.754210,-6.431006,0.001857,0.136916,-0.070792
1770940821.306704,12.901357,-0.159465,-4.858200,-5.605887,-0.009615,0.130197,-0.070021
1770940821.310888,12.905541,1.093172,-5.514760,-5.947092,0.012061,0.139617,-0.063697
1770940821.315823,12.910476,1.081557,-5.509221,-5.880904,0.012056,0.138758,-0.063819
1770940821.320762,12.915415,0.865361,-4.463294,-5.031497,-0.001331,0.132252,-0.063504
1770940821.325758,12.920411,0.580563,-5.564245,-4.648329,0.022436,0.126271,-0.064793
1770940821.330739,12.925392,0.867144,-4.467739,-5.044518,-0.000941,0.132857,-0.063001
1770940821.335714,12.930367,0.300149,-4.575396,-3.705064,0.008826,0.116256,-0.063968
1770940821.340723,12.935376,0.237862,-4.404397,-3.777255,0.007412,0.117287,-0.064685
1770940821.345656,12.940309,0.230129,-4.521689,-3.844704,0.008881,0.117241,-0.064919
1770940821.350646,12.945299,0.226015,-4.525172,-3.906974,0.009163,0.118329,-0.065060
1770940821.355618,12.950271,0.114563,-4.581431,-3.813197,0.008885,0.116918,-0.065893
1770940821.360595,12.955248,0.124342,-4.243484,-3.921631,0.006007,0.120258,-0.066371
1770940821.365575,12.960228,0.029802,-4.533133,-3.882699,0.008602,0.117169,-0.066959
1770940821.370590,12.965243,0.011689,-4.444023,-3.867721,0.007867,0.117733,-0.067203
1770940821.375654,12.970307,-0.149056,-3.135070,-3.673491,-0.008362,0.122526,-0.069969
1770940821.380492,12.975145,1.042949,-2.834735,-5.812307,0.001802,0.160069,-0.057254
1770940821.385479,12.980132,0.007504,-4.267997,-3.978526,0.006084,0.120207,-0.068162
1770940821.390454,12.985107,-0.038545,-4.246356,-3.897944,0.005732,0.119412,-0.068302
1770940821.395401,12.990054,0.909130,-1.464864,-5.547430,-0.012359,0.162409,-0.056494
1770940821.400423,12.995076,-0.001547,-4.098620,-3.969533,0.004493,0.121495,-0.068489
1770940821.406543,13.001196,1.082862,-2.540825,-5.817112,0.000397,0.161932,-0.056661
1770940821.410360,13.005013,-0.017739,-4.279143,-3.899540,0.006420,0.118905,-0.067973
1770940821.415381,13.010034,1.075459,-2.452957,-5.787029,0.000290,0.162176,-0.055545
1770940821.420411,13.015064,1.060058,-2.604033,-5.711429,0.000809,0.160507,-0.056465
1770940821.425300,13.019953,0.011061,-4.211108,-3.923437,0.005761,0.120114,-0.067874
1770940821.430283,13.024936,-0.018691,-4.190357,-3.853498,0.005466,0.119601,-0.067885
1770940821.435252,13.029905,-0.037092,-4.123538,-3.822308,0.004113,0.120173,-0.068356
1770940821.440273,13.034926,2.563382,-3.714647,-4.062624,0.007712,0.134217,-0.058631
1770940821.445226,13.039879,1.398415,-2.721090,-6.919967,-0.004823,0.166360,-0.060742
1770940821.450209,13.044863,1.085682,-2.457728,-5.627304,0.000409,0.161725,-0.055667
1770940821.455178,13.049831,1.102514,-2.170311,-5.642712,-0.001441,0.163298,-0.055081
1770940821.460147,13.054800,1.054674,-2.260820,-5.589899,-0.000899,0.162033,-0.055037
1770940821.465119,13.059772,1.117103,-2.318754,-5.528781,-0.000462,0.161586,-0.054548
1770940821.470541,13.065194,1.112284,-2.127918,-5.471419,-0.001323,0.161808,-0.054334
1770940821.475103,13.069756,1.091522,-2.217824,-5.468100,-0.001267,0.161393,-0.054896
1770940821.480145,13.074798,1.304040,-3.084195,-6.403955,0.009089,0.169774,-0.055953
1770940821.485034,13.079687,0.268734,-4.855304,-4.458812,0.015351,0.128977,-0.067950
1770940821.490019,13.084672,1.365680,-3.072837,-6.320780,0.008308,0.169133,-0.054882
1770940821.494964,13.089617,1.327031,-3.073674,-6.265490,0.008285,0.169033,-0.054985
1770940821.499970,13.094623,1.361197,-2.987937,-6.218714,0.008134,0.168911,-0.054042
1770940821.506503,13.101156,1.357687,-3.118910,-6.157207,0.008784,0.167752,-0.054399
1770940821.509933,13.104586,1.355212,-2.743843,-6.206247,0.006717,0.170189,-0.053731
1770940821.514974,13.109627,1.343190,-3.165573,-6.148879,0.009409,0.167024,-0.054356
1770940821.519893,13.114546,1.376103,-2.825192,-6.096744,0.007130,0.169511,-0.053348
1770940821.524863,13.119516,1.332948,-2.798925,-6.095325,0.006888,0.169865,-0.053774
1770940821.529808,13.124461,1.373989,-2.605982,-6.053148,0.005269,0.170995,-0.052826
1770940821.534813,13.129466,1.364116,-2.827631,-6.082181,0.006763,0.169464,-0.053210
1770940821.539849,13.134502,1.379235,-2.862504,-6.016994,0.007170,0.168784,-0.053010
1770940821.544764,13.139417,1.386360,-2.769631,-5.959857,0.006597,0.169392,-0.053188
1770940821.549746,13.144399,1.387051,-2.741638,-5.893701,0.006215,0.169073,-0.052480
1770940821.554734,13.149387,1.448808,-2.785606,-5.860078,0.006622,0.168258,-0.051905
1770940821.559705,13.154358,1.451025,-2.589344,-5.937779,0.006154,0.170128,-0.051307
1770940821.564685,13.159338,0.331432,-4.316865,-3.883787,0.011202,0.129717,-0.065441
1770940821.570519,13.165172,1.419667,-2.793777,-5.744863,0.006623,0.167954,-0.052544
1770940821.575319,13.169972,0.357260,-4.445235,-3.969207,0.013024,0.129670,-0.065346
1770940821.579619,13.174272,1.550061,-2.327043,-5.781975,0.004552,0.170876,-0.049749
1770940821.584602,13.179255,1.514294,-2.505137,-5.689746,0.005721,0.168892,-0.050581
1770940821.589582,13.184236,1.505407,-2.703622,-5.606127,0.006041,0.167020,-0.050810
1770940821.594582,13.189235,0.450979,-4.314158,-3.805438,0.012209,0.129422,-0.063787
1770940821.599534,13.194187,1.601239,-2.600424,-5.483377,0.005286,0.167588,-0.049372
1770940821.604511,13.199164,1.609428,-2.616519,-5.566041,0.005192,0.167802,-0.049241
1770940821.609521,13.204174,1.599974,-2.434047,-5.572886,0.004346,0.168824,-0.048881
1770940821.614472,13.209125,0.571569,-4.224638,-3.695103,0.012217,0.129819,-0.062268
1770940821.619423,13.214076,1.612983,-2.552881,-5.539413,0.004989,0.167764,-0.048990
1770940821.624433,13.219086,0.530754,-4.442704,-3.633017,0.012988,0.127175,-0.062446
1770940821.629370,13.224023,0.557505,-4.295736,-3.717873,0.011854,0.128590,-0.062520
1770940821.634379,13.229032,0.530970,-2.918932,-6.196503,-0.004734,0.166660,-0.058138
1770940821.639407,13.234060,0.484866,-2.997900,-6.195747,-0.004103,0.165346,-0.059375
1770940821.644329,13.238982,-0.504227,-4.598796,-4.326338,0.001790,0.127159,-0.072644
1770940821.649336,13.243989,-0.442345,-4.573127,-4.350849,0.002479,0.127927,-0.072006
1770940821.654288,13.248941,-0.410868,-4.528669,-4.379807,0.001847,0.128972,-0.071959
1770940821.659258,13.253911,0.597545,-3.072537,-6.234483,-0.002319,0.166333,-0.059376
1770940821.664253,13.258906,-0.400236,-4.700770,-4.472769,0.004542,0.128540,-0.072372
1770940821.670420,13.265074,-0.345460,-4.535807,-4.498423,0.003348,0.130390,-0.072191
1770940821.674204,13.268857,-0.328124,-4.638647,-4.582041,0.005250,0.130217,-0.072525
1770940821.679193,13.273847,0.709554,-3.052553,-6.526870,0.000394,0.168440,-0.059206
1770940821.684164,13.278817,-0.249174,-4.609021,-4.651723,0.005875,0.131231,-0.072241
1770940821.689133,13.283786,0.769866,-3.027448,-6.664246,0.001956,0.170511,-0.059597
1770940821.694115,13.288768,-0.157646,-4.856941,-4.825240,0.009100,0.131918,-0.072144
1770940821.699090,13.293744,0.825186,-3.290013,-6.756195,0.003939,0.169154,-0.059988
1770940821.704124,13.298777,0.873404,-3.129754,-6.653089,0.003408,0.169683,-0.059154
1770940821.709049,13.303702,-0.037793,-4.627192,-4.738831,0.008337,0.132478,-0.070875
1770940821.714032,13.308686,-0.024562,-4.529776,-4.735748,0.007203,0.133162,-0.070861
1770940821.719007,13.313660,0.784968,-2.355152,-5.705101,-0.005058,0.161466,-0.056688
1770940821.723981,13.318634,0.049086,-4.685113,-4.665787,0.009224,0.132050,-0.069697
1770940821.728934,13.323587,0.183201,-4.582442,-4.587533,0.009282,0.132982,-0.068268
1770940821.733943,13.328596,0.208142,-4.553452,-4.533181,0.009248,0.132570,-0.067894
1770940821.738968,13.333621,-0.378339,-3.993140,-3.796679,0.007297,0.122935,-0.058680
1770940821.743891,13.338544,-0.343943,-4.158247,-3.685441,0.009295,0.121882,-0.058302
1770940821.748880,13.343534,0.844735,-4.780560,-6.335086,0.000645,0.139151,-0.056569
1770940821.753864,13.348517,0.802331,-0.699410,-8.298403,-0.030793,0.157302,-0.052886
1770940821.758832,13.353485,0.858480,-0.700603,-8.299957,-0.030306,0.157651,-0.051856
1770940821.763817,13.358470,0.162727,-0.613834,-7.873931,-0.028763,0.140140,-0.052025
1770940821.770429,13.365082,0.836823,-0.336732,-8.140414,-0.032589,0.157439,-0.051248
1770940821.773777,13.368430,0.861631,-0.309705,-8.039095,-0.032633,0.157341,-0.050917
1770940821.778855,13.373508,0.836744,-0.199190,-7.764335,-0.033755,0.156702,-0.050096
1770940821.783736,13.378389,1.610282,0.734169,-8.714685,-0.044238,0.174953,-0.035686
1770940821.788704,13.383357,-0.265254,-3.311364,-2.809166,0.003304,0.120718,-0.053075
1770940821.793681,13.388335,-0.279145,-3.356930,-2.686979,0.003507,0.120083,-0.052758
1770940821.798709,13.393363,-0.243868,-3.200318,-2.644174,0.002595,0.121249,-0.051764
1770940821.803668,13.398321,0.390484,-3.260965,-3.309195,-0.001056,0.138127,-0.053906
1770940821.808606,13.403259,1.306539,-1.180464,-5.057398,-0.010100,0.175253,-0.034116
1770940821.813577,13.408230,0.374449,-3.055981,-3.010346,-0.002984,0.137709,-0.052755
1770940821.818565,13.413218,1.020434,-0.944293,-7.101064,-0.023814,0.153713,-0.046313
1770940821.823543,13.418196,1.055380,-0.812591,-7.145962,-0.024865,0.154068,-0.045367
1770940821.828521,13.423174,1.045897,-0.793404,-6.954794,-0.024937,0.153648,-0.045165
1770940821.833533,13.428186,1.467819,-3.394888,-7.896273,-0.010636,0.149090,-0.041699
1770940821.838737,13.433390,0.088760,-3.108439,-4.940751,-0.022961,0.136989,-0.045738
1770940821.843623,13.438276,0.822641,-2.839010,-3.882467,-0.017250,0.146107,-0.047551
1770940821.848526,13.443179,-0.037880,-4.108929,-4.808002,-0.013692,0.142810,-0.054960
1770940821.853436,13.448089,0.600195,-3.968148,-2.847141,0.010081,0.133502,-0.048973
1770940821.858385,13.453038,1.011738,-3.951363,-4.121958,-0.001201,0.144080,-0.046405
1770940821.863432,13.458085,-0.052027,-3.881212,-4.650421,-0.016412,0.142481,-0.054200
1770940821.868658,13.463311,1.010559,-3.713684,-4.038599,-0.003653,0.144795,-0.045887
1770940821.873349,13.468002,-0.041406,-4.137571,-4.660952,-0.013798,0.141376,-0.054316
1770940821.878395,13.473048,-0.012210,-4.018048,-4.663989,-0.015584,0.142077,-0.053506
1770940821.883296,13.477949,-0.020401,-4.073516,-4.683262,-0.014884,0.141313,-0.053251
1770940821.888271,13.482924,-0.037592,-4.113418,-4.716928,-0.015053,0.141415,-0.053918
1770940821.893243,13.487896,-0.036040,-4.226019,-4.793965,-0.013811,0.141577,-0.054319
1770940821.898220,13.492873,-0.026642,-4.204807,-4.707748,-0.013956,0.140676,-0.053683
1770940821.903266,13.497919,-0.023134,-4.292906,-4.800673,-0.013418,0.140864,-0.054020
1770940821.908166,13.502819,-0.068306,-4.370817,-4.861789,-0.012882,0.140335,-0.054423
1770940821.913142,13.507795,0.980808,-3.938038,-4.226856,-0.002802,0.143631,-0.046057
1770940821.918138,13.512791,0.905592,-4.330760,-4.320146,0.000340,0.141679,-0.047627
1770940821.923099,13.517752,0.822413,-2.960620,-3.909725,-0.017641,0.145027,-0.046210
1770940821.928165,13.522819,0.830041,-3.018960,-3.984370,-0.017451,0.145359,-0.046424
1770940821.933074,13.527727,0.792592,-2.914538,-3.935913,-0.018409,0.144932,-0.046800
1770940821.938568,13.533221,0.776939,-3.001823,-4.034623,-0.017756,0.144954,-0.047040
1770940821.943046,13.537699,0.789514,-2.984903,-4.090493,-0.017750,0.145762,-0.047285
1770940821.948121,13.542774,0.764382,-2.994365,-4.117799,-0.018372,0.145672,-0.047638
1770940821.952992,13.547645,0.732930,-3.104253,-4.204111,-0.017689,0.145984,-0.048441
1770940821.957968,13.552622,0.736883,-3.124507,-4.164564,-0.017488,0.145390,-0.048178
1770940821.962910,13.557564,0.721049,-2.978418,-4.111667,-0.018899,0.146259,-0.047823
1770940821.967920,13.562573,0.713130,-3.156428,-4.200598,-0.017027,0.145552,-0.048726
1770940821.972969,13.567622,0.727885,-3.101412,-4.200783,-0.017871,0.145750,-0.048157
1770940821.978341,13.572994,0.695672,-3.171173,-4.195528,-0.016952,0.145032,-0.048479
1770940821.982865,13.577518,0.684963,-3.158832,-4.275033,-0.017317,0.145724,-0.049296
1770940821.987840,13.582493,0.673794,-3.146254,-4.212505,-0.017305,0.145515,-0.048933
1770940821.992810,13.587463,0.695148,-3.058701,-4.249943,-0.018638,0.146207,-0.048996
1770940821.997789,13.592443,0.722882,-3.005537,-4.203223,-0.018960,0.146594,-0.048479
1770940822.002809,13.597462,0.730190,-3.132308,-4.239874,-0.018119,0.145575,-0.048321
1770940822.007734,13.602387,0.705677,-3.123048,-4.183737,-0.017908,0.145090,-0.048899
1770940822.012714,13.607368,0.762496,-3.077928,-4.254185,-0.018067,0.145799,-0.047755
1770940822.017698,13.612351,0.723091,-3.213618,-4.188125,-0.016817,0.143922,-0.048350
1770940822.022676,13.617329,0.766732,-3.124424,-4.167695,-0.017789,0.145524,-0.047572
1770940822.027653,13.622306,0.764872,-3.263696,-4.155121,-0.016348,0.143939,-0.047959
1770940822.032622,13.627275,0.739953,-3.319330,-4.167269,-0.016019,0.143932,-0.048631
1770940822.038683,13.633336,0.822349,-3.331163,-4.335478,-0.015700,0.144921,-0.047251
1770940822.042635,13.637289,0.166371,-3.206712,-3.725994,-0.012710,0.128772,-0.045041
1770940822.047649,13.642302,0.142010,-3.319459,-3.696064,-0.011615,0.127141,-0.045492
1770940822.052551,13.647204,0.797485,-3.463563,-4.252010,-0.015316,0.144419,-0.048061
1770940822.057529,13.652183,1.362703,-3.460160,-6.889659,-0.021530,0.140953,-0.042367
1770940822.062486,13.657140,1.097654,-1.915523,-7.115649,-0.022434,0.147850,-0.046108
1770940822.067734,13.662387,1.106795,-2.264310,-7.358368,-0.019979,0.147387,-0.046929
1770940822.072598,13.667251,1.092268,-2.494282,-7.323055,-0.018982,0.145623,-0.047647
1770940822.077426,13.672079,1.164417,-2.459449,-7.449346,-0.019675,0.147408,-0.047412
1770940822.082408,13.677061,1.168949,-2.632877,-7.537721,-0.017785,0.146151,-0.047839
1770940822.087392,13.682045,1.231673,-2.563006,-7.690168,-0.018883,0.147972,-0.047427
1770940822.092361,13.687014,0.665588,-2.659829,-7.163925,-0.013015,0.131792,-0.046025
1770940822.097380,13.692033,0.632003,-3.154989,-7.280207,-0.010433,0.129247,-0.048541
1770940822.102597,13.697250,0.536106,-2.157573,-7.221532,-0.023195,0.130889,-0.048023
1770940822.107763,13.702416,0.652789,-2.482583,-7.695270,-0.021670,0.133091,-0.049306
1770940822.112313,13.706966,1.214323,1.923938,-8.859480,-0.045025,0.163504,-0.035716
1770940822.117250,13.711903,0.262078,1.335051,-9.957651,-0.053733,0.168329,-0.045082
1770940822.122223,13.716876,1.591054,1.087077,-10.114359,-0.049285,0.173047,-0.027051
1770940822.127229,13.721882,1.112533,0.499437,-9.958536,-0.041742,0.161412,-0.026999
1770940822.132236,13.726889,0.844473,0.714085,-9.272412,-0.047867,0.150099,-0.028695
1770940822.138655,13.733308,0.224046,-2.545440,-8.217615,-0.038438,0.112265,-0.047907
1770940822.142153,13.736806,0.202942,-3.339439,-8.775749,-0.032207,0.110394,-0.050077
1770940822.147192,13.741845,-0.551116,-2.782274,-7.707995,-0.042580,0.086671,-0.050239
1770940822.152096,13.746749,0.750201,-2.810232,-8.026224,-0.038046,0.091235,-0.035962
1770940822.157078,13.751731,0.412384,-1.643271,-7.495139,-0.046681,0.092749,-0.046460
1770940822.162053,13.756706,-0.178943,-3.212277,-4.282411,-0.020655,0.071257,-0.047145
1770940822.167029,13.761682,-0.229671,-2.791202,-3.292991,-0.023062,0.061012,-0.045803
1770940822.172069,13.766722,1.481563,-2.546335,-3.523118,-0.018983,0.061950,-0.031758
1770940822.176974,13.771627,-0.042193,-2.996441,-2.164444,-0.001028,0.043804,-0.025286
1770940822.181960,13.776613,-0.009051,-3.686023,-2.502703,0.006643,0.041298,-0.028586
1770940822.186956,13.781610,0.026541,-3.435667,-1.912912,0.005343,0.032185,-0.028259
1770940822.191911,13.786564,0.361406,0.024893,-1.375495,-0.036495,0.048429,-0.012663
1770940822.196872,13.791526,0.121537,-0.224969,-1.425652,-0.039898,0.044929,-0.015162
1770940822.201864,13.796517,-0.050498,-0.779638,-1.540560,-0.033828,0.043341,-0.019759
1770940822.206894,13.801547,-0.074845,-1.467641,-1.814126,-0.023863,0.042483,-0.024598
1770940822.211852,13.806505,1.604427,-1.186247,-2.333393,-0.021493,0.045381,-0.008906
1770940822.216808,13.811461,0.512528,-1.542831,-1.997374,-0.016048,0.038724,-0.002600
1770940822.221785,13.816438,-0.371718,-2.177012,-1.820549,-0.005768,0.026000,-0.002298
1770940822.226759,13.821412,-0.289064,-2.526844,-2.073025,-0.001773,0.025900,-0.005287
1770940822.231781,13.826435,-0.284316,-2.240564,-1.840246,-0.008542,0.019042,-0.008375
1770940822.236712,13.831365,-0.159562,-2.484194,-2.007872,-0.004788,0.019251,-0.009164
1770940822.241751,13.836404,-0.229794,-1.888131,-1.493153,-0.014605,0.010038,-0.009023
1770940822.246962,13.841615,-0.439695,-2.559695,-1.576418,0.000028,0.012646,-0.009702
1770940822.251657,13.846311,1.136642,-0.916695,-1.588609,-0.016483,0.023062,0.008284
1770940822.256623,13.851276,1.016006,-0.862620,-1.552149,-0.016511,0.023423,0.006707
1770940822.261618,13.856271,0.987528,-0.870628,-1.573514,-0.016322,0.023151,0.005992
1770940822.266578,13.861231,1.065062,-0.830409,-1.544440,-0.016395,0.022129,0.006667
1770940822.271563,13.866216,1.176614,-0.698322,-1.463752,-0.017328,0.022333,0.007696
1770940822.276536,13.871189,1.247789,-0.627060,-1.427137,-0.017773,0.022635,0.007175
1770940822.281564,13.876217,1.208483,-0.661485,-1.425636,-0.017037,0.021170,0.006456
1770940822.286510,13.881163,1.273172,-0.495401,-1.353663,-0.019277,0.022886,0.007481
1770940822.291485,13.886138,1.261740,-0.681648,-1.386756,-0.016387,0.020803,0.007954
1770940822.296499,13.891152,1.296981,-0.574361,-1.314008,-0.017966,0.020765,0.008033
1770940822.303066,13.897719,1.269824,-0.583826,-1.353610,-0.017639,0.021292,0.006597
1770940822.306869,13.901522,1.318802,-0.588553,-1.434792,-0.017800,0.021467,0.007079
1770940822.311432,13.906085,1.299561,-0.491403,-1.266318,-0.018707,0.021105,0.007093
1770940822.316359,13.911012,1.337200,-0.421550,-1.229637,-0.020027,0.021604,0.007687
1770940822.321342,13.915995,1.377526,-0.542087,-1.316542,-0.018239,0.020930,0.008600
1770940822.326310,13.920964,1.393700,-0.471969,-1.213909,-0.018814,0.020801,0.009152
1770940822.331316,13.925970,1.417042,-0.434958,-1.169151,-0.019188,0.020144,0.009020
1770940822.336283,13.930936,0.227656,-0.469108,-1.253896,-0.027899,0.023261,0.004695
1770940822.341334,13.935987,-0.889691,-0.757844,-0.982473,-0.028475,0.017707,0.017691
1770940822.346236,13.940890,-0.907907,-0.887065,-1.007681,-0.026459,0.017264,0.017893
1770940822.351205,13.945858,-0.849578,-0.795032,-0.997107,-0.027906,0.017165,0.017829
1770940822.356191,13.950844,-0.012270,-1.286432,-1.659740,-0.018680,0.033773,0.014085
1770940822.361158,13.955811,0.025249,-1.327297,-1.607002,-0.018316,0.034518,0.014457
1770940822.366144,13.960797,-1.337134,-2.581494,-1.647961,-0.001292,0.010028,0.004845
1770940822.371187,13.965840,-0.804167,-1.622684,-1.581906,-0.014641,0.022831,0.017381
1770940822.376099,13.970752,-0.807321,-1.590009,-1.558501,-0.014966,0.023310,0.016999
1770940822.381073,13.975726,-0.792852,-0.771817,-0.950255,-0.027677,0.017015,0.018195
1770940822.386046,13.980699,-0.855163,-0.762506,-0.975272,-0.028283,0.017157,0.017590
1770940822.391032,13.985685,-0.913863,-0.878254,-1.018282,-0.026133,0.016945,0.017078
1770940822.396001,13.990654,-0.915051,-0.819815,-1.087372,-0.026932,0.018040,0.015759
1770940822.402505,13.997158,-0.932019,-0.902326,-1.123721,-0.025565,0.017932,0.015038
1770940822.405962,14.000615,0.291844,-0.902009,-0.915124,-0.015830,0.014527,0.019151
1770940822.410944,14.005598,0.284057,-0.882434,-0.949242,-0.015875,0.015183,0.017895
1770940822.415912,14.010566,0.161318,-0.981951,-1.063957,-0.014434,0.015059,0.016368
1770940822.420899,14.015552,-0.210986,-0.911493,-0.179350,-0.008675,0.008676,0.015258
1770940822.425888,14.020541,-0.305258,-1.074125,-0.371182,-0.006439,0.008967,0.013058
1770940822.430848,14.025501,-0.345027,-1.167253,-0.456843,-0.005292,0.009508,0.012597
1770940822.435828,14.030481,-0.431641,-1.302938,-0.599292,-0.003802,0.010679,0.010519
1770940822.440916,14.035569,-0.540261,-1.421108,-0.676066,-0.001623,0.010986,0.007561
1770940822.445794,14.040447,-0.809706,-0.633819,-0.475792,-0.011725,0.010985,0.003914
1770940822.450841,14.045494,-0.998591,-0.809872,-0.560570,-0.009678,0.010963,0.000829
1770940822.455742,14.050395,0.173615,-0.791421,-0.737395,-0.008863,0.013542,0.012057
1770940822.460726,14.055379,1.215786,-0.142040,-0.272677,-0.008529,0.009166,0.013173
1770940822.465706,14.060359,1.113152,-0.291004,-0.300753,-0.006693,0.008088,0.011142
1770940822.470770,14.065423,1.100980,-0.397593,-0.451999,-0.005534,0.008294,0.009229
1770940822.475875,14.070528,1.043467,-0.510421,-0.472122,-0.003744,0.007865,0.006963
1770940822.480649,14.075302,1.061044,-0.556809,-0.518938,-0.002659,0.008225,0.006440
1770940822.485613,14.080266,1.008085,-0.491603,-0.430524,-0.003103,0.007741,0.005144
1770940822.490577,14.085230,1.024684,-0.413638,-0.377710,-0.003732,0.008458,0.005456
1770940822.495550,14.090204,1.052247,-0.479581,-0.459117,-0.002734,0.008695,0.005844
1770940822.500564,14.095217,1.039023,-0.374780,-0.389777,-0.003762,0.008991,0.005344
1770940822.505629,14.100282,1.026096,-0.504420,-0.426965,-0.002289,0.008177,0.005404
1770940822.510563,14.105216,1.017899,-0.441284,-0.429525,-0.002725,0.008829,0.004382
1770940822.515477,14.110130,1.009243,-0.393646,-0.421211,-0.003143,0.009528,0.003774
1770940822.520481,14.115134,0.945047,-0.530545,-0.432547,-0.001787,0.008461,0.003585
1770940822.525423,14.120076,0.965675,-0.586875,-0.493226,-0.001176,0.008498,0.003097
1770940822.530411,14.125064,0.932893,-0.502962,-0.452269,-0.001884,0.008979,0.002487
1770940822.535387,14.130040,0.647449,-0.517816,0.325201,0.006272,0.003513,0.003108
1770940822.540443,14.135096,0.602433,-0.563601,0.271722,0.006907,0.003266,0.002451
1770940822.545327,14.139980,0.603504,-0.519103,0.313062,0.006504,0.003330,0.002431
1770940822.550306,14.144959,0.570057,-0.483956,0.312621,0.005574,0.002525,0.001781
1770940822.555304,14.149957,0.583846,-0.626221,0.243926,0.007421,0.002779,0.002086
1770940822.560265,14.154918,0.573513,-0.596949,0.281360,0.007214,0.002826,0.002014
1770940822.565242,14.159895,0.530404,-0.696487,0.210886,0.007665,0.002650,0.001335
1770940822.570595,14.165248,0.553778,-0.629043,0.233918,0.007998,0.003778,0.001656
1770940822.575192,14.169845,0.505848,-0.680302,0.185328,0.007839,0.003181,0.000583
1770940822.580195,14.174848,0.452427,-0.709261,0.162846,0.008216,0.003142,0.000828
1770940822.585149,14.179802,0.463301,-0.587281,0.225853,0.007366,0.004186,0.000684
1770940822.590132,14.184786,0.364136,0.142581,0.440541,-0.002247,0.003635,0.000605
1770940822.595108,14.189761,0.430463,-0.788652,0.130459,0.009365,0.004013,0.000065
1770940822.600083,14.194736,0.335533,-0.009083,0.369262,-0.000866,0.002867,-0.000338
1770940822.605129,14.199782,0.308902,-0.056867,0.341077,0.000040,0.003113,-0.000538
1770940822.610262,14.204915,0.284019,-0.094606,0.304048,0.000080,0.002970,-0.001254
1770940822.615021,14.209674,0.297463,-0.131974,0.292233,0.000806,0.003202,-0.000849
1770940822.619999,14.214652,0.265077,-0.123350,0.326121,0.000612,0.003210,-0.001112
1770940822.624979,14.219632,0.193092,-0.262311,0.201842,0.001740,0.002388,-0.002293
1770940822.629946,14.224600,0.218858,-0.125196,0.262732,0.000274,0.003445,-0.002136
1770940822.634937,14.229590,0.205424,-0.244758,0.211408,0.001602,0.003025,-0.002183
1770940822.639945,14.234598,0.185829,-0.308866,0.170215,0.002354,0.003414,-0.002221
1770940822.644878,14.239531,0.177255,-0.312611,0.181545,0.002240,0.003094,-0.002432
1770940822.649879,14.244532,0.156221,-0.355738,0.150274,0.002489,0.003152,-0.003142
1770940822.654843,14.249496,0.213989,-0.203842,0.214196,0.001438,0.003211,-0.002460
1770940822.659812,14.254466,0.252102,-0.130320,0.271859,0.001064,0.003435,-0.002056
1770940822.664787,14.259440,0.235516,-0.145941,0.344543,0.001138,0.003214,-0.001772
1770940822.670740,14.265393,0.637782,1.380089,-0.348907,0.001122,0.016934,0.008873
1770940822.674856,14.269510,1.117857,0.997161,-3.084418,-0.009014,0.001468,0.011837
1770940822.679932,14.274585,1.127129,1.016040,-3.153602,-0.008369,0.001715,0.011810
1770940822.684749,14.279402,1.126673,0.831867,-3.106377,-0.008080,0.001360,0.012055
1770940822.689680,14.284333,1.539779,1.178696,-2.649849,-0.005956,0.003657,0.011216
1770940822.694655,14.289308,1.166662,1.095778,-3.234559,-0.008154,0.002041,0.012517
1770940822.699679,14.294332,1.177500,0.917020,-3.180688,-0.008430,0.001308,0.012345
1770940822.704673,14.299326,1.165779,1.089640,-3.255006,-0.008500,0.002404,0.012501
1770940822.709598,14.304251,0.529454,2.218609,-1.842077,-0.010585,0.010050,-0.002216
1770940822.714571,14.309224,0.282970,-0.107516,0.306446,0.000353,0.003463,-0.001605
1770940822.719539,14.314192,0.256734,-0.181516,0.241012,0.000953,0.003447,-0.002146
1770940822.724505,14.319159,0.232396,-0.118609,0.290573,0.000310,0.003310,-0.002304
1770940822.729503,14.324156,0.223449,-0.098393,0.291610,0.000277,0.003615,-0.002268
1770940822.734490,14.329144,0.216958,-0.188557,0.211144,0.000701,0.002859,-0.003093
1770940822.739484,14.334137,0.264137,-0.186118,0.213953,0.000824,0.003151,-0.002748
1770940822.744451,14.339104,0.217328,-0.142079,0.277235,0.000784,0.003253,-0.002386
1770940822.749408,14.344062,0.262661,-0.170856,0.241458,0.000960,0.002946,-0.002421
1770940822.754395,14.349048,0.242145,-0.187134,0.223208,0.000701,0.003094,-0.003018
1770940822.759365,14.354018,0.256306,-0.152559,0.271568,0.000525,0.002749,-0.002502
1770940822.764313,14.358966,0.237714,-0.214018,0.213944,0.001136,0.003025,-0.002859
1770940822.770648,14.365301,0.254841,-0.034786,0.300567,-0.000406,0.003573,-0.002901
1770940822.774289,14.368942,0.208384,-0.209413,0.208630,0.001041,0.002728,-0.003082
1770940822.779281,14.373934,0.235587,-0.185696,0.200068,0.001232,0.002987,-0.002914
1770940822.784265,14.378918,0.260264,-0.037465,0.292507,0.000046,0.004060,-0.002398
1770940822.789227,14.383880,0.245178,-0.167262,0.226371,0.000436,0.003075,-0.002775
1770940822.794199,14.388852,0.242809,-0.171733,0.224443,0.000825,0.002939,-0.002434
1770940822.799178,14.393831,0.264803,-0.097002,0.274593,0.000392,0.003433,-0.002297
1770940822.804192,14.398845,0.885548,1.435696,-1.498187,-0.008205,0.007433,-0.000755
1770940822.809118,14.403771,1.121539,1.167641,-3.250572,-0.009004,0.002220,0.011324
1770940822.814111,14.408765,1.104291,0.975981,-3.260523,-0.008262,0.001341,0.011002
1770940822.819094,14.413748,1.094694,1.051531,-3.327387,-0.008063,0.001935,0.011354
1770940822.824064,14.418717,0.186335,1.896754,-2.832122,-0.018559,0.008285,0.012251
1770940822.829042,14.423695,1.344569,-0.044083,-0.179358,0.000856,0.008361,0.008811
1770940822.834027,14.428680,1.311470,-0.113326,-0.169614,0.001045,0.007590,0.008844
1770940822.839044,14.433697,0.236249,-0.136556,0.229539,0.000656,0.003585,-0.002365
1770940822.843971,14.438624,0.219273,-0.122125,0.228738,0.000707,0.003877,-0.002478
1770940822.848980,14.443633,1.271328,-0.073466,-0.103198,0.000275,0.007591,0.008022
1770940822.853936,14.448589,0.242808,-0.076233,0.224082,-0.000568,0.003249,-0.002731
1770940822.858948,14.453601,0.248430,-0.088480,0.210451,0.000032,0.003746,-0.002825
1770940822.863929,14.458582,0.258303,-0.105267,0.203205,0.000823,0.004197,-0.002588
1770940822.868926,14.463579,1.368351,-0.153931,-0.254814,0.001643,0.008292,0.009278
1770940822.873903,14.468556,0.277681,-0.040440,0.229720,-0.000197,0.004245,-0.002695
1770940822.878829,14.473482,0.254693,-0.054885,0.239481,-0.000146,0.004175,-0.002798
1770940822.883882,14.478535,0.260629,-0.035218,0.271941,-0.000671,0.003920,-0.002424
1770940822.888777,14.483430,1.310238,-0.007646,-0.119647,-0.000172,0.008421,0.008690
1770940822.893757,14.488410,0.208264,-0.037432,0.223753,-0.000461,0.004089,-0.002680
1770940822.898768,14.493422,0.229929,-0.138614,0.173647,0.000459,0.003723,-0.002989
1770940822.903721,14.498374,0.215524,-0.169752,0.157545,0.000471,0.003448,-0.003373
1770940822.908684,14.503337,0.270326,-0.068381,0.179036,-0.000244,0.003847,-0.003082
1770940822.913662,14.508315,0.674784,-0.086928,-0.036659,0.002526,-0.000192,0.012617
1770940822.918646,14.513299,0.661813,0.051375,-0.102819,0.000828,-0.000431,0.012789
1770940822.923616,14.518269,0.717803,-0.020314,-0.142202,0.001967,-0.000353,0.013100
1770940822.928605,14.523258,0.675436,-0.009310,-0.151006,0.001595,-0.000278,0.012715
1770940822.933573,14.528226,0.705184,0.027304,-0.205414,0.001231,0.000243,0.013215
1770940822.938627,14.533280,0.702586,-0.042258,-0.270035,0.001865,-0.000835,0.012967
1770940822.943565,14.538218,-0.165196,-3.360152,-1.765867,0.032683,-0.020901,0.002951
1770940822.948649,14.543302,0.758192,0.111692,-0.333402,0.000652,0.000039,0.013159
1770940822.953502,14.548156,-0.222385,-3.518214,-1.909396,0.033929,-0.020899,0.003917
1770940822.958477,14.553130,0.215714,-3.395908,-2.990715,0.024868,-0.014527,0.002125
1770940822.963451,14.558104,0.326961,-2.462006,-2.293690,0.013920,-0.018326,0.003753
1770940822.968586,14.563240,0.577360,-0.673881,-1.399503,-0.005181,-0.013663,-0.000455
1770940822.973516,14.568169,0.247942,-3.301168,-2.760930,0.024458,-0.014606,0.003287
1770940822.978484,14.573137,0.786675,2.838840,-2.769653,-0.018515,0.005665,0.011078
1770940822.983403,14.578057,2.173790,2.277471,-5.801089,-0.011351,0.018039,0.010338
1770940822.988338,14.582991,2.170279,2.164453,-5.700083,-0.011105,0.017882,0.010127
1770940822.993295,14.587948,1.445994,2.139506,-4.175080,-0.002377,0.014900,0.005860
1770940822.998287,14.592940,0.375081,-1.582224,-1.553443,0.006490,-0.010785,-0.001143
1770940823.003341,14.597994,0.230245,-3.107102,-2.691285,0.022285,-0.014307,0.002374
1770940823.008267,14.602920,0.342122,-1.610655,-1.537289,0.006927,-0.011535,-0.000859
1770940823.013212,14.607865,0.476391,-0.710183,-1.118928,-0.004320,-0.014133,-0.000653
1770940823.018202,14.612855,0.386925,-1.660966,-1.774225,0.006851,-0.010712,-0.001516
1770940823.023170,14.617823,0.404082,-1.515787,-1.650063,0.005493,-0.010548,-0.001650
1770940823.028157,14.622810,0.475147,-1.448056,-1.672390,0.004425,-0.009768,-0.001034
1770940823.033117,14.627770,0.390685,-1.422153,-1.511331,0.004721,-0.010029,-0.001286
1770940823.038666,14.633319,0.252551,-3.411802,-2.992872,0.025198,-0.014841,0.003052
1770940823.043106,14.637759,0.417198,-1.457534,-1.672752,0.004696,-0.009674,-0.001468
1770940823.048053,14.642706,0.423974,-1.543228,-1.738549,0.005542,-0.010293,-0.001558
1770940823.053042,14.647696,0.312560,-2.558971,-2.226514,0.015553,-0.018668,0.003918
1770940823.058019,14.652672,0.422671,-1.490407,-1.590976,0.005395,-0.010391,-0.001485
1770940823.062991,14.657644,0.216552,-3.221194,-2.815520,0.023436,-0.014555,0.002612
1770940823.067967,14.662620,0.337046,-1.617883,-1.580856,0.007013,-0.011567,-0.001541
1770940823.073014,14.667667,0.213908,-3.225757,-2.764742,0.023450,-0.014890,0.002030
1770940823.078189,14.672842,0.149838,-3.228907,-2.720933,0.023825,-0.014864,0.002069
1770940823.082916,14.677569,0.200019,-3.284621,-2.843475,0.024097,-0.014716,0.002252
1770940823.087883,14.682536,0.222121,-3.189939,-2.750229,0.023224,-0.014618,0.002346
1770940823.092850,14.687503,0.193977,-3.288365,-2.794674,0.024047,-0.014737,0.002816
1770940823.097803,14.692456,0.151931,-3.456636,-2.814503,0.025811,-0.015371,0.002523
1770940823.102854,14.697508,0.226035,-3.163882,-2.691846,0.023335,-0.013969,0.002949
1770940823.107960,14.702613,0.192200,-3.305489,-2.778748,0.024351,-0.015161,0.002541
1770940823.112763,14.707417,0.212698,-3.195919,-2.751443,0.023196,-0.014397,0.003415
1770940823.117759,14.712412,0.276861,-3.170114,-2.828050,0.022965,-0.013878,0.002508
1770940823.122722,14.717375,0.316896,-2.988410,-2.692080,0.021322,-0.013447,0.002644
1770940823.127696,14.722349,0.259233,-3.134741,-2.761532,0.022413,-0.014335,0.002905
1770940823.132680,14.727333,0.790715,1.305787,-0.681975,-0.016560,0.003008,0.004512
1770940823.138589,14.733242,0.265666,-3.105423,-2.754354,0.023302,-0.012818,0.001103
1770940823.142710,14.737363,0.517151,-1.429227,-1.484704,0.004812,-0.010832,-0.000896
1770940823.147641,14.742294,0.367454,-3.030527,-2.618149,0.022102,-0.014228,0.003495
1770940823.152631,14.747284,-0.032344,-3.416944,-2.050387,0.032971,-0.020853,0.003389
1770940823.157558,14.752211,0.187383,-3.172374,-2.591732,0.023331,-0.015348,0.001994
1770940823.162545,14.757198,0.340332,-3.375470,-2.876292,0.026392,-0.015089,0.001067
1770940823.167517,14.762170,0.374043,-3.212871,-2.781488,0.023319,-0.014555,0.002391
1770940823.172624,14.767277,0.205974,-3.399265,-2.787112,0.025218,-0.015536,0.003083
1770940823.177467,14.772120,0.091576,-3.466976,-2.803311,0.025964,-0.016037,0.001913
1770940823.182467,14.777120,0.202562,-3.348300,-2.796570,0.025072,-0.015335,0.002120
1770940823.187447,14.782100,0.194072,-3.068868,-2.606278,0.022308,-0.014185,0.002362
1770940823.192433,14.787086,0.237397,-3.202653,-2.735003,0.023261,-0.014189,0.002651
1770940823.197386,14.792039,0.198333,-3.214846,-2.667655,0.023644,-0.014402,0.002772
1770940823.202595,14.797248,0.228258,-3.212374,-2.726366,0.023538,-0.014578,0.002280
1770940823.207358,14.802011,0.246913,-3.170168,-2.810079,0.023051,-0.014148,0.001754
1770940823.212317,14.806970,0.390752,-1.565640,-1.671039,0.006065,-0.010682,-0.002255
1770940823.217309,14.811963,0.439858,-1.561131,-1.815204,0.005482,-0.010439,-0.001986
1770940823.222282,14.816935,0.475371,-0.745237,-1.147314,-0.003870,-0.014297,-0.001267
1770940823.227247,14.821900,0.548405,-0.479003,-1.159279,-0.007051,-0.012864,-0.001356
1770940823.232219,14.826873,0.367357,-1.713768,-1.840931,0.007571,-0.010993,-0.001703
1770940823.238667,14.833320,0.533441,-0.538323,-1.192608,-0.006511,-0.013530,-0.001864
1770940823.242285,14.836939,0.513209,-0.536506,-1.129243,-0.006385,-0.013348,-0.001756
1770940823.247404,14.842057,0.516224,-0.724585,-1.155108,-0.004018,-0.014080,-0.001450
1770940823.252180,14.846833,0.493225,-1.290230,-1.683355,0.002604,-0.009254,-0.002605
1770940823.257117,14.851770,0.467463,-1.339156,-1.631658,0.003342,-0.009422,-0.002323
1770940823.262091,14.856744,0.468017,-0.732846,-1.100624,-0.003956,-0.014737,-0.001210
1770940823.267069,14.861722,0.475318,-0.748418,-1.078167,-0.003530,-0.014330,-0.001318
1770940823.272089,14.866742,0.461542,-0.781473,-1.145924,-0.003346,-0.014804,-0.002375
1770940823.277023,14.871676,0.352553,-2.419285,-2.234408,0.014217,-0.018102,0.003114
1770940823.282122,14.876775,0.304827,-3.064971,-2.722199,0.022485,-0.014158,0.001165
1770940823.287006,14.881659,0.740823,-0.971307,-2.283841,-0.003609,-0.013539,-0.006567
1770940823.291962,14.886615,0.485541,-0.637943,-1.096243,-0.004518,-0.014028,-0.002764
1770940823.297013,14.891666,0.451017,-0.671414,-1.095057,-0.004065,-0.014675,-0.003174
1770940823.302728,14.897381,0.138558,-0.512527,-0.563969,0.000795,-0.018860,-0.004251
1770940823.306903,14.901556,0.494471,0.349976,-0.567228,0.004166,-0.007370,0.003332
1770940823.311844,14.906497,0.064202,-0.703198,-0.708598,0.002761,-0.019150,-0.007000
1770940823.316850,14.911504,0.018675,-0.722777,-0.746980,0.003440,-0.019149,-0.008448
1770940823.321822,14.916476,0.288084,0.035367,-0.686227,0.006915,-0.007106,-0.001011
1770940823.326774,14.921427,0.793276,-0.952139,-0.968727,0.006772,-0.015825,0.001246
1770940823.331769,14.926422,1.404286,-0.176552,-1.346481,0.009327,-0.003072,0.011413
1770940823.338634,14.933287,1.387560,-0.054536,-1.249798,0.009100,-0.002550,0.011399
1770940823.341739,14.936392,1.295760,-0.065078,-1.217452,0.009330,-0.002690,0.010553
1770940823.346714,14.941367,1.285537,-0.191052,-1.287262,0.010522,-0.002586,0.010112
1770940823.351701,14.946355,1.694775,-0.936585,-1.391686,0.014234,-0.011528,-0.001077
1770940823.356668,14.951321,1.678918,-0.856658,-1.255126,0.014533,-0.011245,-0.001211
1770940823.361633,14.956286,-0.679839,-3.494029,-1.759998,0.031538,-0.025699,0.016687
1770940823.366618,14.961271,-1.488539,-3.280163,-1.412424,0.030043,-0.025148,0.007415
1770940823.371620,14.966273,-1.457240,-3.316885,-1.340913,0.030489,-0.028222,0.007860
1770940823.376571,14.971225,-1.251618,-3.070219,-1.228430,0.027137,-0.029201,0.012688
1770940823.381547,14.976200,-1.140141,-2.891125,-1.152489,0.025823,-0.028879,0.012709
1770940823.386537,14.981190,0.078392,-2.341932,-1.266178,0.023227,-0.024188,0.002115
1770940823.391522,14.986175,0.015238,-3.237965,-1.966811,0.032281,-0.020865,0.001653
1770940823.396461,14.991114,0.295522,-3.120189,-2.604355,0.023489,-0.015853,0.001538
1770940823.402636,14.997289,-0.144485,-2.825979,-1.409197,0.027046,-0.025585,0.002466
1770940823.406457,15.001111,0.064761,-2.230239,-1.149005,0.020441,-0.022454,0.005089
1770940823.411613,15.006266,0.927100,1.039330,-0.380598,-0.007273,-0.003310,-0.006790
1770940823.416455,15.011108,1.195277,-3.614264,-2.256530,0.044585,-0.012906,-0.001526
1770940823.421380,15.016033,0.055387,-1.445444,-0.614202,0.026696,-0.025372,-0.007462
1770940823.426343,15.020996,0.244671,-2.376198,-1.488499,0.030041,-0.021363,-0.005483
1770940823.431298,15.025951,0.361947,-1.905360,-1.126382,0.022985,-0.017427,-0.010020
1770940823.436321,15.030974,0.079504,-1.323567,-0.341868,0.034081,-0.035905,0.000682
1770940823.441330,15.035983,1.205243,-0.323651,-0.595249,0.024138,-0.024225,-0.008189
1770940823.446434,15.041087,1.276626,-1.075322,-0.960174,0.032037,-0.018847,-0.011156
1770940823.451248,15.045901,1.693857,-1.324124,-1.578296,0.022882,-0.011254,-0.008007
1770940823.456218,15.050871,0.861828,-0.676902,-0.874403,0.014443,-0.019241,-0.014230
1770940823.461181,15.055834,0.139175,-0.936669,-0.677718,0.003414,-0.017997,-0.004449
1770940823.466166,15.060819,-0.276273,-3.630052,-2.008035,0.035572,-0.019651,0.000094
1770940823.471195,15.065848,-0.433368,-3.526559,-1.921784,0.033769,-0.020191,-0.000521
1770940823.476111,15.070765,-0.080084,-2.559536,-1.329040,0.023929,-0.023899,0.001938
1770940823.481090,15.075743,-0.122906,-2.545561,-1.340163,0.024106,-0.023754,0.002560
1770940823.486077,15.080730,0.195626,-1.728842,-1.099337,0.020814,-0.008855,0.011008
1770940823.491048,15.085701,-0.282111,-3.499780,-2.010461,0.034413,-0.019881,0.001125
1770940823.496091,15.090744,-0.114454,-2.579054,-1.265174,0.024734,-0.024757,0.003572
1770940823.502613,15.097266,-0.152540,-2.865725,-1.440880,0.026704,-0.025385,0.003096
1770940823.506036,15.100689,-0.212404,-2.773462,-1.331897,0.026463,-0.025392,0.002866
1770940823.511032,15.105685,-0.205604,-2.835017,-1.354599,0.026868,-0.024949,0.002602
1770940823.515945,15.110598,-0.188280,-2.764681,-1.339509,0.026098,-0.025160,0.003582
1770940823.520925,15.115578,0.583308,0.617548,-0.150741,-0.006123,-0.007210,0.010965
1770940823.525887,15.120541,-0.255499,-2.918089,-1.363327,0.027844,-0.025704,0.002660
1770940823.530865,15.125518,-0.206306,-3.500770,-2.038608,0.034058,-0.019518,0.001636
1770940823.535843,15.130496,-0.188190,-2.695597,-1.317692,0.025471,-0.024593,0.002349
1770940823.540930,15.135583,-0.168879,-2.710365,-1.322349,0.025755,-0.024619,0.003125
1770940823.546238,15.140892,-0.207757,-3.456422,-2.023897,0.033536,-0.019583,0.000942
1770940823.550826,15.145479,-0.183902,-2.848216,-1.398809,0.026854,-0.025047,0.002335
1770940823.555769,15.150422,-0.224213,-2.953693,-1.447536,0.028557,-0.025702,0.002134
1770940823.560726,15.155379,-0.265067,-2.966901,-1.428129,0.028404,-0.025201,0.001224
1770940823.565713,15.160366,-0.276004,-2.926128,-1.408231,0.028002,-0.025165,0.001317
1770940823.570724,15.165377,-0.279886,-2.910357,-1.458456,0.027474,-0.024764,0.000295
1770940823.575744,15.170397,-0.112528,-1.108360,-0.571610,0.005672,-0.018934,-0.005491
1770940823.580677,15.175330,-0.413341,-3.051837,-1.568538,0.028824,-0.023966,-0.001545
1770940823.585631,15.180284,-0.394652,-3.197430,-1.608513,0.030307,-0.024695,-0.002154
1770940823.590591,15.185244,-0.683584,-3.348301,-1.668092,0.030645,-0.025534,0.000549
1770940823.595586,15.190239,0.046221,-3.760106,-2.762094,0.036485,-0.018903,-0.004277
1770940823.600592,15.195245,-0.218498,-2.806032,-1.386309,0.026976,-0.024829,0.002193
1770940823.605598,15.200251,-0.193446,-3.646156,-2.133049,0.035422,-0.020474,0.001726
1770940823.610687,15.205340,-0.181514,-3.597842,-2.088334,0.034787,-0.020483,0.002106
1770940823.615496,15.210149,-0.177677,-3.534309,-2.069807,0.034343,-0.020134,0.001728
1770940823.620483,15.215136,-0.222814,-3.587899,-2.023790,0.034654,-0.020729,0.001617
1770940823.625444,15.220097,-0.184581,-3.552635,-2.044926,0.034368,-0.020361,0.001565
1770940823.630410,15.225064,-0.216148,-3.633678,-2.078329,0.035099,-0.020358,0.001080
1770940823.635387,15.230041,-0.223195,-3.512332,-1.987005,0.034045,-0.020423,0.001178
1770940823.640365,15.235018,-0.165409,-3.614705,-2.048938,0.035160,-0.020727,0.002090
1770940823.645334,15.239987,0.631420,0.638797,-0.134800,-0.006297,-0.006551,0.010993
1770940823.650322,15.244976,-0.169781,-2.777295,-1.355556,0.026253,-0.025341,0.002598
1770940823.655314,15.249968,0.746401,-0.024141,-0.568284,0.001895,-0.000654,0.010414
1770940823.660284,15.254937,-0.194420,-3.581996,-2.038805,0.034791,-0.020871,0.001652
1770940823.665271,15.259924,-0.167238,-3.418690,-1.972663,0.033367,-0.019952,0.001584
1770940823.670725,15.265378,-0.206377,-3.508137,-1.941685,0.034201,-0.020870,0.001858
1770940823.675228,15.269881,-0.150689,-3.462535,-2.000048,0.033751,-0.020470,0.001758
1770940823.680196,15.274849,-0.152163,-2.769858,-1.344683,0.026345,-0.025227,0.003308
1770940823.685168,15.279821,-0.173517,-3.578871,-2.057986,0.034802,-0.020812,0.001608
1770940823.690142,15.284795,-0.116101,-3.514816,-2.070935,0.034429,-0.019831,0.001711
1770940823.695116,15.289769,-0.179488,-3.415214,-1.948752,0.033494,-0.020115,0.001781
1770940823.700099,15.294752,-0.184283,-3.430037,-1.966805,0.033515,-0.020118,0.001599
1770940823.705114,15.299767,-0.168685,-3.443673,-1.960423,0.033656,-0.020651,0.002023
1770940823.710038,15.304691,-0.153428,-3.484711,-1.990162,0.034070,-0.020359,0.002201
1770940823.715018,15.309671,-0.190867,-3.575116,-2.053695,0.034638,-0.020773,0.002186
1770940823.720011,15.314664,-0.163390,-3.373381,-1.970620,0.032848,-0.019869,0.002131
1770940823.724987,15.319640,-0.161475,-3.504530,-2.020020,0.034358,-0.020302,0.002138
1770940823.729964,15.324617,-0.156275,-2.752768,-1.345666,0.026102,-0.025396,0.003683
1770940823.734945,15.329598,-0.185957,-3.432599,-1.913837,0.033341,-0.020469,0.002181
1770940823.739963,15.334616,-0.178125,-3.385632,-1.917329,0.033154,-0.019859,0.001971
1770940823.744884,15.339537,0.744788,-0.032563,-0.603069,0.001827,-0.000671,0.011725
1770940823.749885,15.344538,-0.161009,-3.440384,-1.971742,0.033462,-0.020347,0.001562
1770940823.754847,15.349500,-0.172002,-3.604925,-2.108894,0.035062,-0.020451,0.002119
1770940823.759824,15.354477,-0.152443,-3.479031,-2.014405,0.033808,-0.020359,0.001996
1770940823.764774,15.359427,0.743402,0.074956,-0.554813,0.000971,-0.000547,0.011280
1770940823.770692,15.365345,-0.186466,-3.494929,-2.002486,0.034140,-0.020158,0.001836
1770940823.774789,15.369442,-0.147700,-3.480569,-1.982350,0.034104,-0.020104,0.002240
1770940823.779794,15.374447,0.643550,0.752607,-0.184803,-0.006747,-0.007196,0.012004
1770940823.784701,15.379354,-0.192368,-3.470676,-1.967231,0.033884,-0.020280,0.002147
1770940823.789694,15.384347,-0.158458,-3.425181,-1.925696,0.033815,-0.020159,0.002164
1770940823.794674,15.389328,-0.220776,-3.359743,-1.831643,0.032756,-0.020286,0.002044
1770940823.799664,15.394317,-0.209092,-3.445740,-1.880095,0.033577,-0.020241,0.001986
1770940823.804683,15.399336,0.772260,0.008370,-0.590868,0.001447,-0.000478,0.011554
1770940823.809786,15.404439,-0.203669,-3.512775,-1.968975,0.034150,-0.020619,0.002282
1770940823.814573,15.409226,-0.158719,-3.580160,-2.046983,0.034968,-0.020560,0.002744
1770940823.819566,15.414219,-0.142508,-3.507966,-2.003715,0.034394,-0.020186,0.002415
1770940823.824537,15.419190,0.769579,-0.110484,-0.633961,0.002836,-0.000687,0.012017
1770940823.829516,15.424169,-0.184979,-3.470268,-1.927856,0.033620,-0.020924,0.002269
1770940823.834485,15.429138,-0.219100,-3.496256,-1.871181,0.034156,-0.020880,0.002409
1770940823.839499,15.434152,-0.209242,-3.501761,-1.964060,0.033882,-0.020500,0.002074
1770940823.844463,15.439116,-0.174815,-3.540903,-2.024506,0.034559,-0.020457,0.002000
1770940823.849396,15.444050,-0.165547,-3.459247,-1.947011,0.033892,-0.020429,0.002190
1770940823.854402,15.449055,-0.184662,-3.514176,-2.003468,0.034042,-0.020725,0.001783
1770940823.859372,15.454025,-0.192276,-3.539196,-1.992892,0.034374,-0.020831,0.002029
1770940823.864320,15.458973,-0.200441,-3.597060,-2.026637,0.034758,-0.020861,0.002176
1770940823.870719,15.465372,-0.135679,-3.379478,-1.928989,0.033039,-0.020009,0.002056
1770940823.874301,15.468954,-0.151751,-3.575815,-2.062778,0.035025,-0.019998,0.002058
1770940823.879283,15.473936,-0.188751,-3.528078,-1.968080,0.034251,-0.020940,0.002061
1770940823.884329,15.478982,-0.175597,-3.496049,-1.995878,0.034152,-0.020265,0.001767
1770940823.889234,15.483887,0.765956,-0.061635,-0.546424,0.002472,-0.000568,0.011450
1770940823.894231,15.488884,-0.175641,-3.536364,-1.919258,0.034631,-0.020107,0.001951
1770940823.899205,15.493858,1.575669,-0.352578,-1.662568,0.003376,0.002174,0.001552
1770940823.904215,15.498868,-0.158160,-3.460314,-1.955279,0.033857,-0.020362,0.002189
1770940823.909127,15.503781,-0.178809,-3.559803,-2.017356,0.034776,-0.021095,0.002015
1770940823.914105,15.508758,-0.160759,-3.529971,-2.029690,0.034392,-0.020615,0.001728
1770940823.919166,15.513819,-0.165232,-3.446480,-1.942343,0.033791,-0.020087,0.002226
1770940823.924088,15.518741,-0.171160,-3.534143,-2.038652,0.034265,-0.020467,0.001708
1770940823.929053,15.523706,0.754032,-0.014768,-0.496753,0.002109,-0.000807,0.011142
1770940823.934030,15.528683,-0.157309,-3.571271,-2.029543,0.034729,-0.020466,0.002274
1770940823.939037,15.533690,0.734783,-0.042985,-0.520332,0.002085,-0.000231,0.011734
1770940823.944008,15.538661,-0.159961,-3.426501,-1.909828,0.033282,-0.020572,0.002009
1770940823.948954,15.543607,-0.164067,-3.606309,-2.108783,0.035003,-0.020912,0.001886
1770940823.953981,15.548634,-0.142926,-2.730911,-1.277045,0.025920,-0.025034,0.003562
1770940823.958924,15.553577,-0.185369,-3.421185,-1.886445,0.033562,-0.020063,0.002197
1770940823.963882,15.558535,-0.212341,-3.579036,-2.011004,0.034888,-0.020497,0.001534
1770940823.970788,15.565441,-0.203062,-3.492994,-1.947987,0.034010,-0.020836,0.001355
1770940823.973890,15.568543,0.764766,-0.049371,-0.584921,0.002192,-0.000795,0.012025
1770940823.978876,15.573529,-0.169841,-3.481114,-1.966869,0.034058,-0.020411,0.001926
1770940823.983811,15.578464,-0.158394,-3.491353,-1.983762,0.033963,-0.020455,0.002617
1770940823.988803,15.583456,-0.181152,-3.477928,-1.935541,0.033950,-0.020675,0.002166
1770940823.993765,15.588418,-0.170228,-3.656280,-2.069734,0.035694,-0.020698,0.002398
1770940823.998716,15.593369,-0.183249,-3.510110,-1.960845,0.034338,-0.020444,0.001908
1770940824.003805,15.598458,-0.168517,-3.465676,-1.953447,0.033749,-0.020401,0.002133
1770940824.008688,15.603341,-0.215630,-3.630131,-2.040126,0.035319,-0.020743,0.002090
1770940824.013668,15.608321,-0.172592,-3.611942,-2.032342,0.035416,-0.020594,0.002231
1770940824.018653,15.613307,-0.196597,-3.496222,-1.905735,0.034172,-0.020592,0.002247
1770940824.023639,15.618292,-0.194126,-3.337181,-1.824332,0.032881,-0.019813,0.001940
1770940824.028595,15.623248,-0.135652,-3.497289,-1.949424,0.034128,-0.020583,0.002388
1770940824.033570,15.628223,-0.175207,-3.498574,-1.954041,0.034255,-0.020409,0.001746
1770940824.038742,15.633395,-0.185519,-3.480249,-1.917171,0.033975,-0.020531,0.001851
1770940824.043720,15.638373,-0.163935,-3.257961,-1.830413,0.031941,-0.019369,0.002245
1770940824.048577,15.643230,0.745740,-0.084733,-0.548133,0.002679,-0.000553,0.012228
1770940824.053502,15.648155,0.767149,-0.046549,-0.553092,0.002380,-0.000537,0.011894
1770940824.058463,15.653116,-0.162359,-3.492669,-2.008453,0.033861,-0.020253,0.001709
1770940824.063437,15.658090,-0.202128,-3.606036,-2.012500,0.035205,-0.020480,0.001828
1770940824.068456,15.663109,-0.191045,-3.637862,-2.048560,0.035352,-0.020729,0.001921
1770940824.073532,15.668185,-0.229141,-3.411940,-1.865566,0.033575,-0.020345,0.001901
1770940824.078477,15.673131,2.223021,1.780285,-4.734139,-0.013014,0.017245,0.011396
1770940824.083380,15.678033,2.172579,1.875551,-5.532617,-0.009652,0.017874,0.009206
1770940824.088567,15.683220,2.135961,1.925398,-5.370327,-0.010078,0.017659,0.008674
1770940824.093320,15.687973,2.144443,2.005518,-5.383823,-0.009646,0.017891,0.008969
1770940824.098300,15.692953,2.126288,1.938696,-5.350214,-0.009870,0.017713,0.008809
1770940824.103336,15.697989,2.086804,2.017000,-5.228904,-0.010874,0.016809,0.007183
1770940824.108244,15.702898,-0.164698,-3.490019,-1.963807,0.033968,-0.020433,0.002190
1770940824.113221,15.707875,-0.159327,-3.456969,-1.988033,0.034103,-0.019941,0.002164
1770940824.118222,15.712875,-0.179293,-3.410372,-1.933498,0.033183,-0.020181,0.002094
1770940824.123188,15.717841,-0.170048,-3.531546,-1.983670,0.034499,-0.020551,0.002297
1770940824.128166,15.722819,-0.155091,-3.509690,-1.990212,0.034077,-0.020672,0.002358
1770940824.133129,15.727782,-0.188279,-3.471557,-1.871220,0.033775,-0.020641,0.002174
1770940824.138708,15.733361,0.773698,-0.031645,-0.528216,0.002468,-0.000358,0.012122
1770940824.143101,15.737754,-0.157190,-3.416948,-1.901521,0.033631,-0.020184,0.002235
1770940824.148085,15.742738,0.757813,0.004996,-0.511433,0.001909,-0.000497,0.011972
1770940824.153044,15.747698,-0.199035,-3.507814,-1.975888,0.034044,-0.020527,0.001736
1770940824.158023,15.752676,-0.182918,-3.401234,-1.882390,0.033372,-0.020239,0.001804
1770940824.163024,15.757677,-0.157416,-3.518228,-1.964767,0.034195,-0.020635,0.001427
1770940824.168139,15.762792,-0.173624,-3.444851,-1.914671,0.033737,-0.020506,0.001888
1770940824.172983,15.767637,0.753730,-0.035169,-0.542572,0.002064,-0.000785,0.011723
1770940824.177955,15.772608,-0.179093,-3.478297,-1.923882,0.033894,-0.020513,0.002228
1770940824.182913,15.777566,0.760222,-0.025123,-0.506269,0.002282,-0.000164,0.011769
1770940824.187899,15.782552,-0.178021,-3.575915,-1.992532,0.034908,-0.020707,0.001789
1770940824.192888,15.787541,-0.146006,-3.249624,-1.815065,0.032146,-0.019176,0.002349
1770940824.197833,15.792486,-0.207533,-3.377795,-1.845293,0.033064,-0.020739,0.001932
1770940824.202914,15.797567,0.748141,0.008036,-0.399327,0.001947,-0.000204,0.012183
1770940824.208010,15.802664,-0.076170,-2.492160,-1.609631,0.023141,-0.018739,0.001683
1770940824.212777,15.807431,0.763742,0.043843,-0.482534,0.001615,-0.000481,0.011163
1770940824.217761,15.812414,-0.176342,-3.418257,-1.918985,0.033198,-0.020382,0.001963
1770940824.222734,15.817387,-0.184331,-3.550138,-1.995123,0.034560,-0.020990,0.001834
1770940824.227707,15.822360,-0.171911,-3.403881,-1.897581,0.033195,-0.020133,0.001895
1770940824.232685,15.827338,-0.209237,-3.654387,-2.078620,0.035506,-0.020760,0.001568
1770940824.238697,15.833350,-0.152190,-3.365463,-1.864001,0.033058,-0.020270,0.002039
1770940824.242687,15.837341,0.758990,-0.018822,-0.539292,0.001783,-0.000711,0.011244
1770940824.247633,15.842286,-0.201542,-3.531681,-1.990728,0.034425,-0.020745,0.002018
1770940824.252635,15.847288,-0.190811,-3.627982,-2.051368,0.035237,-0.020686,0.002009
1770940824.257580,15.852233,-0.182001,-3.588777,-2.037724,0.034913,-0.020536,0.002181
1770940824.262554,15.857207,0.757883,-0.063294,-0.565868,0.002629,-0.000414,0.011612
1770940824.267532,15.862185,-0.196350,-3.494530,-1.967423,0.034084,-0.020270,0.002167
1770940824.272740,15.867393,0.798570,-0.106705,-0.641118,0.002812,-0.000642,0.011712
1770940824.277502,15.872155,-0.141463,-3.426656,-1.937306,0.033280,-0.020472,0.002275
1770940824.282496,15.877149,-0.157753,-3.411826,-1.942546,0.033290,-0.020249,0.001822
1770940824.287463,15.882116,-0.167047,-3.548634,-2.049906,0.034599,-0.020453,0.002143
1770940824.292452,15.887105,-0.229845,-3.608387,-2.007078,0.034999,-0.020797,0.001685
1770940824.297452,15.892105,-0.197962,-3.540173,-2.015326,0.034603,-0.020223,0.001961
1770940824.302503,15.897156,0.745624,-0.051757,-0.586611,0.002436,-0.000605,0.011117
1770940824.307447,15.902101,-0.177513,-3.422887,-1.910239,0.033507,-0.020274,0.001915
1770940824.312404,15.907058,-0.151824,-3.459678,-1.952590,0.033649,-0.020642,0.001630
1770940824.317324,15.911977,-0.198865,-3.531645,-2.034229,0.034255,-0.020467,0.001847
1770940824.322284,15.916937,-0.188827,-3.405298,-1.895097,0.033117,-0.020596,0.001787
1770940824.327265,15.921918,0.763062,-0.074678,-0.553004,0.002466,-0.000463,0.011361
1770940824.332283,15.926936,-0.207840,-3.519908,-1.954944,0.034274,-0.020761,0.002255
1770940824.337209,15.931862,-0.150820,-3.384576,-1.906774,0.033278,-0.020193,0.001781
1770940824.342197,15.936851,-0.191676,-3.469987,-1.951851,0.033636,-0.020453,0.001729
1770940824.347233,15.941886,-0.173085,-3.427001,-1.962237,0.033624,-0.019862,0.001917
1770940824.352199,15.946852,-0.169139,-3.533324,-2.085688,0.034406,-0.020114,0.001767
1770940824.357141,15.951794,-0.160790,-3.418425,-1.954889,0.033421,-0.020214,0.002190
1770940824.362129,15.956782,-0.135247,-3.488064,-2.026117,0.034176,-0.020059,0.002338
1770940824.367174,15.961827,-0.179562,-3.493895,-1.970541,0.033863,-0.020528,0.002058
1770940824.372057,15.966710,-0.157234,-3.504593,-1.990878,0.034181,-0.020399,0.002073
1770940824.377049,15.971702,-0.152125,-3.324888,-1.902901,0.032764,-0.019518,0.002393
1770940824.382022,15.976676,-0.150348,-3.577158,-2.086750,0.034910,-0.020510,0.002083
1770940824.387007,15.981661,-0.180225,-3.411904,-1.908690,0.033482,-0.019749,0.001765
1770940824.392179,15.986832,-0.168364,-3.493127,-1.972090,0.034263,-0.020035,0.002501
1770940824.397010,15.991663,-0.139490,-3.493035,-1.995012,0.034265,-0.020210,0.002583
1770940824.402928,15.997581,-0.197320,-3.501414,-1.974880,0.033886,-0.020435,0.001531
1770940824.407045,16.001698,-0.173309,-3.286271,-1.845370,0.031971,-0.020046,0.001706
1770940824.411967,16.006620,0.755556,-0.093079,-0.637789,0.002249,-0.000775,0.011013
1770940824.416881,16.011534,-0.159687,-3.445930,-1.967233,0.033697,-0.019999,0.001863
1770940824.421864,16.016517,-0.156987,-3.402621,-1.968785,0.033254,-0.020132,0.001697
1770940824.426827,16.021481,-0.161100,-3.582518,-2.080611,0.034920,-0.020577,0.001543
1770940824.431777,16.026430,-0.169914,-3.405472,-1.897655,0.033112,-0.020636,0.001466
1770940824.437124,16.031777,-0.170590,-3.483570,-2.003687,0.033816,-0.020554,0.002263
1770940824.441892,16.036545,-0.155633,-2.832762,-1.366334,0.027164,-0.025457,0.003495
1770940824.446723,16.041376,-0.103236,-3.300923,-1.926596,0.032460,-0.019510,0.002145
1770940824.451725,16.046378,-0.107427,-3.373132,-1.960061,0.033000,-0.020093,0.001536
1770940824.456713,16.051367,-0.167819,-3.507592,-2.047702,0.034077,-0.020445,0.001605
1770940824.461678,16.056331,-0.163595,-3.449944,-1.997303,0.033512,-0.020606,0.001700
1770940824.466798,16.061451,-0.159324,-3.353063,-1.910803,0.032933,-0.019949,0.001939
1770940824.471731,16.066384,-0.165969,-3.426756,-1.956917,0.033101,-0.020550,0.001792
1770940824.476663,16.071316,-0.179814,-3.535092,-2.015985,0.034598,-0.020374,0.002261
1770940824.481587,16.076240,-0.167811,-3.449785,-2.019900,0.033647,-0.020328,0.001719
1770940824.486567,16.081220,-0.159432,-3.491552,-2.056592,0.033727,-0.020426,0.001875
1770940824.491531,16.086184,-0.200319,-3.605711,-2.042013,0.035155,-0.020724,0.002030
1770940824.496497,16.091150,-0.186678,-3.429045,-1.950192,0.033436,-0.020269,0.001654
1770940824.502832,16.097486,-0.168640,-3.385294,-1.916371,0.033211,-0.020120,0.001838
1770940824.506576,16.101229,-0.218671,-3.457282,-1.833089,0.033973,-0.020630,0.002377
1770940824.511648,16.106301,0.745718,-0.026988,-0.469776,0.002229,-0.000143,0.011785
1770940824.516456,16.111109,0.427673,-1.088293,-1.090394,0.011085,-0.012222,0.001281
1770940824.521441,16.116094,-0.175368,-3.454157,-1.977919,0.033712,-0.020122,0.002313
1770940824.526373,16.121026,-0.206561,-3.554089,-2.003395,0.034459,-0.020535,0.001691
1770940824.531352,16.126005,-0.177753,-3.563880,-2.010295,0.034979,-0.020630,0.002208
1770940824.536629,16.131282,-0.165945,-3.460528,-2.022276,0.033794,-0.020242,0.002044
1770940824.541430,16.136083,-0.148011,-3.342503,-1.933046,0.032895,-0.019368,0.001830
1770940824.546359,16.141012,-0.168606,-3.535186,-2.043242,0.034473,-0.020440,0.002541
1770940824.551294,16.145947,-0.167155,-3.508769,-2.001086,0.034143,-0.020420,0.001965
1770940824.556267,16.150920,-0.180543,-2.875162,-1.393145,0.027531,-0.025871,0.003592
1770940824.561223,16.155876,-0.155967,-3.632810,-2.130898,0.035169,-0.020627,0.001618
1770940824.566232,16.160885,-0.158137,-2.729645,-1.327214,0.025648,-0.025134,0.003201
1770940824.571288,16.165941,-0.156983,-3.428245,-1.996164,0.033263,-0.020233,0.001963
1770940824.576156,16.170809,-0.169680,-2.788538,-1.338186,0.026558,-0.025392,0.003441
1770940824.581140,16.175793,-0.154695,-3.479955,-1.993278,0.033551,-0.020685,0.001418
1770940824.586113,16.180766,-0.154399,-3.336518,-1.918936,0.032749,-0.019552,0.001850
1770940824.591216,16.185869,-0.172991,-3.545240,-2.056062,0.034243,-0.020654,0.002046
1770940824.596098,16.190751,-0.122047,-3.411705,-2.040854,0.033498,-0.019514,0.001900
1770940824.602901,16.197554,-0.129695,-2.746522,-1.361443,0.025936,-0.025298,0.003547
1770940824.606199,16.200852,-0.154594,-2.755820,-1.378032,0.025890,-0.025311,0.003870
1770940824.611177,16.205830,-0.147309,-2.813088,-1.402466,0.026771,-0.025531,0.003486
1770940824.616063,16.210716,-0.143399,-2.690187,-1.335884,0.025285,-0.025146,0.003446
1770940824.620978,16.215631,-0.158728,-3.332183,-1.972971,0.032316,-0.020048,0.001761
1770940824.625994,16.220647,-0.134930,-2.714505,-1.368920,0.025324,-0.025148,0.003944
1770940824.630905,16.225559,-0.088035,-2.630209,-1.368792,0.024802,-0.024596,0.003627
1770940824.635878,16.230531,-0.159167,-3.498740,-2.076483,0.033969,-0.020358,0.002130
1770940824.641428,16.236081,-0.150892,-3.318552,-1.996607,0.032179,-0.019657,0.001834
1770940824.645838,16.240491,-0.163337,-3.468831,-2.049497,0.033503,-0.020300,0.001452
1770940824.650968,16.245621,-0.166786,-3.509123,-2.064093,0.033974,-0.020530,0.001471
1770940824.655823,16.250476,-0.151721,-3.587918,-2.129857,0.034877,-0.020387,0.001919
1770940824.660809,16.255462,-0.181984,-3.458812,-2.014721,0.033625,-0.020289,0.001565
1770940824.665771,16.260424,-0.155769,-3.366761,-1.938632,0.032835,-0.020266,0.001557
1770940824.671098,16.265752,-0.168497,-3.555228,-2.070280,0.034453,-0.020654,0.001886
1770940824.675999,16.270652,-0.155258,-3.498463,-2.038634,0.033980,-0.020289,0.001810
1770940824.681077,16.275730,-0.183153,-3.539397,-2.045042,0.034656,-0.020222,0.001923
1770940824.685770,16.280423,-0.192691,-3.543771,-2.066904,0.034178,-0.020429,0.001749
1770940824.690656,16.285309,-0.189488,-3.479441,-1.976447,0.033767,-0.020434,0.001712
1770940824.695685,16.290338,-0.170766,-3.444391,-1.943423,0.033426,-0.020523,0.002083
1770940824.700782,16.295435,-0.145956,-2.732228,-1.292813,0.025903,-0.024991,0.003715
1770940824.705717,16.300370,-0.146676,-3.431556,-2.017585,0.033563,-0.019890,0.002147
1770940824.710689,16.305342,-0.143531,-3.600475,-2.130848,0.035011,-0.020615,0.001896
1770940824.715541,16.310194,-0.195803,-3.601727,-2.096648,0.034915,-0.020724,0.001787
1770940824.720590,16.315243,-0.153181,-3.417139,-1.970813,0.033300,-0.019844,0.001713
1770940824.725481,16.320134,-0.177470,-3.385593,-1.948585,0.032862,-0.020306,0.001791
1770940824.730496,16.325149,-0.189916,-3.607227,-2.096897,0.035094,-0.020059,0.001698
1770940824.735498,16.330151,-0.164687,-3.381787,-1.960187,0.032800,-0.020657,0.001974
1770940824.740608,16.335261,-0.121401,-3.323498,-1.926706,0.032727,-0.019541,0.002014
1770940824.745491,16.340144,-0.161946,-3.394871,-1.960903,0.033155,-0.020332,0.002097
1770940824.750383,16.345036,-0.161540,-3.586012,-2.125609,0.034663,-0.020860,0.001969
1770940824.755406,16.350059,-0.175727,-3.578979,-2.077864,0.034757,-0.020650,0.001896
1770940824.760356,16.355009,-0.158894,-3.369449,-1.948089,0.032769,-0.020297,0.001940
1770940824.765362,16.360015,-0.135732,-3.448685,-2.042186,0.033582,-0.019822,0.001829
1770940824.770396,16.365049,-0.123523,-3.432546,-2.054879,0.033331,-0.019827,0.001884
1770940824.775305,16.369958,-0.131777,-2.707714,-1.349321,0.025509,-0.025056,0.003254
1770940824.780278,16.374932,-0.146018,-3.473124,-2.097301,0.033862,-0.019959,0.001919
1770940824.785313,16.379966,-0.139827,-2.752462,-1.368893,0.026169,-0.025488,0.003787
1770940824.790258,16.384911,-0.146274,-3.480507,-2.050341,0.033803,-0.020418,0.002139
1770940824.795282,16.389935,-0.159801,-3.634844,-2.178956,0.034943,-0.020704,0.002279
1770940824.800255,16.394908,-0.155079,-3.621036,-2.163606,0.035098,-0.020653,0.001680
1770940824.805391,16.400044,-0.129828,-3.305201,-1.950220,0.032234,-0.019976,0.002085
1770940824.810194,16.404847,-0.134550,-3.483039,-2.056295,0.034035,-0.019953,0.002017
1770940824.815098,16.409751,-0.187237,-3.364202,-1.785903,0.033409,-0.019964,0.002424
1770940824.820143,16.414797,1.095664,1.629808,-1.529806,0.004553,0.010858,0.023512
1770940824.825483,16.420136,-0.148395,-3.636659,-2.077791,0.035664,-0.020399,0.002161
1770940824.830048,16.424701,0.787610,0.006765,-0.526013,0.001925,-0.000500,0.011880
1770940824.835038,16.429691,-0.217263,-3.583592,-1.958145,0.035024,-0.020468,0.001734
1770940824.840183,16.434836,-0.182594,-3.550386,-1.987841,0.034754,-0.020460,0.001990
1770940824.844997,16.439650,0.761729,-0.023443,-0.550410,0.002189,-0.000388,0.011460
1770940824.849990,16.444643,-0.198522,-3.514466,-1.939638,0.034421,-0.020186,0.002208
1770940824.855025,16.449678,-0.187662,-3.493906,-1.955373,0.034019,-0.020628,0.001863
1770940824.859921,16.454574,0.729442,-0.052572,-0.542491,0.002299,-0.000661,0.011854
1770940824.864891,16.459544,-0.164052,-3.486434,-1.981472,0.034057,-0.020115,0.002184
1770940824.870301,16.464954,-0.187765,-3.632909,-2.056096,0.035408,-0.020618,0.002218
1770940824.875342,16.469995,0.735209,-0.023062,-0.514552,0.001907,-0.000523,0.011405
1770940824.879858,16.474511,-0.230834,-3.541181,-1.968676,0.034649,-0.020169,0.001756
1770940824.884788,16.479441,-0.182999,-3.588254,-2.033325,0.034854,-0.020731,0.002204
1770940824.889781,16.484434,-0.168968,-3.610357,-2.082365,0.035095,-0.020670,0.001795
1770940824.894756,16.489409,-0.143570,-3.473953,-2.017325,0.033790,-0.020055,0.001985
1770940824.899731,16.494384,-0.190749,-3.639714,-2.086164,0.035319,-0.020890,0.001719
1770940824.905234,16.499887,-0.177923,-3.565711,-2.071645,0.034696,-0.020353,0.001910
1770940824.910313,16.504966,-0.170825,-3.402631,-1.969153,0.033141,-0.020238,0.002087
1770940824.914781,16.509434,-0.113319,-3.391320,-1.993853,0.033123,-0.020315,0.002153
1770940824.919649,16.514302,-0.155285,-3.497906,-2.050479,0.033877,-0.020802,0.001988
1770940824.924683,16.519336,-0.169929,-3.464965,-2.030627,0.033720,-0.020317,0.001629
1770940824.929604,16.524257,-0.149350,-3.385204,-1.966696,0.033114,-0.019772,0.001856
1770940824.934596,16.529249,-0.158408,-3.509192,-2.096129,0.033854,-0.020345,0.001874
1770940824.939693,16.534346,-0.174603,-3.460347,-2.009027,0.033570,-0.020587,0.001889
1770940824.944614,16.539268,-0.149199,-2.833564,-1.407576,0.026941,-0.025536,0.003227
1770940824.949505,16.544158,-0.152457,-3.383002,-2.012893,0.032954,-0.019843,0.001571
1770940824.954505,16.549158,-0.117539,-2.629119,-1.280726,0.024900,-0.024750,0.004446
1770940824.959467,16.554120,-0.141932,-3.448549,-2.063311,0.033273,-0.020166,0.001916
1770940824.964421,16.559074,-0.198882,-3.631465,-2.148284,0.035108,-0.020483,0.001965
1770940824.970770,16.565423,-0.130269,-3.479591,-2.094623,0.033654,-0.020682,0.001491
1770940824.974437,16.569090,-0.145824,-3.448481,-2.074712,0.033497,-0.020036,0.001710
1770940824.979448,16.574101,-0.098558,-2.656807,-1.347319,0.024898,-0.024854,0.003634
1770940824.984401,16.579054,-0.139536,-3.474607,-2.067861,0.033656,-0.020654,0.001720
1770940824.989335,16.583988,-0.128188,-3.316206,-1.975208,0.032325,-0.019960,0.001631
1770940824.994311,16.588964,-0.156590,-3.421405,-2.003041,0.033160,-0.020071,0.001842
1770940824.999289,16.593942,-0.153434,-2.779767,-1.382527,0.026372,-0.025654,0.003911
1770940825.004343,16.598996,-0.154173,-3.539867,-2.125635,0.034129,-0.020690,0.001442
1770940825.009249,16.603902,-0.129461,-3.217448,-1.917500,0.031423,-0.019818,0.001570
1770940825.014266,16.608919,-0.146600,-3.382781,-2.064188,0.032808,-0.019746,0.001667
1770940825.019236,16.613889,0.153247,-3.310870,-2.834242,0.024870,-0.014306,0.000899
1770940825.024179,16.618832,-0.178931,-3.527957,-2.094939,0.034068,-0.020387,0.001742
1770940825.029169,16.623822,-0.098868,-3.332989,-1.983911,0.032463,-0.020037,0.001754
1770940825.034150,16.628803,-0.138272,-2.812141,-1.441708,0.026618,-0.025622,0.003350
